Entity,Year,CO2
Afghanistan,1949,0.84952086
Afghanistan,1950,0.94082993
Afghanistan,1951,1.0488114
Afghanistan,1952,1.1507807
Afghanistan,1953,1.2682586
Afghanistan,1954,1.3568913
Afghanistan,1955,1.4708084
Afghanistan,1956,1.5604666
Afghanistan,1957,1.6595799
Afghanistan,1958,1.7554541
Afghanistan,1959,1.8059561
Afghanistan,1960,1.9764807
Afghanistan,1961,1.6590736
Afghanistan,1962,1.4952177
Afghanistan,1963,1.4055488
Afghanistan,1964,1.1087395
Afghanistan,1965,1.134789
Afghanistan,1966,0.9984308
Afghanistan,1967,0.8268662
Afghanistan,1968,0.75609106
Afghanistan,1969,0.6557855
Afghanistan,1970,0.72217715
Afghanistan,1971,0.658806
Afghanistan,1972,0.56777024
Afghanistan,1973,0.49672666
Afghanistan,1974,0.4715797
Afghanistan,1975,0.44870982
Afghanistan,1976,0.4047172
Afghanistan,1977,0.4041233
Afghanistan,1978,0.35158437
Afghanistan,1979,0.36538908
Afghanistan,1980,0.32939994
Afghanistan,1981,0.39160195
Afghanistan,1982,0.38795537
Afghanistan,1983,0.42488286
Afghanistan,1984,0.41734257
Afghanistan,1985,0.4435764
Afghanistan,1986,0.38528773
Afghanistan,1987,0.36271462
Afghanistan,1988,0.3347198
Afghanistan,1989,0.30941194
Afghanistan,1990,0.18139917
Afghanistan,1991,0.15650488
Afghanistan,1992,-0.013448422
Afghanistan,1993,-0.17233011
Afghanistan,1994,-0.12273099
Afghanistan,1995,-0.061598055
Afghanistan,1996,0.07633943
Afghanistan,1997,0.2684007
Afghanistan,1998,0.051079392
Afghanistan,1999,0.093461365
Afghanistan,2000,0.05484788
Afghanistan,2001,0.09069468
Afghanistan,2002,0.28604427
Afghanistan,2003,0.26062143
Afghanistan,2004,0.14228067
Afghanistan,2005,0.11393307
Afghanistan,2006,0.123034805
Afghanistan,2007,0.13758387
Afghanistan,2008,0.18455139
Afghanistan,2009,0.25135568
Afghanistan,2010,0.30109823
Afghanistan,2011,0.40654424
Afghanistan,2012,0.3300102
Afghanistan,2013,0.2912415
Afghanistan,2014,0.27569255
Afghanistan,2015,0.28976855
Afghanistan,2016,0.26246807
Afghanistan,2017,0.4083319
Afghanistan,2018,0.3621846
Afghanistan,2019,0.52154034
Afghanistan,2020,0.43085456
Afghanistan,2021,0.55090046
Afghanistan,2022,0.63734686
Afghanistan,2023,0.6863295
Africa,1884,0.12958062
Africa,1885,0.12498471
Africa,1886,0.12166663
Africa,1887,0.11909138
Africa,1888,0.11680751
Africa,1889,0.11526101
Africa,1890,0.15133399
Africa,1891,0.16773775
Africa,1892,0.17980877
Africa,1893,0.19701926
Africa,1894,0.20633604
Africa,1895,0.21714939
Africa,1896,0.22694743
Africa,1897,0.23275283
Africa,1898,0.2439075
Africa,1899,0.24203199
Africa,1900,0.23442018
Africa,1901,0.25390685
Africa,1902,0.27316695
Africa,1903,0.30395675
Africa,1904,0.31409392
Africa,1905,0.32592124
Africa,1906,0.33714476
Africa,1907,0.34717053
Africa,1908,0.3509347
Africa,1909,0.3650866
Africa,1910,0.37550256
Africa,1911,0.379675
Africa,1912,0.38629287
Africa,1913,0.39669886
Africa,1914,0.3939669
Africa,1915,0.56948763
Africa,1916,0.63484675
Africa,1917,0.6476528
Africa,1918,0.6413161
Africa,1919,0.62812495
Africa,1920,0.8938303
Africa,1921,1.0357165
Africa,1922,1.0325164
Africa,1923,1.0603868
Africa,1924,1.0720925
Africa,1925,1.1597284
Africa,1926,1.1033539
Africa,1927,1.3576734
Africa,1928,1.3673829
Africa,1929,1.4201664
Africa,1930,1.5938201
Africa,1931,1.7289822
Africa,1932,1.772896
Africa,1933,2.3100872
Africa,1934,2.2333856
Africa,1935,2.3168151
Africa,1936,1.9252273
Africa,1937,1.9292203
Africa,1938,1.9367306
Africa,1939,1.9919083
Africa,1940,2.4190905
Africa,1941,2.9956963
Africa,1942,3.2175958
Africa,1943,3.2955837
Africa,1944,3.0668929
Africa,1945,4.0304523
Africa,1946,3.0491347
Africa,1947,3.967665
Africa,1948,4.2224364
Africa,1949,4.235532
Africa,1950,9.311224
Africa,1951,9.122527
Africa,1952,8.9515505
Africa,1953,8.956742
Africa,1954,9.049078
Africa,1955,9.121427
Africa,1956,9.177228
Africa,1957,9.2850065
Africa,1958,9.432864
Africa,1959,9.569071
Africa,1960,9.09448
Africa,1961,7.140629
Africa,1962,6.3406053
Africa,1963,5.4799395
Africa,1964,5.0724564
Africa,1965,4.437088
Africa,1966,3.9686878
Africa,1967,3.9802263
Africa,1968,3.8490055
Africa,1969,3.8705282
Africa,1970,3.8943849
Africa,1971,3.6967027
Africa,1972,3.455389
Africa,1973,3.3877053
Africa,1974,3.4449751
Africa,1975,3.3041124
Africa,1976,3.2044554
Africa,1977,3.3892717
Africa,1978,3.0166886
Africa,1979,2.7337985
Africa,1980,2.8711276
Africa,1981,2.8391454
Africa,1982,2.6294127
Africa,1983,2.7265122
Africa,1984,3.0621936
Africa,1985,2.8719823
Africa,1986,2.6050375
Africa,1987,2.5828226
Africa,1988,2.508593
Africa,1989,2.4321477
Africa,1990,2.4295652
Africa,1991,2.5118952
Africa,1992,2.7138376
Africa,1993,2.7998543
Africa,1994,3.12251
Africa,1995,3.0629067
Africa,1996,2.8824422
Africa,1997,2.8566847
Africa,1998,2.947597
Africa,1999,2.6983724
Africa,2000,2.692627
Africa,2001,2.5296004
Africa,2002,2.7163782
Africa,2003,2.8199627
Africa,2004,2.7102735
Africa,2005,2.6177256
Africa,2006,2.5563688
Africa,2007,2.5471976
Africa,2008,2.9489543
Africa,2009,3.0522096
Africa,2010,3.1743488
Africa,2011,3.1823037
Africa,2012,3.0381072
Africa,2013,2.8525062
Africa,2014,2.6845427
Africa,2015,2.458862
Africa,2016,2.4388833
Africa,2017,2.5518913
Africa,2018,2.1810095
Africa,2019,2.0996337
Africa,2020,1.8626217
Africa,2021,1.9061778
Africa,2022,1.8815198
Africa,2023,1.8300184
Albania,1933,1.944131
Albania,1934,1.9502426
Albania,1935,1.958587
Albania,1936,2.0417914
Albania,1937,2.1712348
Albania,1938,2.2254333
Albania,1939,2.2864666
Albania,1940,2.974115
Albania,1941,3.1099904
Albania,1942,3.3148322
Albania,1943,3.1920671
Albania,1944,2.915955
Albania,1945,2.9750605
Albania,1946,3.3420963
Albania,1947,3.7029848
Albania,1948,3.5418181
Albania,1949,3.799266
Albania,1950,3.4966245
Albania,1951,3.805225
Albania,1952,4.120343
Albania,1953,4.2070417
Albania,1954,4.4263973
Albania,1955,4.6399426
Albania,1956,4.852946
Albania,1957,5.411699
Albania,1958,5.214451
Albania,1959,6.1492205
Albania,1960,5.3416257
Albania,1961,4.7047763
Albania,1962,4.433785
Albania,1963,3.7939286
Albania,1964,4.113657
Albania,1965,4.1393228
Albania,1966,4.1789565
Albania,1967,3.852943
Albania,1968,3.8852003
Albania,1969,3.8392098
Albania,1970,3.7381272
Albania,1971,3.8308015
Albania,1972,4.140248
Albania,1973,3.8462148
Albania,1974,3.1200078
Albania,1975,3.4142
Albania,1976,3.8332002
Albania,1977,3.7130497
Albania,1978,3.6754334
Albania,1979,3.9603474
Albania,1980,2.906667
Albania,1981,3.551726
Albania,1982,3.3824193
Albania,1983,3.4551532
Albania,1984,3.3515239
Albania,1985,3.2705603
Albania,1986,3.2165658
Albania,1987,3.0224755
Albania,1988,2.786814
Albania,1989,3.32634
Albania,1990,2.2233076
Albania,1991,1.8092436
Albania,1992,1.1972722
Albania,1993,1.0060482
Albania,1994,0.8307091
Albania,1995,0.81973714
Albania,1996,0.7394984
Albania,1997,0.57695895
Albania,1998,0.6472051
Albania,1999,0.9504766
Albania,2000,0.9279247
Albania,2001,0.97744167
Albania,2002,1.1136796
Albania,2003,1.4534736
Albania,2004,1.0700768
Albania,2005,2.1435905
Albania,2006,1.403079
Albania,2007,2.0892255
Albania,2008,2.0832958
Albania,2009,1.8068143
Albania,2010,1.8436095
Albania,2011,2.0695372
Albania,2012,1.878352
Albania,2013,1.9887662
Albania,2014,2.250925
Albania,2015,1.997998
Albania,2016,1.7875675
Albania,2017,2.0416481
Albania,2018,1.8737501
Albania,2019,1.7514583
Albania,2020,1.6180376
Albania,2021,1.7441388
Albania,2022,1.7175344
Albania,2023,1.6530868
Algeria,1916,0.76262575
Algeria,1917,0.75810665
Algeria,1918,0.75496626
Algeria,1919,0.7490285
Algeria,1920,0.75258696
Algeria,1921,0.7572452
Algeria,1922,0.76126957
Algeria,1923,0.7629749
Algeria,1924,0.768975
Algeria,1925,0.7729126
Algeria,1926,0.7770132
Algeria,1927,0.78229356
Algeria,1928,0.7862957
Algeria,1929,0.78745306
Algeria,1930,0.7928372
Algeria,1931,0.7946977
Algeria,1932,0.7935516
Algeria,1933,0.78909934
Algeria,1934,0.7853495
Algeria,1935,0.7773013
Algeria,1936,0.7586406
Algeria,1937,0.7534071
Algeria,1938,0.7404373
Algeria,1939,0.74936163
Algeria,1940,0.76442283
Algeria,1941,0.77099496
Algeria,1942,0.7893511
Algeria,1943,0.7795447
Algeria,1944,0.7763636
Algeria,1945,0.78321296
Algeria,1946,0.7928377
Algeria,1947,0.78261137
Algeria,1948,0.7811322
Algeria,1949,0.78409934
Algeria,1950,1.7608833
Algeria,1951,2.1600533
Algeria,1952,2.3897972
Algeria,1953,2.6056437
Algeria,1954,2.8238695
Algeria,1955,3.0732722
Algeria,1956,3.3016832
Algeria,1957,3.5490596
Algeria,1958,3.7058241
Algeria,1959,3.9252422
Algeria,1960,4.1557336
Algeria,1961,2.3957524
Algeria,1962,1.5557964
Algeria,1963,1.0950832
Algeria,1964,1.0819995
Algeria,1965,0.9715465
Algeria,1966,1.3911681
Algeria,1967,0.9998283
Algeria,1968,0.94073135
Algeria,1969,1.097723
Algeria,1970,2.0632484
Algeria,1971,2.4398487
Algeria,1972,2.7025523
Algeria,1973,3.1840339
Algeria,1974,3.831537
Algeria,1975,3.931671
Algeria,1976,3.1888878
Algeria,1977,2.9288168
Algeria,1978,3.8067598
Algeria,1979,2.7223063
Algeria,1980,3.7043815
Algeria,1981,2.533745
Algeria,1982,1.7928506
Algeria,1983,3.214707
Algeria,1984,3.6414282
Algeria,1985,3.5233924
Algeria,1986,3.7072868
Algeria,1987,3.825591
Algeria,1988,3.7063408
Algeria,1989,3.3419473
Algeria,1990,3.5042048
Algeria,1991,4.089066
Algeria,1992,3.5031486
Algeria,1993,3.3694098
Algeria,1994,3.4395406
Algeria,1995,3.7982523
Algeria,1996,3.7268686
Algeria,1997,3.2083273
Algeria,1998,3.7134025
Algeria,1999,3.1064875
Algeria,2000,2.9279785
Algeria,2001,2.9501567
Algeria,2002,3.0657372
Algeria,2003,3.1892085
Algeria,2004,2.9980426
Algeria,2005,3.506352
Algeria,2006,3.275531
Algeria,2007,3.3255079
Algeria,2008,3.3050702
Algeria,2009,3.450539
Algeria,2010,3.3595438
Algeria,2011,3.4636333
Algeria,2012,3.6707358
Algeria,2013,3.7471132
Algeria,2014,3.9213712
Algeria,2015,4.0530787
Algeria,2016,3.93851
Algeria,2017,4.021304
Algeria,2018,4.1521325
Algeria,2019,4.2129707
Algeria,2020,3.8614838
Algeria,2021,4.0591035
Algeria,2022,4.105875
Algeria,2023,3.9063761
Andorra,1990,7.998731
Andorra,1991,7.3900905
Andorra,1992,7.242741
Andorra,1993,7.480495
Andorra,1994,7.2660503
Andorra,1995,7.50075
Andorra,1996,7.7418456
Andorra,1997,7.799674
Andorra,1998,8.029157
Andorra,1999,8.274665
Andorra,2000,8.415932
Andorra,2001,8.331472
Andorra,2002,8.320884
Andorra,2003,7.9830847
Andorra,2004,7.7274675
Andorra,2005,7.6025987
Andorra,2006,6.953365
Andorra,2007,6.6498127
Andorra,2008,6.500277
Andorra,2009,6.1651382
Andorra,2010,6.4134417
Andorra,2011,6.285667
Andorra,2012,6.29747
Andorra,2013,6.294233
Andorra,2014,6.2083325
Andorra,2015,6.3858852
Andorra,2016,6.4433866
Andorra,2017,6.294844
Andorra,2018,6.5332274
Andorra,2019,6.315506
Andorra,2020,4.810294
Andorra,2021,5.136654
Andorra,2022,5.165194
Andorra,2023,5.1423445
Angola,1950,32.734486
Angola,1951,34.470036
Angola,1952,36.08426
Angola,1953,36.04584
Angola,1954,36.08326
Angola,1955,36.118744
Angola,1956,35.3207
Angola,1957,34.57975
Angola,1958,34.117985
Angola,1959,33.433613
Angola,1960,33.884995
Angola,1961,22.385565
Angola,1962,16.677277
Angola,1963,13.845673
Angola,1964,11.46257
Angola,1965,9.73042
Angola,1966,8.476721
Angola,1967,7.6411543
Angola,1968,7.820468
Angola,1969,6.8120465
Angola,1970,6.1384573
Angola,1971,5.3975134
Angola,1972,4.9325857
Angola,1973,4.7195573
Angola,1974,4.4508924
Angola,1975,3.1019819
Angola,1976,2.6334054
Angola,1977,2.8125489
Angola,1978,2.8221536
Angola,1979,2.5178843
Angola,1980,2.7961574
Angola,1981,2.529392
Angola,1982,2.0971818
Angola,1983,1.9767333
Angola,1984,1.8304886
Angola,1985,1.6610129
Angola,1986,1.3976996
Angola,1987,1.4013447
Angola,1988,1.4624237
Angola,1989,1.435248
Angola,1990,1.7880311
Angola,1991,1.8626807
Angola,1992,1.6964943
Angola,1993,1.5248802
Angola,1994,1.9953072
Angola,1995,1.9328314
Angola,1996,2.194571
Angola,1997,2.5300846
Angola,1998,2.6791184
Angola,1999,2.6840966
Angola,2000,2.4261699
Angola,2001,3.1720724
Angola,2002,3.541129
Angola,2003,2.9885435
Angola,2004,2.514349
Angola,2005,2.535071
Angola,2006,2.8866627
Angola,2007,4.265738
Angola,2008,6.261738
Angola,2009,6.8066936
Angola,2010,7.0739264
Angola,2011,5.5461125
Angola,2012,5.077567
Angola,2013,4.9630857
Angola,2014,4.484674
Angola,2015,4.6990066
Angola,2016,3.8185294
Angola,2017,3.4942913
Angola,2018,2.959339
Angola,2019,2.4140327
Angola,2020,1.9274647
Angola,2021,1.9710863
Angola,2022,1.9246974
Angola,2023,1.843991
Antigua and Barbuda,1950,0.5842945
Antigua and Barbuda,1951,0.6760843
Antigua and Barbuda,1952,0.4029263
Antigua and Barbuda,1953,0.26497054
Antigua and Barbuda,1954,0.019543678
Antigua and Barbuda,1955,0.10115112
Antigua and Barbuda,1956,0.021404354
Antigua and Barbuda,1957,-0.29728904
Antigua and Barbuda,1958,-1.5245235
Antigua and Barbuda,1959,-5.93906
Antigua and Barbuda,1960,-5.4430656
Antigua and Barbuda,1961,-5.453408
Antigua and Barbuda,1962,-4.155441
Antigua and Barbuda,1963,-4.166316
Antigua and Barbuda,1964,-4.9207807
Antigua and Barbuda,1965,-2.9467256
Antigua and Barbuda,1966,0.75972146
Antigua and Barbuda,1967,4.514053
Antigua and Barbuda,1968,11.432857
Antigua and Barbuda,1969,15.635733
Antigua and Barbuda,1970,5.6089168
Antigua and Barbuda,1971,3.4053032
Antigua and Barbuda,1972,2.4212978
Antigua and Barbuda,1973,1.7545819
Antigua and Barbuda,1974,3.379548
Antigua and Barbuda,1975,7.843924
Antigua and Barbuda,1976,3.1843123
Antigua and Barbuda,1977,4.262374
Antigua and Barbuda,1978,4.767831
Antigua and Barbuda,1979,3.533593
Antigua and Barbuda,1980,-0.4682428
Antigua and Barbuda,1981,-0.9354315
Antigua and Barbuda,1982,2.0500474
Antigua and Barbuda,1983,-1.9606292
Antigua and Barbuda,1984,-0.39492622
Antigua and Barbuda,1985,1.4421264
Antigua and Barbuda,1986,1.6082431
Antigua and Barbuda,1987,2.1341186
Antigua and Barbuda,1988,2.4160457
Antigua and Barbuda,1989,2.514839
Antigua and Barbuda,1990,1.9095445
Antigua and Barbuda,1991,2.0906572
Antigua and Barbuda,1992,2.13102
Antigua and Barbuda,1993,2.2779467
Antigua and Barbuda,1994,2.457474
Antigua and Barbuda,1995,2.5246167
Antigua and Barbuda,1996,2.790596
Antigua and Barbuda,1997,3.102724
Antigua and Barbuda,1998,3.239239
Antigua and Barbuda,1999,3.5314403
Antigua and Barbuda,2000,3.6903737
Antigua and Barbuda,2001,3.85565
Antigua and Barbuda,2002,4.3614745
Antigua and Barbuda,2003,4.6258326
Antigua and Barbuda,2004,4.858198
Antigua and Barbuda,2005,5.2004776
Antigua and Barbuda,2006,5.633844
Antigua and Barbuda,2007,5.941064
Antigua and Barbuda,2008,5.995556
Antigua and Barbuda,2009,6.0121684
Antigua and Barbuda,2010,5.839304
Antigua and Barbuda,2011,5.7352962
Antigua and Barbuda,2012,5.851277
Antigua and Barbuda,2013,6.0318756
Antigua and Barbuda,2014,5.9508514
Antigua and Barbuda,2015,6.046192
Antigua and Barbuda,2016,6.1962337
Antigua and Barbuda,2017,6.464214
Antigua and Barbuda,2018,6.396449
Antigua and Barbuda,2019,6.617651
Antigua and Barbuda,2020,6.3421063
Antigua and Barbuda,2021,6.556749
Antigua and Barbuda,2022,6.3351107
Antigua and Barbuda,2023,6.6043205
Argentina,1856,10.231189
Argentina,1857,10.155606
Argentina,1858,10.1632805
Argentina,1859,10.007006
Argentina,1860,10.479277
Argentina,1861,10.565215
Argentina,1862,10.553988
Argentina,1863,10.462897
Argentina,1864,10.27657
Argentina,1865,10.016417
Argentina,1866,9.90704
Argentina,1867,9.671935
Argentina,1868,9.457849
Argentina,1869,9.217588
Argentina,1870,9.504495
Argentina,1871,9.59107
Argentina,1872,9.523145
Argentina,1873,9.313654
Argentina,1874,9.226085
Argentina,1875,8.955623
Argentina,1876,8.79746
Argentina,1877,8.567619
Argentina,1878,8.452347
Argentina,1879,8.226348
Argentina,1880,8.057862
Argentina,1881,8.022687
Argentina,1882,7.9441566
Argentina,1883,7.7633185
Argentina,1884,7.6502433
Argentina,1885,7.443618
Argentina,1886,7.3167887
Argentina,1887,7.32868
Argentina,1888,7.0388193
Argentina,1889,7.1460805
Argentina,1890,7.3071427
Argentina,1891,7.393835
Argentina,1892,7.592926
Argentina,1893,7.5808473
Argentina,1894,7.672657
Argentina,1895,7.617768
Argentina,1896,7.503819
Argentina,1897,7.315372
Argentina,1898,7.227821
Argentina,1899,7.133438
Argentina,1900,13.582333
Argentina,1901,17.26052
Argentina,1902,19.061054
Argentina,1903,20.092972
Argentina,1904,20.700457
Argentina,1905,20.982374
Argentina,1906,20.902956
Argentina,1907,20.766754
Argentina,1908,20.597338
Argentina,1909,19.99025
Argentina,1910,21.463015
Argentina,1911,22.071493
Argentina,1912,22.204876
Argentina,1913,22.466135
Argentina,1914,21.91914
Argentina,1915,21.645142
Argentina,1916,20.892565
Argentina,1917,20.631338
Argentina,1918,20.079994
Argentina,1919,20.056807
Argentina,1920,21.91555
Argentina,1921,22.847841
Argentina,1922,23.074524
Argentina,1923,23.073921
Argentina,1924,23.102428
Argentina,1925,22.865788
Argentina,1926,22.329609
Argentina,1927,22.143074
Argentina,1928,21.64621
Argentina,1929,21.178963
Argentina,1930,16.564894
Argentina,1931,13.576767
Argentina,1932,11.912139
Argentina,1933,10.801141
Argentina,1934,10.028343
Argentina,1935,9.305143
Argentina,1936,8.794596
Argentina,1937,8.386888
Argentina,1938,7.9979424
Argentina,1939,7.637005
Argentina,1940,5.559054
Argentina,1941,4.212873
Argentina,1942,3.2961383
Argentina,1943,2.6501508
Argentina,1944,2.0867822
Argentina,1945,1.607799
Argentina,1946,1.2229003
Argentina,1947,0.9430895
Argentina,1948,0.8330156
Argentina,1949,0.44563884
Argentina,1950,2.4649014
Argentina,1951,3.3145554
Argentina,1952,3.7369397
Argentina,1953,3.9036763
Argentina,1954,4.127164
Argentina,1955,4.3750987
Argentina,1956,4.690411
Argentina,1957,4.8797817
Argentina,1958,4.715221
Argentina,1959,4.991175
Argentina,1960,4.0412955
Argentina,1961,5.6315145
Argentina,1962,5.827733
Argentina,1963,5.6460757
Argentina,1964,6.1276426
Argentina,1965,8.627656
Argentina,1966,8.612569
Argentina,1967,11.163949
Argentina,1968,8.482511
Argentina,1969,7.330609
Argentina,1970,6.7556252
Argentina,1971,6.511074
Argentina,1972,6.2232847
Argentina,1973,6.1200666
Argentina,1974,5.974806
Argentina,1975,5.754478
Argentina,1976,5.755066
Argentina,1977,5.675102
Argentina,1978,5.5719543
Argentina,1979,5.735654
Argentina,1980,5.5729885
Argentina,1981,5.176485
Argentina,1982,5.122057
Argentina,1983,5.1014905
Argentina,1984,5.0490093
Argentina,1985,4.7453275
Argentina,1986,4.765971
Argentina,1987,5.032457
Argentina,1988,5.094767
Argentina,1989,4.8690057
Argentina,1990,4.641338
Argentina,1991,6.054411
Argentina,1992,5.239169
Argentina,1993,4.7482543
Argentina,1994,4.676712
Argentina,1995,4.8173885
Argentina,1996,4.962856
Argentina,1997,5.1827016
Argentina,1998,5.3703218
Argentina,1999,5.446823
Argentina,2000,5.26733
Argentina,2001,4.9139237
Argentina,2002,7.994116
Argentina,2003,9.840258
Argentina,2004,11.435631
Argentina,2005,11.818177
Argentina,2006,11.849847
Argentina,2007,8.290891
Argentina,2008,6.8220887
Argentina,2009,12.311546
Argentina,2010,10.223751
Argentina,2011,9.949661
Argentina,2012,8.022413
Argentina,2013,6.9632998
Argentina,2014,8.085759
Argentina,2015,6.850059
Argentina,2016,6.5305147
Argentina,2017,5.914348
Argentina,2018,6.3603206
Argentina,2019,7.520696
Argentina,2020,6.292038
Argentina,2021,6.7569075
Argentina,2022,6.975688
Argentina,2023,6.7293987
Armenia,1850,1.9280881
Armenia,1855,1.7554532
Armenia,1858,1.6864862
Armenia,1859,1.6660489
Armenia,1860,1.6347383
Armenia,1861,1.6038065
Armenia,1862,1.5732387
Armenia,1863,1.5447282
Armenia,1864,1.5178375
Armenia,1865,1.4918171
Armenia,1866,1.4737033
Armenia,1867,1.4513586
Armenia,1868,1.4268718
Armenia,1869,1.4082314
Armenia,1870,1.3286334
Armenia,1871,1.2973583
Armenia,1872,1.2711427
Armenia,1873,1.2467543
Armenia,1874,1.2290713
Armenia,1875,1.2127163
Armenia,1876,1.1999947
Armenia,1877,1.1837422
Armenia,1878,1.1764959
Armenia,1879,1.162644
Armenia,1880,1.1542367
Armenia,1881,1.1413407
Armenia,1882,1.1287577
Armenia,1883,1.120988
Armenia,1884,1.1081307
Armenia,1885,1.0997264
Armenia,1886,1.0885084
Armenia,1887,1.0797585
Armenia,1888,1.0704967
Armenia,1889,1.0641215
Armenia,1890,0.96449155
Armenia,1891,0.92486316
Armenia,1892,0.8956661
Armenia,1893,0.8813216
Armenia,1894,0.85716254
Armenia,1895,0.8489312
Armenia,1896,0.82971424
Armenia,1897,0.8284047
Armenia,1898,0.8265403
Armenia,1899,0.83336264
Armenia,1900,0.77815545
Armenia,1901,0.74638814
Armenia,1902,0.7110943
Armenia,1903,0.68183875
Armenia,1904,0.67914474
Armenia,1905,0.6365474
Armenia,1906,0.64180017
Armenia,1907,0.64758104
Armenia,1908,0.6319354
Armenia,1909,0.6282881
Armenia,1910,0.5926902
Armenia,1911,0.5753489
Armenia,1912,0.58242977
Armenia,1913,0.5826302
Armenia,1914,0.5347763
Armenia,1915,0.49478444
Armenia,1916,0.49109882
Armenia,1917,0.45447508
Armenia,1918,0.30781016
Armenia,1919,0.28069347
Armenia,1920,0.23247328
Armenia,1921,0.2065189
Armenia,1922,0.19393486
Armenia,1923,0.17683241
Armenia,1924,0.17048983
Armenia,1925,0.14299755
Armenia,1926,0.16848046
Armenia,1927,0.1846055
Armenia,1928,0.18319573
Armenia,1929,0.17977342
Armenia,1930,1.4184117
Armenia,1931,1.956056
Armenia,1932,2.3265634
Armenia,1933,2.6387944
Armenia,1934,2.9538784
Armenia,1935,3.2133243
Armenia,1936,3.4618592
Armenia,1937,3.6122818
Armenia,1938,3.7579355
Armenia,1939,3.85869
Armenia,1940,2.881342
Armenia,1941,2.2971811
Armenia,1942,1.6224515
Armenia,1943,1.3545158
Armenia,1944,1.2904731
Armenia,1945,1.0983442
Armenia,1946,0.97256225
Armenia,1947,0.93159384
Armenia,1948,0.8182926
Armenia,1949,0.78345025
Armenia,1950,0.9765638
Armenia,1951,1.17918
Armenia,1952,1.4828615
Armenia,1953,1.5520571
Armenia,1954,1.6882094
Armenia,1955,1.8878177
Armenia,1956,1.934864
Armenia,1957,1.9595929
Armenia,1958,1.8413316
Armenia,1959,1.4719719
Armenia,1960,1.3639951
Armenia,1961,1.636002
Armenia,1962,1.5212178
Armenia,1963,1.5412265
Armenia,1964,1.4891875
Armenia,1965,1.5038344
Armenia,1966,1.5351928
Armenia,1967,1.5679821
Armenia,1968,1.6283114
Armenia,1969,1.6430265
Armenia,1970,1.8590726
Armenia,1971,1.8841809
Armenia,1972,1.9442067
Armenia,1973,2.0336626
Armenia,1974,2.098596
Armenia,1975,2.15666
Armenia,1976,2.1989734
Armenia,1977,2.1886752
Armenia,1978,2.2115395
Armenia,1979,2.192293
Armenia,1980,2.3837695
Armenia,1981,2.2784152
Armenia,1982,2.2948086
Armenia,1983,2.311624
Armenia,1984,2.3204622
Armenia,1985,2.4899662
Armenia,1986,2.3510644
Armenia,1987,2.3169634
Armenia,1988,2.613052
Armenia,1989,2.5695527
Armenia,1990,2.393797
Armenia,1991,1.9502215
Armenia,1992,1.647151
Armenia,1993,0.91924465
Armenia,1994,1.2030487
Armenia,1995,1.7507209
Armenia,1996,1.2176282
Armenia,1997,1.3989336
Armenia,1998,1.2950302
Armenia,1999,1.178063
Armenia,2000,1.3432136
Armenia,2001,1.6990862
Armenia,2002,1.7207464
Armenia,2003,1.8491634
Armenia,2004,2.347723
Armenia,2005,3.4630542
Armenia,2006,2.5026846
Armenia,2007,2.4766538
Armenia,2008,2.5082715
Armenia,2009,2.0253553
Armenia,2010,1.893459
Armenia,2011,2.069507
Armenia,2012,2.3065615
Armenia,2013,2.1526678
Armenia,2014,2.1211588
Armenia,2015,2.0807014
Armenia,2016,1.9659936
Armenia,2017,2.0443187
Armenia,2018,2.1078649
Armenia,2019,2.2304637
Armenia,2020,2.397426
Armenia,2021,2.6193168
Armenia,2022,2.5092876
Armenia,2023,2.594695
Asia,1850,0.049377624
Asia,1855,0.050016206
Asia,1858,0.20813793
Asia,1859,0.2021968
Asia,1860,0.20164704
Asia,1861,0.1986536
Asia,1862,0.19543652
Asia,1863,0.19411814
Asia,1864,0.19143765
Asia,1865,0.21166764
Asia,1866,0.21016131
Asia,1867,0.07059775
Asia,1868,0.09163915
Asia,1869,0.09411853
Asia,1870,0.088873394
Asia,1871,0.091642424
Asia,1872,0.08854552
Asia,1873,0.0905048
Asia,1874,0.090795
Asia,1875,0.092780404
Asia,1876,0.09582555
Asia,1877,0.09277927
Asia,1878,0.22873853
Asia,1879,0.22530471
Asia,1880,0.23178001
Asia,1881,0.23439181
Asia,1882,0.23708189
Asia,1883,0.23890057
Asia,1884,0.23794958
Asia,1885,0.23873585
Asia,1886,0.24211335
Asia,1887,0.24026933
Asia,1888,0.2425145
Asia,1889,0.4801203
Asia,1890,0.6202091
Asia,1891,0.69605005
Asia,1892,0.78493994
Asia,1893,0.7870516
Asia,1894,0.81965786
Asia,1895,0.81351995
Asia,1896,0.81302816
Asia,1897,0.8546011
Asia,1898,0.8270946
Asia,1899,0.8545681
Asia,1900,0.79580456
Asia,1901,0.8321761
Asia,1902,0.8295599
Asia,1903,0.82376444
Asia,1904,0.8248371
Asia,1905,0.82566154
Asia,1906,0.85793585
Asia,1907,1.1591359
Asia,1908,1.1531304
Asia,1909,1.1442178
Asia,1910,1.162235
Asia,1911,1.1775976
Asia,1912,1.2790234
Asia,1913,1.2649018
Asia,1914,1.3253376
Asia,1915,1.3192962
Asia,1916,1.2931185
Asia,1917,1.3074812
Asia,1918,1.349424
Asia,1919,1.3047236
Asia,1920,1.3662249
Asia,1921,1.3961768
Asia,1922,1.3757966
Asia,1923,1.4386525
Asia,1924,1.4232476
Asia,1925,1.4241215
Asia,1926,1.4227986
Asia,1927,1.4259406
Asia,1928,1.4703281
Asia,1929,1.5049758
Asia,1930,1.6004431
Asia,1931,1.7282891
Asia,1932,1.749252
Asia,1933,1.7912096
Asia,1934,1.8163276
Asia,1935,1.8158232
Asia,1936,1.8047312
Asia,1937,1.8694768
Asia,1938,1.8589808
Asia,1939,1.8609232
Asia,1940,1.9526204
Asia,1941,1.9918944
Asia,1942,1.8017788
Asia,1943,1.9738628
Asia,1944,1.9807972
Asia,1945,1.7442527
Asia,1946,1.8343222
Asia,1947,2.037028
Asia,1948,2.0300279
Asia,1949,2.0373363
Asia,1950,2.5206814
Asia,1951,2.7899685
Asia,1952,2.6156905
Asia,1953,2.6010582
Asia,1954,2.8398776
Asia,1955,2.9263859
Asia,1956,2.8427818
Asia,1957,2.860352
Asia,1958,2.8414452
Asia,1959,2.8866508
Asia,1960,2.3500867
Asia,1961,2.575957
Asia,1962,2.4736412
Asia,1963,2.4645371
Asia,1964,2.2995896
Asia,1965,2.3658884
Asia,1966,2.2651458
Asia,1967,2.0485547
Asia,1968,2.043325
Asia,1969,2.7812064
Asia,1970,2.5371053
Asia,1971,2.5109026
Asia,1972,2.924439
Asia,1973,2.8479762
Asia,1974,2.7149765
Asia,1975,2.632583
Asia,1976,2.5888588
Asia,1977,2.898779
Asia,1978,2.9669285
Asia,1979,2.6047013
Asia,1980,2.5230687
Asia,1981,2.4554276
Asia,1982,2.3504667
Asia,1983,2.4011533
Asia,1984,2.7199428
Asia,1985,2.727298
Asia,1986,2.9223325
Asia,1987,2.7745662
Asia,1988,2.7961004
Asia,1989,2.7390246
Asia,1990,2.6533217
Asia,1991,2.7675588
Asia,1992,2.7561727
Asia,1993,2.7329078
Asia,1994,2.8995135
Asia,1995,2.8895273
Asia,1996,3.0004296
Asia,1997,3.446082
Asia,1998,2.9329112
Asia,1999,3.0142572
Asia,2000,2.9848545
Asia,2001,2.9015582
Asia,2002,3.0183537
Asia,2003,3.192534
Asia,2004,3.3407638
Asia,2005,3.4718213
Asia,2006,3.772292
Asia,2007,3.7799532
Asia,2008,3.9283571
Asia,2009,4.091936
Asia,2010,4.2057605
Asia,2011,4.47438
Asia,2012,4.5880046
Asia,2013,4.5876203
Asia,2014,4.6659966
Asia,2015,4.6868277
Asia,2016,4.4488034
Asia,2017,4.47571
Asia,2018,4.562124
Asia,2019,4.6629343
Asia,2020,4.4765587
Asia,2021,4.6350355
Asia,2022,4.6445704
Asia,2023,4.7963023
Asia (excl. China and India),1850,0.22653
Asia (excl. China and India),1855,0.22171563
Asia (excl. China and India),1858,0.21838194
Asia (excl. China and India),1859,0.21743125
Asia (excl. China and India),1860,0.21657628
Asia (excl. China and India),1861,0.21611732
Asia (excl. China and India),1862,0.21595874
Asia (excl. China and India),1863,0.21463554
Asia (excl. China and India),1864,0.21420676
Asia (excl. China and India),1865,0.29027322
Asia (excl. China and India),1866,0.28896627
Asia (excl. China and India),1867,0.2881142
Asia (excl. China and India),1868,0.37158018
Asia (excl. China and India),1869,0.37945887
Asia (excl. China and India),1870,0.35651383
Asia (excl. China and India),1871,0.3660494
Asia (excl. China and India),1872,0.35239118
Asia (excl. China and India),1873,0.35914028
Asia (excl. China and India),1874,0.35925132
Asia (excl. China and India),1875,0.3660197
Asia (excl. China and India),1876,0.37691393
Asia (excl. China and India),1877,0.36389133
Asia (excl. China and India),1878,0.3695659
Asia (excl. China and India),1879,0.35919878
Asia (excl. China and India),1880,0.36736652
Asia (excl. China and India),1881,0.36776972
Asia (excl. China and India),1882,0.36503097
Asia (excl. China and India),1883,0.37458465
Asia (excl. China and India),1884,0.36911687
Asia (excl. China and India),1885,0.37231585
Asia (excl. China and India),1886,0.3849877
Asia (excl. China and India),1887,0.37549713
Asia (excl. China and India),1888,0.38012207
Asia (excl. China and India),1889,1.2911935
Asia (excl. China and India),1890,1.825422
Asia (excl. China and India),1891,2.1127439
Asia (excl. China and India),1892,2.4457943
Asia (excl. China and India),1893,2.4520128
Asia (excl. China and India),1894,2.5698075
Asia (excl. China and India),1895,2.5314395
Asia (excl. China and India),1896,2.5238354
Asia (excl. China and India),1897,2.667929
Asia (excl. China and India),1898,2.5548582
Asia (excl. China and India),1899,2.6473746
Asia (excl. China and India),1900,2.4346004
Asia (excl. China and India),1901,2.5665543
Asia (excl. China and India),1902,2.5487425
Asia (excl. China and India),1903,2.5251217
Asia (excl. China and India),1904,2.5155902
Asia (excl. China and India),1905,2.5143168
Asia (excl. China and India),1906,2.6217043
Asia (excl. China and India),1907,2.9025116
Asia (excl. China and India),1908,2.8388257
Asia (excl. China and India),1909,2.8073187
Asia (excl. China and India),1910,2.7498689
Asia (excl. China and India),1911,2.7336519
Asia (excl. China and India),1912,3.082872
Asia (excl. China and India),1913,2.9419286
Asia (excl. China and India),1914,3.0972037
Asia (excl. China and India),1915,3.0800202
Asia (excl. China and India),1916,2.9728653
Asia (excl. China and India),1917,2.978109
Asia (excl. China and India),1918,3.076739
Asia (excl. China and India),1919,2.9337604
Asia (excl. China and India),1920,2.7368321
Asia (excl. China and India),1921,2.627796
Asia (excl. China and India),1922,2.4628274
Asia (excl. China and India),1923,2.568155
Asia (excl. China and India),1924,2.4888601
Asia (excl. China and India),1925,2.4437404
Asia (excl. China and India),1926,2.4064977
Asia (excl. China and India),1927,2.392258
Asia (excl. China and India),1928,2.5138934
Asia (excl. China and India),1929,2.600713
Asia (excl. China and India),1930,2.7078755
Asia (excl. China and India),1931,3.0667052
Asia (excl. China and India),1932,3.0874875
Asia (excl. China and India),1933,3.1686597
Asia (excl. China and India),1934,3.1773503
Asia (excl. China and India),1935,3.1340163
Asia (excl. China and India),1936,3.0771565
Asia (excl. China and India),1937,3.2444715
Asia (excl. China and India),1938,3.2337012
Asia (excl. China and India),1939,3.1680577
Asia (excl. China and India),1940,3.2443347
Asia (excl. China and India),1941,3.2350614
Asia (excl. China and India),1942,2.524463
Asia (excl. China and India),1943,3.0456808
Asia (excl. China and India),1944,3.0125854
Asia (excl. China and India),1945,2.3431711
Asia (excl. China and India),1946,2.594787
Asia (excl. China and India),1947,3.1595113
Asia (excl. China and India),1948,3.116649
Asia (excl. China and India),1949,3.031406
Asia (excl. China and India),1950,3.419128
Asia (excl. China and India),1951,3.5471702
Asia (excl. China and India),1952,3.7371147
Asia (excl. China and India),1953,3.8876715
Asia (excl. China and India),1954,4.0281615
Asia (excl. China and India),1955,4.4076996
Asia (excl. China and India),1956,4.506714
Asia (excl. China and India),1957,4.6176305
Asia (excl. China and India),1958,4.6492352
Asia (excl. China and India),1959,4.486264
Asia (excl. China and India),1960,3.612347
Asia (excl. China and India),1961,3.4636042
Asia (excl. China and India),1962,3.7110703
Asia (excl. China and India),1963,3.629229
Asia (excl. China and India),1964,3.4848652
Asia (excl. China and India),1965,3.2433746
Asia (excl. China and India),1966,3.2458432
Asia (excl. China and India),1967,3.2353218
Asia (excl. China and India),1968,3.2767622
Asia (excl. China and India),1969,4.2449775
Asia (excl. China and India),1970,3.8498893
Asia (excl. China and India),1971,4.2349796
Asia (excl. China and India),1972,4.3460603
Asia (excl. China and India),1973,4.3796573
Asia (excl. China and India),1974,4.12749
Asia (excl. China and India),1975,4.03486
Asia (excl. China and India),1976,4.1725583
Asia (excl. China and India),1977,4.0611567
Asia (excl. China and India),1978,4.007864
Asia (excl. China and India),1979,3.8863072
Asia (excl. China and India),1980,3.7470472
Asia (excl. China and India),1981,3.6464696
Asia (excl. China and India),1982,3.3941846
Asia (excl. China and India),1983,3.3508563
Asia (excl. China and India),1984,4.27787
Asia (excl. China and India),1985,4.2810884
Asia (excl. China and India),1986,4.7237244
Asia (excl. China and India),1987,4.3135276
Asia (excl. China and India),1988,4.160275
Asia (excl. China and India),1989,4.0227537
Asia (excl. China and India),1990,3.789319
Asia (excl. China and India),1991,4.0903697
Asia (excl. China and India),1992,3.8879893
Asia (excl. China and India),1993,3.7480552
Asia (excl. China and India),1994,3.9942324
Asia (excl. China and India),1995,3.879555
Asia (excl. China and India),1996,3.980106
Asia (excl. China and India),1997,5.202761
Asia (excl. China and India),1998,4.0007825
Asia (excl. China and India),1999,4.1193156
Asia (excl. China and India),2000,4.0484147
Asia (excl. China and India),2001,3.9241104
Asia (excl. China and India),2002,4.1055984
Asia (excl. China and India),2003,4.0886393
Asia (excl. China and India),2004,4.2443357
Asia (excl. China and India),2005,4.198848
Asia (excl. China and India),2006,4.572942
Asia (excl. China and India),2007,4.245756
Asia (excl. China and India),2008,4.260771
Asia (excl. China and India),2009,4.463087
Asia (excl. China and India),2010,4.534603
Asia (excl. China and India),2011,4.664794
Asia (excl. China and India),2012,4.747333
Asia (excl. China and India),2013,4.636761
Asia (excl. China and India),2014,4.952691
Asia (excl. China and India),2015,5.011698
Asia (excl. China and India),2016,4.521736
Asia (excl. China and India),2017,4.5172715
Asia (excl. China and India),2018,4.5022373
Asia (excl. China and India),2019,4.6417103
Asia (excl. China and India),2020,4.2336965
Asia (excl. China and India),2021,4.2674055
Asia (excl. China and India),2022,4.3029375
Asia (excl. China and India),2023,4.314385
Australia,1850,15.511618
Australia,1851,18.079702
Australia,1852,9.705678
Australia,1853,15.38027
Australia,1854,15.064222
Australia,1855,15.265154
Australia,1856,8.380081
Australia,1857,15.067557
Australia,1858,13.519261
Australia,1859,9.215349
Australia,1860,12.712255
Australia,1861,12.316868
Australia,1862,11.831667
Australia,1863,12.567424
Australia,1864,11.445687
Australia,1865,13.386194
Australia,1866,12.266068
Australia,1867,12.494295
Australia,1868,11.927331
Australia,1869,13.244981
Australia,1870,14.975183
Australia,1871,13.956432
Australia,1872,17.339737
Australia,1873,17.454542
Australia,1874,17.779684
Australia,1875,19.370867
Australia,1876,14.24552
Australia,1877,17.277353
Australia,1878,16.765087
Australia,1879,18.7525
Australia,1880,15.0607
Australia,1881,14.868209
Australia,1882,13.24914
Australia,1883,13.989576
Australia,1884,14.425673
Australia,1885,12.762837
Australia,1886,11.776403
Australia,1887,12.959956
Australia,1888,11.786659
Australia,1889,10.05987
Australia,1890,14.232329
Australia,1891,15.559539
Australia,1892,16.15406
Australia,1893,16.372913
Australia,1894,16.294102
Australia,1895,16.937841
Australia,1896,15.536188
Australia,1897,18.030874
Australia,1898,16.49089
Australia,1899,16.634752
Australia,1900,17.02882
Australia,1901,16.724596
Australia,1902,15.058278
Australia,1903,16.032427
Australia,1904,17.350481
Australia,1905,16.897589
Australia,1906,16.182314
Australia,1907,16.666708
Australia,1908,16.233849
Australia,1909,14.933565
Australia,1910,15.634832
Australia,1911,14.592057
Australia,1912,14.976126
Australia,1913,15.158978
Australia,1914,14.33931
Australia,1915,14.125479
Australia,1916,12.6002245
Australia,1917,13.002016
Australia,1918,13.600465
Australia,1919,12.613294
Australia,1920,23.720436
Australia,1921,26.729588
Australia,1922,30.670828
Australia,1923,31.72936
Australia,1924,32.967113
Australia,1925,33.17197
Australia,1926,33.82088
Australia,1927,34.693962
Australia,1928,34.113644
Australia,1929,33.814228
Australia,1930,24.434336
Australia,1931,19.651928
Australia,1932,18.085966
Australia,1933,16.093885
Australia,1934,15.520594
Australia,1935,14.500172
Australia,1936,13.974467
Australia,1937,14.160953
Australia,1938,13.098646
Australia,1939,13.243407
Australia,1940,12.611299
Australia,1941,13.228383
Australia,1942,13.214521
Australia,1943,13.218302
Australia,1944,12.58234
Australia,1945,11.962998
Australia,1946,12.2758
Australia,1947,12.368586
Australia,1948,12.521467
Australia,1949,12.332068
Australia,1950,18.642757
Australia,1951,21.2456
Australia,1952,23.057774
Australia,1953,24.04121
Australia,1954,25.32362
Australia,1955,26.081074
Australia,1956,27.00584
Australia,1957,27.847582
Australia,1958,27.840569
Australia,1959,28.709543
Australia,1960,25.49311
Australia,1961,29.454767
Australia,1962,21.88113
Australia,1963,26.422398
Australia,1964,29.316769
Australia,1965,33.37537
Australia,1966,28.324574
Australia,1967,45.2539
Australia,1968,27.696642
Australia,1969,20.649975
Australia,1970,16.601807
Australia,1971,16.26844
Australia,1972,11.28083
Australia,1973,12.056334
Australia,1974,9.638591
Australia,1975,15.51969
Australia,1976,14.280784
Australia,1977,23.596685
Australia,1978,21.476475
Australia,1979,20.642103
Australia,1980,20.415665
Australia,1981,24.48796
Australia,1982,19.35254
Australia,1983,29.66797
Australia,1984,21.536814
Australia,1985,18.217571
Australia,1986,15.364516
Australia,1987,13.463923
Australia,1988,12.660073
Australia,1989,12.88185
Australia,1990,15.154517
Australia,1991,12.825769
Australia,1992,17.48349
Australia,1993,18.680994
Australia,1994,17.851187
Australia,1995,27.324364
Australia,1996,28.015379
Australia,1997,24.63333
Australia,1998,28.615475
Australia,1999,26.122847
Australia,2000,28.930754
Australia,2001,24.074247
Australia,2002,21.734638
Australia,2003,29.826838
Australia,2004,28.265797
Australia,2005,22.57389
Australia,2006,20.284395
Australia,2007,22.784275
Australia,2008,31.306543
Australia,2009,23.550062
Australia,2010,41.975086
Australia,2011,29.866426
Australia,2012,24.670599
Australia,2013,23.993362
Australia,2014,20.164112
Australia,2015,18.244997
Australia,2016,20.551569
Australia,2017,20.105316
Australia,2018,18.474842
Australia,2019,17.80217
Australia,2020,18.830158
Australia,2021,17.87513
Australia,2022,17.333345
Australia,2023,17.128464
Austria,1850,1.5856906
Austria,1851,1.5800332
Austria,1852,1.6817333
Austria,1853,1.7614031
Austria,1854,1.7301548
Austria,1855,1.8327802
Austria,1856,1.9656831
Austria,1857,2.1042516
Austria,1858,2.6662426
Austria,1859,2.3020954
Austria,1860,2.4509218
Austria,1861,2.5095987
Austria,1862,2.5057578
Austria,1863,2.3865511
Austria,1864,2.2257044
Austria,1865,2.2889807
Austria,1866,1.8775262
Austria,1867,2.24174
Austria,1868,2.4524024
Austria,1869,2.5640314
Austria,1870,2.7093182
Austria,1871,3.3764043
Austria,1872,3.3097854
Austria,1873,3.4526408
Austria,1874,3.0828426
Austria,1875,2.8258052
Austria,1876,2.840244
Austria,1877,2.6719754
Austria,1878,2.641326
Austria,1879,2.9450517
Austria,1880,5.8930893
Austria,1881,3.1606407
Austria,1882,3.1973095
Austria,1883,3.3780544
Austria,1884,3.3017263
Austria,1885,3.381743
Austria,1886,3.2339563
Austria,1887,3.3789113
Austria,1888,3.2926903
Austria,1889,3.4438555
Austria,1890,3.4936135
Austria,1891,3.8556035
Austria,1892,3.7570064
Austria,1893,4.323453
Austria,1894,4.3686366
Austria,1895,4.735417
Austria,1896,4.850926
Austria,1897,5.1383023
Austria,1898,5.349893
Austria,1899,5.33324
Austria,1900,5.819773
Austria,1901,5.873985
Austria,1902,5.402729
Austria,1903,5.3546743
Austria,1904,5.5530686
Austria,1905,5.7318087
Austria,1906,6.5691175
Austria,1907,7.8331313
Austria,1908,10.445231
Austria,1909,7.8609
Austria,1910,9.827954
Austria,1911,8.227458
Austria,1912,8.499724
Austria,1913,9.839019
Austria,1914,8.04857
Austria,1915,5.810388
Austria,1916,1.7121325
Austria,1917,0.78333294
Austria,1918,0.6944851
Austria,1919,0.5747284
Austria,1920,2.3599558
Austria,1921,3.0986736
Austria,1922,2.9597855
Austria,1923,2.8245542
Austria,1924,3.1559892
Austria,1925,2.9713995
Austria,1926,2.9089832
Austria,1927,3.126734
Austria,1928,3.2843757
Austria,1929,3.734737
Austria,1930,2.8718157
Austria,1931,2.7353022
Austria,1932,2.2679071
Austria,1933,2.1075997
Austria,1934,2.0104043
Austria,1935,2.017167
Austria,1936,1.9399478
Austria,1937,2.1851895
Austria,1938,0.7572793
Austria,1939,0.814432
Austria,1940,1.0003507
Austria,1941,1.1032753
Austria,1942,1.203443
Austria,1943,1.3603977
Austria,1944,1.322292
Austria,1945,0.6317703
Austria,1946,1.8273406
Austria,1947,2.5431712
Austria,1948,3.5224538
Austria,1949,3.823889
Austria,1950,2.9212284
Austria,1951,3.2100751
Austria,1952,3.0225992
Austria,1953,2.9454238
Austria,1954,3.3087013
Austria,1955,3.955047
Austria,1956,3.827068
Austria,1957,3.9562194
Austria,1958,3.7946558
Austria,1959,3.87475
Austria,1960,4.2427287
Austria,1961,4.3206034
Austria,1962,4.4876065
Austria,1963,4.8850865
Austria,1964,5.1345067
Austria,1965,4.881232
Austria,1966,4.959175
Austria,1967,5.041439
Austria,1968,5.353021
Austria,1969,5.6651425
Austria,1970,6.429461
Austria,1971,6.614209
Austria,1972,6.9266205
Austria,1973,7.407379
Austria,1974,7.0174437
Austria,1975,6.6581426
Austria,1976,7.2590747
Austria,1977,7.079201
Austria,1978,7.120678
Austria,1979,7.7837477
Austria,1980,6.243173
Austria,1981,6.778652
Austria,1982,6.490036
Austria,1983,6.2908664
Austria,1984,6.668172
Austria,1985,6.711944
Austria,1986,6.6575356
Austria,1987,7.1495314
Austria,1988,6.609169
Austria,1989,6.735546
Austria,1990,7.8017626
Austria,1991,8.195738
Austria,1992,7.3460073
Austria,1993,7.3653264
Austria,1994,7.4033337
Austria,1995,7.739478
Austria,1996,8.168705
Austria,1997,8.248495
Austria,1998,8.473568
Austria,1999,8.148124
Austria,2000,8.041201
Austria,2001,8.463229
Austria,2002,8.643852
Austria,2003,9.415701
Austria,2004,9.314823
Austria,2005,9.389187
Austria,2006,9.147523
Austria,2007,8.853443
Austria,2008,8.773302
Austria,2009,7.936116
Austria,2010,8.446682
Austria,2011,8.188506
Austria,2012,7.8181686
Austria,2013,7.8714714
Austria,2014,7.378725
Austria,2015,7.4760814
Austria,2016,7.4625535
Austria,2017,7.7078533
Austria,2018,7.3550334
Austria,2019,7.43718
Austria,2020,6.7420645
Austria,2021,7.1130533
Austria,2022,6.574744
Austria,2023,6.23527
Azerbaijan,1850,3.6386435
Azerbaijan,1855,3.4056458
Azerbaijan,1858,3.2824354
Azerbaijan,1859,3.2144215
Azerbaijan,1860,3.2434468
Azerbaijan,1861,3.2178476
Azerbaijan,1862,3.1864758
Azerbaijan,1863,3.1557996
Azerbaijan,1864,3.13278
Azerbaijan,1865,3.1080718
Azerbaijan,1866,3.1033459
Azerbaijan,1867,3.0834546
Azerbaijan,1868,3.0576088
Azerbaijan,1869,3.0455754
Azerbaijan,1870,3.031917
Azerbaijan,1871,3.016621
Azerbaijan,1872,2.99436
Azerbaijan,1873,2.9717848
Azerbaijan,1874,2.9612262
Azerbaijan,1875,2.952241
Azerbaijan,1876,2.9458961
Azerbaijan,1877,2.9308605
Azerbaijan,1878,2.9351556
Azerbaijan,1879,2.9235022
Azerbaijan,1880,2.954462
Azerbaijan,1881,2.9465206
Azerbaijan,1882,2.9322386
Azerbaijan,1883,2.9331946
Azerbaijan,1884,2.9147477
Azerbaijan,1885,2.9064713
Azerbaijan,1886,2.8888323
Azerbaijan,1887,2.8762953
Azerbaijan,1888,2.864553
Azerbaijan,1889,2.8561525
Azerbaijan,1890,2.804978
Azerbaijan,1891,2.7724535
Azerbaijan,1892,2.7392797
Azerbaijan,1893,2.7392497
Azerbaijan,1894,2.7070832
Azerbaijan,1895,2.7108514
Azerbaijan,1896,2.6815217
Azerbaijan,1897,2.6998143
Azerbaijan,1898,2.714916
Azerbaijan,1899,2.749901
Azerbaijan,1900,2.7973685
Azerbaijan,1901,2.7873228
Azerbaijan,1902,2.7423968
Azerbaijan,1903,2.7088158
Azerbaijan,1904,2.7398171
Azerbaijan,1905,2.6595042
Azerbaijan,1906,2.7030241
Azerbaijan,1907,2.7424629
Azerbaijan,1908,2.7226117
Azerbaijan,1909,2.7308626
Azerbaijan,1910,2.6093397
Azerbaijan,1911,2.5752337
Azerbaijan,1912,2.6108835
Azerbaijan,1913,2.6289067
Azerbaijan,1914,2.5170333
Azerbaijan,1915,2.4248042
Azerbaijan,1916,2.4259055
Azerbaijan,1917,2.3438878
Azerbaijan,1918,1.9698616
Azerbaijan,1919,1.9123794
Azerbaijan,1920,1.8117727
Azerbaijan,1921,1.7892855
Azerbaijan,1922,1.7981021
Azerbaijan,1923,1.7938334
Azerbaijan,1924,1.8125165
Azerbaijan,1925,1.7818562
Azerbaijan,1926,1.8854059
Azerbaijan,1927,1.9585894
Azerbaijan,1928,1.9855565
Azerbaijan,1929,2.0052643
Azerbaijan,1930,2.2092893
Azerbaijan,1931,2.353374
Azerbaijan,1932,2.4510505
Azerbaijan,1933,2.5547605
Azerbaijan,1934,2.7733572
Azerbaijan,1935,2.9314132
Azerbaijan,1936,3.1306102
Azerbaijan,1937,3.143549
Azerbaijan,1938,3.2138102
Azerbaijan,1939,3.2048159
Azerbaijan,1940,3.3721182
Azerbaijan,1941,2.984224
Azerbaijan,1942,2.0062804
Azerbaijan,1943,1.9753636
Azerbaijan,1944,2.3955913
Azerbaijan,1945,2.4103544
Azerbaijan,1946,2.542121
Azerbaijan,1947,2.8479621
Azerbaijan,1948,2.9195836
Azerbaijan,1949,3.1556702
Azerbaijan,1950,4.0461884
Azerbaijan,1951,4.60359
Azerbaijan,1952,5.1891656
Azerbaijan,1953,5.664276
Azerbaijan,1954,5.9021106
Azerbaijan,1955,6.3401675
Azerbaijan,1956,6.6464887
Azerbaijan,1957,6.9996324
Azerbaijan,1958,7.115826
Azerbaijan,1959,7.1260204
Azerbaijan,1960,6.3936343
Azerbaijan,1961,6.7844787
Azerbaijan,1962,6.0418324
Azerbaijan,1963,5.9245505
Azerbaijan,1964,5.8997
Azerbaijan,1965,5.844341
Azerbaijan,1966,5.953767
Azerbaijan,1967,6.001467
Azerbaijan,1968,6.065557
Azerbaijan,1969,6.0680995
Azerbaijan,1970,6.57794
Azerbaijan,1971,6.6179423
Azerbaijan,1972,6.7534904
Azerbaijan,1973,6.9193015
Azerbaijan,1974,6.9566426
Azerbaijan,1975,7.1760225
Azerbaijan,1976,7.2621627
Azerbaijan,1977,7.247267
Azerbaijan,1978,7.3411603
Azerbaijan,1979,7.237794
Azerbaijan,1980,7.6608505
Azerbaijan,1981,7.2774386
Azerbaijan,1982,7.2694044
Azerbaijan,1983,7.2150545
Azerbaijan,1984,7.194662
Azerbaijan,1985,7.631949
Azerbaijan,1986,7.840425
Azerbaijan,1987,7.302791
Azerbaijan,1988,7.267638
Azerbaijan,1989,7.1431756
Azerbaijan,1990,7.134527
Azerbaijan,1991,6.9878902
Azerbaijan,1992,7.7688546
Azerbaijan,1993,6.6897426
Azerbaijan,1994,5.8386464
Azerbaijan,1995,4.706005
Azerbaijan,1996,4.535027
Azerbaijan,1997,4.34103
Azerbaijan,1998,4.2929134
Azerbaijan,1999,3.9371
Azerbaijan,2000,3.9306688
Azerbaijan,2001,3.6877906
Azerbaijan,2002,3.6772416
Azerbaijan,2003,3.8107047
Azerbaijan,2004,4.049308
Azerbaijan,2005,4.2041974
Azerbaijan,2006,4.2043753
Azerbaijan,2007,3.6360407
Azerbaijan,2008,3.9474175
Azerbaijan,2009,3.472485
Azerbaijan,2010,3.2409704
Azerbaijan,2011,3.526164
Azerbaijan,2012,3.8855166
Azerbaijan,2013,3.817355
Azerbaijan,2014,3.8649848
Azerbaijan,2015,4.1196055
Azerbaijan,2016,4.4444876
Azerbaijan,2017,4.0597258
Azerbaijan,2018,3.9113722
Azerbaijan,2019,4.0905495
Azerbaijan,2020,3.8690033
Azerbaijan,2021,4.141335
Azerbaijan,2022,4.3530316
Azerbaijan,2023,4.704886
Bahamas,1950,2.9946575
Bahamas,1951,3.1464517
Bahamas,1952,3.3086348
Bahamas,1953,3.3963847
Bahamas,1954,3.4857574
Bahamas,1955,4.006933
Bahamas,1956,4.138066
Bahamas,1957,4.5470147
Bahamas,1958,4.558518
Bahamas,1959,5.305615
Bahamas,1960,5.8512335
Bahamas,1961,6.3714437
Bahamas,1962,7.7247634
Bahamas,1963,6.7730975
Bahamas,1964,9.6047735
Bahamas,1965,10.515456
Bahamas,1966,8.508317
Bahamas,1967,11.647356
Bahamas,1968,10.602639
Bahamas,1969,10.798694
Bahamas,1970,14.671403
Bahamas,1971,35.831875
Bahamas,1972,33.53724
Bahamas,1973,39.312954
Bahamas,1974,35.71941
Bahamas,1975,38.83052
Bahamas,1976,29.457008
Bahamas,1977,43.578453
Bahamas,1978,28.735693
Bahamas,1979,29.599897
Bahamas,1980,33.632946
Bahamas,1981,11.222763
Bahamas,1982,8.831436
Bahamas,1983,7.7129326
Bahamas,1984,6.927972
Bahamas,1985,5.4682937
Bahamas,1986,5.01395
Bahamas,1987,4.997375
Bahamas,1988,5.3784623
Bahamas,1989,6.8077374
Bahamas,1990,6.9977336
Bahamas,1991,6.811074
Bahamas,1992,6.266341
Bahamas,1993,5.6446824
Bahamas,1994,5.6916347
Bahamas,1995,6.000021
Bahamas,1996,5.889689
Bahamas,1997,5.1711264
Bahamas,1998,6.103568
Bahamas,1999,6.6119027
Bahamas,2000,6.1273365
Bahamas,2001,5.6993546
Bahamas,2002,5.8877053
Bahamas,2003,5.8966103
Bahamas,2004,5.774087
Bahamas,2005,5.2902884
Bahamas,2006,5.0832524
Bahamas,2007,5.1338043
Bahamas,2008,5.148978
Bahamas,2009,6.282049
Bahamas,2010,6.523327
Bahamas,2011,5.7807493
Bahamas,2012,5.4698005
Bahamas,2013,5.242478
Bahamas,2014,5.3519077
Bahamas,2015,5.714878
Bahamas,2016,5.690408
Bahamas,2017,6.28687
Bahamas,2018,6.1344113
Bahamas,2019,6.278076
Bahamas,2020,5.065565
Bahamas,2021,6.1833687
Bahamas,2022,5.9798236
Bahamas,2023,6.2141967
Bahrain,1933,0.09205492
Bahrain,1934,1.0095458
Bahrain,1935,4.434845
Bahrain,1936,16.270477
Bahrain,1937,27.158037
Bahrain,1938,29.023603
Bahrain,1939,26.600273
Bahrain,1940,24.837868
Bahrain,1941,23.919487
Bahrain,1942,22.02923
Bahrain,1943,23.334845
Bahrain,1944,23.935518
Bahrain,1945,26.135656
Bahrain,1946,28.794155
Bahrain,1947,33.998077
Bahrain,1948,39.564724
Bahrain,1949,39.741245
Bahrain,1950,11.783773
Bahrain,1951,9.743512
Bahrain,1952,10.337357
Bahrain,1953,7.7654433
Bahrain,1954,7.8802595
Bahrain,1955,10.241606
Bahrain,1956,7.438319
Bahrain,1957,5.1312537
Bahrain,1958,8.442692
Bahrain,1959,8.256342
Bahrain,1960,3.4978652
Bahrain,1961,10.278746
Bahrain,1962,8.871731
Bahrain,1963,6.407186
Bahrain,1964,8.243759
Bahrain,1965,6.1107106
Bahrain,1966,3.1241548
Bahrain,1967,4.6868324
Bahrain,1968,5.0277057
Bahrain,1969,5.7146735
Bahrain,1970,11.523938
Bahrain,1971,13.164805
Bahrain,1972,15.195289
Bahrain,1973,21.61388
Bahrain,1974,20.075659
Bahrain,1975,20.299046
Bahrain,1976,22.057692
Bahrain,1977,23.86226
Bahrain,1978,23.659458
Bahrain,1979,23.664867
Bahrain,1980,21.956766
Bahrain,1981,22.808338
Bahrain,1982,25.406107
Bahrain,1983,20.5203
Bahrain,1984,22.163141
Bahrain,1985,23.671015
Bahrain,1986,24.65706
Bahrain,1987,24.676811
Bahrain,1988,25.16573
Bahrain,1989,23.430534
Bahrain,1990,22.329292
Bahrain,1991,21.302265
Bahrain,1992,18.99266
Bahrain,1993,29.76086
Bahrain,1994,24.834526
Bahrain,1995,24.856127
Bahrain,1996,26.197199
Bahrain,1997,27.59887
Bahrain,1998,28.5859
Bahrain,1999,27.88728
Bahrain,2000,28.675539
Bahrain,2001,28.11653
Bahrain,2002,26.739456
Bahrain,2003,25.857693
Bahrain,2004,24.332775
Bahrain,2005,26.257074
Bahrain,2006,24.167068
Bahrain,2007,25.181688
Bahrain,2008,26.34549
Bahrain,2009,23.73999
Bahrain,2010,23.965916
Bahrain,2011,23.591486
Bahrain,2012,22.297148
Bahrain,2013,24.784328
Bahrain,2014,23.537216
Bahrain,2015,23.699976
Bahrain,2016,22.076391
Bahrain,2017,22.156645
Bahrain,2018,21.790722
Bahrain,2019,25.295347
Bahrain,2020,25.216003
Bahrain,2021,24.10311
Bahrain,2022,23.25017
Bahrain,2023,23.271013
Bangladesh,1946,0.52354395
Bangladesh,1947,0.5376225
Bangladesh,1948,0.5346079
Bangladesh,1949,0.5161996
Bangladesh,1950,0.7074508
Bangladesh,1951,0.7949778
Bangladesh,1952,0.8643746
Bangladesh,1953,0.9136686
Bangladesh,1954,0.98086
Bangladesh,1955,1.0365168
Bangladesh,1956,1.0968776
Bangladesh,1957,1.129013
Bangladesh,1958,1.1685464
Bangladesh,1959,1.1394031
Bangladesh,1960,1.1951036
Bangladesh,1961,0.98389167
Bangladesh,1962,0.8412702
Bangladesh,1963,0.77535206
Bangladesh,1964,0.78537756
Bangladesh,1965,0.699218
Bangladesh,1966,0.6652082
Bangladesh,1967,0.5963908
Bangladesh,1968,0.56594557
Bangladesh,1969,0.55417126
Bangladesh,1970,0.52388006
Bangladesh,1971,0.6732943
Bangladesh,1972,0.54482645
Bangladesh,1973,0.4333357
Bangladesh,1974,0.3671216
Bangladesh,1975,0.31657118
Bangladesh,1976,0.28680137
Bangladesh,1977,0.2646972
Bangladesh,1978,0.24419862
Bangladesh,1979,0.2366671
Bangladesh,1980,0.23333947
Bangladesh,1981,0.22533159
Bangladesh,1982,0.20993619
Bangladesh,1983,0.22708677
Bangladesh,1984,0.23302297
Bangladesh,1985,0.25955838
Bangladesh,1986,0.27079257
Bangladesh,1987,0.33909172
Bangladesh,1988,0.31253347
Bangladesh,1989,0.26318428
Bangladesh,1990,0.23515819
Bangladesh,1991,0.034856617
Bangladesh,1992,0.07419762
Bangladesh,1993,0.083761565
Bangladesh,1994,0.12355474
Bangladesh,1995,0.15371804
Bangladesh,1996,0.24564235
Bangladesh,1997,0.24600786
Bangladesh,1998,0.24308546
Bangladesh,1999,0.22872569
Bangladesh,2000,0.24024557
Bangladesh,2001,0.26573184
Bangladesh,2002,0.26382607
Bangladesh,2003,0.2733275
Bangladesh,2004,0.28578356
Bangladesh,2005,0.28695717
Bangladesh,2006,0.3152058
Bangladesh,2007,0.32517156
Bangladesh,2008,0.3473064
Bangladesh,2009,0.36344787
Bangladesh,2010,0.37672973
Bangladesh,2011,0.39486328
Bangladesh,2012,0.4587867
Bangladesh,2013,0.48024338
Bangladesh,2014,0.49935973
Bangladesh,2015,0.5640821
Bangladesh,2016,0.58444244
Bangladesh,2017,0.6106709
Bangladesh,2018,0.63856685
Bangladesh,2019,0.6743653
Bangladesh,2020,0.6814298
Bangladesh,2021,0.7499051
Bangladesh,2022,0.779796
Bangladesh,2023,0.76931745
Barbados,1928,0.1625249
Barbados,1929,0.16062981
Barbados,1930,0.1958389
Barbados,1931,0.17916514
Barbados,1932,0.18013686
Barbados,1933,0.18002407
Barbados,1934,0.17948909
Barbados,1939,0.17409447
Barbados,1947,0.23371811
Barbados,1948,0.23339272
Barbados,1949,0.2329844
Barbados,1950,1.0252943
Barbados,1951,1.241254
Barbados,1952,1.0822519
Barbados,1953,1.0845449
Barbados,1954,0.9965871
Barbados,1955,0.95613444
Barbados,1956,0.86511725
Barbados,1957,0.82512146
Barbados,1958,0.8412368
Barbados,1959,0.8496009
Barbados,1960,0.8916726
Barbados,1961,0.9638217
Barbados,1962,1.2257473
Barbados,1963,0.9152672
Barbados,1964,0.8491133
Barbados,1965,0.9434408
Barbados,1966,1.1825097
Barbados,1967,1.4437984
Barbados,1968,1.8466924
Barbados,1969,2.0064335
Barbados,1970,1.8128023
Barbados,1971,2.042991
Barbados,1972,2.119012
Barbados,1973,2.0245352
Barbados,1974,2.0645134
Barbados,1975,2.366003
Barbados,1976,2.2112305
Barbados,1977,2.4381325
Barbados,1978,2.6075492
Barbados,1979,2.4782143
Barbados,1980,2.729566
Barbados,1981,2.7493834
Barbados,1982,2.57388
Barbados,1983,2.7166443
Barbados,1984,2.942703
Barbados,1985,3.3079896
Barbados,1986,3.566329
Barbados,1987,3.6549196
Barbados,1988,3.6596458
Barbados,1989,3.8208752
Barbados,1990,3.9981349
Barbados,1991,4.600666
Barbados,1992,4.5045843
Barbados,1993,3.6001222
Barbados,1994,3.588759
Barbados,1995,3.9024308
Barbados,1996,3.979461
Barbados,1997,4.41208
Barbados,1998,4.5461235
Barbados,1999,4.8303823
Barbados,2000,4.980258
Barbados,2001,4.8135285
Barbados,2002,4.920715
Barbados,2003,4.901225
Barbados,2004,5.048832
Barbados,2005,5.2367873
Barbados,2006,5.406502
Barbados,2007,5.4100075
Barbados,2008,6.377334
Barbados,2009,6.055167
Barbados,2010,5.4119334
Barbados,2011,5.527511
Barbados,2012,5.210183
Barbados,2013,5.1071043
Barbados,2014,4.4739165
Barbados,2015,4.3392596
Barbados,2016,4.547297
Barbados,2017,4.5187187
Barbados,2018,4.8641562
Barbados,2019,4.979514
Barbados,2020,4.1734705
Barbados,2021,3.9906266
Barbados,2022,3.906487
Barbados,2023,4.107415
Belarus,1850,12.9467535
Belarus,1855,12.135587
Belarus,1858,11.952014
Belarus,1859,11.791145
Belarus,1860,11.792504
Belarus,1861,11.650163
Belarus,1862,11.582018
Belarus,1863,11.4963
Belarus,1864,11.402143
Belarus,1865,11.34944
Belarus,1866,11.295697
Belarus,1867,11.112239
Belarus,1868,11.017189
Belarus,1869,10.998701
Belarus,1870,11.107652
Belarus,1871,10.895988
Belarus,1872,10.8049135
Belarus,1873,10.618274
Belarus,1874,10.603665
Belarus,1875,10.568431
Belarus,1876,10.460206
Belarus,1877,10.275168
Belarus,1878,10.234803
Belarus,1879,10.138543
Belarus,1880,10.070312
Belarus,1881,10.10762
Belarus,1882,10.044991
Belarus,1883,9.98239
Belarus,1884,9.901142
Belarus,1885,9.822736
Belarus,1886,9.731643
Belarus,1887,9.673428
Belarus,1888,9.596546
Belarus,1889,9.635234
Belarus,1890,9.540509
Belarus,1891,9.372781
Belarus,1892,9.320227
Belarus,1893,9.154276
Belarus,1894,9.12809
Belarus,1895,9.056796
Belarus,1896,8.9938345
Belarus,1897,8.909123
Belarus,1898,8.902852
Belarus,1899,8.892727
Belarus,1900,9.010504
Belarus,1901,9.007442
Belarus,1902,8.858235
Belarus,1903,8.740556
Belarus,1904,8.688345
Belarus,1905,8.610414
Belarus,1906,8.543758
Belarus,1907,8.586705
Belarus,1908,8.532836
Belarus,1909,8.507103
Belarus,1910,8.0948105
Belarus,1911,7.9420805
Belarus,1912,7.84833
Belarus,1913,7.8566074
Belarus,1914,7.692572
Belarus,1915,7.5517435
Belarus,1916,7.3974533
Belarus,1917,7.3519716
Belarus,1918,7.034357
Belarus,1919,6.896408
Belarus,1920,6.9588666
Belarus,1921,6.8836565
Belarus,1922,6.7545524
Belarus,1923,6.724759
Belarus,1924,6.6150126
Belarus,1925,6.634654
Belarus,1926,6.665398
Belarus,1927,6.7883787
Belarus,1928,6.721795
Belarus,1929,6.7463636
Belarus,1930,6.969569
Belarus,1931,7.0460496
Belarus,1932,7.0775895
Belarus,1933,7.0815396
Belarus,1934,7.3292894
Belarus,1935,7.3624663
Belarus,1936,7.580752
Belarus,1937,7.5373425
Belarus,1938,7.598294
Belarus,1939,7.573897
Belarus,1940,7.397302
Belarus,1941,7.009836
Belarus,1942,6.190058
Belarus,1943,6.1361604
Belarus,1944,6.400014
Belarus,1945,6.35245
Belarus,1946,6.465874
Belarus,1947,6.6545367
Belarus,1948,6.6291156
Belarus,1949,6.780757
Belarus,1950,6.801511
Belarus,1951,6.6160884
Belarus,1952,6.5360227
Belarus,1953,6.4793434
Belarus,1954,6.805263
Belarus,1955,7.4195843
Belarus,1956,7.9300694
Belarus,1957,8.425966
Belarus,1958,8.675972
Belarus,1959,8.880964
Belarus,1960,8.26732
Belarus,1961,10.280108
Belarus,1962,8.529793
Belarus,1963,8.428041
Belarus,1964,8.555843
Belarus,1965,8.4969
Belarus,1966,8.715093
Belarus,1967,8.848986
Belarus,1968,9.059009
Belarus,1969,9.152325
Belarus,1970,10.274716
Belarus,1971,9.979609
Belarus,1972,10.1700115
Belarus,1973,10.627854
Belarus,1974,10.6680975
Belarus,1975,11.056148
Belarus,1976,11.312118
Belarus,1977,11.400802
Belarus,1978,11.586759
Belarus,1979,11.732992
Belarus,1980,12.711742
Belarus,1981,11.970624
Belarus,1982,11.976888
Belarus,1983,11.912873
Belarus,1984,11.929609
Belarus,1985,12.654614
Belarus,1986,14.0082245
Belarus,1987,12.843864
Belarus,1988,12.921367
Belarus,1989,12.218185
Belarus,1990,12.168189
Belarus,1991,10.882838
Belarus,1992,9.979481
Belarus,1993,8.950177
Belarus,1994,8.5585575
Belarus,1995,7.260399
Belarus,1996,7.1380653
Belarus,1997,7.1718645
Belarus,1998,7.4323378
Belarus,1999,7.2784834
Belarus,2000,5.8258166
Belarus,2001,5.4881835
Belarus,2002,5.5183954
Belarus,2003,5.734975
Belarus,2004,6.2423244
Belarus,2005,6.532441
Belarus,2006,6.6258063
Belarus,2007,6.731867
Belarus,2008,7.155313
Belarus,2009,6.80734
Belarus,2010,6.98844
Belarus,2011,6.7473483
Belarus,2012,6.894812
Belarus,2013,7.1668463
Belarus,2014,7.0183635
Belarus,2015,6.568546
Belarus,2016,6.5195813
Belarus,2017,6.5814486
Belarus,2018,6.770681
Belarus,2019,6.627143
Belarus,2020,6.226695
Belarus,2021,6.411356
Belarus,2022,6.2574024
Belarus,2023,5.9313927
Belgium,1850,3.1261616
Belgium,1851,3.2875447
Belgium,1852,3.4864826
Belgium,1853,3.6308682
Belgium,1854,3.9413571
Belgium,1855,3.888056
Belgium,1856,3.9133854
Belgium,1857,4.048501
Belgium,1858,4.1087327
Belgium,1859,4.050024
Belgium,1860,4.284298
Belgium,1861,4.478075
Belgium,1862,4.3313537
Belgium,1863,4.4860964
Belgium,1864,4.635109
Belgium,1865,4.718571
Belgium,1866,4.9516025
Belgium,1867,5.4220963
Belgium,1868,4.9079776
Belgium,1869,5.1967826
Belgium,1870,5.949174
Belgium,1871,5.7567253
Belgium,1872,6.0525923
Belgium,1873,6.606681
Belgium,1874,6.212584
Belgium,1875,6.2759805
Belgium,1876,6.2174935
Belgium,1877,5.986348
Belgium,1878,6.269326
Belgium,1879,6.221343
Belgium,1880,6.84815
Belgium,1881,6.77981
Belgium,1882,6.955244
Belgium,1883,7.2527905
Belgium,1884,7.118827
Belgium,1885,6.8196573
Belgium,1886,6.5737343
Belgium,1887,7.035764
Belgium,1888,7.2783313
Belgium,1889,7.3663588
Belgium,1890,7.9327555
Belgium,1891,7.4442344
Belgium,1892,7.250776
Belgium,1893,7.0222487
Belgium,1894,7.5490236
Belgium,1895,7.3947444
Belgium,1896,7.7146115
Belgium,1897,7.8587704
Belgium,1898,7.881337
Belgium,1899,8.012937
Belgium,1900,8.529526
Belgium,1901,7.971825
Belgium,1902,8.115464
Belgium,1903,8.467321
Belgium,1904,8.128861
Belgium,1905,8.006162
Belgium,1906,8.827758
Belgium,1907,8.882218
Belgium,1908,8.699103
Belgium,1909,8.523558
Belgium,1910,8.835963
Belgium,1911,8.976602
Belgium,1912,9.282176
Belgium,1913,9.608839
Belgium,1914,5.916858
Belgium,1915,5.061136
Belgium,1916,6.500681
Belgium,1917,5.1786475
Belgium,1918,4.9144645
Belgium,1919,6.3243475
Belgium,1920,7.6617785
Belgium,1921,7.1162634
Belgium,1922,7.819285
Belgium,1923,9.683378
Belgium,1924,10.116843
Belgium,1925,10.270573
Belgium,1926,10.180341
Belgium,1927,11.721592
Belgium,1928,11.378228
Belgium,1929,12.424262
Belgium,1930,11.8643875
Belgium,1931,10.556266
Belgium,1932,8.489633
Belgium,1933,9.054212
Belgium,1934,9.287147
Belgium,1935,8.773384
Belgium,1936,9.13777
Belgium,1937,10.913532
Belgium,1938,9.557142
Belgium,1939,8.8038645
Belgium,1940,7.360139
Belgium,1941,7.6930466
Belgium,1942,7.140268
Belgium,1943,6.744588
Belgium,1944,3.7676735
Belgium,1945,4.3852434
Belgium,1946,6.430425
Belgium,1947,9.401542
Belgium,1948,9.708303
Belgium,1949,9.180177
Belgium,1950,8.558473
Belgium,1951,10.012143
Belgium,1952,9.28672
Belgium,1953,9.112532
Belgium,1954,9.423095
Belgium,1955,10.083667
Belgium,1956,10.540948
Belgium,1957,10.453086
Belgium,1958,9.376245
Belgium,1959,9.405271
Belgium,1960,9.662258
Belgium,1961,9.783233
Belgium,1962,10.304557
Belgium,1963,11.066425
Belgium,1964,10.787177
Belgium,1965,10.893897
Belgium,1966,10.811031
Belgium,1967,11.021512
Belgium,1968,12.12667
Belgium,1969,12.60824
Belgium,1970,12.774556
Belgium,1971,12.321169
Belgium,1972,13.245559
Belgium,1973,14.039558
Belgium,1974,13.640598
Belgium,1975,12.2883005
Belgium,1976,13.099512
Belgium,1977,12.709655
Belgium,1978,13.6058445
Belgium,1979,13.64866
Belgium,1980,13.1473875
Belgium,1981,12.001967
Belgium,1982,11.371956
Belgium,1983,9.808364
Belgium,1984,10.218555
Belgium,1985,10.133485
Belgium,1986,10.002531
Belgium,1987,10.030183
Belgium,1988,9.775183
Belgium,1989,10.505343
Belgium,1990,11.854866
Belgium,1991,12.682238
Belgium,1992,12.352154
Belgium,1993,12.871849
Belgium,1994,12.619063
Belgium,1995,12.61198
Belgium,1996,13.01017
Belgium,1997,12.428654
Belgium,1998,13.0387745
Belgium,1999,12.739143
Belgium,2000,12.645004
Belgium,2001,12.457666
Belgium,2002,12.508813
Belgium,2003,12.661917
Belgium,2004,12.749663
Belgium,2005,12.224051
Belgium,2006,11.942966
Belgium,2007,11.540763
Belgium,2008,11.371607
Belgium,2009,10.124372
Belgium,2010,10.583378
Belgium,2011,9.599466
Belgium,2012,9.417914
Belgium,2013,9.371765
Belgium,2014,8.89627
Belgium,2015,9.311454
Belgium,2016,9.00845
Belgium,2017,9.019617
Belgium,2018,9.038148
Belgium,2019,8.958097
Belgium,2020,8.133428
Belgium,2021,8.430489
Belgium,2022,7.8731003
Belgium,2023,7.3438926
Belize,1950,22.770983
Belize,1951,45.331757
Belize,1952,50.237206
Belize,1953,35.9624
Belize,1954,36.685303
Belize,1955,39.769447
Belize,1956,47.217278
Belize,1957,27.548124
Belize,1958,38.07934
Belize,1959,74.40472
Belize,1960,36.60107
Belize,1961,21.600376
Belize,1962,18.065859
Belize,1963,21.077135
Belize,1964,13.035034
Belize,1965,18.641926
Belize,1966,19.575184
Belize,1967,11.341721
Belize,1968,10.169026
Belize,1969,15.905462
Belize,1970,11.179813
Belize,1971,8.296789
Belize,1972,9.646144
Belize,1973,16.3713
Belize,1974,10.932646
Belize,1975,20.712816
Belize,1976,20.926405
Belize,1977,29.930155
Belize,1978,16.645658
Belize,1979,21.67333
Belize,1980,23.23244
Belize,1981,21.704237
Belize,1982,12.144782
Belize,1983,18.943937
Belize,1984,15.722747
Belize,1985,12.836832
Belize,1986,35.78593
Belize,1987,67.89725
Belize,1988,67.34972
Belize,1989,79.5804
Belize,1990,56.396484
Belize,1991,67.10865
Belize,1992,71.221886
Belize,1993,55.58858
Belize,1994,35.519897
Belize,1995,29.220276
Belize,1996,23.212255
Belize,1997,24.198542
Belize,1998,26.40201
Belize,1999,23.043814
Belize,2000,20.960232
Belize,2001,24.059782
Belize,2002,24.830324
Belize,2003,18.3805
Belize,2004,14.230125
Belize,2005,12.666762
Belize,2006,14.607325
Belize,2007,13.274325
Belize,2008,12.976985
Belize,2009,19.531252
Belize,2010,17.657637
Belize,2011,16.088312
Belize,2012,13.765572
Belize,2013,12.022052
Belize,2014,18.962244
Belize,2015,25.519846
Belize,2016,16.753084
Belize,2017,15.016551
Belize,2018,12.576628
Belize,2019,20.570158
Belize,2020,17.96857
Belize,2021,16.254019
Belize,2022,17.76064
Belize,2023,16.33717
Benin,1950,1.0150121
Benin,1951,1.0287442
Benin,1952,1.0046192
Benin,1953,1.120885
Benin,1954,1.3253005
Benin,1955,1.5399894
Benin,1956,1.7534428
Benin,1957,1.9430481
Benin,1958,2.3642516
Benin,1959,2.458166
Benin,1960,1.65285
Benin,1961,2.625365
Benin,1962,3.0038645
Benin,1963,3.1442292
Benin,1964,3.253687
Benin,1965,3.939943
Benin,1966,4.829119
Benin,1967,4.9452944
Benin,1968,7.802587
Benin,1969,5.213153
Benin,1970,5.3170214
Benin,1971,4.591923
Benin,1972,3.899704
Benin,1973,4.026303
Benin,1974,4.209522
Benin,1975,4.009698
Benin,1976,4.045957
Benin,1977,3.6443572
Benin,1978,3.4377818
Benin,1979,3.4170022
Benin,1980,3.8621464
Benin,1981,3.4280276
Benin,1982,2.7658677
Benin,1983,2.3711374
Benin,1984,2.469611
Benin,1985,2.721401
Benin,1986,2.2707937
Benin,1987,2.0016465
Benin,1988,1.737144
Benin,1989,1.9136106
Benin,1990,1.8620487
Benin,1991,1.7664266
Benin,1992,1.993683
Benin,1993,3.320054
Benin,1994,4.729215
Benin,1995,7.3831463
Benin,1996,8.014363
Benin,1997,8.03134
Benin,1998,5.9802547
Benin,1999,5.649946
Benin,2000,4.981561
Benin,2001,5.0684524
Benin,2002,5.061863
Benin,2003,3.6769176
Benin,2004,3.6339772
Benin,2005,2.1018786
Benin,2006,1.9109497
Benin,2007,4.334588
Benin,2008,3.7594292
Benin,2009,2.7170424
Benin,2010,2.2877684
Benin,2011,2.8805058
Benin,2012,4.1209326
Benin,2013,2.5675032
Benin,2014,2.0125265
Benin,2015,1.7226484
Benin,2016,1.4410323
Benin,2017,1.2771857
Benin,2018,1.0414056
Benin,2019,0.84920484
Benin,2020,0.766092
Benin,2021,0.7357795
Benin,2022,0.6784973
Benin,2023,0.6071941
Bhutan,1970,42.967945
Bhutan,1971,41.09122
Bhutan,1972,41.86953
Bhutan,1973,43.221107
Bhutan,1974,39.560787
Bhutan,1975,37.826797
Bhutan,1976,34.23677
Bhutan,1977,34.57191
Bhutan,1978,32.394855
Bhutan,1979,34.120956
Bhutan,1980,32.116924
Bhutan,1981,32.72215
Bhutan,1982,34.110737
Bhutan,1983,35.779587
Bhutan,1984,26.785564
Bhutan,1985,25.395744
Bhutan,1986,30.254179
Bhutan,1987,24.259172
Bhutan,1988,20.933313
Bhutan,1989,22.246984
Bhutan,1990,33.901604
Bhutan,1991,23.536825
Bhutan,1992,22.133244
Bhutan,1993,21.865423
Bhutan,1994,34.453384
Bhutan,1995,23.366838
Bhutan,1996,20.88886
Bhutan,1997,18.824617
Bhutan,1998,21.23963
Bhutan,1999,21.205303
Bhutan,2000,20.575018
Bhutan,2001,16.780022
Bhutan,2002,20.957705
Bhutan,2003,16.941711
Bhutan,2004,15.7199
Bhutan,2005,13.059265
Bhutan,2006,11.019225
Bhutan,2007,12.487796
Bhutan,2008,16.134962
Bhutan,2009,14.908551
Bhutan,2010,17.7402
Bhutan,2011,15.502066
Bhutan,2012,15.748427
Bhutan,2013,13.408385
Bhutan,2014,11.784185
Bhutan,2015,11.257774
Bhutan,2016,10.549222
Bhutan,2017,11.693122
Bhutan,2018,10.984471
Bhutan,2019,10.418429
Bhutan,2020,10.103144
Bhutan,2021,10.590313
Bhutan,2022,9.311411
Bhutan,2023,8.099392
Bolivia,1862,10.082496
Bolivia,1864,3.5568027
Bolivia,1865,1.3850032
Bolivia,1866,-0.40349346
Bolivia,1867,-1.8730333
Bolivia,1868,-3.1250896
Bolivia,1869,-4.2564726
Bolivia,1870,-5.276337
Bolivia,1871,-6.247211
Bolivia,1872,-7.2021284
Bolivia,1873,-8.195237
Bolivia,1874,-9.181284
Bolivia,1875,-10.173166
Bolivia,1876,-11.1243925
Bolivia,1877,-12.104043
Bolivia,1878,-13.076013
Bolivia,1879,-13.907131
Bolivia,1880,2.1040757
Bolivia,1881,9.986761
Bolivia,1882,14.879885
Bolivia,1883,18.127844
Bolivia,1884,20.464182
Bolivia,1885,22.190907
Bolivia,1886,23.467793
Bolivia,1887,24.480602
Bolivia,1888,25.253944
Bolivia,1915,21.968681
Bolivia,1916,21.976954
Bolivia,1917,22.562382
Bolivia,1918,22.303562
Bolivia,1919,21.999887
Bolivia,1920,21.988728
Bolivia,1921,22.885395
Bolivia,1922,22.720776
Bolivia,1923,21.634214
Bolivia,1924,20.784523
Bolivia,1925,21.642828
Bolivia,1926,21.30886
Bolivia,1927,21.236517
Bolivia,1928,20.70581
Bolivia,1929,20.407887
Bolivia,1930,19.752428
Bolivia,1931,19.46173
Bolivia,1932,20.185
Bolivia,1933,19.602346
Bolivia,1934,18.930767
Bolivia,1935,19.151178
Bolivia,1936,19.04659
Bolivia,1937,18.965471
Bolivia,1938,18.396366
Bolivia,1939,18.34574
Bolivia,1940,16.665825
Bolivia,1941,14.902929
Bolivia,1942,13.339488
Bolivia,1943,11.967418
Bolivia,1944,10.756487
Bolivia,1945,9.650787
Bolivia,1946,8.654933
Bolivia,1947,7.7301917
Bolivia,1948,6.893885
Bolivia,1949,6.0663567
Bolivia,1950,7.846948
Bolivia,1951,9.18188
Bolivia,1952,10.298508
Bolivia,1953,11.357576
Bolivia,1954,12.400638
Bolivia,1955,13.274293
Bolivia,1956,14.0233345
Bolivia,1957,14.667516
Bolivia,1958,15.250054
Bolivia,1959,15.780431
Bolivia,1960,12.773605
Bolivia,1961,6.9057655
Bolivia,1962,4.5399623
Bolivia,1963,5.3311944
Bolivia,1964,5.170022
Bolivia,1965,4.9314156
Bolivia,1966,4.845856
Bolivia,1967,4.8071227
Bolivia,1968,6.5744076
Bolivia,1969,5.509335
Bolivia,1970,8.666923
Bolivia,1971,10.749357
Bolivia,1972,7.859946
Bolivia,1973,10.511679
Bolivia,1974,11.569016
Bolivia,1975,8.3744955
Bolivia,1976,10.875373
Bolivia,1977,8.128555
Bolivia,1978,10.466347
Bolivia,1979,7.8491125
Bolivia,1980,10.156063
Bolivia,1981,7.6268315
Bolivia,1982,6.5176682
Bolivia,1983,9.306959
Bolivia,1984,5.404698
Bolivia,1985,7.5920935
Bolivia,1986,5.685453
Bolivia,1987,4.9881134
Bolivia,1988,5.5403686
Bolivia,1989,3.8369262
Bolivia,1990,6.784255
Bolivia,1991,5.85535
Bolivia,1992,11.0588
Bolivia,1993,8.584303
Bolivia,1994,26.77353
Bolivia,1995,17.979969
Bolivia,1996,18.81343
Bolivia,1997,19.36194
Bolivia,1998,25.752327
Bolivia,1999,19.226091
Bolivia,2000,13.159638
Bolivia,2001,12.532219
Bolivia,2002,13.74272
Bolivia,2003,29.151762
Bolivia,2004,18.867098
Bolivia,2005,13.633312
Bolivia,2006,11.2076025
Bolivia,2007,9.898104
Bolivia,2008,10.611639
Bolivia,2009,9.736894
Bolivia,2010,9.127894
Bolivia,2011,8.361271
Bolivia,2012,7.7620435
Bolivia,2013,6.917686
Bolivia,2014,5.7901697
Bolivia,2015,6.1468716
Bolivia,2016,5.0986996
Bolivia,2017,8.622559
Bolivia,2018,7.5732713
Bolivia,2019,5.9880652
Bolivia,2020,6.341352
Bolivia,2021,6.805337
Bolivia,2022,6.7040744
Bolivia,2023,6.768301
Bosnia and Herzegovina,1885,7.111298
Bosnia and Herzegovina,1890,6.911674
Bosnia and Herzegovina,1891,6.7407775
Bosnia and Herzegovina,1892,6.77281
Bosnia and Herzegovina,1893,6.7922897
Bosnia and Herzegovina,1894,6.677187
Bosnia and Herzegovina,1895,6.5948987
Bosnia and Herzegovina,1896,6.5863523
Bosnia and Herzegovina,1897,6.5390563
Bosnia and Herzegovina,1898,6.441809
Bosnia and Herzegovina,1899,6.3077483
Bosnia and Herzegovina,1900,6.3102455
Bosnia and Herzegovina,1901,6.233082
Bosnia and Herzegovina,1902,6.080746
Bosnia and Herzegovina,1903,6.1031313
Bosnia and Herzegovina,1904,6.096351
Bosnia and Herzegovina,1905,5.9511647
Bosnia and Herzegovina,1906,5.8686733
Bosnia and Herzegovina,1907,5.8482957
Bosnia and Herzegovina,1908,5.8037415
Bosnia and Herzegovina,1909,5.6856933
Bosnia and Herzegovina,1910,6.113172
Bosnia and Herzegovina,1911,6.370903
Bosnia and Herzegovina,1912,6.4010787
Bosnia and Herzegovina,1913,6.6417546
Bosnia and Herzegovina,1919,6.6121855
Bosnia and Herzegovina,1920,6.598347
Bosnia and Herzegovina,1921,6.592006
Bosnia and Herzegovina,1922,6.559654
Bosnia and Herzegovina,1923,6.5156717
Bosnia and Herzegovina,1924,6.3795905
Bosnia and Herzegovina,1925,6.398738
Bosnia and Herzegovina,1926,6.2060876
Bosnia and Herzegovina,1927,6.402779
Bosnia and Herzegovina,1928,6.406163
Bosnia and Herzegovina,1929,6.2680197
Bosnia and Herzegovina,1930,5.715811
Bosnia and Herzegovina,1931,5.513222
Bosnia and Herzegovina,1932,5.2642956
Bosnia and Herzegovina,1933,5.077841
Bosnia and Herzegovina,1934,4.9530277
Bosnia and Herzegovina,1935,4.9616776
Bosnia and Herzegovina,1936,4.760551
Bosnia and Herzegovina,1937,4.6008515
Bosnia and Herzegovina,1938,4.6173263
Bosnia and Herzegovina,1939,4.561235
Bosnia and Herzegovina,1940,3.7850723
Bosnia and Herzegovina,1943,2.7614653
Bosnia and Herzegovina,1944,2.4035413
Bosnia and Herzegovina,1945,2.63066
Bosnia and Herzegovina,1946,2.9476857
Bosnia and Herzegovina,1947,2.9326894
Bosnia and Herzegovina,1948,2.8870423
Bosnia and Herzegovina,1949,2.971555
Bosnia and Herzegovina,1950,2.7619474
Bosnia and Herzegovina,1951,2.3266988
Bosnia and Herzegovina,1952,2.3257196
Bosnia and Herzegovina,1953,1.9371043
Bosnia and Herzegovina,1954,1.8460662
Bosnia and Herzegovina,1955,1.5188494
Bosnia and Herzegovina,1956,1.2696571
Bosnia and Herzegovina,1957,0.91022146
Bosnia and Herzegovina,1958,0.10267577
Bosnia and Herzegovina,1959,-0.8853701
Bosnia and Herzegovina,1960,-0.683845
Bosnia and Herzegovina,1961,-0.6066917
Bosnia and Herzegovina,1962,-0.609398
Bosnia and Herzegovina,1963,-0.32393897
Bosnia and Herzegovina,1964,-0.099110916
Bosnia and Herzegovina,1965,-0.035429437
Bosnia and Herzegovina,1966,0.003440504
Bosnia and Herzegovina,1967,0.036847014
Bosnia and Herzegovina,1968,0.20455015
Bosnia and Herzegovina,1969,0.270779
Bosnia and Herzegovina,1970,0.9221227
Bosnia and Herzegovina,1971,1.2199436
Bosnia and Herzegovina,1972,0.976125
Bosnia and Herzegovina,1973,1.5947243
Bosnia and Herzegovina,1974,1.5942334
Bosnia and Herzegovina,1975,1.7636073
Bosnia and Herzegovina,1976,1.8140922
Bosnia and Herzegovina,1977,1.877763
Bosnia and Herzegovina,1978,2.191439
Bosnia and Herzegovina,1979,2.8523936
Bosnia and Herzegovina,1980,2.6796215
Bosnia and Herzegovina,1981,3.0035036
Bosnia and Herzegovina,1982,2.700861
Bosnia and Herzegovina,1983,3.053997
Bosnia and Herzegovina,1984,3.24638
Bosnia and Herzegovina,1985,3.4423637
Bosnia and Herzegovina,1986,3.5916812
Bosnia and Herzegovina,1987,3.5066025
Bosnia and Herzegovina,1988,3.694221
Bosnia and Herzegovina,1989,3.6790354
Bosnia and Herzegovina,1990,3.605445
Bosnia and Herzegovina,1991,0.8262021
Bosnia and Herzegovina,1992,1.0116802
Bosnia and Herzegovina,1993,0.55642
Bosnia and Herzegovina,1994,-1.529511
Bosnia and Herzegovina,1995,-1.2863843
Bosnia and Herzegovina,1996,-1.1203984
Bosnia and Herzegovina,1997,0.9685476
Bosnia and Herzegovina,1998,0.9634279
Bosnia and Herzegovina,1999,1.1646503
Bosnia and Herzegovina,2000,1.7143087
Bosnia and Herzegovina,2001,1.4600903
Bosnia and Herzegovina,2002,2.471805
Bosnia and Herzegovina,2003,2.2864373
Bosnia and Herzegovina,2004,2.34393
Bosnia and Herzegovina,2005,2.53071
Bosnia and Herzegovina,2006,2.7965453
Bosnia and Herzegovina,2007,3.1926367
Bosnia and Herzegovina,2008,3.7531428
Bosnia and Herzegovina,2009,4.281555
Bosnia and Herzegovina,2010,4.415815
Bosnia and Herzegovina,2011,5.2027307
Bosnia and Herzegovina,2012,5.235932
Bosnia and Herzegovina,2013,5.0350757
Bosnia and Herzegovina,2014,4.7877693
Bosnia and Herzegovina,2015,4.9633627
Bosnia and Herzegovina,2016,6.080163
Bosnia and Herzegovina,2017,5.7905226
Bosnia and Herzegovina,2018,5.994426
Bosnia and Herzegovina,2019,6.1284266
Bosnia and Herzegovina,2020,6.1465015
Bosnia and Herzegovina,2021,6.223452
Bosnia and Herzegovina,2022,6.2116065
Bosnia and Herzegovina,2023,6.03849
Botswana,1972,4.4792123
Botswana,1973,4.1012774
Botswana,1974,3.7670872
Botswana,1975,3.6033132
Botswana,1976,3.8230646
Botswana,1977,3.728775
Botswana,1978,3.5982015
Botswana,1979,3.4196506
Botswana,1980,3.7592552
Botswana,1981,3.7376966
Botswana,1982,3.5099206
Botswana,1983,3.2922459
Botswana,1984,3.2058039
Botswana,1985,3.3577461
Botswana,1986,3.2302594
Botswana,1987,3.339259
Botswana,1988,3.5857098
Botswana,1989,3.806274
Botswana,1990,2.0663965
Botswana,1991,1.4114017
Botswana,1992,6.165168
Botswana,1993,6.48564
Botswana,1994,4.0400558
Botswana,1995,3.8919108
Botswana,1996,2.7197485
Botswana,1997,1.6617955
Botswana,1998,3.324433
Botswana,1999,7.0526304
Botswana,2000,3.2000387
Botswana,2001,3.9268951
Botswana,2002,2.350018
Botswana,2003,2.930434
Botswana,2004,2.3498697
Botswana,2005,2.142838
Botswana,2006,2.2875173
Botswana,2007,5.043012
Botswana,2008,5.0474467
Botswana,2009,3.2953649
Botswana,2010,4.6229434
Botswana,2011,2.644652
Botswana,2012,3.5470235
Botswana,2013,6.3437667
Botswana,2014,3.6761732
Botswana,2015,2.371581
Botswana,2016,2.7194178
Botswana,2017,2.9020984
Botswana,2018,3.009114
Botswana,2019,2.5691888
Botswana,2020,2.0538318
Botswana,2021,2.3010294
Botswana,2022,2.563641
Botswana,2023,2.6133204
Brazil,1856,5.8973017
Brazil,1857,5.792758
Brazil,1858,5.3776503
Brazil,1859,3.9828894
Brazil,1860,4.2921658
Brazil,1861,5.156265
Brazil,1862,5.284984
Brazil,1863,4.868443
Brazil,1864,5.074519
Brazil,1865,3.8694909
Brazil,1866,5.716769
Brazil,1867,4.4534726
Brazil,1868,6.333018
Brazil,1869,5.6120553
Brazil,1870,3.8175604
Brazil,1871,5.6664314
Brazil,1872,6.5126557
Brazil,1873,5.949702
Brazil,1874,5.2409043
Brazil,1875,6.7899275
Brazil,1876,4.52805
Brazil,1877,5.6560793
Brazil,1878,5.844529
Brazil,1879,5.0275407
Brazil,1880,7.709776
Brazil,1881,8.74106
Brazil,1882,9.521225
Brazil,1883,10.022926
Brazil,1884,10.498444
Brazil,1885,9.687583
Brazil,1886,9.241723
Brazil,1887,10.15518
Brazil,1888,9.222294
Brazil,1889,9.990955
Brazil,1890,8.839104
Brazil,1891,10.830708
Brazil,1892,7.921224
Brazil,1893,10.473013
Brazil,1894,7.476699
Brazil,1895,8.397233
Brazil,1896,8.284671
Brazil,1897,8.294233
Brazil,1898,7.3367176
Brazil,1899,7.9739017
Brazil,1900,9.394136
Brazil,1901,10.696496
Brazil,1902,10.674068
Brazil,1903,9.829973
Brazil,1904,10.624721
Brazil,1905,10.763006
Brazil,1906,10.463643
Brazil,1907,9.4052305
Brazil,1908,10.271554
Brazil,1909,10.209142
Brazil,1910,12.120053
Brazil,1911,14.735794
Brazil,1912,14.29425
Brazil,1913,14.211216
Brazil,1914,14.200826
Brazil,1915,13.93782
Brazil,1916,14.646044
Brazil,1917,13.975968
Brazil,1918,13.733307
Brazil,1919,13.803215
Brazil,1920,15.039943
Brazil,1921,14.530276
Brazil,1922,15.595312
Brazil,1923,15.673148
Brazil,1924,15.113314
Brazil,1925,15.298392
Brazil,1926,14.844473
Brazil,1927,15.695664
Brazil,1928,14.773532
Brazil,1929,14.500193
Brazil,1930,9.753554
Brazil,1931,7.649534
Brazil,1932,7.521272
Brazil,1933,6.8446937
Brazil,1934,6.2724433
Brazil,1935,5.4431443
Brazil,1936,5.4329524
Brazil,1937,4.97883
Brazil,1938,4.977732
Brazil,1939,4.5926037
Brazil,1940,7.9003997
Brazil,1941,9.263559
Brazil,1942,9.764108
Brazil,1943,9.890981
Brazil,1944,10.042638
Brazil,1945,10.009669
Brazil,1946,10.050161
Brazil,1947,10.017155
Brazil,1948,9.843651
Brazil,1949,9.763444
Brazil,1950,13.110595
Brazil,1951,14.267485
Brazil,1952,14.7660885
Brazil,1953,14.913325
Brazil,1954,15.126729
Brazil,1955,15.081553
Brazil,1956,15.154667
Brazil,1957,15.026864
Brazil,1958,15.057667
Brazil,1959,15.096143
Brazil,1960,15.497189
Brazil,1961,15.684226
Brazil,1962,15.825411
Brazil,1963,15.656031
Brazil,1964,15.423089
Brazil,1965,15.074675
Brazil,1966,14.9888
Brazil,1967,14.43799
Brazil,1968,14.347155
Brazil,1969,13.9653425
Brazil,1970,14.05294
Brazil,1971,13.544132
Brazil,1972,13.602947
Brazil,1973,13.474201
Brazil,1974,13.378331
Brazil,1975,13.395446
Brazil,1976,13.378931
Brazil,1977,13.368742
Brazil,1978,13.514316
Brazil,1979,13.611106
Brazil,1980,13.808407
Brazil,1981,13.359439
Brazil,1982,13.5594425
Brazil,1983,13.0248575
Brazil,1984,15.934607
Brazil,1985,11.648394
Brazil,1986,12.7105
Brazil,1987,12.270611
Brazil,1988,11.714362
Brazil,1989,11.21858
Brazil,1990,11.291861
Brazil,1991,11.152525
Brazil,1992,11.525769
Brazil,1993,10.832064
Brazil,1994,13.172384
Brazil,1995,12.647331
Brazil,1996,12.052306
Brazil,1997,12.534054
Brazil,1998,13.820613
Brazil,1999,13.864607
Brazil,2000,12.606011
Brazil,2001,11.882529
Brazil,2002,12.561327
Brazil,2003,17.43902
Brazil,2004,14.01927
Brazil,2005,12.34275
Brazil,2006,11.205589
Brazil,2007,10.111304
Brazil,2008,9.24029
Brazil,2009,7.9133596
Brazil,2010,7.450927
Brazil,2011,7.4899225
Brazil,2012,8.370552
Brazil,2013,8.79181
Brazil,2014,8.942655
Brazil,2015,8.816381
Brazil,2016,8.08143
Brazil,2017,7.435833
Brazil,2018,7.460945
Brazil,2019,7.6802034
Brazil,2020,8.072655
Brazil,2021,9.446859
Brazil,2022,8.61387
Brazil,2023,8.472152
Brunei,1933,22.406979
Brunei,1934,18.864342
Brunei,1935,17.698431
Brunei,1936,8.55901
Brunei,1937,17.116291
Brunei,1938,20.437912
Brunei,1939,81.36876
Brunei,1940,97.6291
Brunei,1941,60.25764
Brunei,1942,52.657646
Brunei,1943,58.22853
Brunei,1944,71.70224
Brunei,1945,36.83057
Brunei,1946,28.740032
Brunei,1947,132.87321
Brunei,1948,21.39537
Brunei,1949,258.4829
Brunei,1950,22.488552
Brunei,1951,16.65435
Brunei,1952,20.569233
Brunei,1953,21.767616
Brunei,1954,23.359318
Brunei,1955,18.034428
Brunei,1956,17.84592
Brunei,1957,15.017237
Brunei,1958,17.218246
Brunei,1959,4.261136
Brunei,1960,3.6172032
Brunei,1961,5.867376
Brunei,1962,6.318992
Brunei,1963,18.294096
Brunei,1964,11.18928
Brunei,1965,6.910257
Brunei,1966,11.482357
Brunei,1967,11.031095
Brunei,1968,10.476244
Brunei,1969,10.888
Brunei,1970,63.80521
Brunei,1971,56.87393
Brunei,1972,72.33635
Brunei,1973,68.90926
Brunei,1974,58.16827
Brunei,1975,48.456806
Brunei,1976,41.202892
Brunei,1977,42.486534
Brunei,1978,60.392204
Brunei,1979,45.335915
Brunei,1980,42.393345
Brunei,1981,14.550322
Brunei,1982,17.742165
Brunei,1983,18.473032
Brunei,1984,13.852235
Brunei,1985,20.28551
Brunei,1986,18.846899
Brunei,1987,22.407139
Brunei,1988,33.091553
Brunei,1989,31.266811
Brunei,1990,26.091948
Brunei,1991,31.53526
Brunei,1992,30.197668
Brunei,1993,28.743265
Brunei,1994,23.092403
Brunei,1995,22.659393
Brunei,1996,23.935175
Brunei,1997,24.575674
Brunei,1998,25.090662
Brunei,1999,21.811743
Brunei,2000,19.503765
Brunei,2001,18.616417
Brunei,2002,16.630909
Brunei,2003,19.123907
Brunei,2004,18.015339
Brunei,2005,17.171959
Brunei,2006,21.549665
Brunei,2007,24.569855
Brunei,2008,27.510508
Brunei,2009,24.428534
Brunei,2010,24.150137
Brunei,2011,28.078756
Brunei,2012,26.884169
Brunei,2013,21.05238
Brunei,2014,26.519793
Brunei,2015,19.675838
Brunei,2016,20.859547
Brunei,2017,24.2717
Brunei,2018,23.364014
Brunei,2019,25.243004
Brunei,2020,26.563316
Brunei,2021,27.591389
Brunei,2022,26.552017
Brunei,2023,27.255423
Bulgaria,1881,3.7659895
Bulgaria,1882,3.7855299
Bulgaria,1883,3.8000975
Bulgaria,1884,3.8092515
Bulgaria,1885,3.8146274
Bulgaria,1886,3.8076026
Bulgaria,1887,3.801709
Bulgaria,1888,3.7882867
Bulgaria,1889,3.766128
Bulgaria,1890,2.6361933
Bulgaria,1891,2.1398497
Bulgaria,1892,1.7831247
Bulgaria,1893,1.4896339
Bulgaria,1894,1.226727
Bulgaria,1895,0.98944145
Bulgaria,1896,0.78677154
Bulgaria,1897,0.6076431
Bulgaria,1898,0.44928315
Bulgaria,1899,0.29664555
Bulgaria,1900,1.2628456
Bulgaria,1901,1.6149186
Bulgaria,1902,1.8211256
Bulgaria,1903,1.9919587
Bulgaria,1904,2.1560838
Bulgaria,1905,2.2887387
Bulgaria,1906,2.3783321
Bulgaria,1907,2.4990125
Bulgaria,1908,2.6120753
Bulgaria,1909,2.6760838
Bulgaria,1910,2.5164852
Bulgaria,1911,2.539394
Bulgaria,1912,2.5245724
Bulgaria,1913,2.4856858
Bulgaria,1914,2.557669
Bulgaria,1915,2.4571245
Bulgaria,1916,2.484524
Bulgaria,1917,2.5150769
Bulgaria,1918,2.5619917
Bulgaria,1919,2.4251697
Bulgaria,1920,3.0020816
Bulgaria,1921,3.2465825
Bulgaria,1922,3.3906393
Bulgaria,1923,3.489218
Bulgaria,1924,3.5984182
Bulgaria,1925,3.639918
Bulgaria,1926,3.6704578
Bulgaria,1927,3.706467
Bulgaria,1928,3.775947
Bulgaria,1929,3.8465953
Bulgaria,1930,3.5731504
Bulgaria,1931,3.4624999
Bulgaria,1932,3.4670842
Bulgaria,1933,3.3779695
Bulgaria,1934,3.3645093
Bulgaria,1935,3.3319728
Bulgaria,1936,3.3093116
Bulgaria,1937,3.322294
Bulgaria,1938,3.34999
Bulgaria,1939,3.369256
Bulgaria,1940,3.2467616
Bulgaria,1941,3.1970537
Bulgaria,1942,3.2613194
Bulgaria,1943,3.2679994
Bulgaria,1944,2.9947038
Bulgaria,1945,3.06001
Bulgaria,1946,2.978135
Bulgaria,1947,3.0611224
Bulgaria,1948,3.0483646
Bulgaria,1949,3.1863382
Bulgaria,1950,3.0949035
Bulgaria,1951,3.146306
Bulgaria,1952,3.2965264
Bulgaria,1953,3.374725
Bulgaria,1954,3.4198153
Bulgaria,1955,3.4500496
Bulgaria,1956,3.5074902
Bulgaria,1957,3.6401737
Bulgaria,1958,3.7384322
Bulgaria,1959,4.2938085
Bulgaria,1960,4.501626
Bulgaria,1961,4.4839315
Bulgaria,1962,5.021335
Bulgaria,1963,6.2049394
Bulgaria,1964,6.696245
Bulgaria,1965,6.86813
Bulgaria,1966,7.485964
Bulgaria,1967,7.927825
Bulgaria,1968,9.473016
Bulgaria,1969,9.123497
Bulgaria,1970,8.189454
Bulgaria,1971,8.494785
Bulgaria,1972,8.446899
Bulgaria,1973,9.095002
Bulgaria,1974,8.566971
Bulgaria,1975,10.707717
Bulgaria,1976,9.335372
Bulgaria,1977,9.288583
Bulgaria,1978,9.691457
Bulgaria,1979,9.183098
Bulgaria,1980,8.946324
Bulgaria,1981,9.239368
Bulgaria,1982,10.262102
Bulgaria,1983,10.252128
Bulgaria,1984,9.880571
Bulgaria,1985,10.109445
Bulgaria,1986,10.318206
Bulgaria,1987,10.292254
Bulgaria,1988,10.103487
Bulgaria,1989,9.980695
Bulgaria,1990,8.824996
Bulgaria,1991,7.9194593
Bulgaria,1992,7.0788646
Bulgaria,1993,7.2339406
Bulgaria,1994,7.200351
Bulgaria,1995,7.8647
Bulgaria,1996,8.890437
Bulgaria,1997,5.8901544
Bulgaria,1998,5.9572845
Bulgaria,1999,4.791271
Bulgaria,2000,4.5258036
Bulgaria,2001,4.6546717
Bulgaria,2002,4.5190153
Bulgaria,2003,5.204484
Bulgaria,2004,4.5687203
Bulgaria,2005,4.7271423
Bulgaria,2006,4.873456
Bulgaria,2007,5.5158477
Bulgaria,2008,5.477002
Bulgaria,2009,4.7699385
Bulgaria,2010,5.3801327
Bulgaria,2011,6.8228807
Bulgaria,2012,6.0457406
Bulgaria,2013,4.94649
Bulgaria,2014,5.590042
Bulgaria,2015,5.8883166
Bulgaria,2016,5.5370684
Bulgaria,2017,5.850589
Bulgaria,2018,5.3515573
Bulgaria,2019,5.26925
Bulgaria,2020,4.4000974
Bulgaria,2021,5.310988
Bulgaria,2022,6.0535107
Bulgaria,2023,4.5245185
Burkina Faso,1950,2.4328024
Burkina Faso,1951,2.195471
Burkina Faso,1952,2.0866878
Burkina Faso,1953,2.028379
Burkina Faso,1954,2.0001955
Burkina Faso,1955,2.007837
Burkina Faso,1956,1.9947714
Burkina Faso,1957,1.9717629
Burkina Faso,1958,2.0382116
Burkina Faso,1959,1.9780965
Burkina Faso,1960,1.6222414
Burkina Faso,1961,1.590358
Burkina Faso,1962,1.4166443
Burkina Faso,1963,1.3485004
Burkina Faso,1964,1.2462089
Burkina Faso,1965,1.1520854
Burkina Faso,1966,1.0668759
Burkina Faso,1967,1.0750532
Burkina Faso,1968,1.0500822
Burkina Faso,1969,0.9725825
Burkina Faso,1970,0.719182
Burkina Faso,1971,1.4738233
Burkina Faso,1972,1.8048604
Burkina Faso,1973,2.0165114
Burkina Faso,1974,2.1902316
Burkina Faso,1975,1.9490232
Burkina Faso,1976,1.7995478
Burkina Faso,1977,1.7203197
Burkina Faso,1978,1.7103047
Burkina Faso,1979,1.627346
Burkina Faso,1980,1.5999539
Burkina Faso,1981,1.5935444
Burkina Faso,1982,1.5385584
Burkina Faso,1983,1.5185013
Burkina Faso,1984,1.4558619
Burkina Faso,1985,1.4110448
Burkina Faso,1986,1.3877364
Burkina Faso,1987,4.0101075
Burkina Faso,1988,2.626024
Burkina Faso,1989,1.7545675
Burkina Faso,1990,1.2217036
Burkina Faso,1991,0.9012746
Burkina Faso,1992,0.6890658
Burkina Faso,1993,0.47005236
Burkina Faso,1994,0.55656224
Burkina Faso,1995,1.1334848
Burkina Faso,1996,2.4045727
Burkina Faso,1997,2.0584712
Burkina Faso,1998,1.7793624
Burkina Faso,1999,1.4841841
Burkina Faso,2000,1.3606577
Burkina Faso,2001,1.3405278
Burkina Faso,2002,1.257249
Burkina Faso,2003,1.277589
Burkina Faso,2004,1.3205472
Burkina Faso,2005,1.5126338
Burkina Faso,2006,2.1784604
Burkina Faso,2007,1.725983
Burkina Faso,2008,1.6807592
Burkina Faso,2009,1.6337881
Burkina Faso,2010,1.7963259
Burkina Faso,2011,1.6585593
Burkina Faso,2012,1.7579316
Burkina Faso,2013,1.6119057
Burkina Faso,2014,1.5739098
Burkina Faso,2015,1.4718463
Burkina Faso,2016,1.378786
Burkina Faso,2017,1.5861847
Burkina Faso,2018,1.4308767
Burkina Faso,2019,1.3154283
Burkina Faso,2020,1.2971019
Burkina Faso,2021,1.3172271
Burkina Faso,2022,1.296814
Burkina Faso,2023,1.2566596
Burundi,1950,2.2052672
Burundi,1951,2.0179899
Burundi,1952,1.9733003
Burundi,1953,1.9160985
Burundi,1954,1.8499423
Burundi,1955,1.8088174
Burundi,1956,1.7843344
Burundi,1957,1.689396
Burundi,1958,2.0280213
Burundi,1959,2.7241724
Burundi,1960,3.7589476
Burundi,1961,3.254215
Burundi,1962,3.045625
Burundi,1963,2.813162
Burundi,1964,2.5110748
Burundi,1965,1.9959393
Burundi,1966,2.2198415
Burundi,1967,1.9532391
Burundi,1968,3.7323942
Burundi,1969,2.2566261
Burundi,1970,1.6309371
Burundi,1971,1.1288419
Burundi,1972,1.5838892
Burundi,1973,1.2895929
Burundi,1974,1.0576415
Burundi,1975,0.8874985
Burundi,1976,0.99157786
Burundi,1977,1.0124087
Burundi,1978,0.8984643
Burundi,1979,0.83702713
Burundi,1980,0.7692401
Burundi,1981,0.6962136
Burundi,1982,0.63967705
Burundi,1983,0.5781189
Burundi,1984,0.55847573
Burundi,1985,0.59701204
Burundi,1986,0.62722015
Burundi,1987,0.60928714
Burundi,1988,0.51028925
Burundi,1989,0.47530586
Burundi,1990,0.42500225
Burundi,1991,0.47260973
Burundi,1992,0.40185213
Burundi,1993,0.37891477
Burundi,1994,0.4708915
Burundi,1995,0.5454743
Burundi,1996,0.5780531
Burundi,1997,0.575116
Burundi,1998,0.6498237
Burundi,1999,0.58256507
Burundi,2000,0.73030823
Burundi,2001,0.7055813
Burundi,2002,0.52225304
Burundi,2003,0.5027664
Burundi,2004,0.27339903
Burundi,2005,0.24676439
Burundi,2006,0.28517753
Burundi,2007,0.2959991
Burundi,2008,0.31189007
Burundi,2009,0.2853893
Burundi,2010,0.32995325
Burundi,2011,0.41626582
Burundi,2012,0.43989876
Burundi,2013,0.4554795
Burundi,2014,0.45517787
Burundi,2015,0.4503846
Burundi,2016,0.45993084
Burundi,2017,0.4624165
Burundi,2018,0.45869052
Burundi,2019,0.44782558
Burundi,2020,0.43932196
Burundi,2021,0.42946923
Burundi,2022,0.41105232
Burundi,2023,0.3969752
Cambodia,1955,18.66543
Cambodia,1956,18.847664
Cambodia,1957,18.972303
Cambodia,1958,18.921022
Cambodia,1959,21.616343
Cambodia,1960,13.788118
Cambodia,1961,10.612092
Cambodia,1962,8.82676
Cambodia,1963,9.798812
Cambodia,1964,8.951623
Cambodia,1965,7.2186465
Cambodia,1966,6.1975384
Cambodia,1967,5.1265607
Cambodia,1968,4.133838
Cambodia,1969,3.6578379
Cambodia,1970,-0.8047441
Cambodia,1971,-0.75617236
Cambodia,1972,-0.4969468
Cambodia,1973,1.2507099
Cambodia,1974,0.5424265
Cambodia,1975,1.900462
Cambodia,1976,1.0765746
Cambodia,1977,2.5899622
Cambodia,1978,1.5175874
Cambodia,1979,3.0550773
Cambodia,1980,1.582075
Cambodia,1981,1.96678
Cambodia,1982,1.4496222
Cambodia,1983,1.052213
Cambodia,1984,11.181283
Cambodia,1985,15.120865
Cambodia,1986,20.678732
Cambodia,1987,24.097164
Cambodia,1988,20.552204
Cambodia,1989,12.423721
Cambodia,1990,9.400651
Cambodia,1991,6.775716
Cambodia,1992,5.5364313
Cambodia,1993,4.852247
Cambodia,1994,4.508007
Cambodia,1995,3.6912007
Cambodia,1996,3.0458798
Cambodia,1997,3.2069523
Cambodia,1998,2.9931774
Cambodia,1999,4.012366
Cambodia,2000,4.5012975
Cambodia,2001,4.3238816
Cambodia,2002,4.076091
Cambodia,2003,4.305684
Cambodia,2004,4.3624287
Cambodia,2005,2.8949742
Cambodia,2006,2.2705348
Cambodia,2007,2.149343
Cambodia,2008,2.1525352
Cambodia,2009,2.568541
Cambodia,2010,2.587355
Cambodia,2011,3.0007594
Cambodia,2012,2.6886563
Cambodia,2013,2.4271805
Cambodia,2014,2.8739388
Cambodia,2015,2.8807528
Cambodia,2016,3.4111807
Cambodia,2017,3.4124787
Cambodia,2018,3.7527385
Cambodia,2019,4.0853643
Cambodia,2020,3.6226969
Cambodia,2021,3.714295
Cambodia,2022,3.684311
Cambodia,2023,3.6899772
Cameroon,1950,11.445047
Cameroon,1951,13.114871
Cameroon,1952,10.192603
Cameroon,1953,9.837073
Cameroon,1954,10.622013
Cameroon,1955,11.406865
Cameroon,1956,10.319807
Cameroon,1957,10.708124
Cameroon,1958,11.395838
Cameroon,1959,13.144373
Cameroon,1960,9.073628
Cameroon,1961,8.123141
Cameroon,1962,7.734635
Cameroon,1963,6.7011623
Cameroon,1964,9.156805
Cameroon,1965,7.035232
Cameroon,1966,5.669556
Cameroon,1967,7.863752
Cameroon,1968,5.7806177
Cameroon,1969,5.5599403
Cameroon,1970,4.640652
Cameroon,1971,5.4808936
Cameroon,1972,5.1587515
Cameroon,1973,6.3239565
Cameroon,1974,6.6418343
Cameroon,1975,7.4337015
Cameroon,1976,6.9355597
Cameroon,1977,6.061146
Cameroon,1978,7.7505546
Cameroon,1979,6.242041
Cameroon,1980,4.217867
Cameroon,1981,4.7609253
Cameroon,1982,4.194043
Cameroon,1983,3.7689955
Cameroon,1984,3.1588316
Cameroon,1985,4.3134284
Cameroon,1986,2.2636793
Cameroon,1987,2.2513533
Cameroon,1988,2.1608164
Cameroon,1989,2.4388752
Cameroon,1990,2.2086992
Cameroon,1991,1.5785877
Cameroon,1992,1.203966
Cameroon,1993,0.9999639
Cameroon,1994,2.35276
Cameroon,1995,1.6197159
Cameroon,1996,1.7395307
Cameroon,1997,2.4582405
Cameroon,1998,3.132447
Cameroon,1999,3.0694978
Cameroon,2000,2.5326705
Cameroon,2001,2.1919994
Cameroon,2002,1.5746574
Cameroon,2003,1.713815
Cameroon,2004,1.8453413
Cameroon,2005,1.5144082
Cameroon,2006,1.7607397
Cameroon,2007,1.9545251
Cameroon,2008,3.189392
Cameroon,2009,4.2050195
Cameroon,2010,2.6828763
Cameroon,2011,2.314866
Cameroon,2012,2.0166373
Cameroon,2013,2.308347
Cameroon,2014,1.3010231
Cameroon,2015,1.9783953
Cameroon,2016,1.6683981
Cameroon,2017,1.8505625
Cameroon,2018,1.5056112
Cameroon,2019,1.2448968
Cameroon,2020,1.2355415
Cameroon,2021,1.307422
Cameroon,2022,1.1590142
Cameroon,2023,1.0868652
Canada,1850,28.631983
Canada,1851,38.327427
Canada,1852,42.409294
Canada,1853,31.970093
Canada,1854,26.523088
Canada,1855,24.755316
Canada,1856,25.69193
Canada,1857,31.18484
Canada,1858,34.851833
Canada,1859,37.951015
Canada,1860,37.538517
Canada,1861,34.830215
Canada,1862,29.325207
Canada,1863,34.28234
Canada,1864,37.586166
Canada,1865,32.25505
Canada,1866,39.48343
Canada,1867,41.77936
Canada,1868,39.280025
Canada,1869,49.323566
Canada,1870,41.86075
Canada,1871,20.761366
Canada,1872,35.050613
Canada,1873,25.031116
Canada,1874,33.146503
Canada,1875,33.601852
Canada,1876,31.850992
Canada,1877,25.43212
Canada,1878,25.060575
Canada,1879,20.304802
Canada,1880,31.763515
Canada,1881,27.444372
Canada,1882,36.578987
Canada,1883,35.684486
Canada,1884,33.144337
Canada,1885,41.58577
Canada,1886,36.912468
Canada,1887,31.798649
Canada,1888,33.063454
Canada,1889,37.98716
Canada,1890,31.446022
Canada,1891,25.854485
Canada,1892,23.999376
Canada,1893,32.78893
Canada,1894,32.96313
Canada,1895,37.78246
Canada,1896,26.522635
Canada,1897,31.064468
Canada,1898,24.1483
Canada,1899,24.629936
Canada,1900,44.59445
Canada,1901,45.08105
Canada,1902,43.478394
Canada,1903,44.664856
Canada,1904,44.952816
Canada,1905,50.048256
Canada,1906,50.638447
Canada,1907,51.032593
Canada,1908,49.13852
Canada,1909,54.493214
Canada,1910,53.255024
Canada,1911,53.760036
Canada,1912,57.677197
Canada,1913,54.365177
Canada,1914,53.256824
Canada,1915,56.543186
Canada,1916,55.873077
Canada,1917,61.902275
Canada,1918,61.770897
Canada,1919,58.41352
Canada,1920,52.45985
Canada,1921,50.322823
Canada,1922,48.27402
Canada,1923,47.86857
Canada,1924,46.376637
Canada,1925,44.6876
Canada,1926,46.876713
Canada,1927,44.5354
Canada,1928,40.043137
Canada,1929,40.53555
Canada,1930,42.947052
Canada,1931,41.310513
Canada,1932,38.176514
Canada,1933,39.348946
Canada,1934,41.01283
Canada,1935,40.728832
Canada,1936,39.176865
Canada,1937,38.94342
Canada,1938,38.48183
Canada,1939,39.236362
Canada,1940,36.20569
Canada,1941,39.058697
Canada,1942,38.96571
Canada,1943,37.21274
Canada,1944,37.141544
Canada,1945,36.889523
Canada,1946,34.34126
Canada,1947,36.559425
Canada,1948,36.339718
Canada,1949,32.770184
Canada,1950,37.467342
Canada,1951,38.7374
Canada,1952,35.297726
Canada,1953,37.41684
Canada,1954,36.64711
Canada,1955,35.962845
Canada,1956,37.63003
Canada,1957,34.48804
Canada,1958,35.47255
Canada,1959,34.72384
Canada,1960,30.88942
Canada,1961,30.288588
Canada,1962,30.074076
Canada,1963,28.774797
Canada,1964,29.891916
Canada,1965,31.418798
Canada,1966,27.372618
Canada,1967,27.410322
Canada,1968,27.410217
Canada,1969,26.878328
Canada,1970,27.987923
Canada,1971,27.62428
Canada,1972,28.426392
Canada,1973,28.09599
Canada,1974,27.371122
Canada,1975,27.121027
Canada,1976,27.77275
Canada,1977,27.757576
Canada,1978,28.048727
Canada,1979,27.58314
Canada,1980,29.296297
Canada,1981,28.214952
Canada,1982,25.415195
Canada,1983,25.094986
Canada,1984,26.380455
Canada,1985,26.377186
Canada,1986,25.161173
Canada,1987,25.401962
Canada,1988,26.768719
Canada,1989,25.676764
Canada,1990,25.854872
Canada,1991,24.163527
Canada,1992,24.249992
Canada,1993,23.442457
Canada,1994,24.576086
Canada,1995,23.62592
Canada,1996,24.941473
Canada,1997,24.12687
Canada,1998,24.894226
Canada,1999,25.663124
Canada,2000,25.490498
Canada,2001,26.310452
Canada,2002,24.677834
Canada,2003,24.9652
Canada,2004,25.260735
Canada,2005,24.76682
Canada,2006,23.371033
Canada,2007,23.253502
Canada,2008,21.321562
Canada,2009,19.325941
Canada,2010,18.7256
Canada,2011,20.279469
Canada,2012,19.27893
Canada,2013,19.54023
Canada,2014,20.504374
Canada,2015,19.701345
Canada,2016,19.034567
Canada,2017,19.379923
Canada,2018,18.250938
Canada,2019,18.0319
Canada,2020,16.131973
Canada,2021,16.280172
Canada,2022,16.943178
Canada,2023,16.64222
Cape Verde,1950,1.3743541
Cape Verde,1951,1.31987
Cape Verde,1952,0.9326468
Cape Verde,1953,0.64530754
Cape Verde,1954,0.49378166
Cape Verde,1955,0.37057224
Cape Verde,1956,0.336383
Cape Verde,1957,0.2643909
Cape Verde,1958,0.28365332
Cape Verde,1959,0.3882513
Cape Verde,1960,0.2863675
Cape Verde,1961,0.22732066
Cape Verde,1962,0.17490321
Cape Verde,1963,0.13535395
Cape Verde,1964,0.18111725
Cape Verde,1965,0.15211388
Cape Verde,1966,0.12703814
Cape Verde,1967,0.104302794
Cape Verde,1968,0.13770264
Cape Verde,1969,0.1558203
Cape Verde,1970,0.14795938
Cape Verde,1971,0.14259116
Cape Verde,1972,0.1911464
Cape Verde,1973,0.23931709
Cape Verde,1974,0.24647179
Cape Verde,1975,0.26514608
Cape Verde,1976,0.24417588
Cape Verde,1977,0.2619176
Cape Verde,1978,0.6622508
Cape Verde,1979,0.7815732
Cape Verde,1980,0.37414935
Cape Verde,1981,0.101039164
Cape Verde,1982,0.11156495
Cape Verde,1983,0.11091256
Cape Verde,1984,0.24939437
Cape Verde,1985,0.24558532
Cape Verde,1986,0.17089368
Cape Verde,1987,0.6613989
Cape Verde,1988,0.41627052
Cape Verde,1989,0.54846126
Cape Verde,1990,0.6572714
Cape Verde,1991,0.7345074
Cape Verde,1992,0.62144005
Cape Verde,1993,0.5564388
Cape Verde,1994,0.6978129
Cape Verde,1995,0.67422575
Cape Verde,1996,0.9863817
Cape Verde,1997,0.79917395
Cape Verde,1998,0.70806843
Cape Verde,1999,0.79815406
Cape Verde,2000,1.0853308
Cape Verde,2001,1.1398205
Cape Verde,2002,1.0397042
Cape Verde,2003,1.1642915
Cape Verde,2004,1.0620533
Cape Verde,2005,1.0271125
Cape Verde,2006,1.1179851
Cape Verde,2007,1.3904986
Cape Verde,2008,1.1328628
Cape Verde,2009,1.1470679
Cape Verde,2010,1.39185
Cape Verde,2011,1.3532478
Cape Verde,2012,1.1745981
Cape Verde,2013,1.0570297
Cape Verde,2014,1.0129123
Cape Verde,2015,0.98709273
Cape Verde,2016,1.1204852
Cape Verde,2017,1.179186
Cape Verde,2018,1.1323247
Cape Verde,2019,1.2289882
Cape Verde,2020,1.0012364
Cape Verde,2021,1.0671211
Cape Verde,2022,1.0837512
Cape Verde,2023,1.0425154
Central African Republic,1950,12.7161665
Central African Republic,1951,9.541151
Central African Republic,1952,8.329925
Central African Republic,1953,7.4279923
Central African Republic,1954,6.914772
Central African Republic,1955,6.7591596
Central African Republic,1956,6.8378634
Central African Republic,1957,6.9799843
Central African Republic,1958,7.2035985
Central African Republic,1959,7.1784444
Central African Republic,1960,5.3923836
Central African Republic,1961,4.62257
Central African Republic,1962,4.1112194
Central African Republic,1963,4.036691
Central African Republic,1964,3.6804702
Central African Republic,1965,3.504049
Central African Republic,1966,3.3269634
Central African Republic,1967,3.2610033
Central African Republic,1968,3.1362019
Central African Republic,1969,3.1225064
Central African Republic,1970,3.068987
Central African Republic,1971,3.034562
Central African Republic,1972,2.993171
Central African Republic,1973,3.0023541
Central African Republic,1974,3.323385
Central African Republic,1975,3.0672088
Central African Republic,1976,2.956851
Central African Republic,1977,2.8383496
Central African Republic,1978,2.7990007
Central African Republic,1979,2.9363167
Central African Republic,1980,2.395094
Central African Republic,1981,2.3167875
Central African Republic,1982,2.0713637
Central African Republic,1983,2.0082386
Central African Republic,1984,2.0186677
Central African Republic,1985,1.9893329
Central African Republic,1986,1.9610618
Central African Republic,1987,1.9332415
Central African Republic,1988,1.8155478
Central African Republic,1989,1.7459582
Central African Republic,1990,1.7056471
Central African Republic,1991,1.6250378
Central African Republic,1992,1.6726173
Central African Republic,1993,1.622152
Central African Republic,1994,1.6722116
Central African Republic,1995,1.5660613
Central African Republic,1996,1.4733607
Central African Republic,1997,1.6730748
Central African Republic,1998,2.1956258
Central African Republic,1999,2.0383468
Central African Republic,2000,2.2014222
Central African Republic,2001,1.9618549
Central African Republic,2002,1.5598845
Central African Republic,2003,1.5103792
Central African Republic,2004,1.3583709
Central African Republic,2005,1.2127923
Central African Republic,2006,1.0607998
Central African Republic,2007,1.0826901
Central African Republic,2008,2.7210555
Central African Republic,2009,1.4083437
Central African Republic,2010,1.0711092
Central African Republic,2011,1.0947167
Central African Republic,2012,0.97653586
Central African Republic,2013,1.2896731
Central African Republic,2014,0.82165956
Central African Republic,2015,0.7776805
Central African Republic,2016,0.8742093
Central African Republic,2017,1.2997648
Central African Republic,2018,0.8069477
Central African Republic,2019,0.6837518
Central African Republic,2020,0.6296305
Central African Republic,2021,0.77442145
Central African Republic,2022,0.86261815
Central African Republic,2023,0.8470967
Chad,1950,4.358343
Chad,1951,4.175396
Chad,1952,4.271607
Chad,1953,4.084425
Chad,1954,4.2255907
Chad,1955,4.186289
Chad,1956,4.2224107
Chad,1957,4.1577415
Chad,1958,4.1909328
Chad,1959,4.1645365
Chad,1960,4.1129904
Chad,1961,3.1886652
Chad,1962,2.5414057
Chad,1963,1.9614359
Chad,1964,1.6412687
Chad,1965,1.5213302
Chad,1966,1.2054543
Chad,1967,1.1220789
Chad,1968,0.99451315
Chad,1969,0.92252576
Chad,1970,0.85620236
Chad,1971,0.62298805
Chad,1972,0.78397775
Chad,1973,0.9202044
Chad,1974,2.0472243
Chad,1975,2.8231874
Chad,1976,1.899732
Chad,1977,1.99249
Chad,1978,1.4863482
Chad,1979,1.1383966
Chad,1980,0.9719376
Chad,1981,0.8212743
Chad,1982,0.7479276
Chad,1983,0.59765923
Chad,1984,0.58362067
Chad,1985,1.1162337
Chad,1986,0.82231927
Chad,1987,0.93750113
Chad,1988,0.82894653
Chad,1989,1.1822113
Chad,1990,1.3859377
Chad,1991,1.0558332
Chad,1992,1.119644
Chad,1993,1.0080131
Chad,1994,0.98263854
Chad,1995,0.7472923
Chad,1996,2.2553415
Chad,1997,1.4643012
Chad,1998,0.8849047
Chad,1999,0.89474887
Chad,2000,1.2562983
Chad,2001,0.9276705
Chad,2002,1.4631456
Chad,2003,2.0019653
Chad,2004,1.6653234
Chad,2005,1.08141
Chad,2006,0.76780325
Chad,2007,0.5660368
Chad,2008,1.0591139
Chad,2009,1.8083762
Chad,2010,1.5673835
Chad,2011,2.5957804
Chad,2012,3.1549103
Chad,2013,2.7999344
Chad,2014,1.7989789
Chad,2015,1.7273879
Chad,2016,1.174139
Chad,2017,0.91954243
Chad,2018,0.7112229
Chad,2019,0.6081855
Chad,2020,0.56337553
Chad,2021,0.5319701
Chad,2022,0.4971793
Chad,2023,0.44810677
Chile,1850,7.3136406
Chile,1851,6.753879
Chile,1852,6.883125
Chile,1853,6.8762145
Chile,1854,7.727303
Chile,1855,5.9420695
Chile,1856,6.803217
Chile,1857,6.9992027
Chile,1858,8.548476
Chile,1859,7.788564
Chile,1860,7.376155
Chile,1861,7.368576
Chile,1862,7.348607
Chile,1863,7.5692
Chile,1864,7.127999
Chile,1865,7.1055274
Chile,1866,7.924911
Chile,1867,8.052916
Chile,1868,7.4400477
Chile,1869,6.888649
Chile,1870,7.8980803
Chile,1871,7.772644
Chile,1872,7.9441824
Chile,1873,8.107273
Chile,1874,8.207775
Chile,1875,7.699649
Chile,1876,6.470666
Chile,1877,7.1414666
Chile,1878,7.8729773
Chile,1879,7.988132
Chile,1880,8.385087
Chile,1881,8.395958
Chile,1882,8.6802435
Chile,1883,8.855212
Chile,1884,8.20153
Chile,1885,8.434025
Chile,1886,8.081861
Chile,1887,8.597152
Chile,1888,8.216401
Chile,1889,7.709224
Chile,1890,8.097014
Chile,1891,8.352748
Chile,1892,8.414197
Chile,1893,8.880063
Chile,1894,9.422099
Chile,1895,7.9628334
Chile,1896,8.322419
Chile,1897,8.729614
Chile,1898,8.655864
Chile,1899,8.742876
Chile,1900,8.879425
Chile,1901,9.2888565
Chile,1902,8.976278
Chile,1903,9.086129
Chile,1904,9.377092
Chile,1905,9.803368
Chile,1906,9.769506
Chile,1907,10.293481
Chile,1908,10.237363
Chile,1909,11.104667
Chile,1910,11.122096
Chile,1911,11.770022
Chile,1912,11.412802
Chile,1913,10.01273
Chile,1914,8.997577
Chile,1915,8.78025
Chile,1916,11.285362
Chile,1917,11.034056
Chile,1918,10.497039
Chile,1919,10.049541
Chile,1920,10.04896
Chile,1921,9.163601
Chile,1922,9.336187
Chile,1923,9.401717
Chile,1924,9.642356
Chile,1925,10.244791
Chile,1926,10.1812
Chile,1927,9.7304535
Chile,1928,9.171106
Chile,1929,9.6314
Chile,1930,9.935614
Chile,1931,8.822907
Chile,1932,9.282609
Chile,1933,9.177349
Chile,1934,9.06545
Chile,1935,9.462453
Chile,1936,9.085498
Chile,1937,9.640218
Chile,1938,8.715227
Chile,1939,8.67715
Chile,1940,8.504088
Chile,1941,8.401598
Chile,1942,8.262579
Chile,1943,8.292779
Chile,1944,7.7168665
Chile,1945,7.4192038
Chile,1946,7.1911077
Chile,1947,6.4236956
Chile,1948,6.787435
Chile,1949,6.574832
Chile,1950,6.5785685
Chile,1951,6.1460576
Chile,1952,6.3615255
Chile,1953,6.528594
Chile,1954,6.8405037
Chile,1955,7.140605
Chile,1956,7.2658587
Chile,1957,7.185896
Chile,1958,6.760022
Chile,1959,7.2425947
Chile,1960,7.401633
Chile,1961,6.1729226
Chile,1962,6.2729254
Chile,1963,5.874255
Chile,1964,5.6315565
Chile,1965,5.3782206
Chile,1966,5.298057
Chile,1967,5.3948793
Chile,1968,5.270893
Chile,1969,6.6542754
Chile,1970,6.5501976
Chile,1971,6.7346025
Chile,1972,7.338451
Chile,1973,7.2042294
Chile,1974,6.383731
Chile,1975,7.1807504
Chile,1976,5.209795
Chile,1977,4.579447
Chile,1978,3.9517772
Chile,1979,3.8128085
Chile,1980,3.676466
Chile,1981,3.3629587
Chile,1982,2.7829096
Chile,1983,2.687289
Chile,1984,2.632089
Chile,1985,2.4229515
Chile,1986,1.9940283
Chile,1987,2.0325456
Chile,1988,2.5677323
Chile,1989,2.5727925
Chile,1990,2.4679713
Chile,1991,2.1841543
Chile,1992,2.2406845
Chile,1993,2.9099147
Chile,1994,2.9362833
Chile,1995,3.4055502
Chile,1996,3.6967065
Chile,1997,4.7274876
Chile,1998,4.493696
Chile,1999,4.8170266
Chile,2000,5.137856
Chile,2001,4.85866
Chile,2002,4.589748
Chile,2003,5.2538953
Chile,2004,5.119898
Chile,2005,5.3567495
Chile,2006,5.2059784
Chile,2007,5.8247814
Chile,2008,5.905229
Chile,2009,5.529371
Chile,2010,5.716305
Chile,2011,6.159121
Chile,2012,6.19458
Chile,2013,6.282107
Chile,2014,5.9241757
Chile,2015,6.1258554
Chile,2016,6.136344
Chile,2017,5.9971356
Chile,2018,5.8290987
Chile,2019,6.052457
Chile,2020,5.3045588
Chile,2021,5.3215423
Chile,2022,5.0579076
Chile,2023,4.5907593
China,1907,0.52033496
China,1908,0.5351418
China,1909,0.5350191
China,1910,0.605813
China,1911,0.6437438
China,1912,0.6357675
China,1913,0.6863697
China,1914,0.7213653
China,1915,0.71257496
China,1916,0.7210983
China,1917,0.7444556
China,1918,0.7631915
China,1919,0.74344033
China,1920,0.68190324
China,1921,0.6764511
China,1922,0.6616861
China,1923,0.688838
China,1924,0.666743
China,1925,0.6743623
China,1926,0.6817172
China,1927,0.67883956
China,1928,0.69481367
China,1929,0.6973634
China,1930,0.82997227
China,1931,0.88217604
China,1932,0.92386794
China,1933,0.96537423
China,1934,1.0145437
China,1935,1.0453823
China,1936,1.0629778
China,1937,1.0882757
China,1938,1.0636295
China,1939,1.1142985
China,1940,1.2675872
China,1941,1.3561612
China,1942,1.4246202
China,1943,1.4262688
China,1944,1.4382769
China,1945,1.3691303
China,1946,1.3682199
China,1947,1.3767619
China,1948,1.3721617
China,1949,1.4446684
China,1950,2.0194397
China,1951,2.5366595
China,1952,1.9098177
China,1953,1.7412691
China,1954,2.2160513
China,1955,2.1102033
China,1956,1.8218977
China,1957,1.7713614
China,1958,1.701231
China,1959,1.9658903
China,1960,1.8543125
China,1961,2.2820632
China,1962,2.2014797
China,1963,2.3202844
China,1964,2.0517156
China,1965,2.4835937
China,1966,2.1120722
China,1967,1.5582803
China,1968,1.6967553
China,1969,2.6587963
China,1970,2.5379148
China,1971,2.0609272
China,1972,2.852196
China,1973,2.6808705
China,1974,2.617528
China,1975,2.5549295
China,1976,2.3677871
China,1977,3.0623162
China,1978,3.4522538
China,1979,2.6957026
China,1980,2.5977519
China,1981,2.472253
China,1982,2.5173035
China,1983,2.5156667
China,1984,2.585715
China,1985,2.6141195
China,1986,2.6507208
China,1987,2.7134578
China,1988,2.8287957
China,1989,2.8356063
China,1990,2.8193896
China,1991,2.8444943
China,1992,2.979126
China,1993,3.092549
China,1994,3.3063164
China,1995,3.4097517
China,1996,3.5288832
China,1997,3.5324993
China,1998,3.370732
China,1999,3.443668
China,2000,3.3549604
China,2001,3.301083
China,2002,3.4880772
China,2003,4.01116
China,2004,4.285196
China,2005,4.7386518
China,2006,5.1773987
China,2007,5.5021005
China,2008,5.8589544
China,2009,6.1167946
China,2010,6.347722
China,2011,7.0202804
China,2012,7.1524563
China,2013,7.232443
China,2014,7.1036797
China,2015,7.0401325
China,2016,6.8508387
China,2017,6.9577255
China,2018,7.1575823
China,2019,7.367807
China,2020,7.470451
China,2021,7.830162
China,2022,7.763555
China,2023,8.158339
Colombia,1856,12.311702
Colombia,1857,12.281264
Colombia,1858,9.628156
Colombia,1859,10.513978
Colombia,1860,9.643424
Colombia,1861,10.063582
Colombia,1862,10.36901
Colombia,1863,9.382055
Colombia,1864,11.035493
Colombia,1865,11.569627
Colombia,1866,9.733727
Colombia,1867,10.700683
Colombia,1868,9.655356
Colombia,1869,8.668332
Colombia,1870,17.27153
Colombia,1871,21.895578
Colombia,1872,21.717825
Colombia,1873,24.080385
Colombia,1874,24.367523
Colombia,1875,23.675097
Colombia,1876,24.25294
Colombia,1877,22.959494
Colombia,1878,23.930393
Colombia,1879,21.539476
Colombia,1880,24.733116
Colombia,1881,22.970602
Colombia,1882,23.968918
Colombia,1883,24.136417
Colombia,1884,24.006512
Colombia,1885,22.577478
Colombia,1886,23.61478
Colombia,1887,23.751116
Colombia,1888,20.742193
Colombia,1889,21.538347
Colombia,1890,22.548292
Colombia,1891,23.582113
Colombia,1892,24.264538
Colombia,1893,22.873096
Colombia,1894,23.101187
Colombia,1895,23.881762
Colombia,1896,23.618673
Colombia,1897,22.609392
Colombia,1898,22.270208
Colombia,1899,22.204966
Colombia,1900,25.590975
Colombia,1901,26.522467
Colombia,1902,26.304758
Colombia,1903,27.914179
Colombia,1904,27.344072
Colombia,1905,26.536901
Colombia,1906,26.50753
Colombia,1907,26.372171
Colombia,1908,25.640467
Colombia,1909,25.712954
Colombia,1910,27.498894
Colombia,1911,29.769827
Colombia,1912,31.826635
Colombia,1913,29.890114
Colombia,1914,31.528593
Colombia,1915,30.04668
Colombia,1916,29.892189
Colombia,1917,29.070274
Colombia,1918,30.002277
Colombia,1919,28.088612
Colombia,1920,30.569511
Colombia,1921,31.580372
Colombia,1922,31.558638
Colombia,1923,30.888273
Colombia,1924,30.596117
Colombia,1925,30.79582
Colombia,1926,30.714474
Colombia,1927,29.983774
Colombia,1928,29.396683
Colombia,1929,28.209013
Colombia,1930,24.432608
Colombia,1931,21.845324
Colombia,1932,21.109037
Colombia,1933,20.114698
Colombia,1934,19.530684
Colombia,1935,19.639439
Colombia,1936,19.208721
Colombia,1937,18.265724
Colombia,1938,17.499548
Colombia,1939,16.438448
Colombia,1940,24.814646
Colombia,1941,27.427053
Colombia,1942,28.792288
Colombia,1943,29.64545
Colombia,1944,28.682035
Colombia,1945,28.397167
Colombia,1946,28.090845
Colombia,1947,27.286776
Colombia,1948,26.297031
Colombia,1949,25.740007
Colombia,1950,27.62362
Colombia,1951,27.575985
Colombia,1952,27.079447
Colombia,1953,26.962727
Colombia,1954,25.573988
Colombia,1955,26.069765
Colombia,1956,26.049526
Colombia,1957,26.323236
Colombia,1958,27.435022
Colombia,1959,30.073881
Colombia,1960,17.598284
Colombia,1961,24.220554
Colombia,1962,19.240034
Colombia,1963,16.488823
Colombia,1964,20.75716
Colombia,1965,11.313994
Colombia,1966,8.218448
Colombia,1967,6.513986
Colombia,1968,5.4992375
Colombia,1969,4.6771693
Colombia,1970,20.858513
Colombia,1971,9.714875
Colombia,1972,6.7832546
Colombia,1973,5.65062
Colombia,1974,4.913731
Colombia,1975,4.3463097
Colombia,1976,5.197185
Colombia,1977,3.9733174
Colombia,1978,3.748938
Colombia,1979,3.5558407
Colombia,1980,3.4395106
Colombia,1981,3.2070978
Colombia,1982,3.1518893
Colombia,1983,3.03084
Colombia,1984,3.0986414
Colombia,1985,2.7869344
Colombia,1986,2.6203647
Colombia,1987,2.3540733
Colombia,1988,2.1818357
Colombia,1989,2.0200326
Colombia,1990,1.8337631
Colombia,1991,2.4551444
Colombia,1992,2.464119
Colombia,1993,2.5944912
Colombia,1994,2.314259
Colombia,1995,3.3542488
Colombia,1996,3.6389394
Colombia,1997,5.092953
Colombia,1998,5.3547177
Colombia,1999,3.9193168
Colombia,2000,1.437735
Colombia,2001,0.6819901
Colombia,2002,2.069609
Colombia,2003,4.7371693
Colombia,2004,2.0328667
Colombia,2005,1.363556
Colombia,2006,2.2728286
Colombia,2007,1.8826113
Colombia,2008,1.4514198
Colombia,2009,1.7272993
Colombia,2010,1.4455262
Colombia,2011,3.7172496
Colombia,2012,7.810365
Colombia,2013,4.4981823
Colombia,2014,3.7303853
Colombia,2015,3.5976243
Colombia,2016,2.7267396
Colombia,2017,4.639429
Colombia,2018,3.786482
Colombia,2019,2.7280297
Colombia,2020,1.9623631
Colombia,2021,2.0427263
Colombia,2022,2.0045211
Colombia,2023,2.0677097
Comoros,1959,0.53869593
Comoros,1960,0.0709941
Comoros,1961,-0.09088693
Comoros,1962,-0.15897122
Comoros,1963,-0.18799493
Comoros,1964,-0.19791742
Comoros,1965,-0.18104097
Comoros,1966,-0.15787324
Comoros,1967,-0.15027933
Comoros,1968,-0.14085573
Comoros,1969,-0.13066055
Comoros,1970,-0.07473783
Comoros,1971,-0.066051565
Comoros,1972,-0.05805026
Comoros,1973,-0.050437905
Comoros,1974,-0.043355327
Comoros,1975,-0.023436386
Comoros,1976,0.007143144
Comoros,1977,1.1571817
Comoros,1978,0.51746166
Comoros,1979,0.2677325
Comoros,1980,0.23621279
Comoros,1981,0.17774169
Comoros,1982,0.1444689
Comoros,1983,2.0720155
Comoros,1984,1.0167239
Comoros,1985,0.6144393
Comoros,1986,0.94985896
Comoros,1987,0.7374605
Comoros,1988,0.4771544
Comoros,1989,0.34824654
Comoros,1990,0.47168574
Comoros,1991,0.33806986
Comoros,1992,0.7574197
Comoros,1993,0.7817932
Comoros,1994,0.8073635
Comoros,1995,0.8181826
Comoros,1996,0.8226341
Comoros,1997,0.53993464
Comoros,1998,0.54481715
Comoros,1999,0.51743025
Comoros,2000,0.65619475
Comoros,2001,0.5690493
Comoros,2002,0.5436904
Comoros,2003,0.5761364
Comoros,2004,0.45274454
Comoros,2005,0.3759664
Comoros,2006,0.37015304
Comoros,2007,0.24625324
Comoros,2008,0.24041674
Comoros,2009,0.26040184
Comoros,2010,0.30815357
Comoros,2011,0.27923283
Comoros,2012,0.33904123
Comoros,2013,0.31958032
Comoros,2014,0.26501688
Comoros,2015,0.2690158
Comoros,2016,0.29541495
Comoros,2017,0.38793674
Comoros,2018,0.4166205
Comoros,2019,0.42694297
Comoros,2020,0.48592904
Comoros,2021,0.6294069
Comoros,2022,0.564343
Comoros,2023,0.5538227
Congo,1950,92.04382
Congo,1951,91.45025
Congo,1952,93.12622
Congo,1953,93.050354
Congo,1954,90.00602
Congo,1955,91.51618
Congo,1956,95.23511
Congo,1957,94.90657
Congo,1958,95.55945
Congo,1959,97.59285
Congo,1960,56.88945
Congo,1961,36.718594
Congo,1962,28.130928
Congo,1963,21.832014
Congo,1964,19.179977
Congo,1965,15.747363
Congo,1966,12.138658
Congo,1967,11.560902
Congo,1968,9.313932
Congo,1969,9.470691
Congo,1970,7.54975
Congo,1971,8.200167
Congo,1972,7.8602037
Congo,1973,7.9291043
Congo,1974,7.0126505
Congo,1975,6.741948
Congo,1976,5.990807
Congo,1977,4.5382485
Congo,1978,2.9271562
Congo,1979,2.144606
Congo,1980,3.2733972
Congo,1981,7.2868953
Congo,1982,6.308854
Congo,1983,3.9889512
Congo,1984,4.4177094
Congo,1985,3.39333
Congo,1986,3.3163571
Congo,1987,3.0572538
Congo,1988,2.8525546
Congo,1989,1.7314124
Congo,1990,2.4550977
Congo,1991,2.7729723
Congo,1992,3.4936738
Congo,1993,1.0672814
Congo,1994,4.648775
Congo,1995,5.2818475
Congo,1996,6.5811834
Congo,1997,11.881465
Congo,1998,13.331231
Congo,1999,13.524114
Congo,2000,10.828467
Congo,2001,7.7559533
Congo,2002,5.5196643
Congo,2003,6.8105927
Congo,2004,5.726111
Congo,2005,5.3724446
Congo,2006,4.3533864
Congo,2007,5.6818485
Congo,2008,5.6816134
Congo,2009,6.299786
Congo,2010,7.0053062
Congo,2011,7.2140775
Congo,2012,6.601804
Congo,2013,6.2916875
Congo,2014,4.455347
Congo,2015,5.4329395
Congo,2016,4.9860435
Congo,2017,5.208519
Congo,2018,3.6674945
Congo,2019,2.9263217
Congo,2020,4.458245
Congo,2021,3.9196322
Congo,2022,3.9379425
Congo,2023,3.7097523
Cook Islands,1969,0.5478469
Cook Islands,1970,0.5370859
Cook Islands,1971,0.5272954
Cook Islands,1972,0.5297605
Cook Islands,1973,0.54494077
Cook Islands,1974,0.5625384
Cook Islands,1975,0.7763123
Cook Islands,1976,0.8039054
Cook Islands,1977,1.6384573
Cook Islands,1978,1.6437864
Cook Islands,1979,1.4447136
Cook Islands,1980,1.6581999
Cook Islands,1981,3.7513225
Cook Islands,1982,2.939262
Cook Islands,1983,2.9712696
Cook Islands,1984,1.2894598
Cook Islands,1985,1.3074042
Cook Islands,1986,1.3248961
Cook Islands,1987,1.3280976
Cook Islands,1988,1.3139681
Cook Islands,1989,1.2991372
Cook Islands,1990,2.5704765
Cook Islands,1991,2.5429728
Cook Islands,1992,2.5195117
Cook Islands,1993,2.7109847
Cook Islands,1994,2.6967106
Cook Islands,1995,2.6831906
Cook Islands,1996,2.8761425
Cook Islands,1997,2.9143798
Cook Islands,1998,2.7931743
Cook Islands,1999,3.1164033
Cook Islands,2000,3.2389972
Cook Islands,2001,3.3727398
Cook Islands,2002,2.942578
Cook Islands,2003,3.4190495
Cook Islands,2004,3.6501296
Cook Islands,2005,4.1236677
Cook Islands,2006,4.3398037
Cook Islands,2007,4.2623925
Cook Islands,2008,4.1333666
Cook Islands,2009,4.008509
Cook Islands,2010,4.3222837
Cook Islands,2011,4.6241393
Cook Islands,2012,4.777866
Cook Islands,2013,4.7958117
Cook Islands,2014,4.602752
Cook Islands,2015,4.415218
Cook Islands,2016,4.0217214
Cook Islands,2017,4.5184097
Cook Islands,2018,4.6390934
Cook Islands,2019,4.77735
Cook Islands,2020,4.222279
Cook Islands,2021,4.5926905
Cook Islands,2022,4.8471375
Cook Islands,2023,5.1297364
Costa Rica,1870,29.52903
Costa Rica,1871,30.24042
Costa Rica,1872,31.581797
Costa Rica,1873,30.868967
Costa Rica,1874,31.670502
Costa Rica,1875,30.027533
Costa Rica,1876,29.545639
Costa Rica,1877,28.446043
Costa Rica,1878,28.738674
Costa Rica,1879,27.190762
Costa Rica,1880,24.467127
Costa Rica,1881,25.639317
Costa Rica,1882,24.856325
Costa Rica,1883,23.193592
Costa Rica,1884,21.880245
Costa Rica,1885,21.352228
Costa Rica,1886,22.003355
Costa Rica,1887,20.922663
Costa Rica,1888,19.389254
Costa Rica,1889,18.406504
Costa Rica,1890,21.66175
Costa Rica,1891,25.102318
Costa Rica,1892,24.580935
Costa Rica,1893,23.898027
Costa Rica,1894,24.4715
Costa Rica,1895,25.301422
Costa Rica,1896,24.097977
Costa Rica,1897,23.169014
Costa Rica,1898,24.455257
Costa Rica,1899,23.720587
Costa Rica,1900,23.712202
Costa Rica,1901,23.149065
Costa Rica,1902,22.390482
Costa Rica,1903,20.931475
Costa Rica,1904,25.070734
Costa Rica,1905,21.567541
Costa Rica,1906,23.358896
Costa Rica,1907,18.49691
Costa Rica,1908,18.425358
Costa Rica,1909,22.672646
Costa Rica,1910,20.634167
Costa Rica,1911,24.941273
Costa Rica,1912,18.409712
Costa Rica,1913,19.635237
Costa Rica,1914,24.142813
Costa Rica,1915,20.57615
Costa Rica,1916,19.240677
Costa Rica,1917,19.559744
Costa Rica,1918,21.562115
Costa Rica,1919,18.906454
Costa Rica,1920,19.902485
Costa Rica,1921,14.610254
Costa Rica,1922,14.552147
Costa Rica,1923,12.463657
Costa Rica,1924,13.317197
Costa Rica,1925,14.310648
Costa Rica,1926,11.535462
Costa Rica,1927,13.519623
Costa Rica,1928,13.088069
Costa Rica,1929,12.679692
Costa Rica,1930,18.250202
Costa Rica,1931,23.86111
Costa Rica,1932,31.413824
Costa Rica,1933,26.329147
Costa Rica,1934,28.187143
Costa Rica,1935,33.386223
Costa Rica,1936,32.516167
Costa Rica,1937,28.034191
Costa Rica,1938,34.625732
Costa Rica,1939,29.04294
Costa Rica,1940,37.307632
Costa Rica,1941,43.690018
Costa Rica,1942,41.71318
Costa Rica,1943,42.74728
Costa Rica,1944,38.789715
Costa Rica,1945,34.34207
Costa Rica,1946,37.477295
Costa Rica,1947,33.527508
Costa Rica,1948,30.023256
Costa Rica,1949,31.138617
Costa Rica,1950,30.952875
Costa Rica,1951,27.234016
Costa Rica,1952,26.269102
Costa Rica,1953,29.044544
Costa Rica,1954,29.592155
Costa Rica,1955,29.764467
Costa Rica,1956,29.300806
Costa Rica,1957,30.358366
Costa Rica,1958,29.607216
Costa Rica,1959,34.725693
Costa Rica,1960,19.6726
Costa Rica,1961,17.808588
Costa Rica,1962,13.642778
Costa Rica,1963,19.421618
Costa Rica,1964,21.05037
Costa Rica,1965,23.540924
Costa Rica,1966,12.656828
Costa Rica,1967,20.632952
Costa Rica,1968,21.080805
Costa Rica,1969,20.621113
Costa Rica,1970,16.040848
Costa Rica,1971,10.3486
Costa Rica,1972,30.38364
Costa Rica,1973,12.865572
Costa Rica,1974,19.66022
Costa Rica,1975,22.37883
Costa Rica,1976,24.0554
Costa Rica,1977,22.77209
Costa Rica,1978,24.256813
Costa Rica,1979,23.143839
Costa Rica,1980,24.556587
Costa Rica,1981,23.116726
Costa Rica,1982,11.167343
Costa Rica,1983,17.879293
Costa Rica,1984,8.591224
Costa Rica,1985,6.389339
Costa Rica,1986,5.305246
Costa Rica,1987,4.341529
Costa Rica,1988,2.6744406
Costa Rica,1989,1.5105913
Costa Rica,1990,2.438788
Costa Rica,1991,1.586684
Costa Rica,1992,1.7409472
Costa Rica,1993,1.7213871
Costa Rica,1994,3.649458
Costa Rica,1995,2.0585659
Costa Rica,1996,2.1915748
Costa Rica,1997,1.5286701
Costa Rica,1998,1.7831225
Costa Rica,1999,1.2313176
Costa Rica,2000,2.026639
Costa Rica,2001,2.2644796
Costa Rica,2002,2.7746947
Costa Rica,2003,2.392631
Costa Rica,2004,1.6221545
Costa Rica,2005,1.8240776
Costa Rica,2006,1.7644874
Costa Rica,2007,2.214504
Costa Rica,2008,2.9938052
Costa Rica,2009,2.860429
Costa Rica,2010,2.1478558
Costa Rica,2011,1.6033913
Costa Rica,2012,2.0037258
Costa Rica,2013,2.1655183
Costa Rica,2014,2.6190472
Costa Rica,2015,2.1149342
Costa Rica,2016,2.3043644
Costa Rica,2017,2.0746024
Costa Rica,2018,1.830952
Costa Rica,2019,2.3814464
Costa Rica,2020,3.0665128
Costa Rica,2021,2.6017764
Costa Rica,2022,2.5479858
Costa Rica,2023,2.592418
Cote d'Ivoire,1950,49.812435
Cote d'Ivoire,1951,56.964115
Cote d'Ivoire,1952,61.240803
Cote d'Ivoire,1953,65.452446
Cote d'Ivoire,1954,68.40462
Cote d'Ivoire,1955,70.23305
Cote d'Ivoire,1956,71.73264
Cote d'Ivoire,1957,73.95578
Cote d'Ivoire,1958,77.07791
Cote d'Ivoire,1959,78.76592
Cote d'Ivoire,1960,45.27744
Cote d'Ivoire,1961,45.41237
Cote d'Ivoire,1962,36.555763
Cote d'Ivoire,1963,30.63561
Cote d'Ivoire,1964,29.814816
Cote d'Ivoire,1965,22.834871
Cote d'Ivoire,1966,20.540045
Cote d'Ivoire,1967,16.824877
Cote d'Ivoire,1968,15.528025
Cote d'Ivoire,1969,12.682051
Cote d'Ivoire,1970,15.669139
Cote d'Ivoire,1971,13.434991
Cote d'Ivoire,1972,15.573149
Cote d'Ivoire,1973,21.971586
Cote d'Ivoire,1974,19.77746
Cote d'Ivoire,1975,18.520374
Cote d'Ivoire,1976,24.258078
Cote d'Ivoire,1977,23.015554
Cote d'Ivoire,1978,16.062414
Cote d'Ivoire,1979,11.608025
Cote d'Ivoire,1980,12.53775
Cote d'Ivoire,1981,13.524476
Cote d'Ivoire,1982,12.336481
Cote d'Ivoire,1983,16.64404
Cote d'Ivoire,1984,17.778234
Cote d'Ivoire,1985,14.370794
Cote d'Ivoire,1986,11.324467
Cote d'Ivoire,1987,13.883749
Cote d'Ivoire,1988,11.412731
Cote d'Ivoire,1989,9.037952
Cote d'Ivoire,1990,6.5867248
Cote d'Ivoire,1991,8.046333
Cote d'Ivoire,1992,10.732908
Cote d'Ivoire,1993,10.162015
Cote d'Ivoire,1994,8.510259
Cote d'Ivoire,1995,5.9281683
Cote d'Ivoire,1996,4.5150456
Cote d'Ivoire,1997,3.6701922
Cote d'Ivoire,1998,2.7758305
Cote d'Ivoire,1999,2.5384743
Cote d'Ivoire,2000,2.234978
Cote d'Ivoire,2001,1.9098041
Cote d'Ivoire,2002,2.4823554
Cote d'Ivoire,2003,4.614522
Cote d'Ivoire,2004,3.9292233
Cote d'Ivoire,2005,4.2599907
Cote d'Ivoire,2006,3.921174
Cote d'Ivoire,2007,2.5755
Cote d'Ivoire,2008,1.885092
Cote d'Ivoire,2009,1.5094758
Cote d'Ivoire,2010,1.232057
Cote d'Ivoire,2011,1.3750985
Cote d'Ivoire,2012,3.246499
Cote d'Ivoire,2013,2.8756545
Cote d'Ivoire,2014,6.5372534
Cote d'Ivoire,2015,2.924229
Cote d'Ivoire,2016,2.7739499
Cote d'Ivoire,2017,9.692202
Cote d'Ivoire,2018,5.492641
Cote d'Ivoire,2019,4.0342016
Cote d'Ivoire,2020,4.1785808
Cote d'Ivoire,2021,4.849208
Cote d'Ivoire,2022,5.071624
Cote d'Ivoire,2023,5.1645803
Croatia,1885,3.5755005
Croatia,1890,3.7174518
Croatia,1891,3.6954257
Croatia,1892,3.7923527
Croatia,1893,3.82253
Croatia,1894,3.765259
Croatia,1895,3.7848022
Croatia,1896,3.8170855
Croatia,1897,3.847583
Croatia,1898,3.7992208
Croatia,1899,3.7100823
Croatia,1900,3.88258
Croatia,1901,3.8545632
Croatia,1902,3.7933679
Croatia,1903,3.8727632
Croatia,1904,3.881492
Croatia,1905,3.7979274
Croatia,1906,3.8124614
Croatia,1907,3.8345764
Croatia,1908,3.8606014
Croatia,1909,3.7849953
Croatia,1910,3.9335501
Croatia,1911,4.147791
Croatia,1912,4.100646
Croatia,1913,4.3129363
Croatia,1919,4.2740006
Croatia,1920,4.4877987
Croatia,1921,4.541156
Croatia,1922,4.6212044
Croatia,1923,4.5656796
Croatia,1924,4.457595
Croatia,1925,4.4788394
Croatia,1926,4.374709
Croatia,1927,4.5764856
Croatia,1928,4.5192156
Croatia,1929,4.5103183
Croatia,1930,4.3691435
Croatia,1931,4.405343
Croatia,1932,4.2360606
Croatia,1933,4.161628
Croatia,1934,4.08951
Croatia,1935,4.2320137
Croatia,1936,4.0643673
Croatia,1937,3.9562151
Croatia,1938,4.05714
Croatia,1939,3.9748812
Croatia,1940,3.900376
Croatia,1943,3.637034
Croatia,1944,3.4978538
Croatia,1945,3.7643635
Croatia,1946,4.0665264
Croatia,1947,4.0517144
Croatia,1948,3.959913
Croatia,1949,4.2073765
Croatia,1950,3.9915116
Croatia,1951,3.4896502
Croatia,1952,3.5499167
Croatia,1953,3.2944348
Croatia,1954,3.2677443
Croatia,1955,3.2273202
Croatia,1956,3.268507
Croatia,1957,3.397873
Croatia,1958,3.2147489
Croatia,1959,3.3674943
Croatia,1960,3.2011633
Croatia,1961,3.01808
Croatia,1962,2.8423026
Croatia,1963,2.9299362
Croatia,1964,2.9958415
Croatia,1965,2.8814406
Croatia,1966,2.7771237
Croatia,1967,2.7132862
Croatia,1968,2.727367
Croatia,1969,2.6574738
Croatia,1970,3.151369
Croatia,1971,3.3215985
Croatia,1972,2.8967078
Croatia,1973,3.3919194
Croatia,1974,3.2673829
Croatia,1975,3.3258414
Croatia,1976,3.325549
Croatia,1977,3.3109574
Croatia,1978,3.538429
Croatia,1979,4.0790462
Croatia,1980,3.8046634
Croatia,1981,4.0471287
Croatia,1982,3.711189
Croatia,1983,4.016646
Croatia,1984,4.153829
Croatia,1985,4.3186784
Croatia,1986,4.4218097
Croatia,1987,4.284437
Croatia,1988,4.438896
Croatia,1989,4.393259
Croatia,1990,4.5681887
Croatia,1991,7.5036
Croatia,1992,4.7005134
Croatia,1993,4.810685
Croatia,1994,5.679186
Croatia,1995,3.0958974
Croatia,1996,3.2498965
Croatia,1997,5.8223305
Croatia,1998,6.108412
Croatia,1999,1.755293
Croatia,2000,1.5656247
Croatia,2001,1.7056875
Croatia,2002,2.1560864
Croatia,2003,2.3108954
Croatia,2004,2.6854317
Croatia,2005,2.7907581
Croatia,2006,2.7899835
Croatia,2007,4.678165
Croatia,2008,3.4792922
Croatia,2009,3.491441
Croatia,2010,2.965719
Croatia,2011,3.211673
Croatia,2012,6.7285137
Croatia,2013,3.929337
Croatia,2014,3.9914188
Croatia,2015,3.9747527
Croatia,2016,3.5411963
Croatia,2017,3.644969
Croatia,2018,3.712582
Croatia,2019,4.182256
Croatia,2020,3.6168566
Croatia,2021,3.6295428
Croatia,2022,3.6933503
Croatia,2023,3.7045712
Cuba,1856,2.8798685
Cuba,1857,2.7497387
Cuba,1858,2.6316812
Cuba,1859,2.5367038
Cuba,1860,2.4537473
Cuba,1861,2.5036972
Cuba,1862,2.584385
Cuba,1863,2.40295
Cuba,1864,2.5818863
Cuba,1865,2.5540357
Cuba,1866,2.563717
Cuba,1867,2.579217
Cuba,1868,2.54517
Cuba,1869,2.6170769
Cuba,1870,2.74609
Cuba,1871,2.772486
Cuba,1872,2.777059
Cuba,1873,2.7855432
Cuba,1874,2.767316
Cuba,1875,2.7408102
Cuba,1876,2.6494386
Cuba,1877,2.640846
Cuba,1878,2.674442
Cuba,1879,2.6504123
Cuba,1880,2.6124187
Cuba,1881,2.6256645
Cuba,1882,2.6304975
Cuba,1883,2.6050406
Cuba,1884,2.5887213
Cuba,1885,2.5935695
Cuba,1886,2.54166
Cuba,1887,2.58541
Cuba,1888,2.618184
Cuba,1889,2.6524534
Cuba,1890,2.6780517
Cuba,1891,2.771327
Cuba,1892,2.8405812
Cuba,1893,2.8180745
Cuba,1894,2.8628883
Cuba,1895,2.834874
Cuba,1896,2.7166202
Cuba,1897,2.6884024
Cuba,1898,2.7450645
Cuba,1899,2.7855651
Cuba,1900,5.9616356
Cuba,1901,7.1090555
Cuba,1902,7.5838704
Cuba,1903,7.906798
Cuba,1904,8.030323
Cuba,1905,8.1702385
Cuba,1906,8.225186
Cuba,1907,8.151621
Cuba,1908,8.004439
Cuba,1909,7.917256
Cuba,1910,9.6840105
Cuba,1911,10.314919
Cuba,1912,10.61067
Cuba,1913,10.567449
Cuba,1914,10.347584
Cuba,1915,10.23393
Cuba,1916,10.236409
Cuba,1917,10.154854
Cuba,1918,9.907446
Cuba,1919,9.2947855
Cuba,1920,9.798904
Cuba,1921,9.055715
Cuba,1922,8.898191
Cuba,1923,8.882425
Cuba,1924,8.658823
Cuba,1925,8.5213585
Cuba,1926,8.328074
Cuba,1927,8.154819
Cuba,1928,7.960656
Cuba,1929,7.60309
Cuba,1930,5.8339653
Cuba,1931,4.9857683
Cuba,1932,4.504486
Cuba,1933,4.206985
Cuba,1934,3.9992528
Cuba,1935,3.8116782
Cuba,1936,3.6940956
Cuba,1937,3.5777183
Cuba,1938,3.43869
Cuba,1939,3.291437
Cuba,1940,6.553611
Cuba,1941,7.633832
Cuba,1942,8.0967455
Cuba,1943,8.358184
Cuba,1944,8.391686
Cuba,1945,8.392325
Cuba,1946,8.323913
Cuba,1947,8.253466
Cuba,1948,8.123199
Cuba,1949,7.99469
Cuba,1950,13.151249
Cuba,1951,12.571871
Cuba,1952,24.479383
Cuba,1953,12.059575
Cuba,1954,9.683887
Cuba,1955,6.7204256
Cuba,1956,4.9729867
Cuba,1957,5.129907
Cuba,1958,5.7861004
Cuba,1959,4.5633802
Cuba,1960,3.50523
Cuba,1961,10.67888
Cuba,1962,13.458041
Cuba,1963,28.503752
Cuba,1964,12.583443
Cuba,1965,7.382419
Cuba,1966,10.087311
Cuba,1967,11.528252
Cuba,1968,9.054043
Cuba,1969,14.95679
Cuba,1970,9.812368
Cuba,1971,20.705214
Cuba,1972,18.003347
Cuba,1973,9.642781
Cuba,1974,11.467054
Cuba,1975,12.5335455
Cuba,1976,8.668268
Cuba,1977,6.516558
Cuba,1978,5.4207163
Cuba,1979,6.2366977
Cuba,1980,5.2692423
Cuba,1981,7.65222
Cuba,1982,7.763375
Cuba,1983,5.7929797
Cuba,1984,6.7214656
Cuba,1985,9.657542
Cuba,1986,11.764293
Cuba,1987,8.798819
Cuba,1988,6.595316
Cuba,1989,5.7213326
Cuba,1990,4.911071
Cuba,1991,5.9497094
Cuba,1992,3.9643366
Cuba,1993,3.3568146
Cuba,1994,3.483341
Cuba,1995,2.5885239
Cuba,1996,4.864715
Cuba,1997,3.380187
Cuba,1998,3.6308246
Cuba,1999,2.662702
Cuba,2000,5.306974
Cuba,2001,3.4586217
Cuba,2002,2.6740372
Cuba,2003,2.3777297
Cuba,2004,3.247842
Cuba,2005,2.5690687
Cuba,2006,2.1653557
Cuba,2007,1.8458282
Cuba,2008,1.8286875
Cuba,2009,1.7107694
Cuba,2010,2.0959692
Cuba,2011,0.883703
Cuba,2012,1.7531055
Cuba,2013,1.5141218
Cuba,2014,1.5846398
Cuba,2015,1.5882571
Cuba,2016,2.954489
Cuba,2017,2.025175
Cuba,2018,2.6510656
Cuba,2019,1.9223306
Cuba,2020,1.603933
Cuba,2021,2.154802
Cuba,2022,2.284537
Cuba,2023,2.5202692
Cyprus,1950,6.9367847
Cyprus,1951,6.5474753
Cyprus,1952,6.489497
Cyprus,1953,6.6344714
Cyprus,1954,6.9104476
Cyprus,1955,7.0347815
Cyprus,1956,7.5070724
Cyprus,1957,7.640039
Cyprus,1958,7.1403074
Cyprus,1959,6.627524
Cyprus,1960,5.3210573
Cyprus,1961,4.492509
Cyprus,1962,4.9963093
Cyprus,1963,4.1664004
Cyprus,1964,3.7575681
Cyprus,1965,3.6615422
Cyprus,1966,3.8702557
Cyprus,1967,3.7223783
Cyprus,1968,3.822847
Cyprus,1969,3.67766
Cyprus,1970,3.500721
Cyprus,1971,3.5705953
Cyprus,1972,4.2667947
Cyprus,1973,0.61603445
Cyprus,1974,-3.863505
Cyprus,1975,-3.5972638
Cyprus,1976,-2.6026602
Cyprus,1977,-2.0520842
Cyprus,1978,-1.6368749
Cyprus,1979,-1.1513962
Cyprus,1980,0.13869306
Cyprus,1981,0.68122953
Cyprus,1982,0.4677114
Cyprus,1983,0.35917953
Cyprus,1984,-0.07526828
Cyprus,1985,0.028660456
Cyprus,1986,0.7349953
Cyprus,1987,1.5999608
Cyprus,1988,1.7467661
Cyprus,1989,2.1967185
Cyprus,1990,2.5012295
Cyprus,1991,3.2956717
Cyprus,1992,3.7382557
Cyprus,1993,4.361989
Cyprus,1994,4.1913986
Cyprus,1995,4.3085175
Cyprus,1996,4.6746783
Cyprus,1997,5.2361536
Cyprus,1998,5.084774
Cyprus,1999,5.932634
Cyprus,2000,5.97794
Cyprus,2001,5.460983
Cyprus,2002,7.6494527
Cyprus,2003,7.4355445
Cyprus,2004,8.241354
Cyprus,2005,6.969229
Cyprus,2006,7.182109
Cyprus,2007,7.013853
Cyprus,2008,7.5538244
Cyprus,2009,6.267384
Cyprus,2010,5.8073583
Cyprus,2011,5.346283
Cyprus,2012,4.6111507
Cyprus,2013,3.978472
Cyprus,2014,6.172239
Cyprus,2015,4.6211905
Cyprus,2016,5.9465947
Cyprus,2017,6.353878
Cyprus,2018,5.1220636
Cyprus,2019,5.0662413
Cyprus,2020,4.959146
Cyprus,2021,5.0367455
Cyprus,2022,5.064033
Cyprus,2023,5.0615964
Czechia,1860,1.5953267
Czechia,1861,1.6538208
Czechia,1862,1.7172269
Czechia,1863,1.7792805
Czechia,1864,1.8280027
Czechia,1865,1.8863137
Czechia,1866,1.9379891
Czechia,1867,2.0177004
Czechia,1868,2.0490758
Czechia,1869,2.0986774
Czechia,1870,2.072292
Czechia,1871,2.1016889
Czechia,1872,2.1351416
Czechia,1873,2.1689384
Czechia,1874,2.2090242
Czechia,1875,2.2467585
Czechia,1876,2.8678398
Czechia,1877,2.919151
Czechia,1878,2.9681025
Czechia,1879,3.0639915
Czechia,1880,3.004611
Czechia,1881,3.0264447
Czechia,1882,3.015179
Czechia,1883,3.104681
Czechia,1884,3.1197739
Czechia,1885,3.186999
Czechia,1886,3.2588894
Czechia,1887,3.3668401
Czechia,1888,3.4847653
Czechia,1889,3.604713
Czechia,1890,3.9083705
Czechia,1891,4.042223
Czechia,1892,4.093635
Czechia,1893,4.153505
Czechia,1894,4.2248464
Czechia,1895,4.332795
Czechia,1896,4.3879094
Czechia,1897,4.5595465
Czechia,1898,4.608999
Czechia,1899,4.679796
Czechia,1900,4.6792965
Czechia,1901,4.816251
Czechia,1902,4.8438997
Czechia,1903,4.8884745
Czechia,1904,4.9010653
Czechia,1905,4.9906106
Czechia,1906,5.131905
Czechia,1907,5.296524
Czechia,1908,5.3401475
Czechia,1909,5.2802653
Czechia,1910,4.887027
Czechia,1911,4.7738404
Czechia,1912,4.884792
Czechia,1913,4.9591713
Czechia,1914,4.4337025
Czechia,1915,4.3267016
Czechia,1916,4.5474396
Czechia,1917,4.249125
Czechia,1918,3.620432
Czechia,1919,3.3649797
Czechia,1920,3.3830793
Czechia,1921,3.278667
Czechia,1922,2.9188273
Czechia,1923,3.0876937
Czechia,1924,3.7602315
Czechia,1925,3.5350842
Czechia,1926,3.5761383
Czechia,1927,3.8288372
Czechia,1928,4.0301948
Czechia,1929,4.4841676
Czechia,1930,3.7310598
Czechia,1931,3.2730644
Czechia,1932,2.6501324
Czechia,1933,2.222247
Czechia,1934,2.0739794
Czechia,1935,2.0009947
Czechia,1936,2.1122284
Czechia,1937,2.6321943
Czechia,1938,3.0615706
Czechia,1939,3.2965574
Czechia,1940,3.8093612
Czechia,1941,3.8013906
Czechia,1942,4.196821
Czechia,1943,4.752928
Czechia,1944,4.3740497
Czechia,1945,1.6056055
Czechia,1946,2.6489346
Czechia,1947,3.503005
Czechia,1948,3.8902352
Czechia,1949,4.133788
Czechia,1950,6.1127634
Czechia,1951,5.485158
Czechia,1952,5.8118477
Czechia,1953,6.044857
Czechia,1954,6.5161424
Czechia,1955,6.7772336
Czechia,1956,7.325097
Czechia,1957,7.6756887
Czechia,1958,8.463357
Czechia,1959,9.98958
Czechia,1960,10.536835
Czechia,1961,10.491757
Czechia,1962,11.015247
Czechia,1963,11.525253
Czechia,1964,11.943331
Czechia,1965,11.54356
Czechia,1966,11.43839
Czechia,1967,11.39054
Czechia,1968,11.942525
Czechia,1969,12.764322
Czechia,1970,14.794089
Czechia,1971,15.539152
Czechia,1972,15.637544
Czechia,1973,15.633381
Czechia,1974,15.727101
Czechia,1975,16.431913
Czechia,1976,17.037535
Czechia,1977,17.488674
Czechia,1978,17.565548
Czechia,1979,16.994892
Czechia,1980,17.218199
Czechia,1981,17.010592
Czechia,1982,16.851355
Czechia,1983,16.898869
Czechia,1984,17.484957
Czechia,1985,17.25812
Czechia,1986,17.396776
Czechia,1987,17.196201
Czechia,1988,16.913738
Czechia,1989,16.194662
Czechia,1990,15.334831
Czechia,1991,13.835566
Czechia,1992,13.502659
Czechia,1993,12.985672
Czechia,1994,12.373516
Czechia,1995,12.229357
Czechia,1996,12.637582
Czechia,1997,12.32098
Czechia,1998,11.921994
Czechia,1999,11.011143
Czechia,2000,12.069745
Czechia,2001,10.900754
Czechia,2002,10.765227
Czechia,2003,11.060101
Czechia,2004,11.144109
Czechia,2005,10.841465
Czechia,2006,11.17183
Czechia,2007,11.269517
Czechia,2008,10.713442
Czechia,2009,9.912033
Czechia,2010,10.174838
Czechia,2011,10.107249
Czechia,2012,9.680564
Czechia,2013,9.333797
Czechia,2014,9.211756
Czechia,2015,9.399742
Czechia,2016,9.649535
Czechia,2017,9.610353
Czechia,2018,9.426742
Czechia,2019,8.913483
Czechia,2020,8.045137
Czechia,2021,8.526962
Czechia,2022,8.275555
Czechia,2023,7.3029637
Democratic Republic of Congo,1920,3.5105605
Democratic Republic of Congo,1921,5.6619854
Democratic Republic of Congo,1922,5.998262
Democratic Republic of Congo,1923,5.839695
Democratic Republic of Congo,1924,5.7545705
Democratic Republic of Congo,1925,7.1203256
Democratic Republic of Congo,1926,5.836097
Democratic Republic of Congo,1927,5.789019
Democratic Republic of Congo,1928,4.9591193
Democratic Republic of Congo,1929,6.1843266
Democratic Republic of Congo,1930,7.472791
Democratic Republic of Congo,1931,8.418202
Democratic Republic of Congo,1932,9.319512
Democratic Republic of Congo,1933,9.989556
Democratic Republic of Congo,1934,8.147786
Democratic Republic of Congo,1935,9.394338
Democratic Republic of Congo,1936,9.296171
Democratic Republic of Congo,1937,9.117918
Democratic Republic of Congo,1938,9.310282
Democratic Republic of Congo,1939,9.74416
Democratic Republic of Congo,1940,13.568025
Democratic Republic of Congo,1941,16.766834
Democratic Republic of Congo,1942,19.077679
Democratic Republic of Congo,1943,19.689806
Democratic Republic of Congo,1944,19.56996
Democratic Republic of Congo,1945,20.081451
Democratic Republic of Congo,1946,19.45504
Democratic Republic of Congo,1947,20.641783
Democratic Republic of Congo,1948,20.812906
Democratic Republic of Congo,1949,19.991776
Democratic Republic of Congo,1950,22.045301
Democratic Republic of Congo,1951,23.098806
Democratic Republic of Congo,1952,24.609564
Democratic Republic of Congo,1953,25.750208
Democratic Republic of Congo,1954,26.554726
Democratic Republic of Congo,1955,27.311544
Democratic Republic of Congo,1956,28.214628
Democratic Republic of Congo,1957,29.274946
Democratic Republic of Congo,1958,30.087643
Democratic Republic of Congo,1959,30.602686
Democratic Republic of Congo,1960,38.122437
Democratic Republic of Congo,1961,24.987324
Democratic Republic of Congo,1962,18.6322
Democratic Republic of Congo,1963,13.288626
Democratic Republic of Congo,1964,10.289733
Democratic Republic of Congo,1965,8.543414
Democratic Republic of Congo,1966,7.0704074
Democratic Republic of Congo,1967,6.7198677
Democratic Republic of Congo,1968,6.006197
Democratic Republic of Congo,1969,5.825932
Democratic Republic of Congo,1970,5.502867
Democratic Republic of Congo,1971,5.4880404
Democratic Republic of Congo,1972,5.2394624
Democratic Republic of Congo,1973,4.7951784
Democratic Republic of Congo,1974,3.8910837
Democratic Republic of Congo,1975,3.9285514
Democratic Republic of Congo,1976,3.8430333
Democratic Republic of Congo,1977,3.725177
Democratic Republic of Congo,1978,2.9829557
Democratic Republic of Congo,1979,3.0710633
Democratic Republic of Congo,1980,3.4762702
Democratic Republic of Congo,1981,3.3571062
Democratic Republic of Congo,1982,3.2698345
Democratic Republic of Congo,1983,3.1780448
Democratic Republic of Congo,1984,3.2768445
Democratic Republic of Congo,1985,3.1621387
Democratic Republic of Congo,1986,2.9046087
Democratic Republic of Congo,1987,2.621731
Democratic Republic of Congo,1988,2.3481832
Democratic Republic of Congo,1989,2.3186128
Democratic Republic of Congo,1990,2.35901
Democratic Republic of Congo,1991,2.397308
Democratic Republic of Congo,1992,2.2399704
Democratic Republic of Congo,1993,2.590552
Democratic Republic of Congo,1994,2.6963305
Democratic Republic of Congo,1995,2.884659
Democratic Republic of Congo,1996,2.7664354
Democratic Republic of Congo,1997,3.6733725
Democratic Republic of Congo,1998,3.687613
Democratic Republic of Congo,1999,3.7191627
Democratic Republic of Congo,2000,3.6600938
Democratic Republic of Congo,2001,2.815557
Democratic Republic of Congo,2002,2.4606402
Democratic Republic of Congo,2003,3.024208
Democratic Republic of Congo,2004,2.4534826
Democratic Republic of Congo,2005,2.417748
Democratic Republic of Congo,2006,2.3649292
Democratic Republic of Congo,2007,2.326244
Democratic Republic of Congo,2008,7.013231
Democratic Republic of Congo,2009,11.188386
Democratic Republic of Congo,2010,12.733489
Democratic Republic of Congo,2011,14.215166
Democratic Republic of Congo,2012,12.848953
Democratic Republic of Congo,2013,12.721315
Democratic Republic of Congo,2014,10.1550045
Democratic Republic of Congo,2015,7.7316246
Democratic Republic of Congo,2016,7.8992906
Democratic Republic of Congo,2017,7.688939
Democratic Republic of Congo,2018,5.9764357
Democratic Republic of Congo,2019,4.888789
Democratic Republic of Congo,2020,3.8281698
Democratic Republic of Congo,2021,3.8622591
Democratic Republic of Congo,2022,4.104431
Democratic Republic of Congo,2023,4.051619
Denmark,1850,5.7978277
Denmark,1851,5.944876
Denmark,1852,6.089123
Denmark,1853,6.185352
Denmark,1854,6.3612423
Denmark,1855,6.320857
Denmark,1856,6.498815
Denmark,1857,6.508466
Denmark,1858,6.3495173
Denmark,1859,6.505478
Denmark,1860,6.4784546
Denmark,1861,6.2199907
Denmark,1862,6.402055
Denmark,1863,6.3905673
Denmark,1864,6.205189
Denmark,1865,6.269484
Denmark,1866,6.194351
Denmark,1867,6.272629
Denmark,1868,6.2288284
Denmark,1869,6.039585
Denmark,1870,6.068443
Denmark,1871,6.050933
Denmark,1872,5.98034
Denmark,1873,5.9519005
Denmark,1874,5.9920206
Denmark,1875,5.997884
Denmark,1876,5.9876623
Denmark,1877,5.9120584
Denmark,1878,5.75054
Denmark,1879,5.8365335
Denmark,1880,6.106969
Denmark,1881,5.791198
Denmark,1882,6.098957
Denmark,1883,6.1713796
Denmark,1884,6.0359054
Denmark,1885,5.932104
Denmark,1886,5.848183
Denmark,1887,5.9419217
Denmark,1888,5.9486732
Denmark,1889,5.9010005
Denmark,1890,6.041834
Denmark,1891,6.199235
Denmark,1892,6.248821
Denmark,1893,6.1967826
Denmark,1894,6.399018
Denmark,1895,6.400479
Denmark,1896,6.699181
Denmark,1897,6.787377
Denmark,1898,6.7433295
Denmark,1899,6.9478855
Denmark,1900,7.233397
Denmark,1901,7.1001673
Denmark,1902,7.1598663
Denmark,1903,7.2165117
Denmark,1904,7.38585
Denmark,1905,7.326209
Denmark,1906,7.4480085
Denmark,1907,7.1494293
Denmark,1908,7.591773
Denmark,1909,7.715897
Denmark,1910,7.9369593
Denmark,1911,8.422274
Denmark,1912,8.608847
Denmark,1913,9.039771
Denmark,1914,9.079361
Denmark,1915,9.227046
Denmark,1916,9.001346
Denmark,1917,8.12656
Denmark,1918,8.614605
Denmark,1919,8.366213
Denmark,1920,7.401844
Denmark,1921,7.400867
Denmark,1922,7.803759
Denmark,1923,7.9721594
Denmark,1924,8.301334
Denmark,1925,8.044475
Denmark,1926,7.6825423
Denmark,1927,8.215467
Denmark,1928,8.159597
Denmark,1929,8.808938
Denmark,1930,8.047168
Denmark,1931,7.8701453
Denmark,1932,7.819112
Denmark,1933,7.6949277
Denmark,1934,7.8989
Denmark,1935,7.745123
Denmark,1936,7.7691717
Denmark,1937,7.7684093
Denmark,1938,7.526385
Denmark,1939,7.806087
Denmark,1940,6.900762
Denmark,1941,7.2863493
Denmark,1942,6.7370024
Denmark,1943,7.839534
Denmark,1944,7.417305
Denmark,1945,5.577828
Denmark,1946,6.1226187
Denmark,1947,7.168541
Denmark,1948,5.9217787
Denmark,1949,5.764035
Denmark,1950,7.1078906
Denmark,1951,7.128217
Denmark,1952,7.3543167
Denmark,1953,7.355034
Denmark,1954,7.617355
Denmark,1955,7.981342
Denmark,1956,7.660285
Denmark,1957,7.294424
Denmark,1958,7.5055966
Denmark,1959,7.53687
Denmark,1960,10.874962
Denmark,1961,8.786321
Denmark,1962,9.116877
Denmark,1963,9.624345
Denmark,1964,9.897071
Denmark,1965,9.93393
Denmark,1966,11.005794
Denmark,1967,10.711876
Denmark,1968,11.371133
Denmark,1969,12.485534
Denmark,1970,12.814594
Denmark,1971,11.882558
Denmark,1972,12.754324
Denmark,1973,12.088114
Denmark,1974,11.255604
Denmark,1975,11.321656
Denmark,1976,12.073158
Denmark,1977,12.321991
Denmark,1978,12.129737
Denmark,1979,12.372639
Denmark,1980,11.805554
Denmark,1981,10.105307
Denmark,1982,10.405742
Denmark,1983,9.959719
Denmark,1984,9.892299
Denmark,1985,11.58786
Denmark,1986,11.294061
Denmark,1987,11.069785
Denmark,1988,10.420819
Denmark,1989,9.550084
Denmark,1990,10.198511
Denmark,1991,12.165628
Denmark,1992,11.219364
Denmark,1993,10.900275
Denmark,1994,12.106474
Denmark,1995,11.289828
Denmark,1996,13.804694
Denmark,1997,11.966747
Denmark,1998,10.815368
Denmark,1999,10.381188
Denmark,2000,10.085501
Denmark,2001,9.987286
Denmark,2002,9.842067
Denmark,2003,10.819274
Denmark,2004,10.803221
Denmark,2005,9.839103
Denmark,2006,10.903284
Denmark,2007,10.463779
Denmark,2008,9.60855
Denmark,2009,9.075295
Denmark,2010,10.197936
Denmark,2011,8.214582
Denmark,2012,7.5287642
Denmark,2013,8.192777
Denmark,2014,6.8856034
Denmark,2015,6.4584193
Denmark,2016,6.769443
Denmark,2017,6.4584365
Denmark,2018,6.2710085
Denmark,2019,5.5351443
Denmark,2020,5.040698
Denmark,2021,5.2442846
Denmark,2022,5.007526
Denmark,2023,4.7753286
Djibouti,1950,0.52568823
Djibouti,1951,0.73237824
Djibouti,1952,0.71477056
Djibouti,1953,0.73745596
Djibouti,1954,0.7750301
Djibouti,1955,0.79070467
Djibouti,1956,0.6660669
Djibouti,1957,0.81099015
Djibouti,1958,0.8146981
Djibouti,1959,0.5950515
Djibouti,1960,0.65146303
Djibouti,1961,0.69661224
Djibouti,1962,0.72649765
Djibouti,1963,0.89312875
Djibouti,1964,1.0348637
Djibouti,1965,1.320545
Djibouti,1966,1.541465
Djibouti,1967,1.1014565
Djibouti,1968,1.3401777
Djibouti,1969,1.019102
Djibouti,1970,1.3527831
Djibouti,1971,1.4213141
Djibouti,1972,1.510162
Djibouti,1973,1.3523365
Djibouti,1974,1.3425065
Djibouti,1975,1.2550625
Djibouti,1976,1.1493825
Djibouti,1977,1.0519232
Djibouti,1978,0.9802369
Djibouti,1979,1.4444015
Djibouti,1980,1.3169662
Djibouti,1981,1.12349
Djibouti,1982,1.2233937
Djibouti,1983,1.1923468
Djibouti,1984,1.1696367
Djibouti,1985,1.1471385
Djibouti,1986,1.1427089
Djibouti,1987,1.1107258
Djibouti,1988,0.97233844
Djibouti,1989,0.9900943
Djibouti,1990,0.763278
Djibouti,1991,0.6973789
Djibouti,1992,0.70380044
Djibouti,1993,0.71424615
Djibouti,1994,0.6908001
Djibouti,1995,0.69386196
Djibouti,1996,0.66757214
Djibouti,1997,0.68128806
Djibouti,1998,0.7206874
Djibouti,1999,0.6849038
Djibouti,2000,0.62775093
Djibouti,2001,0.59914726
Djibouti,2002,0.6204346
Djibouti,2003,0.6305671
Djibouti,2004,0.60094076
Djibouti,2005,0.6075039
Djibouti,2006,0.59572744
Djibouti,2007,0.62776977
Djibouti,2008,0.65773195
Djibouti,2009,0.59035444
Djibouti,2010,0.6647681
Djibouti,2011,0.43043667
Djibouti,2012,0.39778012
Djibouti,2013,0.47547394
Djibouti,2014,0.49346086
Djibouti,2015,0.5733631
Djibouti,2016,0.4878604
Djibouti,2017,0.4648483
Djibouti,2018,0.515765
Djibouti,2019,0.5872744
Djibouti,2020,0.4963889
Djibouti,2021,0.54924667
Djibouti,2022,0.5087695
Djibouti,2023,0.50081986
Dominica,1951,-0.5181238
Dominica,1952,-0.198284
Dominica,1953,-0.27399194
Dominica,1954,0.011260636
Dominica,1955,0.05122539
Dominica,1956,0.24581489
Dominica,1957,0.35136887
Dominica,1958,0.44829082
Dominica,1959,1.0674601
Dominica,1960,0.27292135
Dominica,1961,7.26529
Dominica,1962,2.3612325
Dominica,1963,1.2882595
Dominica,1964,0.66662914
Dominica,1965,8.07142
Dominica,1966,2.7598784
Dominica,1967,1.197097
Dominica,1968,0.63726515
Dominica,1969,0.33777046
Dominica,1970,0.30375072
Dominica,1971,0.12757735
Dominica,1972,0.062264875
Dominica,1973,0.02388526
Dominica,1974,0.21141338
Dominica,1975,0.04455741
Dominica,1976,-0.009161011
Dominica,1977,-0.061249733
Dominica,1978,0.282261
Dominica,1979,0.05074167
Dominica,1980,0.07773658
Dominica,1981,0.07533305
Dominica,1982,0.24509035
Dominica,1983,0.29937702
Dominica,1984,0.36267155
Dominica,1985,0.24216183
Dominica,1986,0.32901728
Dominica,1987,0.17753339
Dominica,1988,0.30526412
Dominica,1989,0.38403422
Dominica,1990,0.40589443
Dominica,1991,0.42789772
Dominica,1992,0.45107263
Dominica,1993,0.6567368
Dominica,1994,0.1746495
Dominica,1995,0.39204943
Dominica,1996,0.3506675
Dominica,1997,0.48184776
Dominica,1998,4.0029435
Dominica,1999,2.6884809
Dominica,2000,0.8806869
Dominica,2001,0.470246
Dominica,2002,0.19945386
Dominica,2003,0.36799392
Dominica,2004,0.7416745
Dominica,2005,0.8714159
Dominica,2006,1.6253546
Dominica,2007,1.2725921
Dominica,2008,1.2655045
Dominica,2009,-0.29326478
Dominica,2010,-0.30716553
Dominica,2011,-0.39332205
Dominica,2012,0.50799036
Dominica,2013,0.17459396
Dominica,2014,0.31775722
Dominica,2015,0.55594015
Dominica,2016,0.5887424
Dominica,2017,0.4724945
Dominica,2018,0.61622304
Dominica,2019,0.8698357
Dominica,2020,0.7410897
Dominica,2021,0.86614746
Dominica,2022,0.8693457
Dominica,2023,1.0424236
Dominican Republic,1870,13.5415945
Dominican Republic,1871,13.648102
Dominican Republic,1872,13.616206
Dominican Republic,1873,13.641125
Dominican Republic,1874,13.488398
Dominican Republic,1875,13.368979
Dominican Republic,1876,13.09155
Dominican Republic,1877,13.025441
Dominican Republic,1878,12.629371
Dominican Republic,1879,12.348274
Dominican Republic,1880,14.342882
Dominican Republic,1881,14.97601
Dominican Republic,1882,15.1452055
Dominican Republic,1883,15.0736265
Dominican Republic,1884,14.8539915
Dominican Republic,1885,14.7371645
Dominican Republic,1886,14.257509
Dominican Republic,1887,14.217943
Dominican Republic,1888,13.867493
Dominican Republic,1889,13.706963
Dominican Republic,1890,14.730527
Dominican Republic,1891,14.972425
Dominican Republic,1892,14.867056
Dominican Republic,1893,14.753789
Dominican Republic,1894,14.499942
Dominican Republic,1895,14.339371
Dominican Republic,1896,13.951184
Dominican Republic,1897,13.676017
Dominican Republic,1898,13.453652
Dominican Republic,1899,13.111102
Dominican Republic,1900,13.474103
Dominican Republic,1901,13.249237
Dominican Republic,1902,12.998246
Dominican Republic,1903,12.902399
Dominican Republic,1904,12.45252
Dominican Republic,1905,12.137872
Dominican Republic,1906,11.900003
Dominican Republic,1907,11.584583
Dominican Republic,1908,11.378311
Dominican Republic,1909,11.035701
Dominican Republic,1910,13.100943
Dominican Republic,1911,13.787122
Dominican Republic,1912,13.954733
Dominican Republic,1913,13.835287
Dominican Republic,1914,13.861374
Dominican Republic,1915,13.709563
Dominican Republic,1916,13.411953
Dominican Republic,1917,13.315076
Dominican Republic,1918,12.961873
Dominican Republic,1919,12.774529
Dominican Republic,1920,14.369392
Dominican Republic,1921,14.788676
Dominican Republic,1922,14.581388
Dominican Republic,1923,14.469485
Dominican Republic,1924,14.046835
Dominican Republic,1925,13.778911
Dominican Republic,1926,13.287785
Dominican Republic,1927,13.027839
Dominican Republic,1928,12.498628
Dominican Republic,1929,12.264646
Dominican Republic,1930,10.710523
Dominican Republic,1931,9.961608
Dominican Republic,1932,9.640696
Dominican Republic,1933,9.134163
Dominican Republic,1934,8.761685
Dominican Republic,1935,8.432563
Dominican Republic,1936,8.164866
Dominican Republic,1937,7.8968315
Dominican Republic,1938,7.8026257
Dominican Republic,1939,7.462783
Dominican Republic,1940,10.215103
Dominican Republic,1941,10.925161
Dominican Republic,1942,11.172848
Dominican Republic,1943,11.2515335
Dominican Republic,1944,11.012705
Dominican Republic,1945,10.790843
Dominican Republic,1946,10.685589
Dominican Republic,1947,10.321976
Dominican Republic,1948,10.027388
Dominican Republic,1949,9.74374
Dominican Republic,1950,8.297434
Dominican Republic,1951,8.12614
Dominican Republic,1952,8.090936
Dominican Republic,1953,7.903393
Dominican Republic,1954,8.026414
Dominican Republic,1955,8.076616
Dominican Republic,1956,8.089275
Dominican Republic,1957,8.290172
Dominican Republic,1958,8.228441
Dominican Republic,1959,31.889683
Dominican Republic,1960,13.416029
Dominican Republic,1961,9.149188
Dominican Republic,1962,7.235804
Dominican Republic,1963,6.2654676
Dominican Republic,1964,5.5462446
Dominican Republic,1965,4.93221
Dominican Republic,1966,4.4882617
Dominican Republic,1967,3.6874256
Dominican Republic,1968,5.7497544
Dominican Republic,1969,3.8610392
Dominican Republic,1970,3.4267626
Dominican Republic,1971,4.2819667
Dominican Republic,1972,5.3209205
Dominican Republic,1973,4.9115024
Dominican Republic,1974,5.2622924
Dominican Republic,1975,6.8438196
Dominican Republic,1976,5.889255
Dominican Republic,1977,5.0324774
Dominican Republic,1978,4.7620416
Dominican Republic,1979,5.012655
Dominican Republic,1980,3.4641724
Dominican Republic,1981,2.8548157
Dominican Republic,1982,2.2873497
Dominican Republic,1983,2.2383788
Dominican Republic,1984,1.9618546
Dominican Republic,1985,2.1221342
Dominican Republic,1986,1.9237993
Dominican Republic,1987,1.998642
Dominican Republic,1988,2.0745246
Dominican Republic,1989,1.1952416
Dominican Republic,1990,1.2051746
Dominican Republic,1991,1.316414
Dominican Republic,1992,1.4505997
Dominican Republic,1993,1.667065
Dominican Republic,1994,2.7640054
Dominican Republic,1995,2.777366
Dominican Republic,1996,1.9714476
Dominican Republic,1997,2.5088773
Dominican Republic,1998,2.050074
Dominican Republic,1999,3.4985325
Dominican Republic,2000,2.930815
Dominican Republic,2001,2.7942636
Dominican Republic,2002,2.1079257
Dominican Republic,2003,2.3010666
Dominican Republic,2004,1.8965623
Dominican Republic,2005,1.9384884
Dominican Republic,2006,2.1171808
Dominican Republic,2007,2.0398197
Dominican Republic,2008,2.2998967
Dominican Republic,2009,2.1465023
Dominican Republic,2010,2.1920848
Dominican Republic,2011,1.8543882
Dominican Republic,2012,1.987411
Dominican Republic,2013,2.0293624
Dominican Republic,2014,3.8450696
Dominican Republic,2015,2.8578906
Dominican Republic,2016,2.6302645
Dominican Republic,2017,2.4459767
Dominican Republic,2018,2.454796
Dominican Republic,2019,2.6366012
Dominican Republic,2020,2.4636726
Dominican Republic,2021,2.7749221
Dominican Republic,2022,2.7068193
Dominican Republic,2023,2.8168766
East Timor,1994,5.3637342
East Timor,1995,4.731975
East Timor,1996,3.8971596
East Timor,1997,2.7090774
East Timor,1998,3.414979
East Timor,1999,3.8940938
East Timor,2000,3.7699256
East Timor,2001,3.07243
East Timor,2002,2.6890283
East Timor,2003,2.6800094
East Timor,2004,2.7214863
East Timor,2005,2.2046702
East Timor,2006,2.0756345
East Timor,2007,3.081781
East Timor,2008,2.5966375
East Timor,2009,3.0817502
East Timor,2010,3.550014
East Timor,2011,2.8030856
East Timor,2012,2.905964
East Timor,2013,3.0205345
East Timor,2014,3.3777316
East Timor,2015,2.8289797
East Timor,2016,2.7089336
East Timor,2017,3.7841008
East Timor,2018,2.8618932
East Timor,2019,3.8930936
East Timor,2020,3.7609408
East Timor,2021,3.4990723
East Timor,2022,3.2534394
East Timor,2023,3.173118
Ecuador,1892,8.823804
Ecuador,1893,-3.2656848
Ecuador,1894,8.165424
Ecuador,1895,5.493411
Ecuador,1896,0.7889565
Ecuador,1897,8.017342
Ecuador,1898,8.501816
Ecuador,1899,13.75324
Ecuador,1900,7.177472
Ecuador,1901,5.74953
Ecuador,1902,16.538307
Ecuador,1903,12.003603
Ecuador,1904,11.936565
Ecuador,1905,18.076286
Ecuador,1906,7.9998355
Ecuador,1907,9.575845
Ecuador,1908,11.971672
Ecuador,1909,16.376558
Ecuador,1910,10.842271
Ecuador,1911,12.096739
Ecuador,1912,7.827323
Ecuador,1913,8.497959
Ecuador,1914,5.271389
Ecuador,1915,7.4808536
Ecuador,1916,2.8774831
Ecuador,1917,7.757086
Ecuador,1918,6.6888676
Ecuador,1919,10.04017
Ecuador,1920,4.107827
Ecuador,1921,7.6118593
Ecuador,1922,-0.52500904
Ecuador,1923,11.477982
Ecuador,1924,11.573917
Ecuador,1925,3.5253272
Ecuador,1926,5.4620123
Ecuador,1927,10.2893715
Ecuador,1928,8.219471
Ecuador,1929,-0.17602704
Ecuador,1930,9.272488
Ecuador,1931,20.274742
Ecuador,1932,25.160978
Ecuador,1933,26.994066
Ecuador,1934,22.411898
Ecuador,1935,25.028013
Ecuador,1936,27.55807
Ecuador,1937,26.016727
Ecuador,1938,23.585245
Ecuador,1939,18.205965
Ecuador,1940,21.743717
Ecuador,1941,18.913084
Ecuador,1942,23.856987
Ecuador,1943,22.547031
Ecuador,1944,20.745428
Ecuador,1945,14.686381
Ecuador,1946,16.067774
Ecuador,1947,14.57172
Ecuador,1948,15.70007
Ecuador,1949,13.789853
Ecuador,1950,14.241802
Ecuador,1951,15.806063
Ecuador,1952,17.288002
Ecuador,1953,14.655274
Ecuador,1954,12.773242
Ecuador,1955,15.402021
Ecuador,1956,14.443365
Ecuador,1957,13.189665
Ecuador,1958,14.390074
Ecuador,1959,14.601601
Ecuador,1960,23.469816
Ecuador,1961,12.756566
Ecuador,1962,9.705941
Ecuador,1963,7.8094487
Ecuador,1964,7.2457304
Ecuador,1965,5.5856047
Ecuador,1966,6.887913
Ecuador,1967,5.672989
Ecuador,1968,6.197245
Ecuador,1969,5.264799
Ecuador,1970,6.4846697
Ecuador,1971,6.964202
Ecuador,1972,5.9011354
Ecuador,1973,7.0820684
Ecuador,1974,10.010236
Ecuador,1975,8.304393
Ecuador,1976,10.838019
Ecuador,1977,8.075493
Ecuador,1978,8.60364
Ecuador,1979,11.253002
Ecuador,1980,12.285664
Ecuador,1981,10.498266
Ecuador,1982,9.326492
Ecuador,1983,10.509877
Ecuador,1984,11.905668
Ecuador,1985,10.273961
Ecuador,1986,8.188613
Ecuador,1987,6.2883086
Ecuador,1988,5.3668785
Ecuador,1989,6.526952
Ecuador,1990,5.754909
Ecuador,1991,5.5972056
Ecuador,1992,4.8066483
Ecuador,1993,7.07428
Ecuador,1994,4.1933327
Ecuador,1995,4.0332856
Ecuador,1996,5.091182
Ecuador,1997,4.6099997
Ecuador,1998,4.533195
Ecuador,1999,4.0122795
Ecuador,2000,2.4819162
Ecuador,2001,1.8997742
Ecuador,2002,1.6373968
Ecuador,2003,6.6160345
Ecuador,2004,2.853538
Ecuador,2005,2.388353
Ecuador,2006,2.5073054
Ecuador,2007,3.3348193
Ecuador,2008,2.6978087
Ecuador,2009,2.6128516
Ecuador,2010,2.7691119
Ecuador,2011,4.4005075
Ecuador,2012,4.2889867
Ecuador,2013,3.0091121
Ecuador,2014,5.925183
Ecuador,2015,3.1064408
Ecuador,2016,2.950153
Ecuador,2017,2.231106
Ecuador,2018,2.4343388
Ecuador,2019,3.8209066
Ecuador,2020,2.6459265
Ecuador,2021,2.703203
Ecuador,2022,3.029492
Ecuador,2023,3.155523
Egypt,1911,0.10819755
Egypt,1912,0.1122637
Egypt,1913,0.10575902
Egypt,1914,0.1253113
Egypt,1915,0.10408346
Egypt,1916,0.10825324
Egypt,1917,0.12479994
Egypt,1918,0.15707742
Egypt,1919,0.13940117
Egypt,1920,0.10126559
Egypt,1921,0.10463007
Egypt,1922,0.10356434
Egypt,1923,0.10324357
Egypt,1924,0.11163362
Egypt,1925,0.12278213
Egypt,1926,0.1285755
Egypt,1927,0.13873869
Egypt,1928,0.16764835
Egypt,1929,0.17829229
Egypt,1930,0.20157927
Egypt,1931,0.21050419
Egypt,1932,0.21393362
Egypt,1933,0.21417947
Egypt,1934,0.21586291
Egypt,1935,0.21501772
Egypt,1936,0.2175923
Egypt,1937,0.21830207
Egypt,1938,0.2331802
Egypt,1939,0.31851494
Egypt,1940,0.38881555
Egypt,1941,0.452982
Egypt,1942,0.44809884
Egypt,1943,0.46148598
Egypt,1944,0.47164762
Egypt,1945,0.46588534
Egypt,1946,0.45251974
Egypt,1947,0.45536226
Egypt,1948,0.5341285
Egypt,1949,0.58766955
Egypt,1950,0.717101
Egypt,1951,0.7306695
Egypt,1952,0.7358291
Egypt,1953,0.72163564
Egypt,1954,0.7517415
Egypt,1955,0.698332
Egypt,1956,0.65858126
Egypt,1957,0.7306545
Egypt,1958,0.79047203
Egypt,1959,0.74140084
Egypt,1960,0.8579088
Egypt,1961,0.80102104
Egypt,1962,0.80466306
Egypt,1963,0.88461804
Egypt,1964,1.1111727
Egypt,1965,1.1649079
Egypt,1966,1.043913
Egypt,1967,0.75941515
Egypt,1968,0.8366527
Egypt,1969,0.6988561
Egypt,1970,0.72681785
Egypt,1971,0.7355612
Egypt,1972,0.7765142
Egypt,1973,0.7006742
Egypt,1974,0.7352361
Egypt,1975,0.8131063
Egypt,1976,0.85288364
Egypt,1977,0.8944882
Egypt,1978,0.89167976
Egypt,1979,0.9670313
Egypt,1980,1.0158725
Egypt,1981,1.1124376
Egypt,1982,1.2027189
Egypt,1983,1.1962144
Egypt,1984,1.3139632
Egypt,1985,1.3020105
Egypt,1986,1.4480239
Egypt,1987,1.4225065
Egypt,1988,1.3682613
Egypt,1989,1.3173101
Egypt,1990,1.319879
Egypt,1991,1.4467816
Egypt,1992,1.4006146
Egypt,1993,1.5328522
Egypt,1994,1.5170499
Egypt,1995,1.5761738
Egypt,1996,1.5294659
Egypt,1997,1.6803691
Egypt,1998,1.8953582
Egypt,1999,1.8280344
Egypt,2000,2.0037081
Egypt,2001,1.7583944
Egypt,2002,1.7221888
Egypt,2003,1.9612349
Egypt,2004,1.9558916
Egypt,2005,2.1025655
Egypt,2006,2.1895955
Egypt,2007,2.2540584
Egypt,2008,2.350005
Egypt,2009,2.3906882
Egypt,2010,2.2938097
Egypt,2011,2.4015558
Egypt,2012,2.3162222
Egypt,2013,2.227623
Egypt,2014,2.3459842
Egypt,2015,2.2591565
Egypt,2016,2.3751633
Egypt,2017,2.5288522
Egypt,2018,2.3791103
Egypt,2019,2.428089
Egypt,2020,2.1785474
Egypt,2021,2.3775222
Egypt,2022,2.4342577
Egypt,2023,2.3753457
El Salvador,1870,6.6331816
El Salvador,1871,5.986742
El Salvador,1872,7.0323396
El Salvador,1873,5.75709
El Salvador,1874,7.5195246
El Salvador,1875,8.470755
El Salvador,1876,5.886892
El Salvador,1877,5.4692836
El Salvador,1878,5.443344
El Salvador,1879,5.7441573
El Salvador,1880,5.024485
El Salvador,1881,5.3476057
El Salvador,1882,6.147998
El Salvador,1883,4.8471756
El Salvador,1884,4.347629
El Salvador,1885,5.232382
El Salvador,1886,3.9294019
El Salvador,1887,4.513572
El Salvador,1888,6.5652075
El Salvador,1889,4.152505
El Salvador,1890,3.4524157
El Salvador,1891,3.315223
El Salvador,1892,3.6791534
El Salvador,1893,4.0073276
El Salvador,1894,2.99957
El Salvador,1895,3.4144702
El Salvador,1896,2.893368
El Salvador,1897,2.4926968
El Salvador,1898,3.6832798
El Salvador,1899,2.7363653
El Salvador,1900,3.8135629
El Salvador,1901,5.9875107
El Salvador,1902,6.522477
El Salvador,1903,7.036588
El Salvador,1904,6.147343
El Salvador,1905,7.179473
El Salvador,1906,7.515474
El Salvador,1907,6.6406717
El Salvador,1908,7.2322607
El Salvador,1909,6.518235
El Salvador,1910,6.1855817
El Salvador,1911,10.760663
El Salvador,1912,8.202302
El Salvador,1913,9.441593
El Salvador,1914,10.244902
El Salvador,1915,7.9884458
El Salvador,1916,9.202683
El Salvador,1917,7.6924295
El Salvador,1918,8.491215
El Salvador,1919,7.6775002
El Salvador,1920,6.062289
El Salvador,1921,4.043686
El Salvador,1922,2.9921608
El Salvador,1923,2.3582962
El Salvador,1924,2.0699568
El Salvador,1925,1.9557968
El Salvador,1926,1.5178467
El Salvador,1927,1.2723317
El Salvador,1928,1.235119
El Salvador,1929,1.1816444
El Salvador,1930,1.420678
El Salvador,1931,1.6609392
El Salvador,1932,2.7200854
El Salvador,1933,2.145561
El Salvador,1934,2.777588
El Salvador,1935,2.524055
El Salvador,1936,2.3319216
El Salvador,1937,2.3519838
El Salvador,1938,2.4018507
El Salvador,1939,2.3816216
El Salvador,1940,2.3309188
El Salvador,1941,2.35169
El Salvador,1942,2.3374376
El Salvador,1943,2.535632
El Salvador,1944,2.3197207
El Salvador,1945,2.183915
El Salvador,1946,2.196792
El Salvador,1947,2.4410713
El Salvador,1948,2.2342536
El Salvador,1949,2.0975676
El Salvador,1950,2.1927292
El Salvador,1951,2.1576064
El Salvador,1952,2.1650472
El Salvador,1953,2.3376231
El Salvador,1954,2.1819775
El Salvador,1955,2.1661422
El Salvador,1956,2.1328788
El Salvador,1957,2.1754713
El Salvador,1958,2.1182847
El Salvador,1959,2.479498
El Salvador,1960,1.8193189
El Salvador,1961,1.677064
El Salvador,1962,1.7056445
El Salvador,1963,1.6245025
El Salvador,1964,1.4917681
El Salvador,1965,1.2670537
El Salvador,1966,1.2508641
El Salvador,1967,0.98993605
El Salvador,1968,0.9188621
El Salvador,1969,0.850582
El Salvador,1970,1.618413
El Salvador,1971,1.2967712
El Salvador,1972,1.1958793
El Salvador,1973,1.1375945
El Salvador,1974,1.2042907
El Salvador,1975,1.4690276
El Salvador,1976,1.6756015
El Salvador,1977,2.2434313
El Salvador,1978,2.673222
El Salvador,1979,2.3921566
El Salvador,1980,1.5312247
El Salvador,1981,1.0834723
El Salvador,1982,0.9455548
El Salvador,1983,1.5895354
El Salvador,1984,1.0687094
El Salvador,1985,1.2517006
El Salvador,1986,0.9989699
El Salvador,1987,1.5992888
El Salvador,1988,1.1084551
El Salvador,1989,1.1191554
El Salvador,1990,1.1690692
El Salvador,1991,1.5019456
El Salvador,1992,1.4405882
El Salvador,1993,1.2581064
El Salvador,1994,1.2809156
El Salvador,1995,1.181595
El Salvador,1996,1.0419412
El Salvador,1997,1.6130615
El Salvador,1998,1.8067514
El Salvador,1999,1.4134948
El Salvador,2000,1.4003383
El Salvador,2001,1.3081483
El Salvador,2002,1.1509074
El Salvador,2003,1.3382008
El Salvador,2004,0.871052
El Salvador,2005,0.8262199
El Salvador,2006,1.2194993
El Salvador,2007,1.1105367
El Salvador,2008,0.9951116
El Salvador,2009,0.9203279
El Salvador,2010,0.96704924
El Salvador,2011,0.9414289
El Salvador,2012,0.9412491
El Salvador,2013,0.7922347
El Salvador,2014,0.9717801
El Salvador,2015,0.987093
El Salvador,2016,0.9764078
El Salvador,2017,0.89380646
El Salvador,2018,0.9402654
El Salvador,2019,1.1551441
El Salvador,2020,0.9838076
El Salvador,2021,1.1456476
El Salvador,2022,1.1776068
El Salvador,2023,1.2432424
Equatorial Guinea,1950,6.3542547
Equatorial Guinea,1951,16.970444
Equatorial Guinea,1952,3.375951
Equatorial Guinea,1953,1.4136634
Equatorial Guinea,1954,7.620609
Equatorial Guinea,1955,9.025697
Equatorial Guinea,1956,3.19588
Equatorial Guinea,1957,0.12027762
Equatorial Guinea,1958,7.4417124
Equatorial Guinea,1959,10.160139
Equatorial Guinea,1960,2.6282222
Equatorial Guinea,1961,0.76316947
Equatorial Guinea,1962,1.1390064
Equatorial Guinea,1963,-4.7108846
Equatorial Guinea,1964,10.54173
Equatorial Guinea,1965,0.983818
Equatorial Guinea,1966,-8.0687
Equatorial Guinea,1967,5.243218
Equatorial Guinea,1968,-1.464184
Equatorial Guinea,1969,4.408421
Equatorial Guinea,1970,-0.8584074
Equatorial Guinea,1971,1.2224004
Equatorial Guinea,1972,-0.8292394
Equatorial Guinea,1973,-1.6758249
Equatorial Guinea,1974,-3.169012
Equatorial Guinea,1975,3.215942
Equatorial Guinea,1976,-3.3402855
Equatorial Guinea,1977,3.855657
Equatorial Guinea,1978,-3.1612139
Equatorial Guinea,1979,0.047141578
Equatorial Guinea,1980,-7.3359475
Equatorial Guinea,1981,-0.082895376
Equatorial Guinea,1982,-3.0368621
Equatorial Guinea,1983,-4.311486
Equatorial Guinea,1984,-6.106047
Equatorial Guinea,1985,1.7213583
Equatorial Guinea,1986,-3.2746847
Equatorial Guinea,1987,0.11161636
Equatorial Guinea,1988,1.4434732
Equatorial Guinea,1989,1.1954322
Equatorial Guinea,1990,3.4912934
Equatorial Guinea,1991,-0.33456296
Equatorial Guinea,1992,-2.8933036
Equatorial Guinea,1993,-3.7124841
Equatorial Guinea,1994,3.2221854
Equatorial Guinea,1995,-0.03717108
Equatorial Guinea,1996,1.1898108
Equatorial Guinea,1997,6.5641675
Equatorial Guinea,1998,8.29843
Equatorial Guinea,1999,9.532912
Equatorial Guinea,2000,7.7962103
Equatorial Guinea,2001,7.224041
Equatorial Guinea,2002,3.4602025
Equatorial Guinea,2003,3.0640888
Equatorial Guinea,2004,8.331387
Equatorial Guinea,2005,7.177869
Equatorial Guinea,2006,8.401027
Equatorial Guinea,2007,6.9810038
Equatorial Guinea,2008,6.7232738
Equatorial Guinea,2009,5.1910067
Equatorial Guinea,2010,4.451801
Equatorial Guinea,2011,5.2926784
Equatorial Guinea,2012,6.0843673
Equatorial Guinea,2013,8.792662
Equatorial Guinea,2014,4.7731442
Equatorial Guinea,2015,6.9531198
Equatorial Guinea,2016,6.03862
Equatorial Guinea,2017,5.853426
Equatorial Guinea,2018,5.847118
Equatorial Guinea,2019,4.255017
Equatorial Guinea,2020,4.9329376
Equatorial Guinea,2021,5.5066605
Equatorial Guinea,2022,4.653026
Equatorial Guinea,2023,4.178937
Eritrea,1939,2.2444706
Eritrea,1940,4.2234397
Eritrea,1941,5.3662686
Eritrea,1942,5.9739428
Eritrea,1943,6.3482823
Eritrea,1944,6.5642605
Eritrea,1994,-1.1567243
Eritrea,1995,-1.5713698
Eritrea,1996,-0.67065126
Eritrea,1997,2.091319
Eritrea,1998,0.67053026
Eritrea,1999,1.8543816
Eritrea,2000,0.8862379
Eritrea,2001,0.4574625
Eritrea,2002,1.1889832
Eritrea,2003,0.8524147
Eritrea,2004,1.0032462
Eritrea,2005,1.7533212
Eritrea,2006,1.0251696
Eritrea,2007,0.70747346
Eritrea,2008,0.9169927
Eritrea,2009,0.6403351
Eritrea,2010,0.5243026
Eritrea,2011,0.43724516
Eritrea,2012,0.3686267
Eritrea,2013,0.31467724
Eritrea,2014,0.29067478
Eritrea,2015,0.9113364
Eritrea,2016,1.5208998
Eritrea,2017,1.7617295
Eritrea,2018,1.8673078
Eritrea,2019,2.0586092
Eritrea,2020,2.117373
Eritrea,2021,2.159827
Eritrea,2022,2.1320395
Eritrea,2023,2.1034687
Estonia,1850,30.381834
Estonia,1855,28.870174
Estonia,1858,28.319817
Estonia,1859,28.222633
Estonia,1860,22.32699
Estonia,1861,20.236212
Estonia,1862,19.169197
Estonia,1863,18.089254
Estonia,1864,17.061485
Estonia,1865,16.155842
Estonia,1866,15.518107
Estonia,1867,14.784632
Estonia,1868,13.944276
Estonia,1869,13.523073
Estonia,1870,12.994524
Estonia,1871,12.30427
Estonia,1872,11.502548
Estonia,1873,10.954294
Estonia,1874,10.717154
Estonia,1875,10.3530035
Estonia,1876,9.944517
Estonia,1877,9.457879
Estonia,1878,9.2567625
Estonia,1879,8.998228
Estonia,1880,8.683764
Estonia,1881,8.282071
Estonia,1882,8.080474
Estonia,1883,7.759252
Estonia,1884,7.453383
Estonia,1885,7.2735853
Estonia,1886,6.983264
Estonia,1887,6.833883
Estonia,1888,6.503336
Estonia,1889,6.3399105
Estonia,1890,6.3337436
Estonia,1891,6.0550137
Estonia,1892,5.486032
Estonia,1893,5.327105
Estonia,1894,5.4812794
Estonia,1895,5.2262034
Estonia,1896,5.025599
Estonia,1897,4.86041
Estonia,1898,4.8551774
Estonia,1899,4.87541
Estonia,1900,4.7935076
Estonia,1901,4.8625007
Estonia,1902,4.44465
Estonia,1903,4.450744
Estonia,1904,4.3439803
Estonia,1905,4.1747575
Estonia,1906,4.245531
Estonia,1907,4.091101
Estonia,1908,3.8974078
Estonia,1909,3.896061
Estonia,1910,3.830117
Estonia,1911,3.8216288
Estonia,1912,3.516836
Estonia,1913,3.700077
Estonia,1914,3.4799743
Estonia,1915,3.3267627
Estonia,1916,3.1493986
Estonia,1917,3.1842039
Estonia,1918,2.7037132
Estonia,1919,2.3371809
Estonia,1920,2.0826685
Estonia,1921,2.2466943
Estonia,1922,2.084638
Estonia,1923,2.3965096
Estonia,1924,2.2180717
Estonia,1925,2.1155086
Estonia,1926,2.2947931
Estonia,1927,2.3473134
Estonia,1928,2.5650299
Estonia,1929,2.381354
Estonia,1930,2.8451452
Estonia,1931,2.945272
Estonia,1932,3.146688
Estonia,1933,3.3494763
Estonia,1934,3.5751147
Estonia,1935,3.9200718
Estonia,1936,4.291003
Estonia,1937,4.2603235
Estonia,1938,4.474908
Estonia,1939,4.42776
Estonia,1940,4.8766365
Estonia,1941,4.023249
Estonia,1942,2.1918526
Estonia,1943,2.2295756
Estonia,1944,2.939241
Estonia,1945,2.9771786
Estonia,1946,3.201702
Estonia,1947,3.8453033
Estonia,1948,4.068705
Estonia,1949,4.40407
Estonia,1950,5.164888
Estonia,1951,5.705253
Estonia,1952,5.996939
Estonia,1953,6.1675396
Estonia,1954,6.442628
Estonia,1955,6.9173126
Estonia,1956,7.3036795
Estonia,1957,7.3331685
Estonia,1958,7.018007
Estonia,1959,4.178836
Estonia,1960,4.9156227
Estonia,1961,6.2445927
Estonia,1962,6.3132663
Estonia,1963,7.362067
Estonia,1964,8.405943
Estonia,1965,9.1639185
Estonia,1966,10.200881
Estonia,1967,11.131163
Estonia,1968,11.770554
Estonia,1969,12.472428
Estonia,1970,13.543779
Estonia,1971,14.485204
Estonia,1972,15.587048
Estonia,1973,16.63193
Estonia,1974,17.396849
Estonia,1975,18.275333
Estonia,1976,19.040892
Estonia,1977,19.909575
Estonia,1978,20.492336
Estonia,1979,20.750486
Estonia,1980,21.918037
Estonia,1981,21.33691
Estonia,1982,21.795969
Estonia,1983,22.010414
Estonia,1984,22.157593
Estonia,1985,24.04938
Estonia,1986,23.973513
Estonia,1987,23.250898
Estonia,1988,23.090384
Estonia,1989,23.671358
Estonia,1990,22.280146
Estonia,1991,20.990896
Estonia,1992,14.391032
Estonia,1993,9.251405
Estonia,1994,8.928483
Estonia,1995,8.629873
Estonia,1996,9.795628
Estonia,1997,10.849369
Estonia,1998,8.849836
Estonia,1999,9.1631155
Estonia,2000,6.006278
Estonia,2001,4.757545
Estonia,2002,8.803885
Estonia,2003,7.205338
Estonia,2004,12.553158
Estonia,2005,10.163852
Estonia,2006,9.796234
Estonia,2007,11.660041
Estonia,2008,11.13103
Estonia,2009,9.51241
Estonia,2010,12.096058
Estonia,2011,12.206021
Estonia,2012,11.781408
Estonia,2013,13.46775
Estonia,2014,13.690596
Estonia,2015,11.547847
Estonia,2016,11.94555
Estonia,2017,13.096682
Estonia,2018,12.584835
Estonia,2019,8.20109
Estonia,2020,6.0872383
Estonia,2021,6.9217157
Estonia,2022,7.892974
Estonia,2023,6.575193
Eswatini,1950,23.591833
Eswatini,1951,22.085854
Eswatini,1952,21.382902
Eswatini,1953,20.174644
Eswatini,1954,19.959543
Eswatini,1955,19.718689
Eswatini,1956,19.879145
Eswatini,1957,19.070906
Eswatini,1958,18.596643
Eswatini,1959,21.045622
Eswatini,1960,14.359435
Eswatini,1961,12.911702
Eswatini,1964,7.9890275
Eswatini,1965,9.094513
Eswatini,1966,8.351737
Eswatini,1967,6.2526603
Eswatini,1968,4.8659077
Eswatini,1969,4.2739096
Eswatini,1970,4.5062814
Eswatini,1971,7.8748937
Eswatini,1972,6.86971
Eswatini,1973,3.9124484
Eswatini,1974,3.343626
Eswatini,1975,2.5140758
Eswatini,1976,1.3915484
Eswatini,1977,7.3600082
Eswatini,1978,3.9176412
Eswatini,1979,2.3409371
Eswatini,1980,-2.2310164
Eswatini,1981,-0.39534864
Eswatini,1982,0.15492381
Eswatini,1983,4.0776787
Eswatini,1984,1.5354893
Eswatini,1985,3.159783
Eswatini,1986,3.98131
Eswatini,1987,3.968289
Eswatini,1988,4.736368
Eswatini,1989,3.2500865
Eswatini,1990,3.6391194
Eswatini,1991,2.9562855
Eswatini,1992,2.5956757
Eswatini,1993,2.2274764
Eswatini,1994,2.4771419
Eswatini,1995,2.3996327
Eswatini,1996,2.030558
Eswatini,1997,2.1619573
Eswatini,1998,1.9653021
Eswatini,1999,2.0739014
Eswatini,2000,1.9900507
Eswatini,2001,1.8787509
Eswatini,2002,1.7557634
Eswatini,2003,1.6539488
Eswatini,2004,1.6393272
Eswatini,2005,1.4336454
Eswatini,2006,1.4501303
Eswatini,2007,1.4527092
Eswatini,2008,1.3853406
Eswatini,2009,1.3942282
Eswatini,2010,1.3188637
Eswatini,2011,1.3534313
Eswatini,2012,1.3843958
Eswatini,2013,1.5532874
Eswatini,2014,0.8967007
Eswatini,2015,0.9586325
Eswatini,2016,1.3269238
Eswatini,2017,1.2948331
Eswatini,2018,1.3480998
Eswatini,2019,1.4663614
Eswatini,2020,1.1671321
Eswatini,2021,0.9756511
Eswatini,2022,0.981744
Eswatini,2023,0.9653209
Ethiopia,1941,2.8080645
Ethiopia,1942,2.8624492
Ethiopia,1943,2.8803365
Ethiopia,1948,3.0022378
Ethiopia,1949,3.0314674
Ethiopia,1950,5.7709126
Ethiopia,1951,5.5644217
Ethiopia,1952,5.1896873
Ethiopia,1953,5.117704
Ethiopia,1954,5.0786457
Ethiopia,1955,5.083612
Ethiopia,1956,5.141004
Ethiopia,1957,5.238696
Ethiopia,1958,5.405298
Ethiopia,1959,5.580366
Ethiopia,1960,5.6955194
Ethiopia,1961,6.189875
Ethiopia,1962,5.5339684
Ethiopia,1963,4.4012
Ethiopia,1964,4.9748588
Ethiopia,1965,4.5365543
Ethiopia,1966,4.1118107
Ethiopia,1967,3.9720666
Ethiopia,1968,4.209757
Ethiopia,1969,3.5048203
Ethiopia,1970,3.55728
Ethiopia,1971,3.5604324
Ethiopia,1972,2.9203475
Ethiopia,1973,2.5229015
Ethiopia,1974,2.2149374
Ethiopia,1975,1.9556788
Ethiopia,1976,1.7940422
Ethiopia,1977,1.6307758
Ethiopia,1978,1.5302926
Ethiopia,1979,1.2676129
Ethiopia,1980,0.9990223
Ethiopia,1981,0.7537377
Ethiopia,1982,0.5290925
Ethiopia,1983,0.22754604
Ethiopia,1984,0.07998648
Ethiopia,1985,-0.07517296
Ethiopia,1986,-0.22566529
Ethiopia,1987,-0.31061026
Ethiopia,1988,-0.40784845
Ethiopia,1989,-0.44337586
Ethiopia,1990,-0.44828707
Ethiopia,1991,-0.40755248
Ethiopia,1992,-0.5898872
Ethiopia,1993,-0.41099575
Ethiopia,1994,-0.37768632
Ethiopia,1995,-0.37619737
Ethiopia,1996,-0.04771303
Ethiopia,1997,-0.18417881
Ethiopia,1998,-0.118107066
Ethiopia,1999,-0.15056352
Ethiopia,2000,0.35992646
Ethiopia,2001,0.10009263
Ethiopia,2002,1.7525145
Ethiopia,2003,2.7078295
Ethiopia,2004,2.2631197
Ethiopia,2005,2.162972
Ethiopia,2006,2.1509068
Ethiopia,2007,1.4996376
Ethiopia,2008,1.5735998
Ethiopia,2009,1.6691854
Ethiopia,2010,1.5780268
Ethiopia,2011,1.1976557
Ethiopia,2012,1.0918903
Ethiopia,2013,1.0205722
Ethiopia,2014,0.9133357
Ethiopia,2015,1.4049404
Ethiopia,2016,1.87167
Ethiopia,2017,2.089912
Ethiopia,2018,2.095284
Ethiopia,2019,2.1881902
Ethiopia,2020,2.08824
Ethiopia,2021,2.0529602
Ethiopia,2022,1.9712971
Ethiopia,2023,1.8820322
Europe,1850,3.8733518
Europe,1851,1.3823866
Europe,1852,1.3719882
Europe,1853,1.3689862
Europe,1854,1.4699669
Europe,1855,4.057262
Europe,1856,1.454851
Europe,1857,1.4329649
Europe,1858,4.1398845
Europe,1859,4.111018
Europe,1860,4.169812
Europe,1861,4.550819
Europe,1862,4.5549893
Europe,1863,4.4867396
Europe,1864,4.472093
Europe,1865,4.53272
Europe,1866,4.633961
Europe,1867,4.5750203
Europe,1868,4.560277
Europe,1869,4.5631237
Europe,1870,4.896616
Europe,1871,4.749365
Europe,1872,5.1807985
Europe,1873,5.0145664
Europe,1874,5.214415
Europe,1875,5.359794
Europe,1876,5.2755713
Europe,1877,5.1820073
Europe,1878,5.1694336
Europe,1879,5.1534677
Europe,1880,5.566116
Europe,1881,5.5572696
Europe,1882,5.7523894
Europe,1883,5.5537567
Europe,1884,5.901637
Europe,1885,5.8996735
Europe,1886,5.570625
Europe,1887,5.790737
Europe,1888,5.7399607
Europe,1889,5.881509
Europe,1890,6.346086
Europe,1891,6.564475
Europe,1892,6.5320177
Europe,1893,6.540471
Europe,1894,6.6759686
Europe,1895,6.6328454
Europe,1896,6.540025
Europe,1897,6.790824
Europe,1898,6.833299
Europe,1899,6.9339795
Europe,1900,7.3988023
Europe,1901,7.374547
Europe,1902,7.5575843
Europe,1903,7.6308017
Europe,1904,7.730328
Europe,1905,7.9499307
Europe,1906,8.072922
Europe,1907,8.211481
Europe,1908,8.334251
Europe,1909,8.393214
Europe,1910,7.5768228
Europe,1911,7.2037716
Europe,1912,6.9184413
Europe,1913,6.9250627
Europe,1914,6.254157
Europe,1915,5.8506556
Europe,1916,5.920311
Europe,1917,5.662052
Europe,1918,5.1990695
Europe,1919,4.705329
Europe,1920,5.420012
Europe,1921,5.4133167
Europe,1922,5.6474113
Europe,1923,5.60446
Europe,1924,6.0973988
Europe,1925,5.8847513
Europe,1926,5.4061723
Europe,1927,6.235556
Europe,1928,6.2311563
Europe,1929,6.461554
Europe,1930,6.5500035
Europe,1931,6.5983334
Europe,1932,6.41798
Europe,1933,6.5073786
Europe,1934,6.899976
Europe,1935,6.971381
Europe,1936,7.2940764
Europe,1937,7.664029
Europe,1938,7.672607
Europe,1939,7.7124705
Europe,1940,6.95607
Europe,1941,6.4204865
Europe,1942,5.7620926
Europe,1943,5.529275
Europe,1944,5.149115
Europe,1945,3.690774
Europe,1946,4.1835256
Europe,1947,4.472231
Europe,1948,4.451443
Europe,1949,4.5786796
Europe,1950,5.2334886
Europe,1951,5.8067846
Europe,1952,6.0656734
Europe,1953,6.2640033
Europe,1954,6.6668043
Europe,1955,7.1735454
Europe,1956,7.5429783
Europe,1957,7.79507
Europe,1958,7.446819
Europe,1959,8.373772
Europe,1960,7.980137
Europe,1961,8.318389
Europe,1962,7.9305096
Europe,1963,8.153068
Europe,1964,8.338102
Europe,1965,8.440156
Europe,1966,8.636064
Europe,1967,8.729834
Europe,1968,9.108085
Europe,1969,9.360014
Europe,1970,10.001467
Europe,1971,9.936679
Europe,1972,10.128743
Europe,1973,10.6666355
Europe,1974,10.515566
Europe,1975,10.472022
Europe,1976,11.061984
Europe,1977,11.111957
Europe,1978,11.375104
Europe,1979,11.486096
Europe,1980,11.667046
Europe,1981,11.082112
Europe,1982,10.857192
Europe,1983,10.894658
Europe,1984,10.926755
Europe,1985,11.342845
Europe,1986,11.322373
Europe,1987,11.325806
Europe,1988,11.320689
Europe,1989,11.108192
Europe,1990,11.359406
Europe,1991,10.98119
Europe,1992,9.846194
Europe,1993,9.286454
Europe,1994,8.82573
Europe,1995,8.649509
Europe,1996,9.373035
Europe,1997,8.517118
Europe,1998,8.412425
Europe,1999,8.365975
Europe,2000,8.182257
Europe,2001,8.2051525
Europe,2002,8.133666
Europe,2003,8.429949
Europe,2004,8.5384445
Europe,2005,8.457801
Europe,2006,8.616209
Europe,2007,8.682472
Europe,2008,8.500599
Europe,2009,8.01869
Europe,2010,8.55155
Europe,2011,8.071675
Europe,2012,8.4133625
Europe,2013,7.970147
Europe,2014,7.4737334
Europe,2015,7.8890023
Europe,2016,7.8571587
Europe,2017,7.867986
Europe,2018,7.891483
Europe,2019,7.367556
Europe,2020,6.916987
Europe,2021,7.331591
Europe,2022,7.339639
Europe,2023,7.039306
Europe (excl. EU-27),1850,8.281925
Europe (excl. EU-27),1851,1.4206312
Europe (excl. EU-27),1852,1.3728076
Europe (excl. EU-27),1853,1.3456833
Europe (excl. EU-27),1854,1.5706359
Europe (excl. EU-27),1855,8.591655
Europe (excl. EU-27),1856,1.5023779
Europe (excl. EU-27),1857,1.45046
Europe (excl. EU-27),1858,8.561626
Europe (excl. EU-27),1859,8.538654
Europe (excl. EU-27),1860,8.130805
Europe (excl. EU-27),1861,9.21294
Europe (excl. EU-27),1862,9.195783
Europe (excl. EU-27),1863,9.015811
Europe (excl. EU-27),1864,8.929273
Europe (excl. EU-27),1865,9.042733
Europe (excl. EU-27),1866,9.347972
Europe (excl. EU-27),1867,8.930733
Europe (excl. EU-27),1868,8.873149
Europe (excl. EU-27),1869,8.855957
Europe (excl. EU-27),1870,9.703854
Europe (excl. EU-27),1871,9.154406
Europe (excl. EU-27),1872,10.15532
Europe (excl. EU-27),1873,9.546671
Europe (excl. EU-27),1874,10.400313
Europe (excl. EU-27),1875,10.522612
Europe (excl. EU-27),1876,10.319418
Europe (excl. EU-27),1877,10.129822
Europe (excl. EU-27),1878,10.045546
Europe (excl. EU-27),1879,9.801199
Europe (excl. EU-27),1880,10.705941
Europe (excl. EU-27),1881,10.658337
Europe (excl. EU-27),1882,11.11229
Europe (excl. EU-27),1883,10.306623
Europe (excl. EU-27),1884,11.427989
Europe (excl. EU-27),1885,11.337416
Europe (excl. EU-27),1886,10.537356
Europe (excl. EU-27),1887,10.984696
Europe (excl. EU-27),1888,10.555188
Europe (excl. EU-27),1889,10.935272
Europe (excl. EU-27),1890,11.967134
Europe (excl. EU-27),1891,12.461228
Europe (excl. EU-27),1892,12.329518
Europe (excl. EU-27),1893,12.330236
Europe (excl. EU-27),1894,12.565307
Europe (excl. EU-27),1895,12.378635
Europe (excl. EU-27),1896,11.937975
Europe (excl. EU-27),1897,12.44627
Europe (excl. EU-27),1898,12.427959
Europe (excl. EU-27),1899,12.541315
Europe (excl. EU-27),1900,13.452812
Europe (excl. EU-27),1901,13.441702
Europe (excl. EU-27),1902,14.06287
Europe (excl. EU-27),1903,13.985026
Europe (excl. EU-27),1904,14.18877
Europe (excl. EU-27),1905,14.604859
Europe (excl. EU-27),1906,14.881397
Europe (excl. EU-27),1907,14.571703
Europe (excl. EU-27),1908,14.761781
Europe (excl. EU-27),1909,15.010189
Europe (excl. EU-27),1910,12.8970995
Europe (excl. EU-27),1911,11.852477
Europe (excl. EU-27),1912,10.817444
Europe (excl. EU-27),1913,10.28352
Europe (excl. EU-27),1914,9.6161175
Europe (excl. EU-27),1915,9.058027
Europe (excl. EU-27),1916,8.996021
Europe (excl. EU-27),1917,8.394035
Europe (excl. EU-27),1918,7.4826307
Europe (excl. EU-27),1919,7.2964325
Europe (excl. EU-27),1920,7.9684606
Europe (excl. EU-27),1921,7.65216
Europe (excl. EU-27),1922,8.039945
Europe (excl. EU-27),1923,8.461189
Europe (excl. EU-27),1924,8.838274
Europe (excl. EU-27),1925,8.21723
Europe (excl. EU-27),1926,7.187918
Europe (excl. EU-27),1927,8.741964
Europe (excl. EU-27),1928,8.606811
Europe (excl. EU-27),1929,8.656842
Europe (excl. EU-27),1930,9.756937
Europe (excl. EU-27),1931,10.628784
Europe (excl. EU-27),1932,10.864693
Europe (excl. EU-27),1933,11.03764
Europe (excl. EU-27),1934,11.780394
Europe (excl. EU-27),1935,11.798531
Europe (excl. EU-27),1936,12.499051
Europe (excl. EU-27),1937,12.862682
Europe (excl. EU-27),1938,12.844297
Europe (excl. EU-27),1939,12.849712
Europe (excl. EU-27),1940,10.854761
Europe (excl. EU-27),1941,9.744644
Europe (excl. EU-27),1942,8.004139
Europe (excl. EU-27),1943,7.282359
Europe (excl. EU-27),1944,7.2746677
Europe (excl. EU-27),1945,6.67724
Europe (excl. EU-27),1946,6.271441
Europe (excl. EU-27),1947,6.363516
Europe (excl. EU-27),1948,5.879467
Europe (excl. EU-27),1949,5.6803374
Europe (excl. EU-27),1950,6.8599076
Europe (excl. EU-27),1951,7.7029448
Europe (excl. EU-27),1952,8.011001
Europe (excl. EU-27),1953,8.513173
Europe (excl. EU-27),1954,9.198898
Europe (excl. EU-27),1955,9.9533
Europe (excl. EU-27),1956,10.435236
Europe (excl. EU-27),1957,10.892583
Europe (excl. EU-27),1958,10.262149
Europe (excl. EU-27),1959,12.645813
Europe (excl. EU-27),1960,11.166919
Europe (excl. EU-27),1961,11.691602
Europe (excl. EU-27),1962,10.280805
Europe (excl. EU-27),1963,10.35591
Europe (excl. EU-27),1964,10.39615
Europe (excl. EU-27),1965,10.619511
Europe (excl. EU-27),1966,10.796499
Europe (excl. EU-27),1967,10.911647
Europe (excl. EU-27),1968,11.143729
Europe (excl. EU-27),1969,11.301443
Europe (excl. EU-27),1970,12.416183
Europe (excl. EU-27),1971,12.082152
Europe (excl. EU-27),1972,12.22251
Europe (excl. EU-27),1973,12.939363
Europe (excl. EU-27),1974,12.751203
Europe (excl. EU-27),1975,12.923654
Europe (excl. EU-27),1976,13.441499
Europe (excl. EU-27),1977,13.714146
Europe (excl. EU-27),1978,13.989354
Europe (excl. EU-27),1979,13.940146
Europe (excl. EU-27),1980,14.566979
Europe (excl. EU-27),1981,13.932714
Europe (excl. EU-27),1982,13.7372055
Europe (excl. EU-27),1983,13.918121
Europe (excl. EU-27),1984,13.920523
Europe (excl. EU-27),1985,14.717633
Europe (excl. EU-27),1986,14.702067
Europe (excl. EU-27),1987,14.666928
Europe (excl. EU-27),1988,14.812818
Europe (excl. EU-27),1989,14.186054
Europe (excl. EU-27),1990,14.791001
Europe (excl. EU-27),1991,14.093688
Europe (excl. EU-27),1992,11.861835
Europe (excl. EU-27),1993,10.78088
Europe (excl. EU-27),1994,9.82252
Europe (excl. EU-27),1995,9.228791
Europe (excl. EU-27),1996,10.712042
Europe (excl. EU-27),1997,8.904475
Europe (excl. EU-27),1998,8.531238
Europe (excl. EU-27),1999,8.706444
Europe (excl. EU-27),2000,8.468991
Europe (excl. EU-27),2001,8.473943
Europe (excl. EU-27),2002,8.306491
Europe (excl. EU-27),2003,8.766215
Europe (excl. EU-27),2004,8.993399
Europe (excl. EU-27),2005,8.92592
Europe (excl. EU-27),2006,9.421835
Europe (excl. EU-27),2007,9.465
Europe (excl. EU-27),2008,9.455162
Europe (excl. EU-27),2009,9.212965
Europe (excl. EU-27),2010,10.275208
Europe (excl. EU-27),2011,9.319072
Europe (excl. EU-27),2012,10.431423
Europe (excl. EU-27),2013,9.668778
Europe (excl. EU-27),2014,8.881595
Europe (excl. EU-27),2015,9.738168
Europe (excl. EU-27),2016,9.674817
Europe (excl. EU-27),2017,9.544182
Europe (excl. EU-27),2018,9.691548
Europe (excl. EU-27),2019,9.044063
Europe (excl. EU-27),2020,8.891781
Europe (excl. EU-27),2021,9.352313
Europe (excl. EU-27),2022,9.624028
Europe (excl. EU-27),2023,9.692252
Europe (excl. EU-28),1850,9.672676
Europe (excl. EU-28),1851,0.21034454
Europe (excl. EU-28),1852,0.20821525
Europe (excl. EU-28),1853,0.20702489
Europe (excl. EU-28),1854,0.20583576
Europe (excl. EU-28),1855,10.163311
Europe (excl. EU-28),1856,0.20308176
Europe (excl. EU-28),1857,0.20201908
Europe (excl. EU-28),1858,10.161608
Europe (excl. EU-28),1859,9.960153
Europe (excl. EU-28),1860,9.015192
Europe (excl. EU-28),1861,10.351449
Europe (excl. EU-28),1862,10.31013
Europe (excl. EU-28),1863,9.840753
Europe (excl. EU-28),1864,9.4878645
Europe (excl. EU-28),1865,9.4619875
Europe (excl. EU-28),1866,9.762149
Europe (excl. EU-28),1867,9.091568
Europe (excl. EU-28),1868,9.06845
Europe (excl. EU-28),1869,8.948236
Europe (excl. EU-28),1870,10.097108
Europe (excl. EU-28),1871,9.238835
Europe (excl. EU-28),1872,10.541947
Europe (excl. EU-28),1873,9.603899
Europe (excl. EU-28),1874,10.892516
Europe (excl. EU-28),1875,10.951119
Europe (excl. EU-28),1876,10.74694
Europe (excl. EU-28),1877,10.4638195
Europe (excl. EU-28),1878,10.447259
Europe (excl. EU-28),1879,10.133839
Europe (excl. EU-28),1880,11.105428
Europe (excl. EU-28),1881,10.955061
Europe (excl. EU-28),1882,11.56795
Europe (excl. EU-28),1883,10.328416
Europe (excl. EU-28),1884,12.016239
Europe (excl. EU-28),1885,11.983702
Europe (excl. EU-28),1886,10.926871
Europe (excl. EU-28),1887,11.482814
Europe (excl. EU-28),1888,10.779232
Europe (excl. EU-28),1889,11.238678
Europe (excl. EU-28),1890,12.592793
Europe (excl. EU-28),1891,13.246127
Europe (excl. EU-28),1892,13.191966
Europe (excl. EU-28),1893,13.5730505
Europe (excl. EU-28),1894,13.4526825
Europe (excl. EU-28),1895,13.207627
Europe (excl. EU-28),1896,12.555396
Europe (excl. EU-28),1897,13.1951275
Europe (excl. EU-28),1898,13.203254
Europe (excl. EU-28),1899,13.140135
Europe (excl. EU-28),1900,14.353342
Europe (excl. EU-28),1901,14.473313
Europe (excl. EU-28),1902,15.233199
Europe (excl. EU-28),1903,15.146729
Europe (excl. EU-28),1904,15.422635
Europe (excl. EU-28),1905,15.964875
Europe (excl. EU-28),1906,16.256416
Europe (excl. EU-28),1907,15.708126
Europe (excl. EU-28),1908,16.105688
Europe (excl. EU-28),1909,16.449383
Europe (excl. EU-28),1910,13.529346
Europe (excl. EU-28),1911,11.985347
Europe (excl. EU-28),1912,10.834074
Europe (excl. EU-28),1913,9.750801
Europe (excl. EU-28),1914,8.975334
Europe (excl. EU-28),1915,8.182999
Europe (excl. EU-28),1916,7.993946
Europe (excl. EU-28),1917,7.2450986
Europe (excl. EU-28),1918,6.3127165
Europe (excl. EU-28),1919,6.1894555
Europe (excl. EU-28),1920,6.981054
Europe (excl. EU-28),1921,7.694353
Europe (excl. EU-28),1922,7.427867
Europe (excl. EU-28),1923,7.8176336
Europe (excl. EU-28),1924,8.175915
Europe (excl. EU-28),1925,7.5411425
Europe (excl. EU-28),1926,7.639634
Europe (excl. EU-28),1927,8.107458
Europe (excl. EU-28),1928,8.115118
Europe (excl. EU-28),1929,8.004365
Europe (excl. EU-28),1930,9.609029
Europe (excl. EU-28),1931,10.985772
Europe (excl. EU-28),1932,11.412996
Europe (excl. EU-28),1933,11.655278
Europe (excl. EU-28),1934,12.422321
Europe (excl. EU-28),1935,12.42174
Europe (excl. EU-28),1936,13.189302
Europe (excl. EU-28),1937,13.573683
Europe (excl. EU-28),1938,13.676334
Europe (excl. EU-28),1939,13.689662
Europe (excl. EU-28),1940,10.900734
Europe (excl. EU-28),1941,9.452605
Europe (excl. EU-28),1942,7.226347
Europe (excl. EU-28),1943,6.306287
Europe (excl. EU-28),1944,6.312092
Europe (excl. EU-28),1945,5.7750406
Europe (excl. EU-28),1946,5.1935744
Europe (excl. EU-28),1947,5.1951485
Europe (excl. EU-28),1948,4.470598
Europe (excl. EU-28),1949,4.2009816
Europe (excl. EU-28),1950,5.825225
Europe (excl. EU-28),1951,6.684019
Europe (excl. EU-28),1952,7.188734
Europe (excl. EU-28),1953,7.78761
Europe (excl. EU-28),1954,8.620181
Europe (excl. EU-28),1955,9.463677
Europe (excl. EU-28),1956,10.110357
Europe (excl. EU-28),1957,10.724155
Europe (excl. EU-28),1958,10.019393
Europe (excl. EU-28),1959,13.067292
Europe (excl. EU-28),1960,11.063366
Europe (excl. EU-28),1961,11.726176
Europe (excl. EU-28),1962,9.952466
Europe (excl. EU-28),1963,10.023682
Europe (excl. EU-28),1964,10.08363
Europe (excl. EU-28),1965,10.325486
Europe (excl. EU-28),1966,10.586826
Europe (excl. EU-28),1967,10.881276
Europe (excl. EU-28),1968,11.127862
Europe (excl. EU-28),1969,11.273787
Europe (excl. EU-28),1970,12.567628
Europe (excl. EU-28),1971,12.128091
Europe (excl. EU-28),1972,12.373413
Europe (excl. EU-28),1973,13.226692
Europe (excl. EU-28),1974,13.183045
Europe (excl. EU-28),1975,13.456621
Europe (excl. EU-28),1976,14.119447
Europe (excl. EU-28),1977,14.428443
Europe (excl. EU-28),1978,14.7642355
Europe (excl. EU-28),1979,14.517942
Europe (excl. EU-28),1980,15.594325
Europe (excl. EU-28),1981,14.882508
Europe (excl. EU-28),1982,14.688772
Europe (excl. EU-28),1983,14.914696
Europe (excl. EU-28),1984,14.977851
Europe (excl. EU-28),1985,15.847637
Europe (excl. EU-28),1986,15.791283
Europe (excl. EU-28),1987,15.65748
Europe (excl. EU-28),1988,15.899249
Europe (excl. EU-28),1989,15.0962
Europe (excl. EU-28),1990,15.7712345
Europe (excl. EU-28),1991,14.895809
Europe (excl. EU-28),1992,12.265712
Europe (excl. EU-28),1993,10.991902
Europe (excl. EU-28),1994,9.820308
Europe (excl. EU-28),1995,9.078493
Europe (excl. EU-28),1996,10.81049
Europe (excl. EU-28),1997,8.70552
Europe (excl. EU-28),1998,8.270896
Europe (excl. EU-28),1999,8.526011
Europe (excl. EU-28),2000,8.1812105
Europe (excl. EU-28),2001,8.160208
Europe (excl. EU-28),2002,8.025149
Europe (excl. EU-28),2003,8.550607
Europe (excl. EU-28),2004,8.83006
Europe (excl. EU-28),2005,8.618036
Europe (excl. EU-28),2006,9.358831
Europe (excl. EU-28),2007,9.48455
Europe (excl. EU-28),2008,9.583702
Europe (excl. EU-28),2009,9.527674
Europe (excl. EU-28),2010,10.821836
Europe (excl. EU-28),2011,9.792904
Europe (excl. EU-28),2012,11.122768
Europe (excl. EU-28),2013,10.216686
Europe (excl. EU-28),2014,9.413176
Europe (excl. EU-28),2015,10.562244
Europe (excl. EU-28),2016,10.602185
Europe (excl. EU-28),2017,10.5275545
Europe (excl. EU-28),2018,10.742941
Europe (excl. EU-28),2019,10.021797
Europe (excl. EU-28),2020,10.011526
Europe (excl. EU-28),2021,10.5415
Europe (excl. EU-28),2022,11.065935
Europe (excl. EU-28),2023,11.23693
European Union (27),1850,1.5930598
European Union (27),1851,1.3625674
European Union (27),1852,1.3715627
European Union (27),1853,1.3811202
European Union (27),1854,1.417416
European Union (27),1855,1.6843123
European Union (27),1856,1.4299176
European Union (27),1857,1.4237641
European Union (27),1858,1.8087583
European Union (27),1859,1.7711741
European Union (27),1860,2.0714936
European Union (27),1861,2.0753937
European Union (27),1862,2.085151
European Union (27),1863,2.070826
European Union (27),1864,2.0890975
European Union (27),1865,2.116001
European Union (27),1866,2.102221
European Union (27),1867,2.230453
European Union (27),1868,2.23358
European Union (27),1869,2.2421093
European Union (27),1870,2.2916064
European Union (27),1871,2.3585303
European Union (27),1872,2.4751592
European Union (27),1873,2.544402
European Union (27),1874,2.3820467
European Union (27),1875,2.534235
European Union (27),1876,2.5094998
European Union (27),1877,2.4631224
European Union (27),1878,2.484587
European Union (27),1879,2.589547
European Union (27),1880,2.7254984
European Union (27),1881,2.7335982
European Union (27),1882,2.7808456
European Union (27),1883,2.9149733
European Union (27),1884,2.829071
European Union (27),1885,2.8721507
European Union (27),1886,2.8015325
European Union (27),1887,2.8910253
European Union (27),1888,3.0480886
European Union (27),1889,3.0521963
European Union (27),1890,3.1940155
European Union (27),1891,3.2527232
European Union (27),1892,3.2703888
European Union (27),1893,3.2772443
European Union (27),1894,3.35063
European Union (27),1895,3.382776
European Union (27),1896,3.4813337
European Union (27),1897,3.5806518
European Union (27),1898,3.652177
European Union (27),1899,3.7408614
European Union (27),1900,3.9465368
European Union (27),1901,3.9114802
European Union (27),1902,3.8412778
European Union (27),1903,3.9984527
European Union (27),1904,4.036096
European Union (27),1905,4.1410017
European Union (27),1906,4.173812
European Union (27),1907,4.5670266
European Union (27),1908,4.6492114
European Union (27),1909,4.5915194
European Union (27),1910,4.5085726
European Union (27),1911,4.5095677
European Union (27),1912,4.6434007
European Union (27),1913,4.9491453
European Union (27),1914,4.259814
European Union (27),1915,3.9319518
European Union (27),1916,4.06447
European Union (27),1917,3.9992557
European Union (27),1918,3.796926
European Union (27),1919,3.1037993
European Union (27),1920,3.8382082
European Union (27),1921,4.020823
European Union (27),1922,4.1595306
European Union (27),1923,3.8314884
European Union (27),1924,4.399755
European Union (27),1925,4.443045
European Union (27),1926,4.30709
European Union (27),1927,4.6924806
European Union (27),1928,4.7714496
European Union (27),1929,5.1142583
European Union (27),1930,4.5823927
European Union (27),1931,4.124933
European Union (27),1932,3.6860764
European Union (27),1933,3.7188716
European Union (27),1934,3.8902137
European Union (27),1935,3.9887478
European Union (27),1936,4.071765
European Union (27),1937,4.43939
European Union (27),1938,4.4582224
European Union (27),1939,4.5124474
European Union (27),1940,4.518273
European Union (27),1941,4.3321166
European Union (27),1942,4.3452363
European Union (27),1943,4.414075
European Union (27),1944,3.7884657
European Union (27),1945,1.764191
European Union (27),1946,2.823083
European Union (27),1947,3.2291698
European Union (27),1948,3.5071113
European Union (27),1949,3.8463783
European Union (27),1950,4.1380596
European Union (27),1951,4.5244827
European Union (27),1952,4.7448926
European Union (27),1953,4.730968
European Union (27),1954,4.933961
European Union (27),1955,5.2626295
European Union (27),1956,5.5448103
European Union (27),1957,5.6445956
European Union (27),1958,5.4834623
European Union (27),1959,5.3822803
European Union (27),1960,5.739568
European Union (27),1961,5.936315
European Union (27),1962,6.2648396
European Union (27),1963,6.5881333
European Union (27),1964,6.8740497
European Union (27),1965,6.8891954
European Union (27),1966,7.09853
European Union (27),1967,7.176749
European Union (27),1968,7.659364
European Union (27),1969,7.979943
European Union (27),1970,8.2863865
European Union (27),1971,8.414033
European Union (27),1972,8.644701
European Union (27),1973,9.057763
European Union (27),1974,8.9343
European Union (27),1975,8.737602
European Union (27),1976,9.377723
European Union (27),1977,9.269677
European Union (27),1978,9.523518
European Union (27),1979,9.747581
European Union (27),1980,9.613408
European Union (27),1981,9.063125
European Union (27),1982,8.814317
European Union (27),1983,8.743752
European Union (27),1984,8.789139
European Union (27),1985,8.92467
European Union (27),1986,8.891892
European Union (27),1987,8.914013
European Union (27),1988,8.792199
European Union (27),1989,8.876525
European Union (27),1990,8.870368
European Union (27),1991,8.724345
European Union (27),1992,8.3911
European Union (27),1993,8.213735
European Union (27),1994,8.112487
European Union (27),1995,8.235849
European Union (27),1996,8.418646
European Union (27),1997,8.241693
European Union (27),1998,8.328098
European Union (27),1999,8.1250725
European Union (27),2000,7.980313
European Union (27),2001,8.016807
European Union (27),2002,8.013101
European Union (27),2003,8.196454
European Union (27),2004,8.224448
European Union (27),2005,8.136567
European Union (27),2006,8.065675
European Union (27),2007,8.149475
European Union (27),2008,7.852478
European Union (27),2009,7.209216
European Union (27),2010,7.3845
European Union (27),2011,7.2275615
European Union (27),2012,7.046926
European Union (27),2013,6.818627
European Union (27),2014,6.518574
European Union (27),2015,6.6343403
European Union (27),2016,6.623455
European Union (27),2017,6.729834
European Union (27),2018,6.6700473
European Union (27),2019,6.231832
European Union (27),2020,5.582063
European Union (27),2021,5.969128
European Union (27),2022,5.819709
European Union (27),2023,5.2972336
European Union (28),1850,2.0060723
European Union (28),1851,1.7610027
European Union (28),1852,1.7491685
European Union (28),1853,1.7467908
European Union (28),1854,1.882306
European Union (28),1855,2.059232
European Union (28),1856,1.8657528
European Union (28),1857,1.8383027
European Union (28),1858,2.1507866
European Union (28),1859,2.173291
European Union (28),1860,2.5601318
European Union (28),1861,2.6190772
European Union (28),1862,2.633937
European Union (28),1863,2.6957827
European Union (28),1864,2.7907279
European Union (28),1865,2.8768709
European Union (28),1866,2.9076755
European Union (28),1867,3.0514534
European Union (28),1868,3.036373
European Union (28),1869,3.0778985
European Union (28),1870,3.1317866
European Union (28),1871,3.2243857
European Union (28),1872,3.3567886
European Union (28),1873,3.4508035
European Union (28),1874,3.2767878
European Union (28),1875,3.4489682
European Union (28),1876,3.4030144
European Union (28),1877,3.3717182
European Union (28),1878,3.3579268
European Union (28),1879,3.4415388
European Union (28),1880,3.6589692
European Union (28),1881,3.6961322
European Union (28),1882,3.7439785
European Union (28),1883,3.9020996
European Union (28),1884,3.783005
European Union (28),1885,3.7882218
European Union (28),1886,3.7087686
European Union (28),1887,3.8090036
European Union (28),1888,3.9827495
European Union (28),1889,4.010482
European Union (28),1890,4.160624
European Union (28),1891,4.2234306
European Union (28),1892,4.194857
European Union (28),1893,4.068585
European Union (28),1894,4.2902393
European Union (28),1895,4.314581
European Union (28),1896,4.4157276
European Union (28),1897,4.525719
European Union (28),1898,4.576942
European Union (28),1899,4.732639
European Union (28),1900,4.9286404
European Union (28),1901,4.8508167
European Union (28),1902,4.826228
European Union (28),1903,4.954138
European Union (28),1904,4.988711
European Union (28),1905,5.091138
European Union (28),1906,5.151818
European Union (28),1907,5.533599
European Union (28),1908,5.556225
European Union (28),1909,5.5064836
European Union (28),1910,5.4348726
European Union (28),1911,5.4739823
European Union (28),1912,5.4914284
European Union (28),1913,5.885946
European Union (28),1914,5.2444835
European Union (28),1915,4.9773455
European Union (28),1916,5.136644
European Union (28),1917,5.0581884
European Union (28),1918,4.770236
European Union (28),1919,4.129237
European Union (28),1920,4.8101363
European Union (28),1921,4.5177374
European Union (28),1922,4.945883
European Union (28),1923,4.7303743
European Union (28),1924,5.2745805
European Union (28),1925,5.2275596
European Union (28),1926,4.518009
European Union (28),1927,5.489466
European Union (28),1928,5.4785695
European Union (28),1929,5.843758
European Union (28),1930,5.321704
European Union (28),1931,4.8321424
European Union (28),1932,4.4013653
European Union (28),1933,4.4226065
European Union (28),1934,4.6566215
European Union (28),1935,4.750367
European Union (28),1936,4.884266
European Union (28),1937,5.24076
European Union (28),1938,5.202892
European Union (28),1939,5.2451677
European Union (28),1940,5.3195953
European Union (28),1941,5.155318
European Union (28),1942,5.1468735
European Union (28),1943,5.2002993
European Union (28),1944,4.653091
European Union (28),1945,2.7941134
European Union (28),1946,3.7443776
European Union (28),1947,4.1549425
European Union (28),1948,4.4429755
European Union (28),1949,4.7467313
European Union (28),1950,4.9661584
European Union (28),1951,5.407902
European Union (28),1952,5.551453
European Union (28),1953,5.56188
European Union (28),1954,5.7605734
European Union (28),1955,6.1032453
European Union (28),1956,6.3337336
European Union (28),1957,6.4049296
European Union (28),1958,6.217085
European Union (28),1959,6.11566
European Union (28),1960,6.4877696
European Union (28),1961,6.6587367
European Union (28),1962,6.9409714
European Union (28),1963,7.234381
European Union (28),1964,7.478815
European Union (28),1965,7.510973
European Union (28),1966,7.6738515
European Union (28),1967,7.667612
European Union (28),1968,8.110289
European Union (28),1969,8.414677
European Union (28),1970,8.733983
European Union (28),1971,8.8544235
European Union (28),1972,9.020265
European Union (28),1973,9.402006
European Union (28),1974,9.1965065
European Union (28),1975,8.992848
European Union (28),1976,9.542843
European Union (28),1977,9.460355
European Union (28),1978,9.683527
European Union (28),1979,9.970226
European Union (28),1980,9.701409
European Union (28),1981,9.176664
European Union (28),1982,8.929972
European Union (28),1983,8.863755
European Union (28),1984,8.87055
European Union (28),1985,9.046542
European Union (28),1986,9.033955
European Union (28),1987,9.096926
European Union (28),1988,8.955285
European Union (28),1989,9.043639
European Union (28),1990,9.07414
European Union (28),1991,8.954207
European Union (28),1992,8.599909
European Union (28),1993,8.413971
European Union (28),1994,8.318891
European Union (28),1995,8.431527
European Union (28),1996,8.644736
European Union (28),1997,8.421997
European Union (28),1998,8.483641
European Union (28),1999,8.285847
European Union (28),2000,8.182777
European Union (28),2001,8.227356
European Union (28),2002,8.18696
European Union (28),2003,8.37106
European Union (28),2004,8.397307
European Union (28),2005,8.38091
European Union (28),2006,8.262372
European Union (28),2007,8.302597
European Union (28),2008,7.9905376
European Union (28),2009,7.3110266
European Union (28),2010,7.490735
European Union (28),2011,7.269901
European Union (28),2012,7.153236
European Union (28),2013,6.9261227
European Union (28),2014,6.5737233
European Union (28),2015,6.6512423
European Union (28),2016,6.58847
European Union (28),2017,6.6407733
European Union (28),2018,6.579119
European Union (28),2019,6.150261
European Union (28),2020,5.5032454
European Union (28),2021,5.8729553
European Union (28),2022,5.6782303
European Union (28),2023,5.2025847
Fiji,1950,3.5704582
Fiji,1951,3.967713
Fiji,1952,7.176537
Fiji,1953,-0.48813063
Fiji,1954,2.295467
Fiji,1955,3.4320283
Fiji,1956,4.712105
Fiji,1957,5.116486
Fiji,1958,2.9949157
Fiji,1959,3.6987448
Fiji,1960,2.8767529
Fiji,1961,2.7207267
Fiji,1962,2.381217
Fiji,1963,1.8486606
Fiji,1964,1.8974311
Fiji,1965,1.4671053
Fiji,1966,0.8532733
Fiji,1967,0.8448312
Fiji,1968,2.9476678
Fiji,1969,1.477568
Fiji,1970,1.3585154
Fiji,1971,2.9246354
Fiji,1972,2.5515144
Fiji,1973,1.6329329
Fiji,1974,3.9066734
Fiji,1975,4.6087327
Fiji,1976,3.7617452
Fiji,1977,4.7553983
Fiji,1978,1.9885689
Fiji,1979,1.776688
Fiji,1980,3.2666242
Fiji,1981,3.9897995
Fiji,1982,3.980253
Fiji,1983,3.5849094
Fiji,1984,3.6062052
Fiji,1985,2.9244018
Fiji,1986,3.4380555
Fiji,1987,4.0637536
Fiji,1988,4.448333
Fiji,1989,5.1057763
Fiji,1990,4.1847367
Fiji,1991,2.667659
Fiji,1992,2.639219
Fiji,1993,1.9401122
Fiji,1994,1.6642809
Fiji,1995,1.5274535
Fiji,1996,1.3010834
Fiji,1997,1.0416541
Fiji,1998,1.1530482
Fiji,1999,1.038296
Fiji,2000,0.8712047
Fiji,2001,0.9495516
Fiji,2002,0.5407081
Fiji,2003,0.6776828
Fiji,2004,0.91369516
Fiji,2005,0.69390094
Fiji,2006,-0.29610258
Fiji,2007,0.83042705
Fiji,2008,0.058609474
Fiji,2009,-0.005815916
Fiji,2010,0.633892
Fiji,2011,0.4131794
Fiji,2012,0.38207045
Fiji,2013,0.9234854
Fiji,2014,0.6976241
Fiji,2015,1.1280419
Fiji,2016,0.8245089
Fiji,2017,1.0151922
Fiji,2018,1.0488632
Fiji,2019,1.07443
Fiji,2020,0.5222157
Fiji,2021,0.5378072
Fiji,2022,1.4812075
Fiji,2023,1.5124987
Finland,1860,11.052515
Finland,1861,11.170459
Finland,1862,10.611194
Finland,1863,11.273583
Finland,1864,11.241362
Finland,1865,10.877689
Finland,1866,10.913106
Finland,1867,11.544803
Finland,1868,11.625138
Finland,1869,11.125321
Finland,1870,11.520641
Finland,1871,11.302176
Finland,1872,11.744714
Finland,1873,11.45776
Finland,1874,11.061119
Finland,1875,11.658064
Finland,1876,11.19714
Finland,1877,11.243465
Finland,1878,11.40562
Finland,1879,10.751194
Finland,1880,11.614255
Finland,1881,11.040533
Finland,1882,11.539587
Finland,1883,11.528727
Finland,1884,11.174238
Finland,1885,11.570612
Finland,1886,11.449797
Finland,1887,11.719194
Finland,1888,11.723582
Finland,1889,11.689225
Finland,1890,11.533707
Finland,1891,11.070904
Finland,1892,11.472898
Finland,1893,11.55736
Finland,1894,11.621671
Finland,1895,11.808222
Finland,1896,11.272187
Finland,1897,11.548095
Finland,1898,11.974642
Finland,1899,11.913591
Finland,1900,11.6467905
Finland,1901,11.891107
Finland,1902,12.113597
Finland,1903,12.351013
Finland,1904,12.978979
Finland,1905,12.748546
Finland,1906,13.046393
Finland,1907,13.167999
Finland,1908,13.083673
Finland,1909,13.241504
Finland,1910,13.210437
Finland,1911,12.901645
Finland,1912,12.591045
Finland,1913,12.976828
Finland,1914,13.224357
Finland,1915,13.804517
Finland,1916,14.681713
Finland,1917,14.801009
Finland,1918,14.972843
Finland,1919,15.130885
Finland,1920,14.66416
Finland,1921,13.881714
Finland,1922,14.198242
Finland,1923,14.009988
Finland,1924,13.550214
Finland,1925,12.944363
Finland,1926,11.852974
Finland,1927,10.628122
Finland,1928,9.895274
Finland,1929,9.132445
Finland,1930,7.9833207
Finland,1931,7.1382256
Finland,1932,6.7528434
Finland,1933,6.460254
Finland,1934,6.164715
Finland,1935,5.7982693
Finland,1936,5.8352337
Finland,1937,6.012991
Finland,1938,5.458513
Finland,1939,5.054221
Finland,1940,4.4679947
Finland,1941,4.6004047
Finland,1942,4.4507627
Finland,1943,4.661888
Finland,1944,4.275374
Finland,1945,3.6792672
Finland,1946,4.3211393
Finland,1947,4.7803845
Finland,1948,5.5268073
Finland,1949,4.5085454
Finland,1950,5.031651
Finland,1951,5.5279727
Finland,1952,5.7422943
Finland,1953,5.418833
Finland,1954,5.754296
Finland,1955,6.084072
Finland,1956,6.350771
Finland,1957,6.237908
Finland,1958,5.847991
Finland,1959,7.073958
Finland,1960,6.9954667
Finland,1961,7.0095296
Finland,1962,7.3477044
Finland,1963,7.7727685
Finland,1964,8.494531
Finland,1965,8.92566
Finland,1966,9.737029
Finland,1967,9.05372
Finland,1968,9.717081
Finland,1969,10.578306
Finland,1970,11.035251
Finland,1971,10.638071
Finland,1972,11.486272
Finland,1973,12.660657
Finland,1974,11.794499
Finland,1975,11.406044
Finland,1976,12.115472
Finland,1977,11.598333
Finland,1978,12.010462
Finland,1979,12.551868
Finland,1980,13.367203
Finland,1981,11.851854
Finland,1982,9.8783
Finland,1983,9.547096
Finland,1984,9.49518
Finland,1985,10.936539
Finland,1986,11.99486
Finland,1987,12.664792
Finland,1988,11.8706875
Finland,1989,11.948723
Finland,1990,13.251496
Finland,1991,12.078916
Finland,1992,11.774469
Finland,1993,12.870937
Finland,1994,13.200505
Finland,1995,12.543995
Finland,1996,13.696551
Finland,1997,14.037466
Finland,1998,13.463212
Finland,1999,13.623861
Finland,2000,13.15813
Finland,2001,14.3738985
Finland,2002,15.135686
Finland,2003,16.70953
Finland,2004,16.114798
Finland,2005,14.0733385
Finland,2006,15.72287
Finland,2007,15.609969
Finland,2008,13.83153
Finland,2009,13.008935
Finland,2010,14.609575
Finland,2011,13.225222
Finland,2012,12.126507
Finland,2013,12.5799055
Finland,2014,11.896794
Finland,2015,11.40959
Finland,2016,12.014713
Finland,2017,11.971867
Finland,2018,12.285395
Finland,2019,11.770708
Finland,2020,10.848009
Finland,2021,11.226209
Finland,2022,11.093974
Finland,2023,10.304916
France,1850,1.6903
France,1851,1.5394671
France,1852,1.48236
France,1853,1.4849175
France,1854,1.5256603
France,1855,1.5456374
France,1856,1.5051943
France,1857,1.4479727
France,1858,1.3712174
France,1859,1.296259
France,1860,1.3532997
France,1861,1.3739427
France,1862,1.3840547
France,1863,1.339101
France,1864,1.3673469
France,1865,1.3904995
France,1866,1.4369804
France,1867,1.481182
France,1868,1.4700408
France,1869,1.4868479
France,1870,1.3325319
France,1871,1.3265791
France,1872,1.6185895
France,1873,1.7419777
France,1874,1.6760151
France,1875,1.7420026
France,1876,1.736006
France,1877,1.6906337
France,1878,1.7215408
France,1879,1.7565907
France,1880,1.9736383
France,1881,1.9842124
France,1882,2.0633357
France,1883,2.129202
France,1884,2.0139344
France,1885,1.907707
France,1886,1.8423163
France,1887,1.983617
France,1888,2.0371065
France,1889,2.0806456
France,1890,2.2633817
France,1891,2.2266057
France,1892,2.1915934
France,1893,2.0966601
France,1894,2.2131722
France,1895,2.2004719
France,1896,2.2454164
France,1897,2.3303144
France,1898,2.3914628
France,1899,2.4799414
France,1900,2.7061176
France,1901,2.56219
France,1902,2.3762095
France,1903,2.6490498
France,1904,2.5376287
France,1905,2.5634136
France,1906,2.771053
France,1907,2.9689028
France,1908,2.9679167
France,1909,3.035709
France,1910,2.8895726
France,1911,2.9344866
France,1912,2.85901
France,1913,3.0611649
France,1914,1.6197832
France,1915,1.1274571
France,1916,1.195356
France,1917,1.3820578
France,1918,0.97911704
France,1919,1.0617361
France,1920,2.1137483
France,1921,1.8617592
France,1922,2.5802228
France,1923,3.1635785
France,1924,3.7685559
France,1925,3.9934614
France,1926,4.047342
France,1927,4.0474076
France,1928,4.0512
France,1929,4.647068
France,1930,4.6456504
France,1931,4.0965133
France,1932,3.4477773
France,1933,3.6228268
France,1934,3.654706
France,1935,3.486722
France,1936,3.5380158
France,1937,4.0047283
France,1938,3.6088173
France,1939,3.3975947
France,1940,2.0065072
France,1941,1.5860386
France,1942,1.6631949
France,1943,1.7545453
France,1944,0.6524083
France,1945,1.3258386
France,1946,2.7407024
France,1947,3.1951783
France,1948,3.5069828
France,1949,4.3055873
France,1950,3.6855526
France,1951,4.3742833
France,1952,4.4427123
France,1953,4.247197
France,1954,4.600307
France,1955,4.942666
France,1956,5.655018
France,1957,5.9324193
France,1958,5.7391458
France,1959,5.0467343
France,1960,5.687162
France,1961,6.035061
France,1962,6.308615
France,1963,6.2159467
France,1964,6.7428174
France,1965,6.4881816
France,1966,6.7523465
France,1967,7.0487585
France,1968,7.3304954
France,1969,7.5934453
France,1970,8.008112
France,1971,8.515995
France,1972,8.90291
France,1973,9.46229
France,1974,9.100061
France,1975,8.221104
France,1976,9.0136175
France,1977,8.801844
France,1978,9.108097
France,1979,9.129998
France,1980,8.753103
France,1981,7.8091016
France,1982,7.39451
France,1983,7.128706
France,1984,6.920436
France,1985,6.7838445
France,1986,6.564444
France,1987,6.3082
France,1988,6.3828745
France,1989,6.7095995
France,1990,6.663457
France,1991,7.1034503
France,1992,6.9966073
France,1993,6.5607924
France,1994,6.403505
France,1995,6.4325314
France,1996,6.6832323
France,1997,6.5000596
France,1998,6.788375
France,1999,6.6766095
France,2000,6.51307
France,2001,6.4863353
France,2002,6.343169
France,2003,6.4175043
France,2004,6.358487
France,2005,6.3545885
France,2006,6.1730657
France,2007,5.9275885
France,2008,5.7499113
France,2009,5.433764
France,2010,5.487033
France,2011,5.1337276
France,2012,5.1934114
France,2013,5.2429347
France,2014,4.734758
France,2015,4.8875084
France,2016,4.8515983
France,2017,5.2862077
France,2018,4.625339
France,2019,4.4446673
France,2020,3.9151256
France,2021,4.2642684
France,2022,4.054825
France,2023,3.717341
Gabon,1950,29.145674
Gabon,1951,28.204002
Gabon,1952,17.036755
Gabon,1953,14.912298
Gabon,1954,17.292032
Gabon,1955,18.356142
Gabon,1956,16.182425
Gabon,1957,12.169172
Gabon,1958,17.92869
Gabon,1959,24.03732
Gabon,1960,13.953701
Gabon,1961,18.622074
Gabon,1962,22.336157
Gabon,1963,21.04545
Gabon,1964,33.87283
Gabon,1965,28.712198
Gabon,1966,19.779137
Gabon,1967,29.593872
Gabon,1968,29.07296
Gabon,1969,31.674026
Gabon,1970,28.808249
Gabon,1971,33.775284
Gabon,1972,34.034534
Gabon,1973,38.24559
Gabon,1974,34.573494
Gabon,1975,45.60175
Gabon,1976,43.012253
Gabon,1977,43.249622
Gabon,1978,32.08653
Gabon,1979,24.917192
Gabon,1980,17.251415
Gabon,1981,18.047583
Gabon,1982,16.071983
Gabon,1983,11.7174225
Gabon,1984,11.186466
Gabon,1985,15.394205
Gabon,1986,9.77454
Gabon,1987,9.101894
Gabon,1988,9.734997
Gabon,1989,11.668879
Gabon,1990,12.357544
Gabon,1991,10.058755
Gabon,1992,8.767448
Gabon,1993,10.392855
Gabon,1994,14.847674
Gabon,1995,10.26114
Gabon,1996,12.515394
Gabon,1997,19.48009
Gabon,1998,21.350206
Gabon,1999,20.417515
Gabon,2000,16.71687
Gabon,2001,16.284254
Gabon,2002,12.170823
Gabon,2003,12.324358
Gabon,2004,11.613023
Gabon,2005,10.784057
Gabon,2006,11.3740425
Gabon,2007,11.595431
Gabon,2008,11.093679
Gabon,2009,8.999248
Gabon,2010,8.321592
Gabon,2011,8.175519
Gabon,2012,8.92724
Gabon,2013,9.886265
Gabon,2014,5.303324
Gabon,2015,9.411029
Gabon,2016,6.9280868
Gabon,2017,8.499779
Gabon,2018,6.3036766
Gabon,2019,4.4864416
Gabon,2020,5.0852103
Gabon,2021,5.6870303
Gabon,2022,5.3316016
Gabon,2023,5.1216187
Gambia,1950,6.5652947
Gambia,1951,5.838397
Gambia,1952,3.7307045
Gambia,1953,3.0601215
Gambia,1954,3.093782
Gambia,1955,2.8375337
Gambia,1956,2.5411508
Gambia,1957,2.2140107
Gambia,1958,1.7989124
Gambia,1959,1.2973802
Gambia,1960,0.9796319
Gambia,1961,0.9387244
Gambia,1962,1.3972224
Gambia,1963,1.0033311
Gambia,1964,1.4165429
Gambia,1965,0.93748003
Gambia,1966,1.404526
Gambia,1967,1.6693074
Gambia,1968,0.7327541
Gambia,1969,0.5079538
Gambia,1970,0.88918394
Gambia,1971,1.1766148
Gambia,1972,1.5353125
Gambia,1973,4.11695
Gambia,1974,1.9415262
Gambia,1975,1.1905452
Gambia,1976,1.0697528
Gambia,1977,1.3025608
Gambia,1978,0.52356195
Gambia,1979,0.15447834
Gambia,1980,1.6421666
Gambia,1981,2.1873715
Gambia,1982,0.78011703
Gambia,1983,0.0973098
Gambia,1984,-0.003639201
Gambia,1985,0.504529
Gambia,1986,0.6001108
Gambia,1987,1.101767
Gambia,1988,0.30135444
Gambia,1989,0.39465165
Gambia,1990,0.5022871
Gambia,1991,-0.26756102
Gambia,1992,-0.33536357
Gambia,1993,0.6684366
Gambia,1994,0.35911998
Gambia,1995,0.38785383
Gambia,1996,0.4045875
Gambia,1997,0.30823216
Gambia,1998,1.6108905
Gambia,1999,1.0471736
Gambia,2000,0.78364146
Gambia,2001,0.7230323
Gambia,2002,0.68500704
Gambia,2003,0.7369225
Gambia,2004,0.75291204
Gambia,2005,0.56331897
Gambia,2006,0.8354043
Gambia,2007,2.9824235
Gambia,2008,2.8534477
Gambia,2009,1.9952879
Gambia,2010,1.2494547
Gambia,2011,0.8755424
Gambia,2012,0.74670106
Gambia,2013,0.5460188
Gambia,2014,0.7399145
Gambia,2015,0.57352865
Gambia,2016,0.38566276
Gambia,2017,0.35080996
Gambia,2018,0.35450765
Gambia,2019,0.35652786
Gambia,2020,0.33312082
Gambia,2021,0.30391985
Gambia,2022,0.28232786
Gambia,2023,0.25242847
Georgia,1850,6.5232296
Georgia,1855,6.0214987
Georgia,1858,5.8372498
Georgia,1859,5.8067765
Georgia,1860,5.7206016
Georgia,1861,5.569556
Georgia,1862,5.5322394
Georgia,1863,5.447202
Georgia,1864,5.427473
Georgia,1865,5.481404
Georgia,1866,5.302336
Georgia,1867,5.3060474
Georgia,1868,5.2591677
Georgia,1869,5.219824
Georgia,1870,5.0440555
Georgia,1871,5.018464
Georgia,1872,4.91578
Georgia,1873,4.9253006
Georgia,1874,4.802007
Georgia,1875,4.797511
Georgia,1876,4.7342453
Georgia,1877,4.7369337
Georgia,1878,4.7183433
Georgia,1879,4.6457157
Georgia,1880,4.4882846
Georgia,1881,4.429444
Georgia,1882,4.312214
Georgia,1883,4.272764
Georgia,1884,4.192254
Georgia,1885,4.20327
Georgia,1886,4.1399546
Georgia,1887,4.1626368
Georgia,1888,4.083479
Georgia,1889,4.0164065
Georgia,1890,3.8013868
Georgia,1891,3.6708806
Georgia,1892,3.5948799
Georgia,1893,3.551833
Georgia,1894,3.4149883
Georgia,1895,3.465976
Georgia,1896,3.436048
Georgia,1897,3.2667801
Georgia,1898,3.408255
Georgia,1899,3.2462237
Georgia,1900,3.2040331
Georgia,1901,3.1448283
Georgia,1902,2.9657276
Georgia,1903,2.921188
Georgia,1904,2.9446616
Georgia,1905,2.8312552
Georgia,1906,2.811135
Georgia,1907,2.809802
Georgia,1908,2.7695146
Georgia,1909,2.7176309
Georgia,1910,2.152952
Georgia,1911,2.0111928
Georgia,1912,1.9458747
Georgia,1913,1.8158119
Georgia,1914,1.6498964
Georgia,1915,1.6004966
Georgia,1916,1.6261057
Georgia,1917,1.5268452
Georgia,1918,1.3652285
Georgia,1919,1.2991363
Georgia,1920,1.1254079
Georgia,1921,0.8908395
Georgia,1922,0.8105532
Georgia,1923,0.735377
Georgia,1924,0.6461542
Georgia,1925,0.584819
Georgia,1926,0.5759368
Georgia,1927,0.60212475
Georgia,1928,0.50612277
Georgia,1929,0.48828208
Georgia,1930,2.3332064
Georgia,1931,2.8823268
Georgia,1932,3.2292295
Georgia,1933,3.6715102
Georgia,1934,3.9080229
Georgia,1935,4.1216593
Georgia,1936,4.3248835
Georgia,1937,4.4692106
Georgia,1938,4.475262
Georgia,1939,4.4388604
Georgia,1940,2.4261487
Georgia,1941,1.3644902
Georgia,1942,0.3118933
Georgia,1943,-0.37845093
Georgia,1944,-0.93761677
Georgia,1945,-1.4936763
Georgia,1946,-1.9803547
Georgia,1947,-2.3493025
Georgia,1948,-2.7946956
Georgia,1949,-3.0964832
Georgia,1950,-3.2832663
Georgia,1951,-3.4520864
Georgia,1952,-3.6237965
Georgia,1953,-3.8560436
Georgia,1954,-4.0841737
Georgia,1955,-4.241206
Georgia,1956,-4.567341
Georgia,1957,-4.8962116
Georgia,1958,-5.3123093
Georgia,1959,-6.0095587
Georgia,1960,-5.502523
Georgia,1961,-4.6658616
Georgia,1962,-4.4668555
Georgia,1963,-4.0893006
Georgia,1964,-3.6865454
Georgia,1965,-3.3380523
Georgia,1966,-2.9896197
Georgia,1967,-2.6710348
Georgia,1968,-2.2852595
Georgia,1969,-2.091462
Georgia,1970,-1.5089794
Georgia,1971,-1.3810248
Georgia,1972,-1.1553408
Georgia,1973,-0.88649863
Georgia,1974,-0.6508124
Georgia,1975,-0.40877768
Georgia,1976,-0.17737864
Georgia,1977,-0.015543464
Georgia,1978,0.19336124
Georgia,1979,0.30566183
Georgia,1980,0.8108863
Georgia,1981,0.6112216
Georgia,1982,0.76944685
Georgia,1983,0.88315517
Georgia,1984,0.97363585
Georgia,1985,1.2553871
Georgia,1986,1.2752153
Georgia,1987,1.3389716
Georgia,1988,1.4721888
Georgia,1989,1.4931952
Georgia,1990,1.501045
Georgia,1991,1.6803433
Georgia,1992,1.407048
Georgia,1993,0.4306249
Georgia,1994,-0.4726536
Georgia,1995,-1.2996291
Georgia,1996,-0.7818866
Georgia,1997,-0.55809987
Georgia,1998,-0.54783314
Georgia,1999,-0.6426992
Georgia,2000,-0.55020994
Georgia,2001,-0.6474825
Georgia,2002,2.1419706
Georgia,2003,-1.9520748
Georgia,2004,-1.5105433
Georgia,2005,-1.5028341
Georgia,2006,-1.2325206
Georgia,2007,-1.1806333
Georgia,2008,-1.3147923
Georgia,2009,-1.2034206
Georgia,2010,-1.1563253
Georgia,2011,-0.6781141
Georgia,2012,0.33544323
Georgia,2013,-0.4318129
Georgia,2014,-0.12598042
Georgia,2015,-0.059156563
Georgia,2016,0.0427844
Georgia,2017,0.0324731
Georgia,2018,0.058158025
Georgia,2019,0.4289492
Georgia,2020,0.72888976
Georgia,2021,0.78734213
Georgia,2022,0.94162744
Georgia,2023,1.0717895
Germany,1850,1.19655
Germany,1851,1.2003729
Germany,1852,1.2573771
Germany,1853,1.2852101
Germany,1854,1.3631855
Germany,1855,1.4458913
Germany,1856,1.4989376
Germany,1857,1.5250762
Germany,1858,1.5728033
Germany,1859,1.5003165
Germany,1860,1.5950259
Germany,1861,1.7047088
Germany,1862,1.7903541
Germany,1863,1.8606005
Germany,1864,2.036522
Germany,1865,2.1929598
Germany,1866,2.1489086
Germany,1867,2.3073301
Germany,1868,2.4059067
Germany,1869,2.4639838
Germany,1870,2.411848
Germany,1871,2.6072488
Germany,1872,2.7596605
Germany,1873,2.8844562
Germany,1874,2.2062767
Germany,1875,2.8887188
Germany,1876,2.9085472
Germany,1877,2.8211517
Germany,1878,2.864034
Germany,1879,2.975358
Germany,1880,3.2451267
Germany,1881,3.4131353
Germany,1882,3.5737345
Germany,1883,3.7287424
Germany,1884,3.7815638
Germany,1885,3.8165336
Germany,1886,3.806964
Germany,1887,3.932945
Germany,1888,4.2148743
Germany,1889,4.4273553
Germany,1890,4.581102
Germany,1891,4.803465
Germany,1892,4.64549
Germany,1893,4.706811
Germany,1894,4.824692
Germany,1895,4.9300957
Germany,1896,5.2175274
Germany,1897,5.472827
Germany,1898,5.6198
Germany,1899,5.8746467
Germany,1900,6.389758
Germany,1901,6.303158
Germany,1902,6.112885
Germany,1903,6.470005
Germany,1904,6.6072726
Germany,1905,6.958611
Germany,1906,6.5298905
Germany,1907,7.7474155
Germany,1908,7.707097
Germany,1909,7.610622
Germany,1910,7.380899
Germany,1911,7.5079603
Germany,1912,8.077028
Germany,1913,8.616922
Germany,1914,8.016049
Germany,1915,7.4593077
Germany,1916,8.042076
Germany,1917,8.408186
Germany,1918,8.087319
Germany,1919,6.2312145
Germany,1920,6.9198303
Germany,1921,7.6144304
Germany,1922,7.2943683
Germany,1923,5.330686
Germany,1924,7.1443553
Germany,1925,7.21159
Germany,1926,6.477715
Germany,1927,7.46523
Germany,1928,7.7900443
Germany,1929,8.253523
Germany,1930,7.0718145
Germany,1931,5.8962855
Germany,1932,5.3125043
Germany,1933,5.536684
Germany,1934,6.140963
Germany,1935,6.7195306
Germany,1936,7.350701
Germany,1937,8.20854
Germany,1938,8.698019
Germany,1939,9.309973
Germany,1940,9.303609
Germany,1941,9.362218
Germany,1942,9.453473
Germany,1943,9.630445
Germany,1944,8.528586
Germany,1945,1.7475299
Germany,1946,3.9216568
Germany,1947,4.574029
Germany,1948,5.424089
Germany,1949,6.1888657
Germany,1950,7.270933
Germany,1951,8.110599
Germany,1952,8.486892
Germany,1953,8.548901
Germany,1954,8.934974
Germany,1955,9.7179985
Germany,1956,10.188716
Germany,1957,10.205296
Germany,1958,9.723653
Germany,1959,9.572289
Germany,1960,10.322542
Germany,1961,10.559879
Germany,1962,11.158449
Germany,1963,11.96014
Germany,1964,12.239665
Germany,1965,12.022811
Germany,1966,11.798114
Germany,1967,11.553501
Germany,1968,12.149822
Germany,1969,12.895345
Germany,1970,12.5408945
Germany,1971,12.710109
Germany,1972,12.711666
Germany,1973,13.249753
Germany,1974,12.983443
Germany,1975,12.292764
Germany,1976,13.484316
Germany,1977,13.042145
Germany,1978,13.39648
Germany,1979,13.893067
Germany,1980,13.6408205
Germany,1981,12.967855
Germany,1982,12.568163
Germany,1983,12.553072
Germany,1984,12.878911
Germany,1985,13.055653
Germany,1986,13.092243
Germany,1987,12.912352
Germany,1988,12.821133
Germany,1989,12.4946785
Germany,1990,12.770676
Germany,1991,12.193143
Germany,1992,11.777391
Germany,1993,11.620964
Germany,1994,11.380701
Germany,1995,11.259621
Germany,1996,11.461943
Germany,1997,11.151994
Germany,1998,11.052067
Germany,1999,10.732925
Germany,2000,10.767933
Germany,2001,10.933301
Germany,2002,10.773584
Germany,2003,10.745511
Germany,2004,10.529253
Germany,2005,10.398517
Germany,2006,10.692361
Germany,2007,10.261821
Germany,2008,10.411004
Germany,2009,9.569476
Germany,2010,10.085615
Germany,2011,9.785636
Germany,2012,9.9559
Germany,2013,10.176052
Germany,2014,9.679473
Germany,2015,9.684384
Germany,2016,9.598498
Germany,2017,9.386147
Germany,2018,9.017321
Germany,2019,8.388622
Germany,2020,7.6580153
Germany,2021,8.007819
Germany,2022,7.8827868
Germany,2023,6.948715
Ghana,1950,11.311742
Ghana,1951,12.477251
Ghana,1952,13.538078
Ghana,1953,15.23179
Ghana,1954,16.058119
Ghana,1955,15.962774
Ghana,1956,16.09291
Ghana,1957,15.840494
Ghana,1958,15.319055
Ghana,1959,15.155977
Ghana,1960,8.838571
Ghana,1961,6.186461
Ghana,1962,4.675044
Ghana,1963,3.8092537
Ghana,1964,3.0638728
Ghana,1965,2.5018082
Ghana,1966,2.0631857
Ghana,1967,1.7256638
Ghana,1968,1.5235335
Ghana,1969,1.2513998
Ghana,1970,1.2437727
Ghana,1971,1.1701853
Ghana,1972,1.0347217
Ghana,1973,1.0555098
Ghana,1974,2.3542302
Ghana,1975,1.3789332
Ghana,1976,1.071018
Ghana,1977,2.2772002
Ghana,1978,1.3599268
Ghana,1979,1.0599285
Ghana,1980,0.83871937
Ghana,1981,2.761886
Ghana,1982,1.5064113
Ghana,1983,3.069159
Ghana,1984,2.7764723
Ghana,1985,1.7342672
Ghana,1986,2.0714996
Ghana,1987,2.342261
Ghana,1988,1.4692323
Ghana,1989,1.8706278
Ghana,1990,1.9510411
Ghana,1991,1.3259718
Ghana,1992,1.6544659
Ghana,1993,1.9935226
Ghana,1994,2.6332526
Ghana,1995,2.9536436
Ghana,1996,3.8425333
Ghana,1997,2.452771
Ghana,1998,2.0876145
Ghana,1999,1.7721008
Ghana,2000,1.5605057
Ghana,2001,1.5042241
Ghana,2002,1.3455117
Ghana,2003,1.2081354
Ghana,2004,0.94600296
Ghana,2005,0.98189944
Ghana,2006,0.95881397
Ghana,2007,1.083148
Ghana,2008,0.8904149
Ghana,2009,0.93637615
Ghana,2010,1.0402616
Ghana,2011,1.0290028
Ghana,2012,1.0624624
Ghana,2013,1.0981065
Ghana,2014,1.0941095
Ghana,2015,1.0750269
Ghana,2016,1.0150728
Ghana,2017,0.91368306
Ghana,2018,0.9145876
Ghana,2019,1.016627
Ghana,2020,0.96161294
Ghana,2021,1.0416433
Ghana,2022,1.0078753
Ghana,2023,0.9333867
Greece,1867,3.4113953
Greece,1868,3.3673973
Greece,1869,3.3764296
Greece,1870,3.5395079
Greece,1871,3.614738
Greece,1872,3.60443
Greece,1873,3.6188245
Greece,1874,3.608765
Greece,1875,3.6069434
Greece,1879,3.521861
Greece,1883,3.5829144
Greece,1888,3.495033
Greece,1892,3.5234342
Greece,1893,3.4953132
Greece,1894,3.4716933
Greece,1895,3.4407144
Greece,1896,3.4277225
Greece,1897,3.3996763
Greece,1898,3.3950357
Greece,1899,3.3263128
Greece,1900,3.0391738
Greece,1901,2.8978722
Greece,1902,2.7852592
Greece,1903,2.7259536
Greece,1904,2.649649
Greece,1905,2.5762765
Greece,1906,2.5213041
Greece,1907,2.5097713
Greece,1908,2.5243616
Greece,1909,2.4558148
Greece,1910,2.4318268
Greece,1911,2.4405715
Greece,1913,2.4504397
Greece,1914,2.1745186
Greece,1915,2.1434784
Greece,1916,2.1184525
Greece,1917,2.093237
Greece,1918,2.0716188
Greece,1919,2.0420704
Greece,1920,2.563389
Greece,1921,2.722883
Greece,1922,2.7922983
Greece,1923,2.8864856
Greece,1924,2.9865983
Greece,1925,3.1258662
Greece,1926,3.1165376
Greece,1927,3.2057354
Greece,1928,3.2195082
Greece,1929,3.2665977
Greece,1930,3.6785018
Greece,1931,3.7971718
Greece,1932,3.8641012
Greece,1933,3.8516824
Greece,1934,3.961285
Greece,1935,3.9899976
Greece,1936,4.0621386
Greece,1937,4.092416
Greece,1938,3.9804752
Greece,1939,3.6192265
Greece,1940,2.7405736
Greece,1941,2.3891213
Greece,1942,2.1877878
Greece,1943,2.0247192
Greece,1944,1.8721291
Greece,1945,1.7517986
Greece,1946,1.6585451
Greece,1947,1.5721754
Greece,1948,1.6475873
Greece,1949,1.6507633
Greece,1950,2.0861182
Greece,1951,2.1739924
Greece,1952,5.0001245
Greece,1953,3.0684574
Greece,1954,2.6676702
Greece,1955,2.4690325
Greece,1956,2.525793
Greece,1957,2.5830984
Greece,1958,2.3072865
Greece,1959,1.6875488
Greece,1960,1.7435992
Greece,1961,1.7336498
Greece,1962,3.6662755
Greece,1963,2.5373464
Greece,1964,2.1990666
Greece,1965,3.8794122
Greece,1966,3.4773746
Greece,1967,3.4689996
Greece,1968,3.524145
Greece,1969,3.7105334
Greece,1970,3.4459856
Greece,1971,3.7739112
Greece,1972,3.9716544
Greece,1973,4.5086026
Greece,1974,4.2427325
Greece,1975,4.480383
Greece,1976,4.8107686
Greece,1977,5.83185
Greece,1978,5.5081506
Greece,1979,5.5844254
Greece,1980,5.741702
Greece,1981,5.432514
Greece,1982,5.3698235
Greece,1983,5.942644
Greece,1984,5.817129
Greece,1985,6.1021094
Greece,1986,5.9255867
Greece,1987,6.3175616
Greece,1988,7.0527005
Greece,1989,7.439109
Greece,1990,8.326175
Greece,1991,8.401771
Greece,1992,8.25615
Greece,1993,8.143667
Greece,1994,8.331487
Greece,1995,8.311304
Greece,1996,8.266616
Greece,1997,8.5022745
Greece,1998,8.828371
Greece,1999,8.620102
Greece,2000,9.040503
Greece,2001,9.161469
Greece,2002,9.054695
Greece,2003,9.207809
Greece,2004,9.297582
Greece,2005,9.514784
Greece,2006,9.294563
Greece,2007,9.447978
Greece,2008,9.085892
Greece,2009,8.574365
Greece,2010,7.844962
Greece,2011,7.6078005
Greece,2012,7.3385167
Greece,2013,5.6607075
Greece,2014,5.5727754
Greece,2015,5.056131
Greece,2016,4.533887
Greece,2017,4.730295
Greece,2018,6.511154
Greece,2019,5.0420365
Greece,2020,3.9172502
Greece,2021,4.1251974
Greece,2022,4.2508316
Greece,2023,4.060194
Grenada,1950,0.1328069
Grenada,1951,0.6288615
Grenada,1952,1.1561435
Grenada,1953,1.648775
Grenada,1954,1.9883907
Grenada,1955,2.2997777
Grenada,1956,2.5005312
Grenada,1957,2.5809083
Grenada,1958,2.5980039
Grenada,1959,2.5771823
Grenada,1960,1.4565909
Grenada,1961,1.0196682
Grenada,1962,0.89136755
Grenada,1963,0.6493165
Grenada,1964,0.6312911
Grenada,1965,0.56618184
Grenada,1966,0.5886544
Grenada,1967,0.61745673
Grenada,1968,0.61994654
Grenada,1969,0.6654286
Grenada,1970,0.60219425
Grenada,1971,0.16126074
Grenada,1972,0.17030816
Grenada,1973,0.25361153
Grenada,1974,0.081502445
Grenada,1975,0.20205334
Grenada,1976,0.2128443
Grenada,1977,-0.07177941
Grenada,1978,-0.019407392
Grenada,1979,-0.8520662
Grenada,1980,-0.77686906
Grenada,1981,-0.5728592
Grenada,1982,-0.44657356
Grenada,1983,-0.37870297
Grenada,1984,-1.0062329
Grenada,1985,-0.9014993
Grenada,1986,-1.1034752
Grenada,1987,-0.9189221
Grenada,1988,-0.59543586
Grenada,1989,-0.43262938
Grenada,1990,-0.63366514
Grenada,1991,-0.49386233
Grenada,1992,-0.32392856
Grenada,1993,-0.2001148
Grenada,1994,-0.22850466
Grenada,1995,-0.06668434
Grenada,1996,0.047665503
Grenada,1997,0.25968793
Grenada,1998,2.4415605
Grenada,1999,1.4044629
Grenada,2000,3.1878963
Grenada,2001,1.8633786
Grenada,2002,1.3021228
Grenada,2003,1.3003005
Grenada,2004,0.25008407
Grenada,2005,0.40685868
Grenada,2006,0.70154345
Grenada,2007,0.7601205
Grenada,2008,2.6646192
Grenada,2009,1.6937428
Grenada,2010,1.4935194
Grenada,2011,0.81194764
Grenada,2012,1.0321127
Grenada,2013,1.3197144
Grenada,2014,0.85384053
Grenada,2015,1.0943992
Grenada,2016,1.2680041
Grenada,2017,1.4725595
Grenada,2018,1.6419966
Grenada,2019,1.9754245
Grenada,2020,1.6088911
Grenada,2021,1.8363191
Grenada,2022,1.9549149
Grenada,2023,2.1483989
Guatemala,1870,6.214309
Guatemala,1871,5.19058
Guatemala,1872,4.2150073
Guatemala,1873,4.7781963
Guatemala,1874,5.0950985
Guatemala,1875,4.474402
Guatemala,1876,3.5642233
Guatemala,1877,3.3144548
Guatemala,1878,4.1224556
Guatemala,1879,3.8986177
Guatemala,1880,4.223828
Guatemala,1881,3.120087
Guatemala,1882,2.4293427
Guatemala,1883,2.8561404
Guatemala,1884,2.3472881
Guatemala,1885,1.7211379
Guatemala,1886,1.914784
Guatemala,1887,1.6393003
Guatemala,1888,1.6457992
Guatemala,1889,1.6205608
Guatemala,1890,1.7480052
Guatemala,1891,1.6200851
Guatemala,1892,1.5765108
Guatemala,1893,1.7842282
Guatemala,1894,1.9673303
Guatemala,1895,1.7014859
Guatemala,1896,1.5772477
Guatemala,1897,1.5860008
Guatemala,1898,1.9537072
Guatemala,1899,1.9316784
Guatemala,1900,2.2149937
Guatemala,1901,2.4211214
Guatemala,1902,3.0478554
Guatemala,1903,4.4359455
Guatemala,1904,3.6557913
Guatemala,1905,4.0655265
Guatemala,1906,3.580729
Guatemala,1907,3.3974702
Guatemala,1908,3.9061768
Guatemala,1909,4.8212094
Guatemala,1910,5.4072757
Guatemala,1911,4.8952427
Guatemala,1912,4.80944
Guatemala,1913,4.599094
Guatemala,1914,5.024509
Guatemala,1915,4.057883
Guatemala,1916,4.056375
Guatemala,1917,3.6191876
Guatemala,1918,3.3455493
Guatemala,1919,4.737733
Guatemala,1920,5.7363787
Guatemala,1921,5.6153836
Guatemala,1922,4.5159035
Guatemala,1923,4.740163
Guatemala,1924,5.047742
Guatemala,1925,7.2054043
Guatemala,1926,5.6454473
Guatemala,1927,5.1115537
Guatemala,1928,5.069586
Guatemala,1929,5.6775684
Guatemala,1930,6.9257717
Guatemala,1931,10.4751835
Guatemala,1932,9.911066
Guatemala,1933,10.282558
Guatemala,1934,11.6110115
Guatemala,1935,11.11275
Guatemala,1936,11.843055
Guatemala,1937,11.931584
Guatemala,1938,11.050421
Guatemala,1939,11.6661215
Guatemala,1940,14.846477
Guatemala,1941,17.89058
Guatemala,1942,18.41937
Guatemala,1943,20.068235
Guatemala,1944,19.386005
Guatemala,1945,18.400446
Guatemala,1946,19.401508
Guatemala,1947,18.495169
Guatemala,1948,17.533792
Guatemala,1949,21.358797
Guatemala,1950,21.059624
Guatemala,1951,19.90488
Guatemala,1952,18.507233
Guatemala,1953,17.196049
Guatemala,1954,16.10719
Guatemala,1955,15.0864315
Guatemala,1956,16.154692
Guatemala,1957,14.807356
Guatemala,1958,14.38324
Guatemala,1959,15.310054
Guatemala,1960,11.504174
Guatemala,1961,8.096174
Guatemala,1962,6.588386
Guatemala,1963,5.6539354
Guatemala,1964,5.0648303
Guatemala,1965,4.742381
Guatemala,1966,4.6377583
Guatemala,1967,4.08391
Guatemala,1968,3.6087425
Guatemala,1969,3.6076407
Guatemala,1970,3.6381307
Guatemala,1971,3.9735653
Guatemala,1972,4.995493
Guatemala,1973,5.537776
Guatemala,1974,4.447584
Guatemala,1975,5.1954365
Guatemala,1976,6.1275134
Guatemala,1977,5.783993
Guatemala,1978,4.5690885
Guatemala,1979,4.457642
Guatemala,1980,4.166895
Guatemala,1981,4.0162516
Guatemala,1982,4.033388
Guatemala,1983,14.84432
Guatemala,1984,7.08861
Guatemala,1985,5.481832
Guatemala,1986,4.1022863
Guatemala,1987,11.948032
Guatemala,1988,6.476887
Guatemala,1989,4.8572083
Guatemala,1990,4.1197367
Guatemala,1991,3.8650224
Guatemala,1992,6.907741
Guatemala,1993,5.5723677
Guatemala,1994,5.8191667
Guatemala,1995,4.4142704
Guatemala,1996,5.389493
Guatemala,1997,7.4086905
Guatemala,1998,6.4111485
Guatemala,1999,6.373252
Guatemala,2000,6.253987
Guatemala,2001,5.687416
Guatemala,2002,6.1337123
Guatemala,2003,3.9756668
Guatemala,2004,2.73558
Guatemala,2005,2.93075
Guatemala,2006,4.14565
Guatemala,2007,3.3467112
Guatemala,2008,2.6503124
Guatemala,2009,2.3958652
Guatemala,2010,2.1860325
Guatemala,2011,1.8948035
Guatemala,2012,1.7088027
Guatemala,2013,2.3173769
Guatemala,2014,3.576166
Guatemala,2015,3.0145907
Guatemala,2016,2.8030353
Guatemala,2017,2.7181046
Guatemala,2018,2.7405782
Guatemala,2019,2.812277
Guatemala,2020,2.4389873
Guatemala,2021,2.6067717
Guatemala,2022,2.5779884
Guatemala,2023,2.5977747
Guinea,1950,24.181725
Guinea,1951,23.315437
Guinea,1952,21.373863
Guinea,1953,19.96645
Guinea,1954,20.156994
Guinea,1955,18.648487
Guinea,1956,19.024004
Guinea,1957,19.784935
Guinea,1958,19.478405
Guinea,1959,19.64953
Guinea,1960,13.745533
Guinea,1961,10.534264
Guinea,1962,8.533656
Guinea,1963,7.3317275
Guinea,1964,6.161246
Guinea,1965,5.46108
Guinea,1966,4.849447
Guinea,1967,4.2665997
Guinea,1968,3.8872385
Guinea,1969,3.3943362
Guinea,1970,3.1778505
Guinea,1971,2.8493118
Guinea,1972,2.5828674
Guinea,1973,2.4061368
Guinea,1974,2.175623
Guinea,1975,1.9178886
Guinea,1976,1.777667
Guinea,1977,1.6125687
Guinea,1978,1.5629948
Guinea,1979,1.4049442
Guinea,1980,1.2764949
Guinea,1981,1.1713331
Guinea,1982,1.0554105
Guinea,1983,1.1410701
Guinea,1984,1.1636714
Guinea,1985,1.0235295
Guinea,1986,0.9055482
Guinea,1987,1.0677679
Guinea,1988,1.000278
Guinea,1989,1.667164
Guinea,1990,1.1288007
Guinea,1991,1.175901
Guinea,1992,0.97979116
Guinea,1993,0.91292477
Guinea,1994,0.6680894
Guinea,1995,1.1159208
Guinea,1996,1.2026511
Guinea,1997,1.2635019
Guinea,1998,1.1572732
Guinea,1999,1.7623976
Guinea,2000,2.2773364
Guinea,2001,1.9331665
Guinea,2002,1.9180142
Guinea,2003,2.0818794
Guinea,2004,1.4574213
Guinea,2005,1.4033564
Guinea,2006,1.5797862
Guinea,2007,1.6752062
Guinea,2008,1.4126512
Guinea,2009,1.5141593
Guinea,2010,1.2662778
Guinea,2011,1.8499085
Guinea,2012,2.1548514
Guinea,2013,1.7938719
Guinea,2014,1.343694
Guinea,2015,1.2747129
Guinea,2016,1.272891
Guinea,2017,1.341756
Guinea,2018,1.2434297
Guinea,2019,1.267652
Guinea,2020,1.2338464
Guinea,2021,1.1707642
Guinea,2022,1.3489921
Guinea,2023,1.4858361
Guinea-Bissau,1950,8.001226
Guinea-Bissau,1951,6.2025166
Guinea-Bissau,1952,5.328345
Guinea-Bissau,1953,4.5753345
Guinea-Bissau,1954,4.082157
Guinea-Bissau,1955,3.8493679
Guinea-Bissau,1956,3.5206995
Guinea-Bissau,1957,3.2697759
Guinea-Bissau,1958,3.0155334
Guinea-Bissau,1959,2.5433745
Guinea-Bissau,1960,1.9408578
Guinea-Bissau,1961,1.7399845
Guinea-Bissau,1962,1.8417903
Guinea-Bissau,1963,1.6220965
Guinea-Bissau,1964,1.742144
Guinea-Bissau,1965,1.6095564
Guinea-Bissau,1966,4.283669
Guinea-Bissau,1967,3.6376355
Guinea-Bissau,1968,3.0562327
Guinea-Bissau,1969,2.8993244
Guinea-Bissau,1970,3.0723736
Guinea-Bissau,1971,3.0257318
Guinea-Bissau,1972,4.011605
Guinea-Bissau,1973,4.517524
Guinea-Bissau,1974,3.7522702
Guinea-Bissau,1975,3.384921
Guinea-Bissau,1976,3.0194628
Guinea-Bissau,1977,2.8042922
Guinea-Bissau,1978,2.7686286
Guinea-Bissau,1979,3.053188
Guinea-Bissau,1980,3.8656998
Guinea-Bissau,1981,4.9532557
Guinea-Bissau,1982,5.0487313
Guinea-Bissau,1983,7.103612
Guinea-Bissau,1984,5.836032
Guinea-Bissau,1985,3.558168
Guinea-Bissau,1986,2.8100438
Guinea-Bissau,1987,2.2742808
Guinea-Bissau,1988,5.986053
Guinea-Bissau,1989,4.632445
Guinea-Bissau,1990,3.055723
Guinea-Bissau,1991,2.4125936
Guinea-Bissau,1992,3.8367958
Guinea-Bissau,1993,3.4753046
Guinea-Bissau,1994,2.80973
Guinea-Bissau,1995,2.5775177
Guinea-Bissau,1996,5.0862784
Guinea-Bissau,1997,2.7440302
Guinea-Bissau,1998,6.437104
Guinea-Bissau,1999,6.4991193
Guinea-Bissau,2000,4.268999
Guinea-Bissau,2001,1.9544921
Guinea-Bissau,2002,1.4520326
Guinea-Bissau,2003,2.2051592
Guinea-Bissau,2004,1.5614994
Guinea-Bissau,2005,1.2352966
Guinea-Bissau,2006,0.8644385
Guinea-Bissau,2007,1.1664165
Guinea-Bissau,2008,0.7999926
Guinea-Bissau,2009,1.7772788
Guinea-Bissau,2010,0.9785447
Guinea-Bissau,2011,0.7208247
Guinea-Bissau,2012,0.59719706
Guinea-Bissau,2013,0.50909203
Guinea-Bissau,2014,0.6464023
Guinea-Bissau,2015,0.51083195
Guinea-Bissau,2016,0.5080027
Guinea-Bissau,2017,0.47387537
Guinea-Bissau,2018,0.4006132
Guinea-Bissau,2019,0.34147483
Guinea-Bissau,2020,0.30668435
Guinea-Bissau,2021,0.32642925
Guinea-Bissau,2022,0.35461223
Guinea-Bissau,2023,0.3442514
Guyana,1950,19.38054
Guyana,1951,27.698738
Guyana,1952,40.533844
Guyana,1953,36.669582
Guyana,1954,41.165398
Guyana,1955,39.63149
Guyana,1956,43.58203
Guyana,1957,40.09131
Guyana,1958,35.383343
Guyana,1959,48.875904
Guyana,1960,30.75708
Guyana,1961,12.1924305
Guyana,1962,10.508079
Guyana,1963,12.539171
Guyana,1964,7.7414885
Guyana,1965,11.7107115
Guyana,1966,17.427511
Guyana,1967,8.891325
Guyana,1968,0.8082563
Guyana,1969,10.765163
Guyana,1970,7.485969
Guyana,1971,4.5540795
Guyana,1972,8.492238
Guyana,1973,7.2059603
Guyana,1974,9.012387
Guyana,1975,1.7431209
Guyana,1976,8.128556
Guyana,1977,4.8520937
Guyana,1978,5.5039797
Guyana,1979,8.39304
Guyana,1980,5.026738
Guyana,1981,3.3539386
Guyana,1982,3.4083931
Guyana,1983,1.3149908
Guyana,1984,-2.983385
Guyana,1985,4.8786173
Guyana,1986,2.4018698
Guyana,1987,2.818808
Guyana,1988,-0.078815185
Guyana,1989,1.0130612
Guyana,1990,2.6205318
Guyana,1991,5.21384
Guyana,1992,22.246338
Guyana,1993,8.065799
Guyana,1994,18.787714
Guyana,1995,21.161224
Guyana,1996,12.018445
Guyana,1997,22.87437
Guyana,1998,25.833506
Guyana,1999,19.780684
Guyana,2000,7.5291963
Guyana,2001,3.8339815
Guyana,2002,8.024184
Guyana,2003,26.751875
Guyana,2004,18.168154
Guyana,2005,4.515412
Guyana,2006,13.6548605
Guyana,2007,6.635838
Guyana,2008,11.6680765
Guyana,2009,11.528357
Guyana,2010,10.034528
Guyana,2011,6.5289855
Guyana,2012,11.95136
Guyana,2013,6.310484
Guyana,2014,-1.1428924
Guyana,2015,1.0503217
Guyana,2016,10.163602
Guyana,2017,2.0602517
Guyana,2018,7.220243
Guyana,2019,9.232061
Guyana,2020,9.945654
Guyana,2021,8.709454
Guyana,2022,8.409586
Guyana,2023,8.282548
Haiti,1870,2.0308123
Haiti,1871,1.6684031
Haiti,1872,1.2103089
Haiti,1873,1.5845317
Haiti,1874,1.3652041
Haiti,1875,1.509955
Haiti,1876,1.3307245
Haiti,1877,1.338943
Haiti,1878,1.5312691
Haiti,1879,1.2628477
Haiti,1880,1.983472
Haiti,1881,2.0612473
Haiti,1882,2.5586078
Haiti,1883,2.270047
Haiti,1884,2.2824028
Haiti,1885,2.768906
Haiti,1886,1.9982575
Haiti,1887,2.6367369
Haiti,1888,2.5031276
Haiti,1889,2.4192502
Haiti,1890,2.9157555
Haiti,1891,2.650955
Haiti,1892,2.796985
Haiti,1893,2.6864278
Haiti,1894,2.7948327
Haiti,1895,2.526885
Haiti,1896,2.6888783
Haiti,1897,2.3850255
Haiti,1898,2.7716055
Haiti,1899,2.3953946
Haiti,1900,3.020618
Haiti,1901,2.78619
Haiti,1902,2.8217802
Haiti,1903,2.950158
Haiti,1904,2.6811538
Haiti,1905,2.787734
Haiti,1906,2.896147
Haiti,1907,2.8304949
Haiti,1908,3.0505607
Haiti,1909,2.9043334
Haiti,1910,2.7797472
Haiti,1911,2.9225123
Haiti,1912,3.1005728
Haiti,1913,3.1929142
Haiti,1914,3.1079519
Haiti,1915,2.944418
Haiti,1916,3.184014
Haiti,1917,3.0166194
Haiti,1918,2.8755274
Haiti,1919,3.0989933
Haiti,1920,3.136995
Haiti,1921,2.832206
Haiti,1922,2.8919194
Haiti,1923,2.8099945
Haiti,1924,2.8764396
Haiti,1925,2.66355
Haiti,1926,2.6133537
Haiti,1927,2.5999389
Haiti,1928,2.4940324
Haiti,1929,2.49832
Haiti,1930,2.3877738
Haiti,1931,2.6482525
Haiti,1932,2.486878
Haiti,1933,2.4262774
Haiti,1934,2.6362934
Haiti,1935,2.3198419
Haiti,1936,2.3230844
Haiti,1937,2.3042226
Haiti,1938,2.3771546
Haiti,1939,2.3066308
Haiti,1940,2.5514944
Haiti,1941,2.527002
Haiti,1942,2.7272065
Haiti,1943,2.5511956
Haiti,1944,2.5086362
Haiti,1945,2.4785118
Haiti,1946,2.4410477
Haiti,1947,2.415907
Haiti,1948,2.4137685
Haiti,1949,2.3598857
Haiti,1950,2.3796313
Haiti,1951,2.4282696
Haiti,1952,2.4092386
Haiti,1953,2.3771014
Haiti,1954,2.5478356
Haiti,1955,2.5410233
Haiti,1956,2.5437386
Haiti,1957,2.5330613
Haiti,1958,2.5407088
Haiti,1959,3.1558337
Haiti,1960,1.8823133
Haiti,1961,1.617662
Haiti,1962,1.4499741
Haiti,1963,1.3276967
Haiti,1964,1.2154824
Haiti,1965,1.1539809
Haiti,1966,1.0828582
Haiti,1967,1.0158323
Haiti,1968,1.0022488
Haiti,1969,0.94898903
Haiti,1970,0.9231422
Haiti,1971,0.02135543
Haiti,1972,-0.004558663
Haiti,1973,0.040919714
Haiti,1974,0.09315427
Haiti,1975,0.1870283
Haiti,1976,0.18539914
Haiti,1977,0.4432805
Haiti,1978,0.29396558
Haiti,1979,0.35872483
Haiti,1980,0.25373086
Haiti,1981,0.22106308
Haiti,1982,0.2152692
Haiti,1983,0.22279342
Haiti,1984,0.22138628
Haiti,1985,0.23050582
Haiti,1986,0.21255635
Haiti,1987,0.2245409
Haiti,1988,0.25187448
Haiti,1989,0.23418276
Haiti,1990,0.23185481
Haiti,1991,0.13911541
Haiti,1992,0.20395432
Haiti,1993,0.5141918
Haiti,1994,0.2738076
Haiti,1995,0.82485354
Haiti,1996,2.1620154
Haiti,1997,1.1047809
Haiti,1998,0.83063924
Haiti,1999,0.6851563
Haiti,2000,0.47024217
Haiti,2001,0.37627384
Haiti,2002,0.3463537
Haiti,2003,0.28882638
Haiti,2004,1.7836964
Haiti,2005,1.8344322
Haiti,2006,1.0886736
Haiti,2007,0.8602738
Haiti,2008,1.4820082
Haiti,2009,2.7644625
Haiti,2010,1.7833977
Haiti,2011,1.5721523
Haiti,2012,1.6034813
Haiti,2013,1.05817
Haiti,2014,0.8643042
Haiti,2015,0.71879673
Haiti,2016,0.43791777
Haiti,2017,0.3895429
Haiti,2018,-0.10331797
Haiti,2019,-0.05740832
Haiti,2020,0.08717063
Haiti,2021,-0.024200218
Haiti,2022,-0.11245421
Haiti,2023,-0.17360367
High-income countries,1850,5.731162
High-income countries,1851,4.1932287
High-income countries,1852,4.3516393
High-income countries,1853,4.3003263
High-income countries,1854,4.446129
High-income countries,1855,6.3022923
High-income countries,1856,4.5055842
High-income countries,1857,4.583819
High-income countries,1858,6.6191435
High-income countries,1859,6.702112
High-income countries,1860,6.3876796
High-income countries,1861,6.4370856
High-income countries,1862,6.335469
High-income countries,1863,6.2908173
High-income countries,1864,6.2082343
High-income countries,1865,6.0916934
High-income countries,1866,6.229959
High-income countries,1867,6.181388
High-income countries,1868,6.1623096
High-income countries,1869,6.221753
High-income countries,1870,7.286204
High-income countries,1871,7.3191457
High-income countries,1872,8.026171
High-income countries,1873,8.003383
High-income countries,1874,8.344993
High-income countries,1875,8.55182
High-income countries,1876,8.503855
High-income countries,1877,8.484957
High-income countries,1878,8.571882
High-income countries,1879,8.649541
High-income countries,1880,8.706439
High-income countries,1881,8.42737
High-income countries,1882,8.688371
High-income countries,1883,8.552395
High-income countries,1884,8.739351
High-income countries,1885,8.692857
High-income countries,1886,8.395973
High-income countries,1887,8.5717125
High-income countries,1888,8.609398
High-income countries,1889,8.586167
High-income countries,1890,9.130471
High-income countries,1891,9.295779
High-income countries,1892,9.2276125
High-income countries,1893,9.396349
High-income countries,1894,9.414847
High-income countries,1895,9.449755
High-income countries,1896,9.258763
High-income countries,1897,9.535198
High-income countries,1898,9.574696
High-income countries,1899,9.836973
High-income countries,1900,10.209034
High-income countries,1901,10.208349
High-income countries,1902,10.345829
High-income countries,1903,10.547131
High-income countries,1904,10.623729
High-income countries,1905,10.969058
High-income countries,1906,11.088583
High-income countries,1907,11.443742
High-income countries,1908,11.219931
High-income countries,1909,11.466598
High-income countries,1910,10.9167
High-income countries,1911,10.606843
High-income countries,1912,10.490536
High-income countries,1913,10.574345
High-income countries,1914,9.901392
High-income countries,1915,9.63431
High-income countries,1916,9.92819
High-income countries,1917,10.055399
High-income countries,1918,9.846085
High-income countries,1919,8.915275
High-income countries,1920,9.834241
High-income countries,1921,9.333694
High-income countries,1922,9.439993
High-income countries,1923,10.069246
High-income countries,1924,10.025877
High-income countries,1925,9.935875
High-income countries,1926,9.758808
High-income countries,1927,10.135
High-income countries,1928,9.996358
High-income countries,1929,10.247487
High-income countries,1930,9.691729
High-income countries,1931,9.167848
High-income countries,1932,8.488403
High-income countries,1933,8.594792
High-income countries,1934,8.973238
High-income countries,1935,8.969817
High-income countries,1936,9.426254
High-income countries,1937,9.723998
High-income countries,1938,9.268535
High-income countries,1939,9.428904
High-income countries,1940,9.163776
High-income countries,1941,9.108499
High-income countries,1942,8.841844
High-income countries,1943,8.688711
High-income countries,1944,8.549212
High-income countries,1945,7.2541804
High-income countries,1946,7.3618236
High-income countries,1947,7.8847737
High-income countries,1948,7.9237475
High-income countries,1949,7.3054514
High-income countries,1950,8.15463
High-income countries,1951,8.610169
High-income countries,1952,8.582437
High-income countries,1953,8.795785
High-income countries,1954,8.878125
High-income countries,1955,9.410813
High-income countries,1956,9.796024
High-income countries,1957,9.834944
High-income countries,1958,9.441571
High-income countries,1959,9.963785
High-income countries,1960,9.518822
High-income countries,1961,9.603275
High-income countries,1962,9.523203
High-income countries,1963,9.740689
High-income countries,1964,9.988348
High-income countries,1965,10.231109
High-income countries,1966,10.31203
High-income countries,1967,11.244934
High-income countries,1968,11.731708
High-income countries,1969,11.69565
High-income countries,1970,12.347208
High-income countries,1971,12.233653
High-income countries,1972,12.520172
High-income countries,1973,12.982554
High-income countries,1974,12.631542
High-income countries,1975,12.411237
High-income countries,1976,13.029079
High-income countries,1977,13.403358
High-income countries,1978,13.414964
High-income countries,1979,13.516507
High-income countries,1980,13.480325
High-income countries,1981,12.937215
High-income countries,1982,12.313497
High-income countries,1983,12.424428
High-income countries,1984,12.565721
High-income countries,1985,12.675289
High-income countries,1986,12.51697
High-income countries,1987,12.630787
High-income countries,1988,12.922397
High-income countries,1989,12.883998
High-income countries,1990,13.142213
High-income countries,1991,13.208899
High-income countries,1992,12.359446
High-income countries,1993,12.191489
High-income countries,1994,12.185111
High-income countries,1995,12.134468
High-income countries,1996,12.776456
High-income countries,1997,12.251757
High-income countries,1998,12.211234
High-income countries,1999,12.301675
High-income countries,2000,12.482072
High-income countries,2001,12.223265
High-income countries,2002,12.090261
High-income countries,2003,12.489616
High-income countries,2004,12.538896
High-income countries,2005,12.437317
High-income countries,2006,12.320711
High-income countries,2007,12.420533
High-income countries,2008,12.274873
High-income countries,2009,11.399518
High-income countries,2010,12.277166
High-income countries,2011,11.679412
High-income countries,2012,11.763313
High-income countries,2013,11.514571
High-income countries,2014,11.238712
High-income countries,2015,11.273107
High-income countries,2016,11.173457
High-income countries,2017,11.134308
High-income countries,2018,11.12823
High-income countries,2019,10.705511
High-income countries,2020,9.897882
High-income countries,2021,10.445773
High-income countries,2022,10.501263
High-income countries,2023,10.147462
Honduras,1870,8.869213
Honduras,1871,9.067605
Honduras,1872,8.77641
Honduras,1873,9.67626
Honduras,1874,10.455458
Honduras,1875,11.871405
Honduras,1876,10.950693
Honduras,1877,10.425637
Honduras,1878,9.88409
Honduras,1879,15.553354
Honduras,1880,12.100705
Honduras,1881,14.224089
Honduras,1882,10.592274
Honduras,1883,10.403568
Honduras,1884,9.946274
Honduras,1885,8.316432
Honduras,1886,7.5452614
Honduras,1887,8.033333
Honduras,1888,7.2302766
Honduras,1889,6.446151
Honduras,1890,6.1978307
Honduras,1891,7.5792994
Honduras,1892,6.582242
Honduras,1893,5.759889
Honduras,1894,5.72858
Honduras,1895,7.9785438
Honduras,1896,8.010639
Honduras,1897,6.272958
Honduras,1898,7.961805
Honduras,1899,5.902306
Honduras,1900,6.679775
Honduras,1901,7.372453
Honduras,1902,5.373823
Honduras,1903,6.3463044
Honduras,1904,6.113667
Honduras,1905,6.3160567
Honduras,1906,4.0358825
Honduras,1907,5.0574756
Honduras,1908,4.3150783
Honduras,1909,5.1038566
Honduras,1910,7.56558
Honduras,1911,7.665761
Honduras,1912,10.597089
Honduras,1913,10.578705
Honduras,1914,15.033593
Honduras,1915,11.701211
Honduras,1916,13.231763
Honduras,1917,11.605001
Honduras,1918,9.957216
Honduras,1919,10.149337
Honduras,1920,18.797249
Honduras,1921,26.83813
Honduras,1922,27.566162
Honduras,1923,26.510235
Honduras,1924,32.23708
Honduras,1925,28.729017
Honduras,1926,29.178505
Honduras,1927,28.789553
Honduras,1928,29.480225
Honduras,1929,28.693407
Honduras,1930,30.519505
Honduras,1931,31.324549
Honduras,1932,31.05503
Honduras,1933,35.178574
Honduras,1934,32.593903
Honduras,1935,35.192154
Honduras,1936,32.977543
Honduras,1937,32.553284
Honduras,1938,32.996704
Honduras,1939,29.603045
Honduras,1940,36.52163
Honduras,1941,42.317894
Honduras,1942,40.361023
Honduras,1943,43.091194
Honduras,1944,40.35075
Honduras,1945,41.56643
Honduras,1946,41.062336
Honduras,1947,38.34346
Honduras,1948,39.010696
Honduras,1949,36.99464
Honduras,1950,39.68004
Honduras,1951,37.851395
Honduras,1952,37.83051
Honduras,1953,37.147423
Honduras,1954,38.537655
Honduras,1955,37.698708
Honduras,1956,36.924744
Honduras,1957,35.3389
Honduras,1958,34.71013
Honduras,1959,38.435387
Honduras,1960,24.037233
Honduras,1961,18.447824
Honduras,1962,15.028352
Honduras,1963,12.849916
Honduras,1964,11.305127
Honduras,1965,10.557431
Honduras,1966,9.736158
Honduras,1967,8.4023695
Honduras,1968,7.5436163
Honduras,1969,7.4737945
Honduras,1970,6.91615
Honduras,1971,8.514983
Honduras,1972,7.6084695
Honduras,1973,6.5818877
Honduras,1974,8.395508
Honduras,1975,10.554135
Honduras,1976,12.7636595
Honduras,1977,10.61833
Honduras,1978,7.7191734
Honduras,1979,6.124233
Honduras,1980,5.484255
Honduras,1981,4.8515124
Honduras,1982,4.192069
Honduras,1983,5.4482584
Honduras,1984,3.6562564
Honduras,1985,3.68921
Honduras,1986,3.0037756
Honduras,1987,3.9203827
Honduras,1988,5.6001062
Honduras,1989,3.636241
Honduras,1990,3.943432
Honduras,1991,3.6770065
Honduras,1992,10.336094
Honduras,1993,7.454075
Honduras,1994,7.6445365
Honduras,1995,5.493231
Honduras,1996,3.5339265
Honduras,1997,3.6449418
Honduras,1998,5.4578495
Honduras,1999,0.7169719
Honduras,2000,0.7371184
Honduras,2001,1.7034707
Honduras,2002,2.879901
Honduras,2003,2.0213075
Honduras,2004,1.4301658
Honduras,2005,1.2824239
Honduras,2006,1.6637948
Honduras,2007,1.6226506
Honduras,2008,1.7388732
Honduras,2009,2.727278
Honduras,2010,2.540628
Honduras,2011,2.8700628
Honduras,2012,2.2542796
Honduras,2013,2.1540637
Honduras,2014,1.7881016
Honduras,2015,2.510386
Honduras,2016,2.955524
Honduras,2017,2.6046028
Honduras,2018,1.9178672
Honduras,2019,2.1602392
Honduras,2020,2.2243195
Honduras,2021,2.3240047
Honduras,2022,2.3622334
Honduras,2023,2.4173124
Hungary,1851,3.0617778
Hungary,1852,2.9621775
Hungary,1853,2.8641436
Hungary,1854,2.7741663
Hungary,1855,2.643551
Hungary,1856,2.5651088
Hungary,1857,2.4945853
Hungary,1858,2.3611917
Hungary,1859,2.3656223
Hungary,1860,2.323217
Hungary,1861,2.2398455
Hungary,1862,2.192036
Hungary,1863,2.132075
Hungary,1864,2.0740192
Hungary,1865,2.0558121
Hungary,1866,2.0480683
Hungary,1867,2.0707967
Hungary,1868,2.023792
Hungary,1869,1.9874371
Hungary,1870,2.187359
Hungary,1871,2.3347642
Hungary,1872,2.381613
Hungary,1873,2.421299
Hungary,1874,2.356295
Hungary,1875,2.3311975
Hungary,1876,2.3545969
Hungary,1877,2.378869
Hungary,1878,2.351052
Hungary,1879,2.3424323
Hungary,1880,2.3768172
Hungary,1881,2.37229
Hungary,1882,2.3345115
Hungary,1883,2.3777313
Hungary,1884,2.400285
Hungary,1885,2.4059165
Hungary,1886,2.354414
Hungary,1887,2.344482
Hungary,1888,2.3493125
Hungary,1889,2.3588998
Hungary,1890,2.6032128
Hungary,1891,2.7017891
Hungary,1892,2.7430906
Hungary,1893,2.7740762
Hungary,1894,2.8081124
Hungary,1895,2.8094444
Hungary,1896,2.8648746
Hungary,1897,2.8543303
Hungary,1898,2.9554546
Hungary,1899,2.8910384
Hungary,1900,3.0224957
Hungary,1901,2.9648395
Hungary,1902,2.8114364
Hungary,1903,2.8182356
Hungary,1904,2.803091
Hungary,1905,2.7777197
Hungary,1906,2.8035686
Hungary,1907,2.786035
Hungary,1908,2.8356009
Hungary,1909,2.925851
Hungary,1910,2.7235553
Hungary,1911,2.6908379
Hungary,1912,2.6465852
Hungary,1913,2.6664174
Hungary,1914,2.4161777
Hungary,1915,2.4015636
Hungary,1916,2.389268
Hungary,1917,2.3507159
Hungary,1918,2.191494
Hungary,1919,1.3857915
Hungary,1920,1.6487129
Hungary,1921,2.1892116
Hungary,1922,2.414231
Hungary,1923,2.528254
Hungary,1924,2.3811269
Hungary,1925,2.2620578
Hungary,1926,2.4333158
Hungary,1927,2.5971277
Hungary,1928,2.6892042
Hungary,1929,2.7898335
Hungary,1930,2.423735
Hungary,1931,2.2190034
Hungary,1932,2.0699613
Hungary,1933,2.0379403
Hungary,1934,2.063983
Hungary,1935,2.105853
Hungary,1936,2.166374
Hungary,1937,2.3057165
Hungary,1938,2.4251266
Hungary,1939,2.3723733
Hungary,1940,2.348677
Hungary,1941,2.4818938
Hungary,1942,2.521651
Hungary,1943,2.5685995
Hungary,1944,2.107558
Hungary,1945,1.2050648
Hungary,1946,1.4807895
Hungary,1947,1.7526025
Hungary,1948,1.9636331
Hungary,1949,2.380553
Hungary,1950,2.1515498
Hungary,1951,2.439881
Hungary,1952,2.9624424
Hungary,1953,3.3111355
Hungary,1954,3.4443386
Hungary,1955,3.5426087
Hungary,1956,3.2276537
Hungary,1957,3.7571578
Hungary,1958,3.7899024
Hungary,1959,4.012524
Hungary,1960,4.3897686
Hungary,1961,4.6494994
Hungary,1962,4.801417
Hungary,1963,5.3700147
Hungary,1964,5.975726
Hungary,1965,5.801714
Hungary,1966,5.8125367
Hungary,1967,5.5371504
Hungary,1968,5.7773933
Hungary,1969,5.7991047
Hungary,1970,6.5095615
Hungary,1971,6.4392586
Hungary,1972,6.4282117
Hungary,1973,6.6814275
Hungary,1974,6.7656417
Hungary,1975,6.7824607
Hungary,1976,7.1602154
Hungary,1977,7.395814
Hungary,1978,7.783908
Hungary,1979,7.5954704
Hungary,1980,7.6286206
Hungary,1981,7.643538
Hungary,1982,7.7307844
Hungary,1983,8.012985
Hungary,1984,8.22523
Hungary,1985,7.865686
Hungary,1986,7.7986994
Hungary,1987,7.8496933
Hungary,1988,7.4984627
Hungary,1989,7.368288
Hungary,1990,6.8564115
Hungary,1991,5.8138647
Hungary,1992,5.209218
Hungary,1993,5.3394637
Hungary,1994,5.605452
Hungary,1995,5.4336863
Hungary,1996,5.6420116
Hungary,1997,5.5294704
Hungary,1998,5.650815
Hungary,1999,5.0620866
Hungary,2000,4.926992
Hungary,2001,5.0303693
Hungary,2002,5.1133566
Hungary,2003,5.439961
Hungary,2004,5.2688932
Hungary,2005,5.234618
Hungary,2006,5.245394
Hungary,2007,5.206293
Hungary,2008,5.1263094
Hungary,2009,4.0081496
Hungary,2010,4.0864034
Hungary,2011,4.0454135
Hungary,2012,3.6041844
Hungary,2013,3.3902984
Hungary,2014,3.4607134
Hungary,2015,3.868219
Hungary,2016,4.008364
Hungary,2017,4.2423825
Hungary,2018,4.254122
Hungary,2019,3.5864613
Hungary,2020,4.212858
Hungary,2021,3.9556537
Hungary,2022,3.4832118
Hungary,2023,2.9185073
Iceland,1936,19.716543
Iceland,1937,19.691826
Iceland,1940,21.808626
Iceland,1941,21.17746
Iceland,1942,20.93693
Iceland,1943,20.794617
Iceland,1944,20.259851
Iceland,1945,19.737936
Iceland,1946,19.976955
Iceland,1947,20.303345
Iceland,1948,20.858545
Iceland,1949,20.654667
Iceland,1950,23.422739
Iceland,1951,24.837961
Iceland,1952,27.554344
Iceland,1953,29.815071
Iceland,1954,29.868074
Iceland,1955,31.364428
Iceland,1956,32.038956
Iceland,1957,32.331207
Iceland,1958,33.1734
Iceland,1959,34.02269
Iceland,1960,25.313404
Iceland,1961,21.525328
Iceland,1962,20.18212
Iceland,1963,19.306023
Iceland,1964,18.022366
Iceland,1965,17.340965
Iceland,1966,16.840845
Iceland,1967,15.687158
Iceland,1968,15.678221
Iceland,1969,11.093531
Iceland,1970,11.165592
Iceland,1971,11.0475645
Iceland,1972,10.547003
Iceland,1973,11.277793
Iceland,1974,10.754858
Iceland,1975,9.755921
Iceland,1976,9.897003
Iceland,1977,10.455376
Iceland,1978,10.223102
Iceland,1979,10.251985
Iceland,1980,9.509626
Iceland,1981,8.915647
Iceland,1982,8.066342
Iceland,1983,7.6977615
Iceland,1984,8.696437
Iceland,1985,7.8931794
Iceland,1986,8.43634
Iceland,1987,8.58294
Iceland,1988,8.414335
Iceland,1989,8.701188
Iceland,1990,9.796168
Iceland,1991,9.190738
Iceland,1992,9.55473
Iceland,1993,10.042159
Iceland,1994,9.856574
Iceland,1995,10.138769
Iceland,1996,10.411795
Iceland,1997,10.4186735
Iceland,1998,10.293271
Iceland,1999,10.930279
Iceland,2000,11.110689
Iceland,2001,10.69653
Iceland,2002,11.026928
Iceland,2003,10.925566
Iceland,2004,11.234699
Iceland,2005,10.839361
Iceland,2006,10.885568
Iceland,2007,11.749152
Iceland,2008,12.707366
Iceland,2009,12.293325
Iceland,2010,14.62151
Iceland,2011,11.714153
Iceland,2012,12.175916
Iceland,2013,11.717558
Iceland,2014,11.4169235
Iceland,2015,11.594833
Iceland,2016,11.305936
Iceland,2017,11.527624
Iceland,2018,11.369177
Iceland,2019,10.753592
Iceland,2020,9.964215
Iceland,2021,10.2983
Iceland,2022,10.391527
Iceland,2023,10.612606
India,1858,0.5298332
India,1859,0.5069062
India,1860,0.502299
India,1861,0.48957628
India,1862,0.47620493
India,1863,0.47031483
India,1864,0.45930356
India,1865,0.462787
India,1866,0.45602226
India,1878,0.43863678
India,1879,0.43568507
India,1880,0.4493036
India,1881,0.45647278
India,1882,0.46620902
India,1883,0.4624181
India,1884,0.46225205
India,1885,0.46040732
India,1886,0.4589703
India,1887,0.45928597
India,1888,0.46091622
India,1889,0.4553651
India,1890,0.4507753
India,1891,0.44645885
India,1892,0.4435649
India,1893,0.43877834
India,1894,0.4361132
India,1895,0.442423
India,1896,0.44058925
India,1897,0.4422963
India,1898,0.44490185
India,1899,0.44451636
India,1900,0.43319055
India,1901,0.4257115
India,1902,0.4238944
India,1903,0.41658637
India,1904,0.41922784
India,1905,0.41331676
India,1906,0.41053268
India,1907,0.41120374
India,1908,0.42001304
India,1909,0.41124752
India,1910,0.41912687
India,1911,0.42725328
India,1912,0.4379821
India,1913,0.4502796
India,1914,0.44880992
India,1915,0.4525049
India,1916,0.45098588
India,1917,0.45614332
India,1918,0.46916425
India,1919,0.48122996
India,1920,0.9943092
India,1921,1.2191433
India,1922,1.3355377
India,1923,1.4013234
India,1924,1.4553236
India,1925,1.4863976
India,1926,1.5018581
India,1927,1.5238414
India,1928,1.5213783
India,1929,1.5395977
India,1930,1.5590254
India,1931,1.543528
India,1932,1.5243579
India,1933,1.5153489
India,1934,1.5136274
India,1935,1.5045755
India,1936,1.4922147
India,1937,1.492703
India,1938,1.4922326
India,1939,1.4869914
India,1940,1.4954852
India,1941,1.5045376
India,1942,1.5176998
India,1943,1.5171808
India,1944,1.5453739
India,1945,1.5678439
India,1946,1.5827953
India,1947,1.6035005
India,1948,1.6153225
India,1949,1.6257964
India,1950,2.069913
India,1951,2.1449785
India,1952,2.1781037
India,1953,2.1768968
India,1954,2.1814916
India,1955,2.1647143
India,1956,2.1452045
India,1957,2.1361258
India,1958,2.1216652
India,1959,2.0958316
India,1960,1.3547797
India,1961,1.7834637
India,1962,1.1620659
India,1963,1.0667566
India,1964,1.0233239
India,1965,0.97393006
India,1966,1.1269413
India,1967,1.1223485
India,1968,0.83613914
India,1969,0.91043574
India,1970,0.68950564
India,1971,0.76486194
India,1972,1.0311098
India,1973,0.94076025
India,1974,0.8697627
India,1975,0.7737264
India,1976,0.6901295
India,1977,1.0256474
India,1978,0.7988757
India,1979,0.67770743
India,1980,0.7047624
India,1981,0.7685058
India,1982,0.65982026
India,1983,0.91781545
India,1984,0.73699
India,1985,0.7231848
India,1986,0.79319435
India,1987,0.7256847
India,1988,0.86564106
India,1989,0.8378325
India,1990,0.86827034
India,1991,0.8496505
India,1992,0.9128099
India,1993,0.8781492
India,1994,0.8840199
India,1995,0.88172376
India,1996,1.0072186
India,1997,0.9614825
India,1998,0.9540612
India,1999,1.0058897
India,2000,1.1138113
India,2001,1.0602757
India,2002,1.0185456
India,2003,1.0525202
India,2004,1.0601298
India,2005,1.0723492
India,2006,1.134608
India,2007,1.2465572
India,2008,1.3569292
India,2009,1.3829154
India,2010,1.4429567
India,2011,1.4769293
India,2012,1.6307443
India,2013,1.7080699
India,2014,1.7085813
India,2015,1.7827927
India,2016,1.842784
India,2017,1.8425
India,2018,1.9621592
India,2019,1.9189923
India,2020,1.7542561
India,2021,1.9000397
India,2022,1.9804714
India,2023,2.1125472
Indonesia,1889,6.2940297
Indonesia,1890,8.616235
Indonesia,1891,10.383986
Indonesia,1892,11.173637
Indonesia,1893,11.488115
Indonesia,1894,12.225816
Indonesia,1895,11.959691
Indonesia,1896,11.508584
Indonesia,1897,11.980959
Indonesia,1898,11.849481
Indonesia,1899,11.962434
Indonesia,1900,10.418852
Indonesia,1901,11.20519
Indonesia,1902,10.734198
Indonesia,1903,10.915058
Indonesia,1904,10.856463
Indonesia,1905,10.462109
Indonesia,1906,10.455341
Indonesia,1907,10.240291
Indonesia,1908,9.970457
Indonesia,1909,10.266374
Indonesia,1910,9.60942
Indonesia,1911,9.909252
Indonesia,1912,9.399625
Indonesia,1913,8.976879
Indonesia,1914,9.397892
Indonesia,1915,9.3379755
Indonesia,1916,8.826059
Indonesia,1917,8.817762
Indonesia,1918,8.647375
Indonesia,1919,8.363144
Indonesia,1920,8.190393
Indonesia,1921,8.424307
Indonesia,1922,8.001608
Indonesia,1923,8.330861
Indonesia,1924,8.13813
Indonesia,1925,7.7497053
Indonesia,1926,7.9455943
Indonesia,1927,7.813501
Indonesia,1928,7.7181196
Indonesia,1929,7.9429593
Indonesia,1930,7.8697324
Indonesia,1931,7.6175275
Indonesia,1932,7.9061446
Indonesia,1933,7.788627
Indonesia,1934,7.602418
Indonesia,1935,7.3081803
Indonesia,1936,7.376313
Indonesia,1937,7.666034
Indonesia,1938,7.4377127
Indonesia,1939,7.51612
Indonesia,1940,7.3413925
Indonesia,1941,7.318129
Indonesia,1942,6.9380183
Indonesia,1943,7.1321864
Indonesia,1944,6.727226
Indonesia,1945,6.62743
Indonesia,1946,6.9538727
Indonesia,1947,6.657902
Indonesia,1948,6.687127
Indonesia,1949,6.862301
Indonesia,1950,6.889821
Indonesia,1951,6.5489345
Indonesia,1952,6.5728517
Indonesia,1953,6.426743
Indonesia,1954,6.4357076
Indonesia,1955,6.5959206
Indonesia,1956,6.4125967
Indonesia,1957,6.406633
Indonesia,1958,6.3888555
Indonesia,1959,6.241399
Indonesia,1960,5.1883245
Indonesia,1961,4.8335342
Indonesia,1962,4.55375
Indonesia,1963,4.3863907
Indonesia,1964,4.039185
Indonesia,1965,3.690893
Indonesia,1966,3.4131913
Indonesia,1967,3.2107735
Indonesia,1968,3.0197058
Indonesia,1969,2.9974694
Indonesia,1970,2.76755
Indonesia,1971,2.735603
Indonesia,1972,2.70764
Indonesia,1973,2.6913438
Indonesia,1974,2.4920743
Indonesia,1975,2.3836317
Indonesia,1976,2.4492257
Indonesia,1977,2.4567053
Indonesia,1978,2.4493594
Indonesia,1979,2.3177235
Indonesia,1980,2.250575
Indonesia,1981,2.2197328
Indonesia,1982,2.2212844
Indonesia,1983,2.115365
Indonesia,1984,6.6752405
Indonesia,1985,6.5605016
Indonesia,1986,7.9721713
Indonesia,1987,6.305662
Indonesia,1988,4.909598
Indonesia,1989,5.28727
Indonesia,1990,3.4341924
Indonesia,1991,3.1496167
Indonesia,1992,4.296724
Indonesia,1993,3.4063592
Indonesia,1994,4.781075
Indonesia,1995,4.2268467
Indonesia,1996,4.50504
Indonesia,1997,13.078645
Indonesia,1998,5.6926827
Indonesia,1999,6.0255976
Indonesia,2000,4.3184867
Indonesia,2001,4.1265397
Indonesia,2002,5.2082667
Indonesia,2003,4.0957885
Indonesia,2004,4.696131
Indonesia,2005,4.3306074
Indonesia,2006,6.7750506
Indonesia,2007,4.1837087
Indonesia,2008,4.3336725
Indonesia,2009,5.6114063
Indonesia,2010,5.1058774
Indonesia,2011,5.6704082
Indonesia,2012,5.8388286
Indonesia,2013,5.604135
Indonesia,2014,6.359659
Indonesia,2015,7.802644
Indonesia,2016,4.7910094
Indonesia,2017,4.5765667
Indonesia,2018,4.6318154
Indonesia,2019,5.689564
Indonesia,2020,4.0516863
Indonesia,2021,3.814525
Indonesia,2022,4.2816653
Indonesia,2023,4.584007
Iran,1906,1.5433903
Iran,1911,1.4987595
Iran,1912,1.523486
Iran,1913,1.6051311
Iran,1914,1.6628106
Iran,1915,1.7139605
Iran,1916,1.8044727
Iran,1917,1.9174665
Iran,1918,2.020029
Iran,1919,2.1275094
Iran,1920,2.2227678
Iran,1921,2.3654983
Iran,1922,2.4927995
Iran,1923,2.623589
Iran,1924,2.7024767
Iran,1925,2.6598368
Iran,1926,2.6316848
Iran,1927,2.6704576
Iran,1928,2.6487887
Iran,1929,2.5027647
Iran,1930,2.5426085
Iran,1931,2.4255555
Iran,1932,2.527097
Iran,1933,2.6190572
Iran,1934,2.6642518
Iran,1935,2.5957723
Iran,1936,2.6955316
Iran,1937,3.0623634
Iran,1938,3.0054843
Iran,1939,2.834245
Iran,1940,2.584402
Iran,1941,2.1267867
Iran,1942,2.651715
Iran,1943,2.6752152
Iran,1944,3.3499188
Iran,1945,4.015603
Iran,1946,4.427369
Iran,1947,4.5793424
Iran,1948,5.416811
Iran,1949,1.1244551
Iran,1950,1.8408341
Iran,1951,1.9965783
Iran,1952,2.0619307
Iran,1953,2.2164607
Iran,1954,2.1952202
Iran,1955,3.0811903
Iran,1956,3.509026
Iran,1957,3.5519178
Iran,1958,3.7182693
Iran,1959,3.658986
Iran,1960,4.2797384
Iran,1961,3.4037511
Iran,1962,3.0971138
Iran,1963,3.0196
Iran,1964,3.095804
Iran,1965,3.077648
Iran,1966,3.3981578
Iran,1967,3.384618
Iran,1968,3.7565522
Iran,1969,3.5675428
Iran,1970,4.441534
Iran,1971,5.3088307
Iran,1972,5.7020555
Iran,1973,5.100978
Iran,1974,4.755095
Iran,1975,4.0786104
Iran,1976,4.2811427
Iran,1977,3.9553719
Iran,1978,5.2609277
Iran,1979,3.5184255
Iran,1980,2.97139
Iran,1981,3.0472462
Iran,1982,3.4560986
Iran,1983,3.6381567
Iran,1984,3.581874
Iran,1985,3.7223861
Iran,1986,3.4111257
Iran,1987,3.5604522
Iran,1988,3.3245666
Iran,1989,3.2835615
Iran,1990,4.7617607
Iran,1991,4.7540193
Iran,1992,4.2743125
Iran,1993,4.2015376
Iran,1994,4.4187975
Iran,1995,4.1944566
Iran,1996,4.5405426
Iran,1997,4.0775824
Iran,1998,4.1285443
Iran,1999,5.9207067
Iran,2000,5.6048913
Iran,2001,5.85695
Iran,2002,5.9226494
Iran,2003,6.0922604
Iran,2004,6.4380856
Iran,2005,6.7017193
Iran,2006,6.5144124
Iran,2007,6.5963373
Iran,2008,6.721342
Iran,2009,6.804216
Iran,2010,6.932272
Iran,2011,7.0188565
Iran,2012,7.2163157
Iran,2013,7.2920723
Iran,2014,7.5908356
Iran,2015,7.487758
Iran,2016,7.409565
Iran,2017,7.909553
Iran,2018,8.587324
Iran,2019,8.665681
Iran,2020,8.72146
Iran,2021,8.983502
Iran,2022,9.150188
Iran,2023,9.259319
Iraq,1927,0.36616793
Iraq,1928,0.37406096
Iraq,1929,0.3671823
Iraq,1930,1.6333886
Iraq,1931,2.227057
Iraq,1932,2.574531
Iraq,1933,2.7958279
Iraq,1934,3.5815878
Iraq,1935,4.407987
Iraq,1936,4.510244
Iraq,1937,4.6885505
Iraq,1938,4.660779
Iraq,1939,6.204624
Iraq,1940,4.6889544
Iraq,1941,3.776467
Iraq,1942,4.336225
Iraq,1943,4.8267937
Iraq,1944,5.0391493
Iraq,1945,5.1446495
Iraq,1946,5.0127277
Iraq,1947,4.85584
Iraq,1948,1.9751562
Iraq,1949,2.1141725
Iraq,1950,2.2664468
Iraq,1951,2.2461047
Iraq,1952,2.0083156
Iraq,1953,1.9618461
Iraq,1954,1.9494
Iraq,1955,2.0115845
Iraq,1956,2.3097055
Iraq,1957,2.2216823
Iraq,1958,2.3393033
Iraq,1959,2.4223664
Iraq,1960,2.6365101
Iraq,1961,2.4069726
Iraq,1962,2.3205018
Iraq,1963,2.249812
Iraq,1964,2.0944622
Iraq,1965,2.9266367
Iraq,1966,3.980531
Iraq,1967,2.5369775
Iraq,1968,2.5118854
Iraq,1969,2.6574585
Iraq,1970,2.6805382
Iraq,1971,3.9205153
Iraq,1972,3.4273434
Iraq,1973,3.7350585
Iraq,1974,3.25645
Iraq,1975,3.1768894
Iraq,1976,4.297484
Iraq,1977,4.137327
Iraq,1978,3.865239
Iraq,1979,4.3054366
Iraq,1980,3.5455425
Iraq,1981,2.4702735
Iraq,1982,2.2403443
Iraq,1983,2.701265
Iraq,1984,2.7351882
Iraq,1985,2.9652288
Iraq,1986,3.044293
Iraq,1987,3.3997912
Iraq,1988,3.791469
Iraq,1989,4.0097117
Iraq,1990,3.8979704
Iraq,1991,2.930777
Iraq,1992,4.279607
Iraq,1993,3.2648418
Iraq,1994,3.4340992
Iraq,1995,3.4770994
Iraq,1996,2.795388
Iraq,1997,2.8719373
Iraq,1998,2.9418316
Iraq,1999,3.0082107
Iraq,2000,3.015387
Iraq,2001,3.8978255
Iraq,2002,3.6227307
Iraq,2003,3.644139
Iraq,2004,4.235273
Iraq,2005,4.283141
Iraq,2006,3.7864318
Iraq,2007,1.7010496
Iraq,2008,2.6176949
Iraq,2009,3.5570908
Iraq,2010,4.013798
Iraq,2011,3.8621142
Iraq,2012,4.3337646
Iraq,2013,4.6686754
Iraq,2014,4.054454
Iraq,2015,3.9464428
Iraq,2016,4.0864224
Iraq,2017,4.306428
Iraq,2018,4.632666
Iraq,2019,4.709651
Iraq,2020,3.852227
Iraq,2021,3.7345605
Iraq,2022,3.9340906
Iraq,2023,3.9660823
Ireland,1850,0.68482345
Ireland,1880,0.9606505
Ireland,1881,0.7884456
Ireland,1910,0.35289747
Ireland,1913,0.9036489
Ireland,1914,1.0824757
Ireland,1915,1.243479
Ireland,1916,1.3071927
Ireland,1917,1.4567096
Ireland,1918,1.5822988
Ireland,1919,1.7488385
Ireland,1920,0.716743
Ireland,1921,0.029011795
Ireland,1924,-0.9100546
Ireland,1925,-1.8625364
Ireland,1926,-2.0341532
Ireland,1927,-3.369618
Ireland,1928,-4.3759384
Ireland,1929,-4.038437
Ireland,1930,-3.8565917
Ireland,1931,-3.195446
Ireland,1932,-3.7609894
Ireland,1933,-2.1714106
Ireland,1934,-1.7202075
Ireland,1935,-1.2025597
Ireland,1936,-0.5560606
Ireland,1937,-0.075600035
Ireland,1938,0.24104519
Ireland,1939,1.3052117
Ireland,1940,1.4180299
Ireland,1941,0.65064055
Ireland,1942,0.31826338
Ireland,1943,0.7087374
Ireland,1944,0.82147956
Ireland,1945,1.08035
Ireland,1946,1.6950253
Ireland,1947,2.0236323
Ireland,1948,2.2825496
Ireland,1949,2.637884
Ireland,1950,3.5864036
Ireland,1951,3.9773555
Ireland,1952,3.895811
Ireland,1953,3.673761
Ireland,1954,3.27233
Ireland,1955,4.393394
Ireland,1956,4.0893126
Ireland,1957,3.7073443
Ireland,1958,3.2809267
Ireland,1959,4.9950414
Ireland,1960,4.2498827
Ireland,1961,6.66719
Ireland,1962,5.931447
Ireland,1963,6.877794
Ireland,1964,7.68476
Ireland,1965,8.591208
Ireland,1966,8.75571
Ireland,1967,8.383602
Ireland,1968,9.221039
Ireland,1969,9.262567
Ireland,1970,9.48936
Ireland,1971,11.079597
Ireland,1972,10.336799
Ireland,1973,10.166918
Ireland,1974,9.541444
Ireland,1975,9.600434
Ireland,1976,11.053573
Ireland,1977,10.23951
Ireland,1978,10.254442
Ireland,1979,11.819602
Ireland,1980,9.934689
Ireland,1981,9.623285
Ireland,1982,9.905805
Ireland,1983,10.661032
Ireland,1984,9.775084
Ireland,1985,10.227261
Ireland,1986,9.697001
Ireland,1987,9.605997
Ireland,1988,8.738621
Ireland,1989,8.189502
Ireland,1990,8.53264
Ireland,1991,8.559028
Ireland,1992,8.576001
Ireland,1993,8.4982815
Ireland,1994,8.92825
Ireland,1995,9.099353
Ireland,1996,9.945396
Ireland,1997,10.385981
Ireland,1998,11.225307
Ireland,1999,12.198782
Ireland,2000,12.738919
Ireland,2001,13.426401
Ireland,2002,12.836728
Ireland,2003,11.918201
Ireland,2004,12.008432
Ireland,2005,12.337796
Ireland,2006,11.727835
Ireland,2007,16.905203
Ireland,2008,13.401384
Ireland,2009,11.7466955
Ireland,2010,11.044464
Ireland,2011,10.226409
Ireland,2012,9.760379
Ireland,2013,9.059251
Ireland,2014,8.575321
Ireland,2015,9.341867
Ireland,2016,9.711199
Ireland,2017,9.32579
Ireland,2018,9.021662
Ireland,2019,8.35914
Ireland,2020,7.223168
Ireland,2021,7.5601707
Ireland,2022,7.199925
Ireland,2023,6.575049
Israel,1930,0.77808094
Israel,1931,0.8437533
Israel,1932,0.8891695
Israel,1933,0.91717046
Israel,1934,0.9164226
Israel,1935,0.9336664
Israel,1936,0.8952681
Israel,1937,0.87883335
Israel,1938,0.81509966
Israel,1939,0.80125195
Israel,1940,0.71718323
Israel,1941,0.6385117
Israel,1942,0.6482619
Israel,1943,0.5859443
Israel,1944,0.559159
Israel,1945,0.5180742
Israel,1946,0.546215
Israel,1947,0.54967064
Israel,1948,0.4538786
Israel,1949,0.46358967
Israel,1950,2.2150853
Israel,1951,3.210286
Israel,1952,3.7067428
Israel,1953,3.868753
Israel,1954,3.8302925
Israel,1955,3.8665688
Israel,1956,3.5996184
Israel,1957,3.6275542
Israel,1958,3.6093342
Israel,1959,3.4651775
Israel,1960,3.9959142
Israel,1961,3.8595295
Israel,1962,4.4037366
Israel,1963,4.1911674
Israel,1964,4.2318482
Israel,1965,5.8150954
Israel,1966,5.7342167
Israel,1967,5.393729
Israel,1968,5.2535334
Israel,1969,5.4466667
Israel,1970,5.866742
Israel,1971,5.521248
Israel,1972,5.6863437
Israel,1973,6.2962723
Israel,1974,6.0592465
Israel,1975,5.899254
Israel,1976,5.757511
Israel,1977,5.700232
Israel,1978,5.927332
Israel,1979,5.7457733
Israel,1980,5.7102647
Israel,1981,5.599235
Israel,1982,6.1326537
Israel,1983,6.0951695
Israel,1984,5.9160924
Israel,1985,6.133521
Israel,1986,6.412464
Israel,1987,6.4476914
Israel,1988,6.923746
Israel,1989,7.2078257
Israel,1990,7.915442
Israel,1991,7.611725
Israel,1992,8.50864
Israel,1993,8.740778
Israel,1994,9.145008
Israel,1995,9.295769
Israel,1996,9.433143
Israel,1997,9.710393
Israel,1998,9.65023
Israel,1999,9.230798
Israel,2000,9.745174
Israel,2001,10.149275
Israel,2002,9.324008
Israel,2003,9.51747
Israel,2004,8.787436
Israel,2005,8.305523
Israel,2006,9.042997
Israel,2007,8.954565
Israel,2008,9.586258
Israel,2009,8.796094
Israel,2010,9.28197
Israel,2011,9.208309
Israel,2012,9.813849
Israel,2013,8.225942
Israel,2014,7.6415243
Israel,2015,7.8022976
Israel,2016,7.9072595
Israel,2017,7.2552476
Israel,2018,7.15836
Israel,2019,6.857002
Israel,2020,6.765067
Israel,2021,6.709939
Israel,2022,6.8400135
Israel,2023,6.5906267
Italy,1860,0.8587154
Italy,1861,0.8256096
Italy,1862,0.8028687
Italy,1863,0.6918745
Italy,1864,0.63688874
Italy,1865,0.5934059
Italy,1866,0.5544149
Italy,1867,0.5499291
Italy,1868,0.5413347
Italy,1869,0.5065322
Italy,1870,0.6132628
Italy,1871,0.69489044
Italy,1872,0.7839779
Italy,1873,0.7898294
Italy,1874,0.7816285
Italy,1875,0.83913356
Italy,1876,0.91734374
Italy,1877,0.9090245
Italy,1878,0.92566365
Italy,1879,0.9274577
Italy,1880,0.9662099
Italy,1881,1.0559189
Italy,1882,1.1068205
Italy,1883,1.0959026
Italy,1884,1.1095861
Italy,1885,1.1680938
Italy,1886,1.166692
Italy,1887,1.267112
Italy,1888,1.3159956
Italy,1889,1.3199112
Italy,1890,1.2613612
Italy,1891,1.2649235
Italy,1892,1.2867874
Italy,1893,1.2525496
Italy,1894,1.2733833
Italy,1895,1.2804481
Italy,1896,1.2851605
Italy,1897,1.2793707
Italy,1898,1.2932236
Italy,1899,1.2849867
Italy,1900,1.2770742
Italy,1901,1.2504797
Italy,1902,1.3488446
Italy,1903,1.3878492
Italy,1904,1.3938917
Italy,1905,1.3839921
Italy,1906,1.521487
Italy,1907,1.5927365
Italy,1908,1.5823938
Italy,1909,1.6494789
Italy,1910,1.7283337
Italy,1911,1.7940983
Italy,1912,1.9197781
Italy,1913,2.0470495
Italy,1914,1.964251
Italy,1915,1.8730652
Italy,1916,1.9182874
Italy,1917,1.7390258
Italy,1918,1.8841654
Italy,1919,1.9274123
Italy,1920,1.7431738
Italy,1921,1.8211904
Italy,1922,2.0287347
Italy,1923,1.9342434
Italy,1924,2.002247
Italy,1925,1.9084754
Italy,1926,1.9405844
Italy,1927,2.0296223
Italy,1928,1.940141
Italy,1929,2.0622215
Italy,1930,1.889173
Italy,1931,1.7724468
Italy,1932,1.5643731
Italy,1933,1.5841506
Italy,1934,1.7345644
Italy,1935,1.9206719
Italy,1936,1.5500966
Italy,1937,1.8076129
Italy,1938,1.8818628
Italy,1939,1.8487382
Italy,1940,1.8255187
Italy,1941,1.6439538
Italy,1942,1.6691803
Italy,1943,0.8970119
Italy,1944,0.82678473
Italy,1945,0.8240078
Italy,1946,1.1910788
Italy,1947,1.4368827
Italy,1948,1.33193
Italy,1949,1.4844576
Italy,1950,1.2827843
Italy,1951,1.2007356
Italy,1952,1.159353
Italy,1953,1.1087582
Italy,1954,1.1179732
Italy,1955,1.205059
Italy,1956,1.2604443
Italy,1957,1.2226791
Italy,1958,1.1139401
Italy,1959,0.7266251
Italy,1960,1.1759295
Italy,1961,1.6120819
Italy,1962,2.0232882
Italy,1963,2.3727226
Italy,1964,2.6272473
Italy,1965,2.8890111
Italy,1966,3.3888197
Italy,1967,3.8298268
Italy,1968,4.0121536
Italy,1969,4.386728
Italy,1970,3.7912982
Italy,1971,4.206996
Italy,1972,4.5341816
Italy,1973,5.105696
Italy,1974,5.222021
Italy,1975,4.9287815
Italy,1976,5.377497
Italy,1977,5.2665467
Italy,1978,5.5836105
Italy,1979,5.846113
Italy,1980,5.8777294
Italy,1981,5.702759
Italy,1982,5.5223722
Italy,1983,5.3974104
Italy,1984,5.486341
Italy,1985,5.603426
Italy,1986,5.5282
Italy,1987,5.815157
Italy,1988,5.9544435
Italy,1989,6.318392
Italy,1990,6.781977
Italy,1991,6.716402
Italy,1992,6.6555347
Italy,1993,6.495234
Italy,1994,6.339635
Italy,1995,6.9020104
Italy,1996,6.8430023
Italy,1997,7.1937766
Italy,1998,7.7329397
Italy,1999,7.6010804
Italy,2000,7.5935574
Italy,2001,7.491798
Italy,2002,7.480769
Italy,2003,7.841456
Italy,2004,7.8405523
Italy,2005,7.6941223
Italy,2006,7.5323043
Italy,2007,7.8410387
Italy,2008,7.285891
Italy,2009,6.5854836
Italy,2010,6.4940114
Italy,2011,6.449741
Italy,2012,5.86937
Italy,2013,5.3097625
Italy,2014,4.9659257
Italy,2015,5.2518935
Italy,2016,5.2928963
Italy,2017,5.110528
Italy,2018,5.6309795
Italy,2019,5.181162
Italy,2020,4.5041184
Italy,2021,5.097286
Italy,2022,5.2026215
Italy,2023,4.772326
Jamaica,1950,3.5213768
Jamaica,1951,3.1694613
Jamaica,1952,3.0425916
Jamaica,1953,2.7900183
Jamaica,1954,3.0521479
Jamaica,1955,3.0139697
Jamaica,1956,3.0781684
Jamaica,1957,3.2782593
Jamaica,1958,3.107724
Jamaica,1959,3.5107288
Jamaica,1960,1.988187
Jamaica,1961,1.8857708
Jamaica,1962,1.8623334
Jamaica,1963,1.875293
Jamaica,1964,2.0719106
Jamaica,1965,1.709728
Jamaica,1966,1.9145142
Jamaica,1967,2.0660286
Jamaica,1968,2.2184374
Jamaica,1969,2.1503289
Jamaica,1970,2.6592543
Jamaica,1971,3.0960522
Jamaica,1972,3.3029718
Jamaica,1973,4.3072762
Jamaica,1974,3.9153798
Jamaica,1975,4.1679306
Jamaica,1976,3.7164168
Jamaica,1977,3.81477
Jamaica,1978,4.297193
Jamaica,1979,4.1211042
Jamaica,1980,4.107738
Jamaica,1981,3.35159
Jamaica,1982,2.6416454
Jamaica,1983,2.8346326
Jamaica,1984,2.2701883
Jamaica,1985,2.3494494
Jamaica,1986,2.159359
Jamaica,1987,2.562729
Jamaica,1988,2.2231042
Jamaica,1989,3.114233
Jamaica,1990,4.1815515
Jamaica,1991,4.743885
Jamaica,1992,7.699304
Jamaica,1993,5.2491803
Jamaica,1994,5.1986375
Jamaica,1995,4.668742
Jamaica,1996,5.376683
Jamaica,1997,4.888776
Jamaica,1998,4.696194
Jamaica,1999,10.191465
Jamaica,2000,7.166399
Jamaica,2001,5.8066916
Jamaica,2002,5.9550304
Jamaica,2003,5.2770376
Jamaica,2004,5.230645
Jamaica,2005,4.817656
Jamaica,2006,7.393448
Jamaica,2007,7.438726
Jamaica,2008,7.7364383
Jamaica,2009,4.0778265
Jamaica,2010,3.4517949
Jamaica,2011,3.9848313
Jamaica,2012,3.6151507
Jamaica,2013,3.6345582
Jamaica,2014,2.9938998
Jamaica,2015,3.0044217
Jamaica,2016,2.9987555
Jamaica,2017,2.9456596
Jamaica,2018,2.8066463
Jamaica,2019,3.2433305
Jamaica,2020,2.275209
Jamaica,2021,2.4525356
Jamaica,2022,2.3735955
Jamaica,2023,2.5544991
Japan,1868,0.49799976
Japan,1869,0.54699904
Japan,1870,0.47281978
Japan,1871,0.5472944
Japan,1872,0.48874956
Japan,1873,0.5417066
Japan,1874,0.56000876
Japan,1875,0.6051087
Japan,1876,0.6807093
Japan,1877,0.6094031
Japan,1878,0.64874053
Japan,1879,0.60585296
Japan,1880,0.6601692
Japan,1881,0.67259353
Japan,1882,0.67001396
Japan,1883,0.7317541
Japan,1884,0.71453536
Japan,1885,0.7384533
Japan,1886,0.8240391
Japan,1887,0.772528
Japan,1888,0.8115667
Japan,1889,0.8243799
Japan,1890,0.9002973
Japan,1891,0.95042807
Japan,1892,0.9501584
Japan,1893,0.9406632
Japan,1894,1.022455
Japan,1895,1.036041
Japan,1896,1.1694276
Japan,1897,1.2387631
Japan,1898,1.2909262
Japan,1899,1.3671236
Japan,1900,1.2947131
Japan,1901,1.4383944
Japan,1902,1.4339513
Japan,1903,1.4162467
Japan,1904,1.5985851
Japan,1905,1.6001785
Japan,1906,1.5698485
Japan,1907,1.6530731
Japan,1908,1.751657
Japan,1909,1.7919774
Japan,1910,1.781272
Japan,1911,1.8482124
Japan,1912,1.9372303
Japan,1913,1.98354
Japan,1914,2.0517004
Japan,1915,1.9511653
Japan,1916,2.1061637
Japan,1917,2.2260153
Japan,1918,2.3167605
Japan,1919,2.3665085
Japan,1920,2.3079064
Japan,1921,2.1848114
Japan,1922,2.3062747
Japan,1923,2.4293792
Japan,1924,2.4407103
Japan,1925,2.430249
Japan,1926,2.4132712
Japan,1927,2.530518
Japan,1928,2.541307
Japan,1929,2.5677373
Japan,1930,2.3924599
Japan,1931,2.2303
Japan,1932,2.240939
Japan,1933,2.41137
Japan,1934,2.5838034
Japan,1935,2.553476
Japan,1936,2.6584241
Japan,1937,2.7818997
Japan,1938,2.9316556
Japan,1939,2.77116
Japan,1940,3.1013286
Japan,1941,3.0605
Japan,1942,2.9607794
Japan,1943,3.0139108
Japan,1944,2.7756305
Japan,1945,1.9054358
Japan,1946,1.6304181
Japan,1947,1.7775167
Japan,1948,2.000867
Japan,1949,2.0668242
Japan,1950,2.1139102
Japan,1951,2.1950698
Japan,1952,2.290605
Japan,1953,2.4306483
Japan,1954,2.290723
Japan,1955,2.2968345
Japan,1956,2.4547133
Japan,1957,2.8035603
Japan,1958,2.6688476
Japan,1959,2.9089427
Japan,1960,3.122791
Japan,1961,3.6393237
Japan,1962,3.6041703
Japan,1963,3.918541
Japan,1964,4.1743164
Japan,1965,4.357573
Japan,1966,4.616629
Japan,1967,5.2619467
Japan,1968,5.8070893
Japan,1969,6.639562
Japan,1970,7.6129265
Japan,1971,7.7431912
Japan,1972,8.152445
Japan,1973,8.521894
Japan,1974,8.406907
Japan,1975,7.889839
Japan,1976,8.091743
Japan,1977,8.236813
Japan,1978,7.908951
Japan,1979,8.239783
Japan,1980,8.097323
Japan,1981,7.882003
Japan,1982,7.611248
Japan,1983,7.404791
Japan,1984,7.892275
Japan,1985,7.628648
Japan,1986,7.584944
Japan,1987,7.46137
Japan,1988,8.06837
Japan,1989,8.312305
Japan,1990,9.406443
Japan,1991,9.452078
Japan,1992,9.485655
Japan,1993,9.366508
Japan,1994,9.818969
Japan,1995,9.816462
Japan,1996,9.893469
Japan,1997,9.8198595
Japan,1998,9.497569
Japan,1999,9.702534
Japan,2000,10.003308
Japan,2001,9.770942
Japan,2002,9.939414
Japan,2003,9.979092
Japan,2004,9.899686
Japan,2005,9.971344
Japan,2006,9.848183
Japan,2007,10.074454
Japan,2008,9.537549
Japan,2009,8.973625
Japan,2010,9.375899
Japan,2011,9.791574
Japan,2012,10.140839
Japan,2013,10.242657
Japan,2014,9.874402
Japan,2015,9.577339
Japan,2016,9.41532
Japan,2017,9.313522
Japan,2018,8.997722
Japan,2019,8.714165
Japan,2020,8.246794
Japan,2021,8.4694195
Japan,2022,8.277216
Japan,2023,7.974603
Jordan,1950,3.3608732
Jordan,1951,3.394789
Jordan,1952,3.2409725
Jordan,1953,3.0470479
Jordan,1954,3.0008686
Jordan,1955,3.2092316
Jordan,1956,3.3577023
Jordan,1957,3.2858596
Jordan,1958,3.1295562
Jordan,1959,2.8790627
Jordan,1960,3.0263848
Jordan,1961,2.5295749
Jordan,1962,2.2413342
Jordan,1963,2.306347
Jordan,1964,1.9611366
Jordan,1965,1.901146
Jordan,1966,1.9060096
Jordan,1967,1.5372295
Jordan,1968,1.4651673
Jordan,1969,1.6120298
Jordan,1970,1.3185087
Jordan,1971,1.4070387
Jordan,1972,1.4345002
Jordan,1973,1.6484393
Jordan,1974,1.482148
Jordan,1975,1.5995045
Jordan,1976,1.7279828
Jordan,1977,1.8629061
Jordan,1978,2.0357084
Jordan,1979,2.0343914
Jordan,1980,2.2445393
Jordan,1981,2.7821372
Jordan,1982,2.9802961
Jordan,1983,2.5803723
Jordan,1984,4.004197
Jordan,1985,3.5617356
Jordan,1986,3.8781512
Jordan,1987,3.6479468
Jordan,1988,3.0999222
Jordan,1989,2.3279245
Jordan,1990,2.4382215
Jordan,1991,3.329916
Jordan,1992,3.1000605
Jordan,1993,2.7399802
Jordan,1994,3.2618272
Jordan,1995,2.7129292
Jordan,1996,2.7914417
Jordan,1997,2.739566
Jordan,1998,2.718826
Jordan,1999,2.6770878
Jordan,2000,2.8243828
Jordan,2001,2.889637
Jordan,2002,2.9337125
Jordan,2003,3.1896322
Jordan,2004,3.2276776
Jordan,2005,3.4692912
Jordan,2006,3.1024554
Jordan,2007,3.147089
Jordan,2008,3.2550442
Jordan,2009,3.080115
Jordan,2010,2.9342973
Jordan,2011,3.1436396
Jordan,2012,3.3729503
Jordan,2013,3.164159
Jordan,2014,3.0640461
Jordan,2015,2.7997742
Jordan,2016,2.4672549
Jordan,2017,2.5866177
Jordan,2018,2.500072
Jordan,2019,2.3659189
Jordan,2020,1.9539207
Jordan,2021,1.8807057
Jordan,2022,1.810838
Jordan,2023,1.8599101
Kazakhstan,1850,8.08577
Kazakhstan,1855,7.893982
Kazakhstan,1858,7.713847
Kazakhstan,1859,7.6646056
Kazakhstan,1860,7.6018424
Kazakhstan,1861,7.6212983
Kazakhstan,1862,7.620109
Kazakhstan,1863,7.5722632
Kazakhstan,1864,7.545475
Kazakhstan,1865,7.4900217
Kazakhstan,1866,7.479694
Kazakhstan,1867,7.432022
Kazakhstan,1868,7.381825
Kazakhstan,1869,7.353657
Kazakhstan,1870,7.3940635
Kazakhstan,1871,7.402463
Kazakhstan,1872,7.3673267
Kazakhstan,1873,7.3443832
Kazakhstan,1874,7.3033614
Kazakhstan,1875,7.28894
Kazakhstan,1876,7.265668
Kazakhstan,1877,7.224271
Kazakhstan,1878,7.2104654
Kazakhstan,1879,7.169494
Kazakhstan,1880,7.2100544
Kazakhstan,1881,7.155759
Kazakhstan,1882,7.160172
Kazakhstan,1883,7.153142
Kazakhstan,1884,7.111556
Kazakhstan,1885,7.0954695
Kazakhstan,1886,7.0767975
Kazakhstan,1887,7.049035
Kazakhstan,1888,7.0105734
Kazakhstan,1889,7.0015936
Kazakhstan,1890,7.0079236
Kazakhstan,1891,7.0678244
Kazakhstan,1892,7.0780463
Kazakhstan,1893,7.158413
Kazakhstan,1894,7.140063
Kazakhstan,1895,7.209811
Kazakhstan,1896,7.1888943
Kazakhstan,1897,7.267222
Kazakhstan,1898,7.3294106
Kazakhstan,1899,7.421597
Kazakhstan,1900,7.6461763
Kazakhstan,1901,7.6870337
Kazakhstan,1902,7.623041
Kazakhstan,1903,7.578137
Kazakhstan,1904,7.6730337
Kazakhstan,1905,7.523388
Kazakhstan,1906,7.6505623
Kazakhstan,1907,7.7708507
Kazakhstan,1908,7.7465024
Kazakhstan,1909,7.7858787
Kazakhstan,1910,7.4476237
Kazakhstan,1911,7.3275433
Kazakhstan,1912,7.4142714
Kazakhstan,1913,7.4271946
Kazakhstan,1914,7.145049
Kazakhstan,1915,6.9273725
Kazakhstan,1916,6.9136806
Kazakhstan,1917,6.700391
Kazakhstan,1918,5.792436
Kazakhstan,1919,5.633558
Kazakhstan,1920,5.7266793
Kazakhstan,1921,5.792338
Kazakhstan,1922,5.883464
Kazakhstan,1923,5.9370193
Kazakhstan,1924,6.032147
Kazakhstan,1925,5.9821763
Kazakhstan,1926,6.241005
Kazakhstan,1927,6.423214
Kazakhstan,1928,6.5055676
Kazakhstan,1929,6.5372496
Kazakhstan,1930,4.564475
Kazakhstan,1931,3.0155365
Kazakhstan,1932,1.6618952
Kazakhstan,1933,0.53148425
Kazakhstan,1934,-0.11978399
Kazakhstan,1935,-0.8117836
Kazakhstan,1936,-1.262596
Kazakhstan,1937,-2.0675404
Kazakhstan,1938,-2.6395218
Kazakhstan,1939,-3.3323889
Kazakhstan,1940,2.4619834
Kazakhstan,1941,4.978067
Kazakhstan,1942,5.255009
Kazakhstan,1943,7.3327107
Kazakhstan,1944,10.158476
Kazakhstan,1945,11.750852
Kazakhstan,1946,13.404329
Kazakhstan,1947,15.307771
Kazakhstan,1948,16.493168
Kazakhstan,1949,17.866695
Kazakhstan,1950,21.590958
Kazakhstan,1951,24.160484
Kazakhstan,1952,26.138235
Kazakhstan,1953,27.819258
Kazakhstan,1954,29.48825
Kazakhstan,1955,31.356764
Kazakhstan,1956,32.75869
Kazakhstan,1957,34.146385
Kazakhstan,1958,35.100494
Kazakhstan,1959,35.925564
Kazakhstan,1960,30.109318
Kazakhstan,1961,27.22021
Kazakhstan,1962,23.914085
Kazakhstan,1963,21.785454
Kazakhstan,1964,20.34564
Kazakhstan,1965,18.719519
Kazakhstan,1966,17.982302
Kazakhstan,1967,17.24241
Kazakhstan,1968,16.751905
Kazakhstan,1969,16.19382
Kazakhstan,1970,16.157167
Kazakhstan,1971,16.111725
Kazakhstan,1972,16.023443
Kazakhstan,1973,16.300896
Kazakhstan,1974,16.019346
Kazakhstan,1975,16.256334
Kazakhstan,1976,16.277185
Kazakhstan,1977,16.028662
Kazakhstan,1978,15.842947
Kazakhstan,1979,15.6364155
Kazakhstan,1980,16.130182
Kazakhstan,1981,15.523887
Kazakhstan,1982,15.574166
Kazakhstan,1983,15.426382
Kazakhstan,1984,15.356587
Kazakhstan,1985,16.297522
Kazakhstan,1986,16.34753
Kazakhstan,1987,15.804445
Kazakhstan,1988,16.262583
Kazakhstan,1989,15.347744
Kazakhstan,1990,15.457233
Kazakhstan,1991,15.370702
Kazakhstan,1992,13.6860285
Kazakhstan,1993,11.563555
Kazakhstan,1994,9.991159
Kazakhstan,1995,7.300073
Kazakhstan,1996,6.7515116
Kazakhstan,1997,6.284563
Kazakhstan,1998,6.9237924
Kazakhstan,1999,2.9454722
Kazakhstan,2000,4.081651
Kazakhstan,2001,2.9920402
Kazakhstan,2002,5.0079594
Kazakhstan,2003,7.0367417
Kazakhstan,2004,8.137017
Kazakhstan,2005,9.296659
Kazakhstan,2006,10.734613
Kazakhstan,2007,11.007159
Kazakhstan,2008,11.387678
Kazakhstan,2009,11.365787
Kazakhstan,2010,14.065582
Kazakhstan,2011,13.275419
Kazakhstan,2012,13.438136
Kazakhstan,2013,13.600823
Kazakhstan,2014,15.161148
Kazakhstan,2015,14.730189
Kazakhstan,2016,14.421833
Kazakhstan,2017,15.177569
Kazakhstan,2018,15.386483
Kazakhstan,2019,13.88042
Kazakhstan,2020,12.7824335
Kazakhstan,2021,12.540612
Kazakhstan,2022,12.31469
Kazakhstan,2023,12.180461
Kenya,1950,7.6892405
Kenya,1951,7.753814
Kenya,1952,7.6359615
Kenya,1953,7.5302014
Kenya,1954,7.576839
Kenya,1955,7.53859
Kenya,1956,7.449541
Kenya,1957,7.510461
Kenya,1958,7.4119587
Kenya,1959,7.406522
Kenya,1960,9.528752
Kenya,1961,7.214222
Kenya,1962,5.686528
Kenya,1963,4.5010505
Kenya,1964,3.5721853
Kenya,1965,2.9184108
Kenya,1966,2.5528705
Kenya,1967,2.1528244
Kenya,1968,1.8141658
Kenya,1969,1.5528979
Kenya,1970,1.2556251
Kenya,1971,1.1323456
Kenya,1972,1.00485
Kenya,1973,0.9421697
Kenya,1974,2.7703917
Kenya,1975,1.891388
Kenya,1976,1.384748
Kenya,1977,1.1720805
Kenya,1978,1.0086931
Kenya,1979,0.90725875
Kenya,1980,0.9988438
Kenya,1981,1.6258484
Kenya,1982,1.3917115
Kenya,1983,1.1085619
Kenya,1984,4.2208896
Kenya,1985,2.693386
Kenya,1986,2.0774858
Kenya,1987,2.3245287
Kenya,1988,2.8988576
Kenya,1989,2.1013236
Kenya,1990,2.337779
Kenya,1991,2.6566105
Kenya,1992,2.3752954
Kenya,1993,3.0030744
Kenya,1994,2.2712696
Kenya,1995,1.7095296
Kenya,1996,1.7974124
Kenya,1997,1.5536189
Kenya,1998,2.1478026
Kenya,1999,1.6821603
Kenya,2000,1.6686274
Kenya,2001,1.4481496
Kenya,2002,1.3603776
Kenya,2003,1.3256553
Kenya,2004,1.163288
Kenya,2005,1.2574857
Kenya,2006,1.2487621
Kenya,2007,1.2589773
Kenya,2008,1.4208343
Kenya,2009,1.3683826
Kenya,2010,1.5858257
Kenya,2011,1.2546742
Kenya,2012,1.0706404
Kenya,2013,0.9547312
Kenya,2014,0.9007949
Kenya,2015,0.8746518
Kenya,2016,0.8213349
Kenya,2017,0.769926
Kenya,2018,0.7367933
Kenya,2019,0.691672
Kenya,2020,0.6500844
Kenya,2021,0.60632265
Kenya,2022,0.5537063
Kenya,2023,0.52915514
Kiribati,1961,0.15169959
Kiribati,1962,0.22195747
Kiribati,1963,0.36087856
Kiribati,1964,0.3518476
Kiribati,1965,0.20579259
Kiribati,1966,0.20204768
Kiribati,1967,0.39986175
Kiribati,1968,0.59408724
Kiribati,1969,0.19512542
Kiribati,1970,0.38239694
Kiribati,1971,0.4999062
Kiribati,1972,0.4292265
Kiribati,1973,0.6027307
Kiribati,1974,0.538894
Kiribati,1975,0.5409005
Kiribati,1976,0.5437636
Kiribati,1977,0.36489177
Kiribati,1978,0.3674288
Kiribati,1979,0.42643613
Kiribati,1980,0.4794635
Kiribati,1981,0.4720965
Kiribati,1982,0.40645304
Kiribati,1983,0.3427823
Kiribati,1984,0.3371779
Kiribati,1985,0.33076054
Kiribati,1986,0.26930088
Kiribati,1987,0.31542248
Kiribati,1988,0.30789486
Kiribati,1989,0.3006729
Kiribati,1990,0.2937859
Kiribati,1991,0.28797486
Kiribati,1992,0.33043882
Kiribati,1993,0.3719136
Kiribati,1994,0.3664229
Kiribati,1995,0.36094078
Kiribati,1996,0.3549141
Kiribati,1997,0.34845874
Kiribati,1998,0.34228596
Kiribati,1999,0.33654818
Kiribati,2000,0.41364673
Kiribati,2001,0.40572265
Kiribati,2002,0.39725477
Kiribati,2003,0.4281056
Kiribati,2004,0.41962352
Kiribati,2005,0.4860061
Kiribati,2006,0.47641528
Kiribati,2007,0.4668019
Kiribati,2008,0.45718235
Kiribati,2009,0.4475598
Kiribati,2010,0.5394433
Kiribati,2011,0.49682704
Kiribati,2012,0.4569881
Kiribati,2013,0.45073986
Kiribati,2014,0.5084652
Kiribati,2015,0.47060034
Kiribati,2016,0.46405202
Kiribati,2017,0.5485167
Kiribati,2018,0.540351
Kiribati,2019,0.5323819
Kiribati,2020,0.52316284
Kiribati,2021,0.51386094
Kiribati,2022,0.5177368
Kiribati,2023,0.5207707
Kuwait,1946,17.01843
Kuwait,1947,46.657887
Kuwait,1948,2.16487
Kuwait,1949,7.002047
Kuwait,1950,2.3615136
Kuwait,1951,0.60850036
Kuwait,1952,-0.1253264
Kuwait,1953,-0.12056935
Kuwait,1954,7.9843287
Kuwait,1955,9.813237
Kuwait,1956,4.9188876
Kuwait,1957,9.580296
Kuwait,1958,14.632332
Kuwait,1959,13.3551
Kuwait,1960,24.890028
Kuwait,1961,28.694702
Kuwait,1962,36.985306
Kuwait,1963,39.697037
Kuwait,1964,53.445297
Kuwait,1965,67.85765
Kuwait,1966,61.308414
Kuwait,1967,40.44626
Kuwait,1968,33.64483
Kuwait,1969,35.760704
Kuwait,1970,30.920336
Kuwait,1971,31.346651
Kuwait,1972,30.001839
Kuwait,1973,24.77866
Kuwait,1974,18.602303
Kuwait,1975,15.22157
Kuwait,1976,15.663133
Kuwait,1977,13.676298
Kuwait,1978,15.649701
Kuwait,1979,12.389366
Kuwait,1980,16.367838
Kuwait,1981,15.885052
Kuwait,1982,12.694126
Kuwait,1983,12.359389
Kuwait,1984,15.543743
Kuwait,1985,15.357087
Kuwait,1986,17.869665
Kuwait,1987,15.295136
Kuwait,1988,15.386664
Kuwait,1989,16.140493
Kuwait,1990,22.454248
Kuwait,1991,364.71753
Kuwait,1992,18.149275
Kuwait,1993,29.388916
Kuwait,1994,34.365246
Kuwait,1995,33.37702
Kuwait,1996,29.83231
Kuwait,1997,31.666613
Kuwait,1998,28.631536
Kuwait,1999,28.946377
Kuwait,2000,28.095373
Kuwait,2001,29.415966
Kuwait,2002,29.12742
Kuwait,2003,29.550741
Kuwait,2004,30.42848
Kuwait,2005,33.280113
Kuwait,2006,32.167458
Kuwait,2007,30.77245
Kuwait,2008,31.792833
Kuwait,2009,31.742676
Kuwait,2010,30.880323
Kuwait,2011,28.084322
Kuwait,2012,30.661007
Kuwait,2013,24.04069
Kuwait,2014,20.853283
Kuwait,2015,24.649994
Kuwait,2016,27.453146
Kuwait,2017,25.022526
Kuwait,2018,24.68725
Kuwait,2019,24.43801
Kuwait,2020,21.741186
Kuwait,2021,21.8173
Kuwait,2022,21.237612
Kuwait,2023,20.510029
Kyrgyzstan,1850,2.2987432
Kyrgyzstan,1855,2.2629719
Kyrgyzstan,1858,2.228595
Kyrgyzstan,1859,2.2158437
Kyrgyzstan,1860,2.2030487
Kyrgyzstan,1861,2.195567
Kyrgyzstan,1862,2.185519
Kyrgyzstan,1863,2.1752763
Kyrgyzstan,1864,2.1644688
Kyrgyzstan,1865,2.1519573
Kyrgyzstan,1866,2.1523352
Kyrgyzstan,1867,2.1416225
Kyrgyzstan,1868,2.1239412
Kyrgyzstan,1869,2.1160433
Kyrgyzstan,1870,2.1221888
Kyrgyzstan,1871,2.1272392
Kyrgyzstan,1872,2.121108
Kyrgyzstan,1873,2.110318
Kyrgyzstan,1874,2.1076806
Kyrgyzstan,1875,2.102994
Kyrgyzstan,1876,2.1025164
Kyrgyzstan,1877,2.091475
Kyrgyzstan,1878,2.0961018
Kyrgyzstan,1879,2.0847063
Kyrgyzstan,1880,2.0981302
Kyrgyzstan,1881,2.1989286
Kyrgyzstan,1882,2.1574075
Kyrgyzstan,1883,2.1462288
Kyrgyzstan,1884,2.1278696
Kyrgyzstan,1885,2.1186843
Kyrgyzstan,1886,2.1036506
Kyrgyzstan,1887,2.0930133
Kyrgyzstan,1888,2.0812316
Kyrgyzstan,1889,2.0746896
Kyrgyzstan,1890,2.0956476
Kyrgyzstan,1891,2.1051714
Kyrgyzstan,1892,2.1062815
Kyrgyzstan,1893,2.12632
Kyrgyzstan,1894,2.1189914
Kyrgyzstan,1895,2.1376665
Kyrgyzstan,1896,2.1292183
Kyrgyzstan,1897,2.15278
Kyrgyzstan,1898,2.171717
Kyrgyzstan,1899,2.2051203
Kyrgyzstan,1900,2.2470062
Kyrgyzstan,1901,2.2487593
Kyrgyzstan,1902,2.2249494
Kyrgyzstan,1903,2.205376
Kyrgyzstan,1904,2.234229
Kyrgyzstan,1905,2.177988
Kyrgyzstan,1906,2.2145543
Kyrgyzstan,1907,2.2484667
Kyrgyzstan,1908,2.2360194
Kyrgyzstan,1909,2.2451966
Kyrgyzstan,1910,2.247398
Kyrgyzstan,1911,2.2599475
Kyrgyzstan,1912,2.3124774
Kyrgyzstan,1913,2.3440356
Kyrgyzstan,1914,2.2733388
Kyrgyzstan,1915,2.216899
Kyrgyzstan,1916,2.2317474
Kyrgyzstan,1917,2.1775384
Kyrgyzstan,1918,1.8918816
Kyrgyzstan,1919,1.8498577
Kyrgyzstan,1920,1.822821
Kyrgyzstan,1921,1.8217113
Kyrgyzstan,1922,1.8405007
Kyrgyzstan,1923,1.8451911
Kyrgyzstan,1924,1.8674178
Kyrgyzstan,1925,1.8504819
Kyrgyzstan,1926,1.9341377
Kyrgyzstan,1927,1.9951873
Kyrgyzstan,1928,2.023053
Kyrgyzstan,1929,2.0397103
Kyrgyzstan,1930,2.157448
Kyrgyzstan,1931,2.240881
Kyrgyzstan,1932,2.295862
Kyrgyzstan,1933,2.3553257
Kyrgyzstan,1934,2.5091875
Kyrgyzstan,1935,2.6168036
Kyrgyzstan,1936,2.7597744
Kyrgyzstan,1937,2.755621
Kyrgyzstan,1938,2.798726
Kyrgyzstan,1939,2.7829459
Kyrgyzstan,1940,3.141592
Kyrgyzstan,1941,2.9597185
Kyrgyzstan,1942,2.2871764
Kyrgyzstan,1943,2.3389885
Kyrgyzstan,1944,2.7275314
Kyrgyzstan,1945,2.802221
Kyrgyzstan,1946,2.9586353
Kyrgyzstan,1947,3.2416694
Kyrgyzstan,1948,3.3398678
Kyrgyzstan,1949,3.5596218
Kyrgyzstan,1950,4.3397565
Kyrgyzstan,1951,4.8730617
Kyrgyzstan,1952,5.343743
Kyrgyzstan,1953,5.709015
Kyrgyzstan,1954,6.1978784
Kyrgyzstan,1955,6.897441
Kyrgyzstan,1956,7.4310904
Kyrgyzstan,1957,7.912092
Kyrgyzstan,1958,8.359175
Kyrgyzstan,1959,8.777449
Kyrgyzstan,1960,7.487075
Kyrgyzstan,1961,7.4274774
Kyrgyzstan,1962,6.64402
Kyrgyzstan,1963,6.281062
Kyrgyzstan,1964,6.025523
Kyrgyzstan,1965,5.7678437
Kyrgyzstan,1966,5.635319
Kyrgyzstan,1967,5.4891844
Kyrgyzstan,1968,5.3846827
Kyrgyzstan,1969,5.2851305
Kyrgyzstan,1970,5.502915
Kyrgyzstan,1971,5.474247
Kyrgyzstan,1972,5.504214
Kyrgyzstan,1973,5.594005
Kyrgyzstan,1974,5.5177436
Kyrgyzstan,1975,5.618832
Kyrgyzstan,1976,5.6648817
Kyrgyzstan,1977,5.647207
Kyrgyzstan,1978,5.648613
Kyrgyzstan,1979,5.575392
Kyrgyzstan,1980,5.768193
Kyrgyzstan,1981,5.484321
Kyrgyzstan,1982,5.430836
Kyrgyzstan,1983,5.344964
Kyrgyzstan,1984,5.274578
Kyrgyzstan,1985,5.5940394
Kyrgyzstan,1986,5.486585
Kyrgyzstan,1987,5.20543
Kyrgyzstan,1988,5.085856
Kyrgyzstan,1989,4.8330154
Kyrgyzstan,1990,4.4074845
Kyrgyzstan,1991,3.6806734
Kyrgyzstan,1992,2.9473357
Kyrgyzstan,1993,2.3701398
Kyrgyzstan,1994,2.052734
Kyrgyzstan,1995,1.5917181
Kyrgyzstan,1996,1.6831112
Kyrgyzstan,1997,1.5992852
Kyrgyzstan,1998,1.7317508
Kyrgyzstan,1999,1.2540028
Kyrgyzstan,2000,1.1890785
Kyrgyzstan,2001,0.9850021
Kyrgyzstan,2002,1.2079642
Kyrgyzstan,2003,1.276452
Kyrgyzstan,2004,1.1212406
Kyrgyzstan,2005,1.0534762
Kyrgyzstan,2006,1.0131395
Kyrgyzstan,2007,1.1981287
Kyrgyzstan,2008,1.3495959
Kyrgyzstan,2009,1.1813046
Kyrgyzstan,2010,1.0815578
Kyrgyzstan,2011,1.3086562
Kyrgyzstan,2012,1.7380677
Kyrgyzstan,2013,1.651838
Kyrgyzstan,2014,1.7175345
Kyrgyzstan,2015,1.7333362
Kyrgyzstan,2016,1.5756316
Kyrgyzstan,2017,1.4883018
Kyrgyzstan,2018,1.7352437
Kyrgyzstan,2019,1.3599246
Kyrgyzstan,2020,1.2222143
Kyrgyzstan,2021,1.4777944
Kyrgyzstan,2022,1.4031454
Kyrgyzstan,2023,1.3940061
Laos,1955,15.893367
Laos,1956,17.580688
Laos,1957,16.8607
Laos,1958,17.38048
Laos,1959,35.82973
Laos,1960,21.347746
Laos,1961,14.5420475
Laos,1962,11.529975
Laos,1963,9.396585
Laos,1964,8.231644
Laos,1965,8.3984995
Laos,1966,7.662372
Laos,1967,7.7214856
Laos,1968,6.813172
Laos,1969,6.963425
Laos,1970,6.717833
Laos,1971,8.582314
Laos,1972,9.197103
Laos,1973,9.951744
Laos,1974,9.325249
Laos,1975,8.684372
Laos,1976,7.94787
Laos,1977,8.106388
Laos,1978,7.24184
Laos,1979,6.251319
Laos,1980,5.7866373
Laos,1981,5.907305
Laos,1982,5.248291
Laos,1983,5.302866
Laos,1984,5.235451
Laos,1985,4.9645033
Laos,1986,4.8190417
Laos,1987,5.1055284
Laos,1988,4.6771617
Laos,1989,4.4196534
Laos,1990,4.228074
Laos,1991,3.9441614
Laos,1992,3.7034295
Laos,1993,4.5928526
Laos,1994,4.5600157
Laos,1995,4.3257284
Laos,1996,5.900229
Laos,1997,5.057356
Laos,1998,5.3192577
Laos,1999,6.220771
Laos,2000,8.61612
Laos,2001,8.278488
Laos,2002,8.499077
Laos,2003,9.199524
Laos,2004,10.241602
Laos,2005,10.713425
Laos,2006,9.418666
Laos,2007,10.713056
Laos,2008,11.161514
Laos,2009,13.101779
Laos,2010,12.60266
Laos,2011,10.947491
Laos,2012,9.255445
Laos,2013,7.5450892
Laos,2014,8.294639
Laos,2015,7.2199206
Laos,2016,6.7373123
Laos,2017,6.1376133
Laos,2018,5.2914786
Laos,2019,4.3324327
Laos,2020,4.1624374
Laos,2021,4.2483625
Laos,2022,3.9578376
Laos,2023,3.7623298
Latvia,1850,11.754312
Latvia,1855,10.9533415
Latvia,1858,10.662665
Latvia,1859,10.552694
Latvia,1860,9.676992
Latvia,1861,9.421572
Latvia,1862,9.265823
Latvia,1863,9.044482
Latvia,1864,8.933584
Latvia,1865,8.703179
Latvia,1866,8.606915
Latvia,1867,8.472107
Latvia,1868,8.251046
Latvia,1869,8.143852
Latvia,1870,8.129015
Latvia,1871,7.9904766
Latvia,1872,7.741161
Latvia,1873,7.567878
Latvia,1874,7.528673
Latvia,1875,7.474425
Latvia,1876,7.3314376
Latvia,1877,7.1346965
Latvia,1878,7.0825257
Latvia,1879,6.9949784
Latvia,1880,7.000991
Latvia,1881,6.877794
Latvia,1882,6.8251324
Latvia,1883,6.6757393
Latvia,1884,6.637089
Latvia,1885,6.56473
Latvia,1886,6.3855777
Latvia,1887,6.4057417
Latvia,1888,6.2454314
Latvia,1889,6.17084
Latvia,1890,6.2886715
Latvia,1891,6.1099615
Latvia,1892,5.8004403
Latvia,1893,5.7639093
Latvia,1894,5.859558
Latvia,1895,5.712628
Latvia,1896,5.608399
Latvia,1897,5.5088167
Latvia,1898,5.4415154
Latvia,1899,5.422898
Latvia,1900,5.397513
Latvia,1901,5.4144225
Latvia,1902,5.307146
Latvia,1903,5.1754923
Latvia,1904,5.1393743
Latvia,1905,5.0965986
Latvia,1906,5.065749
Latvia,1907,4.968819
Latvia,1908,4.9119773
Latvia,1909,4.865839
Latvia,1910,4.2645855
Latvia,1911,4.2258043
Latvia,1912,3.9705606
Latvia,1913,4.112999
Latvia,1914,4.1297746
Latvia,1915,4.107337
Latvia,1916,4.0735345
Latvia,1917,4.2564816
Latvia,1918,4.280389
Latvia,1919,4.0308323
Latvia,1920,3.8524902
Latvia,1921,4.024836
Latvia,1922,3.926241
Latvia,1923,4.0658264
Latvia,1924,3.883957
Latvia,1925,3.7907407
Latvia,1926,3.8076334
Latvia,1927,3.7615361
Latvia,1928,3.8634133
Latvia,1929,3.6821818
Latvia,1930,3.6170187
Latvia,1931,3.5422711
Latvia,1932,3.546244
Latvia,1933,3.544906
Latvia,1934,3.6422143
Latvia,1935,3.6493154
Latvia,1936,3.783604
Latvia,1937,3.724007
Latvia,1938,3.8053632
Latvia,1939,3.7321494
Latvia,1940,3.7070382
Latvia,1941,3.179939
Latvia,1942,2.4514704
Latvia,1943,2.3198025
Latvia,1944,2.5285292
Latvia,1945,2.4131513
Latvia,1946,2.378463
Latvia,1947,2.5113232
Latvia,1948,2.4627118
Latvia,1949,2.6134317
Latvia,1950,2.8685641
Latvia,1951,3.3535163
Latvia,1952,3.9129245
Latvia,1953,4.317382
Latvia,1954,4.807036
Latvia,1955,5.465032
Latvia,1956,5.967822
Latvia,1957,6.427991
Latvia,1958,6.8130465
Latvia,1959,7.0423393
Latvia,1960,6.205427
Latvia,1961,7.975093
Latvia,1962,6.431749
Latvia,1963,6.4372
Latvia,1964,6.5526476
Latvia,1965,6.632423
Latvia,1966,6.75952
Latvia,1967,6.96662
Latvia,1968,7.194488
Latvia,1969,7.2166076
Latvia,1970,8.147637
Latvia,1971,7.9563103
Latvia,1972,8.104856
Latvia,1973,8.653399
Latvia,1974,8.72699
Latvia,1975,8.9178295
Latvia,1976,9.128437
Latvia,1977,9.434156
Latvia,1978,9.518018
Latvia,1979,9.648169
Latvia,1980,10.607596
Latvia,1981,10.004617
Latvia,1982,10.087003
Latvia,1983,10.069537
Latvia,1984,10.099008
Latvia,1985,10.7940445
Latvia,1986,9.824946
Latvia,1987,8.06799
Latvia,1988,7.645439
Latvia,1989,7.314202
Latvia,1990,7.8271213
Latvia,1991,7.6260157
Latvia,1992,6.032473
Latvia,1993,9.082743
Latvia,1994,0.43517116
Latvia,1995,1.1811574
Latvia,1996,0.23395312
Latvia,1997,-0.0878921
Latvia,1998,-1.0492482
Latvia,1999,-0.688023
Latvia,2000,-1.5719657
Latvia,2001,-0.79527664
Latvia,2002,-0.8958648
Latvia,2003,1.4238713
Latvia,2004,4.3638306
Latvia,2005,6.356391
Latvia,2006,3.2815576
Latvia,2007,2.7342148
Latvia,2008,2.792079
Latvia,2009,2.263342
Latvia,2010,3.140355
Latvia,2011,3.5699413
Latvia,2012,4.34026
Latvia,2013,3.4873543
Latvia,2014,3.7051663
Latvia,2015,5.442484
Latvia,2016,4.204579
Latvia,2017,4.156802
Latvia,2018,5.279301
Latvia,2019,4.837471
Latvia,2020,4.53782
Latvia,2021,4.790215
Latvia,2022,4.5867033
Latvia,2023,4.6145215
Lebanon,1931,0.4507882
Lebanon,1932,0.47540894
Lebanon,1933,0.49106818
Lebanon,1935,0.5409843
Lebanon,1936,0.55093616
Lebanon,1937,0.5554328
Lebanon,1938,0.5548654
Lebanon,1939,0.54967237
Lebanon,1940,0.47860816
Lebanon,1941,0.45028833
Lebanon,1942,0.7127762
Lebanon,1943,0.4271512
Lebanon,1944,0.43849728
Lebanon,1945,0.43256775
Lebanon,1946,0.421376
Lebanon,1947,0.41923782
Lebanon,1948,0.422654
Lebanon,1949,0.42222285
Lebanon,1950,1.4605144
Lebanon,1951,1.4223435
Lebanon,1952,1.1799513
Lebanon,1953,1.1375755
Lebanon,1954,1.1720413
Lebanon,1955,1.3452803
Lebanon,1956,1.4132127
Lebanon,1957,1.3815234
Lebanon,1958,1.3039579
Lebanon,1959,1.3365442
Lebanon,1960,1.4822915
Lebanon,1961,1.621655
Lebanon,1962,1.53914
Lebanon,1963,1.7616689
Lebanon,1964,2.0325513
Lebanon,1965,1.7525487
Lebanon,1966,1.9911989
Lebanon,1967,1.95191
Lebanon,1968,1.8992866
Lebanon,1969,2.1259594
Lebanon,1970,1.9006257
Lebanon,1971,2.428555
Lebanon,1972,2.5913174
Lebanon,1973,2.934862
Lebanon,1974,2.748699
Lebanon,1975,2.3514433
Lebanon,1976,2.1510036
Lebanon,1977,1.8913202
Lebanon,1978,1.8467069
Lebanon,1979,1.8566972
Lebanon,1980,1.8662603
Lebanon,1981,1.8182719
Lebanon,1982,1.7624615
Lebanon,1983,2.1621644
Lebanon,1984,2.0652533
Lebanon,1985,2.3706436
Lebanon,1986,2.2753932
Lebanon,1987,2.247246
Lebanon,1988,2.1010058
Lebanon,1989,2.18769
Lebanon,1990,2.180573
Lebanon,1991,2.1923769
Lebanon,1992,2.5712438
Lebanon,1993,2.7208252
Lebanon,1994,2.8677933
Lebanon,1995,3.2126496
Lebanon,1996,3.2707808
Lebanon,1997,3.7250206
Lebanon,1998,3.5279279
Lebanon,1999,3.6570399
Lebanon,2000,3.340606
Lebanon,2001,3.6225393
Lebanon,2002,3.6235657
Lebanon,2003,4.0389256
Lebanon,2004,3.7133708
Lebanon,2005,3.4404993
Lebanon,2006,3.045648
Lebanon,2007,2.7343328
Lebanon,2008,3.423259
Lebanon,2009,3.999844
Lebanon,2010,3.9246063
Lebanon,2011,3.9763417
Lebanon,2012,4.2465425
Lebanon,2013,3.8530655
Lebanon,2014,3.7782753
Lebanon,2015,4.0012565
Lebanon,2016,4.210296
Lebanon,2017,4.509245
Lebanon,2018,4.352377
Lebanon,2019,4.453403
Lebanon,2020,4.1952133
Lebanon,2021,3.3903432
Lebanon,2022,3.3111792
Lebanon,2023,3.3918505
Lesotho,1990,1.1913766
Lesotho,1991,1.4294796
Lesotho,1992,1.2526904
Lesotho,1993,1.0900756
Lesotho,1994,1.0138036
Lesotho,1995,1.0752226
Lesotho,1996,1.1492198
Lesotho,1997,1.0893087
Lesotho,1998,1.0775241
Lesotho,1999,1.1963392
Lesotho,2000,1.0905356
Lesotho,2001,0.86788565
Lesotho,2002,0.8777785
Lesotho,2003,1.0899131
Lesotho,2004,1.2658379
Lesotho,2005,1.7404559
Lesotho,2006,2.8360314
Lesotho,2007,3.5502636
Lesotho,2008,3.1441994
Lesotho,2009,2.8682601
Lesotho,2010,2.6466813
Lesotho,2011,2.5462525
Lesotho,2012,2.3170931
Lesotho,2013,2.4450803
Lesotho,2014,1.8073776
Lesotho,2015,3.3882568
Lesotho,2016,3.8983674
Lesotho,2017,3.6770318
Lesotho,2018,3.1524243
Lesotho,2019,2.8245785
Lesotho,2020,2.4950898
Lesotho,2021,2.9780118
Lesotho,2022,3.002244
Lesotho,2023,2.9055293
Liberia,1950,16.892042
Liberia,1951,14.018066
Liberia,1952,9.895455
Liberia,1953,10.861133
Liberia,1954,8.626151
Liberia,1955,7.2063146
Liberia,1956,9.28783
Liberia,1957,9.487706
Liberia,1958,7.3134346
Liberia,1959,6.429238
Liberia,1960,4.2392287
Liberia,1961,3.7786982
Liberia,1962,3.2282436
Liberia,1963,2.570343
Liberia,1964,2.4518342
Liberia,1965,2.0305407
Liberia,1966,2.1080818
Liberia,1967,1.8933586
Liberia,1968,2.1283376
Liberia,1969,2.3279457
Liberia,1970,2.6612878
Liberia,1971,2.7228928
Liberia,1972,2.7853613
Liberia,1973,3.272997
Liberia,1974,3.1427226
Liberia,1975,3.0812013
Liberia,1976,3.6001928
Liberia,1977,3.2873933
Liberia,1978,3.3671691
Liberia,1979,3.3529148
Liberia,1980,3.3881798
Liberia,1981,3.391816
Liberia,1982,2.8111439
Liberia,1983,2.7082615
Liberia,1984,2.811829
Liberia,1985,3.0419505
Liberia,1986,3.7527614
Liberia,1987,3.5728185
Liberia,1988,3.1711328
Liberia,1989,1.4635466
Liberia,1990,2.6415396
Liberia,1991,3.7068949
Liberia,1992,4.2364526
Liberia,1993,4.200777
Liberia,1994,4.436954
Liberia,1995,4.1656356
Liberia,1996,4.819024
Liberia,1997,5.4894114
Liberia,1998,5.6906047
Liberia,1999,7.208776
Liberia,2000,6.970159
Liberia,2001,6.223586
Liberia,2002,6.247122
Liberia,2003,7.164048
Liberia,2004,6.675517
Liberia,2005,6.70451
Liberia,2006,6.1489754
Liberia,2007,5.8853574
Liberia,2008,5.632128
Liberia,2009,6.1290874
Liberia,2010,6.184578
Liberia,2011,5.6555386
Liberia,2012,5.7716503
Liberia,2013,5.406838
Liberia,2014,5.4080844
Liberia,2015,4.8920045
Liberia,2016,4.8029222
Liberia,2017,5.3489704
Liberia,2018,4.6980524
Liberia,2019,4.1449456
Liberia,2020,3.861594
Liberia,2021,4.037544
Liberia,2022,4.0644364
Liberia,2023,4.066891
Libya,1950,2.0013583
Libya,1951,2.407281
Libya,1952,2.5760787
Libya,1953,2.7225494
Libya,1954,2.7828238
Libya,1955,2.8643348
Libya,1956,2.7317708
Libya,1957,2.6567268
Libya,1958,2.6106434
Libya,1959,2.5854943
Libya,1960,3.4653633
Libya,1961,2.7702525
Libya,1962,1.9769151
Libya,1963,1.937018
Libya,1964,1.1818472
Libya,1965,1.3055524
Libya,1966,2.0114956
Libya,1967,10.360495
Libya,1968,15.953309
Libya,1969,18.108694
Libya,1970,16.006735
Libya,1971,10.437007
Libya,1972,7.234208
Libya,1973,6.6245875
Libya,1974,4.165512
Libya,1975,4.7640543
Libya,1976,6.8420563
Libya,1977,7.278339
Libya,1978,7.132634
Libya,1979,8.207392
Libya,1980,7.9970984
Libya,1981,8.094437
Libya,1982,8.429249
Libya,1983,8.330873
Libya,1984,7.7330527
Libya,1985,8.162062
Libya,1986,8.610091
Libya,1987,7.9517922
Libya,1988,8.654606
Libya,1989,8.687892
Libya,1990,8.339494
Libya,1991,9.363453
Libya,1992,7.945716
Libya,1993,8.149092
Libya,1994,10.692378
Libya,1995,11.928691
Libya,1996,11.66028
Libya,1997,10.267085
Libya,1998,10.020995
Libya,1999,9.58265
Libya,2000,9.966351
Libya,2001,9.751613
Libya,2002,9.564041
Libya,2003,9.742093
Libya,2004,9.808328
Libya,2005,9.45298
Libya,2006,8.895844
Libya,2007,7.1842527
Libya,2008,7.943521
Libya,2009,8.010661
Libya,2010,9.001665
Libya,2011,8.3609085
Libya,2012,9.906284
Libya,2013,8.063111
Libya,2014,10.558478
Libya,2015,9.5231
Libya,2016,9.012744
Libya,2017,10.268927
Libya,2018,9.485024
Libya,2019,10.921542
Libya,2020,4.8168097
Libya,2021,7.8848963
Libya,2022,7.9296603
Libya,2023,8.312172
Liechtenstein,1959,1.2581052
Liechtenstein,1960,1.2091349
Liechtenstein,1961,1.0757208
Liechtenstein,1962,0.9916799
Liechtenstein,1963,1.0059813
Liechtenstein,1964,3.0937297
Liechtenstein,1965,3.2193007
Liechtenstein,1966,3.0334504
Liechtenstein,1967,2.9287314
Liechtenstein,1968,3.5050871
Liechtenstein,1969,4.058889
Liechtenstein,1970,5.0530014
Liechtenstein,1971,5.1919518
Liechtenstein,1972,4.6428895
Liechtenstein,1973,5.7632346
Liechtenstein,1974,4.545426
Liechtenstein,1975,5.689893
Liechtenstein,1976,5.4364424
Liechtenstein,1977,6.141726
Liechtenstein,1978,6.027621
Liechtenstein,1979,5.0737925
Liechtenstein,1980,6.025554
Liechtenstein,1981,5.576437
Liechtenstein,1982,3.7854228
Liechtenstein,1983,4.773363
Liechtenstein,1984,4.925248
Liechtenstein,1985,5.9828925
Liechtenstein,1986,6.8231716
Liechtenstein,1987,4.582254
Liechtenstein,1988,6.097623
Liechtenstein,1989,6.1747546
Liechtenstein,1990,6.5232363
Liechtenstein,1991,6.697422
Liechtenstein,1992,6.6329126
Liechtenstein,1993,6.8183765
Liechtenstein,1994,6.3041954
Liechtenstein,1995,6.3337746
Liechtenstein,1996,6.3808413
Liechtenstein,1997,6.666153
Liechtenstein,1998,6.8856277
Liechtenstein,1999,6.687301
Liechtenstein,2000,6.2899184
Liechtenstein,2001,6.0837426
Liechtenstein,2002,6.1601114
Liechtenstein,2003,6.368282
Liechtenstein,2004,6.3099785
Liechtenstein,2005,6.210679
Liechtenstein,2006,6.204046
Liechtenstein,2007,5.2839975
Liechtenstein,2008,5.802267
Liechtenstein,2009,5.324839
Liechtenstein,2010,4.856114
Liechtenstein,2011,4.4143043
Liechtenstein,2012,4.5936475
Liechtenstein,2013,4.7601295
Liechtenstein,2014,3.897393
Liechtenstein,2015,3.8210971
Liechtenstein,2016,3.5280855
Liechtenstein,2017,3.6880593
Liechtenstein,2018,3.3352985
Liechtenstein,2019,3.4570591
Liechtenstein,2020,3.2624643
Liechtenstein,2021,3.3454263
Liechtenstein,2022,3.5164824
Liechtenstein,2023,3.5945883
Lithuania,1850,18.54839
Lithuania,1855,17.629984
Lithuania,1858,17.071112
Lithuania,1859,17.044926
Lithuania,1860,15.94918
Lithuania,1861,15.511212
Lithuania,1862,15.11657
Lithuania,1863,14.891888
Lithuania,1864,14.621441
Lithuania,1865,14.237694
Lithuania,1866,14.167957
Lithuania,1867,13.935984
Lithuania,1868,13.593173
Lithuania,1869,13.446534
Lithuania,1870,13.38834
Lithuania,1871,13.104997
Lithuania,1872,12.972612
Lithuania,1873,12.694702
Lithuania,1874,12.569479
Lithuania,1875,12.42871
Lithuania,1876,12.207064
Lithuania,1877,12.106421
Lithuania,1878,11.932681
Lithuania,1879,11.850759
Lithuania,1880,11.668084
Lithuania,1881,11.50679
Lithuania,1882,11.356395
Lithuania,1883,11.225249
Lithuania,1884,11.103408
Lithuania,1885,10.9437685
Lithuania,1886,10.776996
Lithuania,1887,10.79247
Lithuania,1888,10.496507
Lithuania,1889,10.42717
Lithuania,1890,10.233498
Lithuania,1891,10.059729
Lithuania,1892,10.030077
Lithuania,1893,9.7376375
Lithuania,1894,9.778429
Lithuania,1895,9.54982
Lithuania,1896,9.478146
Lithuania,1897,9.376222
Lithuania,1898,9.229504
Lithuania,1899,9.197595
Lithuania,1900,9.075417
Lithuania,1901,8.941828
Lithuania,1902,8.811188
Lithuania,1903,8.58042
Lithuania,1904,8.463619
Lithuania,1905,8.370521
Lithuania,1906,8.307303
Lithuania,1907,8.245298
Lithuania,1908,8.121482
Lithuania,1909,8.163928
Lithuania,1910,6.730995
Lithuania,1911,6.355436
Lithuania,1912,6.2098584
Lithuania,1913,6.176975
Lithuania,1914,6.117762
Lithuania,1915,5.997255
Lithuania,1916,5.8754373
Lithuania,1917,5.93502
Lithuania,1918,5.7257743
Lithuania,1919,5.5201793
Lithuania,1920,5.519152
Lithuania,1921,5.402901
Lithuania,1922,5.2458777
Lithuania,1923,5.122134
Lithuania,1924,4.9309235
Lithuania,1925,4.84446
Lithuania,1926,4.7596207
Lithuania,1927,4.7213454
Lithuania,1928,4.6777077
Lithuania,1929,4.5410385
Lithuania,1930,5.8962107
Lithuania,1931,6.358379
Lithuania,1932,6.751304
Lithuania,1933,6.9405394
Lithuania,1934,7.4947624
Lithuania,1935,7.7250023
Lithuania,1936,8.152978
Lithuania,1937,8.301333
Lithuania,1938,8.602519
Lithuania,1939,8.702904
Lithuania,1940,7.289895
Lithuania,1941,6.395293
Lithuania,1942,5.03112
Lithuania,1943,4.564381
Lithuania,1944,4.5181713
Lithuania,1945,4.0935
Lithuania,1946,3.8863647
Lithuania,1947,3.902054
Lithuania,1948,3.6479
Lithuania,1949,3.6344275
Lithuania,1950,3.615079
Lithuania,1951,3.6714866
Lithuania,1952,3.5124967
Lithuania,1953,3.5245066
Lithuania,1954,3.2307444
Lithuania,1955,3.4125304
Lithuania,1956,3.431563
Lithuania,1957,3.1261642
Lithuania,1958,2.4339783
Lithuania,1959,-0.27788362
Lithuania,1960,0.029257305
Lithuania,1961,0.862933
Lithuania,1962,0.90418917
Lithuania,1963,1.4975712
Lithuania,1964,2.1056383
Lithuania,1965,2.358921
Lithuania,1966,2.906086
Lithuania,1967,3.4576735
Lithuania,1968,3.7343714
Lithuania,1969,4.172943
Lithuania,1970,4.8581653
Lithuania,1971,5.4343104
Lithuania,1972,5.897427
Lithuania,1973,6.5162234
Lithuania,1974,6.8521867
Lithuania,1975,7.4945683
Lithuania,1976,7.929349
Lithuania,1977,8.182381
Lithuania,1978,8.575921
Lithuania,1979,8.792512
Lithuania,1980,9.385547
Lithuania,1981,9.171582
Lithuania,1982,9.42075
Lithuania,1983,9.534728
Lithuania,1984,9.648957
Lithuania,1985,10.520157
Lithuania,1986,9.296199
Lithuania,1987,9.169086
Lithuania,1988,9.097725
Lithuania,1989,9.152591
Lithuania,1990,8.984502
Lithuania,1991,9.831863
Lithuania,1992,5.2683263
Lithuania,1993,2.8232634
Lithuania,1994,7.6557484
Lithuania,1995,4.559824
Lithuania,1996,4.4498506
Lithuania,1997,4.3147364
Lithuania,1998,5.679695
Lithuania,1999,5.120209
Lithuania,2000,-2.0578403
Lithuania,2001,-1.0081922
Lithuania,2002,-2.096286
Lithuania,2003,-0.6642426
Lithuania,2004,3.5032568
Lithuania,2005,1.383334
Lithuania,2006,0.7346791
Lithuania,2007,1.2353703
Lithuania,2008,2.2596176
Lithuania,2009,2.8460984
Lithuania,2010,3.1044378
Lithuania,2011,3.6021981
Lithuania,2012,4.192002
Lithuania,2013,4.729363
Lithuania,2014,4.045792
Lithuania,2015,3.2959776
Lithuania,2016,3.1663272
Lithuania,2017,3.7257717
Lithuania,2018,4.676507
Lithuania,2019,4.20991
Lithuania,2020,4.2197924
Lithuania,2021,4.402699
Lithuania,2022,4.1258154
Lithuania,2023,4.032989
Low-income countries,1905,-0.053044517
Low-income countries,1909,-0.06254316
Low-income countries,1910,0.05917785
Low-income countries,1911,0.10132215
Low-income countries,1912,0.13178363
Low-income countries,1913,0.16040125
Low-income countries,1914,0.18565379
Low-income countries,1915,0.21323875
Low-income countries,1916,0.23392285
Low-income countries,1918,0.26793745
Low-income countries,1919,0.2842445
Low-income countries,1920,0.5210167
Low-income countries,1921,0.71517897
Low-income countries,1922,0.7348348
Low-income countries,1923,0.7214351
Low-income countries,1924,0.7154477
Low-income countries,1925,0.8558465
Low-income countries,1926,0.7339384
Low-income countries,1927,1.2162445
Low-income countries,1928,1.1609282
Low-income countries,1929,1.2475876
Low-income countries,1930,1.4580183
Low-income countries,1931,1.7969457
Low-income countries,1932,1.9240319
Low-income countries,1933,2.850622
Low-income countries,1934,2.6641996
Low-income countries,1935,2.8159702
Low-income countries,1936,2.050959
Low-income countries,1937,2.0552523
Low-income countries,1938,2.0685523
Low-income countries,1939,2.1778612
Low-income countries,1940,2.3829122
Low-income countries,1941,3.102814
Low-income countries,1942,3.3006666
Low-income countries,1943,3.3290527
Low-income countries,1944,2.7941856
Low-income countries,1945,4.5050583
Low-income countries,1946,2.5082119
Low-income countries,1947,4.397812
Low-income countries,1948,4.8967576
Low-income countries,1949,4.8504405
Low-income countries,1950,7.6123276
Low-income countries,1951,7.3649745
Low-income countries,1952,7.232806
Low-income countries,1953,7.2292123
Low-income countries,1954,7.386317
Low-income countries,1955,7.457471
Low-income countries,1956,7.5313563
Low-income countries,1957,7.6437697
Low-income countries,1958,7.708558
Low-income countries,1959,7.39935
Low-income countries,1960,8.262706
Low-income countries,1961,6.248316
Low-income countries,1962,5.140432
Low-income countries,1963,4.4151645
Low-income countries,1964,3.9659574
Low-income countries,1965,3.4401875
Low-income countries,1966,3.014917
Low-income countries,1967,3.094222
Low-income countries,1968,3.121791
Low-income countries,1969,2.7124243
Low-income countries,1970,2.6722658
Low-income countries,1971,2.8578396
Low-income countries,1972,2.5431712
Low-income countries,1973,2.3440204
Low-income countries,1974,2.4229426
Low-income countries,1975,2.5380847
Low-income countries,1976,2.3000028
Low-income countries,1977,2.3646872
Low-income countries,1978,2.0900223
Low-income countries,1979,1.9817934
Low-income countries,1980,2.191443
Low-income countries,1981,2.0754087
Low-income countries,1982,1.8658882
Low-income countries,1983,1.8562547
Low-income countries,1984,1.8861839
Low-income countries,1985,1.8285066
Low-income countries,1986,1.7739066
Low-income countries,1987,1.8414769
Low-income countries,1988,1.8061401
Low-income countries,1989,2.0178897
Low-income countries,1990,1.7275839
Low-income countries,1991,1.539015
Low-income countries,1992,2.0065928
Low-income countries,1993,1.9038173
Low-income countries,1994,2.0888536
Low-income countries,1995,2.1022422
Low-income countries,1996,1.9831516
Low-income countries,1997,1.9453596
Low-income countries,1998,1.9231458
Low-income countries,1999,1.8782889
Low-income countries,2000,2.0220137
Low-income countries,2001,1.9241346
Low-income countries,2002,2.395035
Low-income countries,2003,2.4803245
Low-income countries,2004,2.2966738
Low-income countries,2005,2.143488
Low-income countries,2006,2.049353
Low-income countries,2007,1.8610554
Low-income countries,2008,2.4795098
Low-income countries,2009,2.9603167
Low-income countries,2010,3.1488974
Low-income countries,2011,3.3291538
Low-income countries,2012,3.0473716
Low-income countries,2013,2.8275542
Low-income countries,2014,2.401549
Low-income countries,2015,2.0927045
Low-income countries,2016,2.157453
Low-income countries,2017,2.2398167
Low-income countries,2018,1.8319229
Low-income countries,2019,1.7311782
Low-income countries,2020,1.5236516
Low-income countries,2021,1.5041595
Low-income countries,2022,1.5167323
Low-income countries,2023,1.4867693
Lower-middle-income countries,1850,0.01154801
Lower-middle-income countries,1855,0.011642394
Lower-middle-income countries,1858,0.36406612
Lower-middle-income countries,1859,0.3484772
Lower-middle-income countries,1860,0.34517333
Lower-middle-income countries,1861,0.33641854
Lower-middle-income countries,1862,0.36730656
Lower-middle-income countries,1863,0.32287046
Lower-middle-income countries,1864,0.32937223
Lower-middle-income countries,1865,0.32258144
Lower-middle-income countries,1866,0.31071147
Lower-middle-income countries,1867,0.00435625
Lower-middle-income countries,1868,-0.00075202
Lower-middle-income countries,1869,-0.005137245
Lower-middle-income countries,1870,0.015331986
Lower-middle-income countries,1871,0.014421119
Lower-middle-income countries,1872,0.017926734
Lower-middle-income countries,1873,0.013896196
Lower-middle-income countries,1874,0.017296353
Lower-middle-income countries,1875,0.011659374
Lower-middle-income countries,1876,0.014535097
Lower-middle-income countries,1877,0.012685293
Lower-middle-income countries,1878,0.29290244
Lower-middle-income countries,1879,0.29220846
Lower-middle-income countries,1880,0.34751615
Lower-middle-income countries,1881,0.37634122
Lower-middle-income countries,1882,0.39555553
Lower-middle-income countries,1883,0.4101861
Lower-middle-income countries,1884,0.41867313
Lower-middle-income countries,1885,0.42612547
Lower-middle-income countries,1886,0.42234376
Lower-middle-income countries,1887,0.42654034
Lower-middle-income countries,1888,0.42796236
Lower-middle-income countries,1889,0.34546438
Lower-middle-income countries,1890,0.34675857
Lower-middle-income countries,1891,0.3419986
Lower-middle-income countries,1892,0.5010055
Lower-middle-income countries,1893,0.49445727
Lower-middle-income countries,1894,0.49135914
Lower-middle-income countries,1895,0.5154594
Lower-middle-income countries,1896,0.50381166
Lower-middle-income countries,1897,0.5031345
Lower-middle-income countries,1898,0.49971524
Lower-middle-income countries,1899,0.4971843
Lower-middle-income countries,1900,0.49790615
Lower-middle-income countries,1901,0.49109545
Lower-middle-income countries,1902,0.49466747
Lower-middle-income countries,1903,0.49176338
Lower-middle-income countries,1904,0.4915396
Lower-middle-income countries,1905,0.4911246
Lower-middle-income countries,1906,0.4847325
Lower-middle-income countries,1907,0.694488
Lower-middle-income countries,1908,0.6877268
Lower-middle-income countries,1909,0.66229993
Lower-middle-income countries,1910,0.67407405
Lower-middle-income countries,1911,0.6786165
Lower-middle-income countries,1912,0.72396237
Lower-middle-income countries,1913,0.6951163
Lower-middle-income countries,1914,0.7174926
Lower-middle-income countries,1915,0.8911602
Lower-middle-income countries,1916,0.86386466
Lower-middle-income countries,1917,0.8562995
Lower-middle-income countries,1918,0.8800761
Lower-middle-income countries,1919,0.87407523
Lower-middle-income countries,1920,1.1621706
Lower-middle-income countries,1921,1.3035369
Lower-middle-income countries,1922,1.3542898
Lower-middle-income countries,1923,1.3644136
Lower-middle-income countries,1924,1.406965
Lower-middle-income countries,1925,1.4285915
Lower-middle-income countries,1926,1.4154632
Lower-middle-income countries,1927,1.4294562
Lower-middle-income countries,1928,1.5020412
Lower-middle-income countries,1929,1.5123395
Lower-middle-income countries,1930,1.5558352
Lower-middle-income countries,1931,1.5762119
Lower-middle-income countries,1932,1.5602871
Lower-middle-income countries,1933,1.5899768
Lower-middle-income countries,1934,1.5591625
Lower-middle-income countries,1935,1.574535
Lower-middle-income countries,1936,1.5520797
Lower-middle-income countries,1937,1.5543216
Lower-middle-income countries,1938,1.5558288
Lower-middle-income countries,1939,1.5322857
Lower-middle-income countries,1940,1.5706869
Lower-middle-income countries,1941,1.5937176
Lower-middle-income countries,1942,1.5360214
Lower-middle-income countries,1943,1.5403694
Lower-middle-income countries,1944,1.542626
Lower-middle-income countries,1945,1.5893668
Lower-middle-income countries,1946,1.7456338
Lower-middle-income countries,1947,1.7168446
Lower-middle-income countries,1948,1.7405369
Lower-middle-income countries,1949,1.7485758
Lower-middle-income countries,1950,3.5368164
Lower-middle-income countries,1951,3.6474383
Lower-middle-income countries,1952,3.7143295
Lower-middle-income countries,1953,3.822208
Lower-middle-income countries,1954,3.9359558
Lower-middle-income countries,1955,4.1148953
Lower-middle-income countries,1956,4.152322
Lower-middle-income countries,1957,4.201252
Lower-middle-income countries,1958,4.223988
Lower-middle-income countries,1959,4.3587217
Lower-middle-income countries,1960,3.2224495
Lower-middle-income countries,1961,2.9519515
Lower-middle-income countries,1962,2.5546799
Lower-middle-income countries,1963,2.4003584
Lower-middle-income countries,1964,2.2040524
Lower-middle-income countries,1965,1.9304417
Lower-middle-income countries,1966,1.9383366
Lower-middle-income countries,1967,1.8065768
Lower-middle-income countries,1968,1.5545589
Lower-middle-income countries,1969,2.2574818
Lower-middle-income countries,1970,1.8226255
Lower-middle-income countries,1971,1.7289733
Lower-middle-income countries,1972,1.7828687
Lower-middle-income countries,1973,1.7576435
Lower-middle-income countries,1974,1.741302
Lower-middle-income countries,1975,1.69823
Lower-middle-income countries,1976,1.6738186
Lower-middle-income countries,1977,1.7913246
Lower-middle-income countries,1978,1.538787
Lower-middle-income countries,1979,1.4214791
Lower-middle-income countries,1980,1.3818954
Lower-middle-income countries,1981,1.4159031
Lower-middle-income countries,1982,1.2334199
Lower-middle-income countries,1983,1.3955425
Lower-middle-income countries,1984,1.4101362
Lower-middle-income countries,1985,1.3597755
Lower-middle-income countries,1986,1.3144703
Lower-middle-income countries,1987,1.2878491
Lower-middle-income countries,1988,1.3490369
Lower-middle-income countries,1989,1.2162713
Lower-middle-income countries,1990,1.2405088
Lower-middle-income countries,1991,1.2660573
Lower-middle-income countries,1992,1.3673735
Lower-middle-income countries,1993,1.3666037
Lower-middle-income countries,1994,1.5430981
Lower-middle-income countries,1995,1.510268
Lower-middle-income countries,1996,1.570565
Lower-middle-income countries,1997,1.5089355
Lower-middle-income countries,1998,1.6091416
Lower-middle-income countries,1999,1.5343088
Lower-middle-income countries,2000,1.6025207
Lower-middle-income countries,2001,1.4645338
Lower-middle-income countries,2002,1.4485266
Lower-middle-income countries,2003,1.5776056
Lower-middle-income countries,2004,1.515061
Lower-middle-income countries,2005,1.5010992
Lower-middle-income countries,2006,1.5121053
Lower-middle-income countries,2007,1.6126696
Lower-middle-income countries,2008,1.6872001
Lower-middle-income countries,2009,1.6747366
Lower-middle-income countries,2010,1.7157121
Lower-middle-income countries,2011,1.6823572
Lower-middle-income countries,2012,1.715913
Lower-middle-income countries,2013,1.7027539
Lower-middle-income countries,2014,1.8179005
Lower-middle-income countries,2015,1.7944555
Lower-middle-income countries,2016,1.8097824
Lower-middle-income countries,2017,1.8693997
Lower-middle-income countries,2018,1.8229756
Lower-middle-income countries,2019,1.7941245
Lower-middle-income countries,2020,1.6842182
Lower-middle-income countries,2021,1.7651746
Lower-middle-income countries,2022,1.781753
Lower-middle-income countries,2023,1.8352386
Luxembourg,1945,-0.7218622
Luxembourg,1946,-0.7544022
Luxembourg,1947,-0.7960956
Luxembourg,1948,-0.84362614
Luxembourg,1949,-0.865184
Luxembourg,1950,23.909658
Luxembourg,1951,29.047573
Luxembourg,1952,30.160656
Luxembourg,1953,27.493914
Luxembourg,1954,27.723095
Luxembourg,1955,31.15757
Luxembourg,1956,32.534496
Luxembourg,1957,33.903496
Luxembourg,1958,31.277332
Luxembourg,1959,32.16386
Luxembourg,1960,35.511112
Luxembourg,1961,35.495255
Luxembourg,1962,35.056732
Luxembourg,1963,34.413105
Luxembourg,1964,36.74506
Luxembourg,1965,36.050785
Luxembourg,1966,33.945576
Luxembourg,1967,32.961773
Luxembourg,1968,35.54196
Luxembourg,1969,38.16512
Luxembourg,1970,39.70981
Luxembourg,1971,37.898693
Luxembourg,1972,38.340546
Luxembourg,1973,39.985294
Luxembourg,1974,40.459904
Luxembourg,1975,32.972603
Luxembourg,1976,32.781685
Luxembourg,1977,30.020906
Luxembourg,1978,32.338207
Luxembourg,1979,32.29865
Luxembourg,1980,29.265036
Luxembourg,1981,24.992786
Luxembourg,1982,23.395477
Luxembourg,1983,22.089949
Luxembourg,1984,23.763239
Luxembourg,1985,24.365889
Luxembourg,1986,23.94735
Luxembourg,1987,23.079182
Luxembourg,1988,23.70295
Luxembourg,1989,25.50768
Luxembourg,1990,30.404016
Luxembourg,1991,33.027607
Luxembourg,1992,31.633108
Luxembourg,1993,32.833385
Luxembourg,1994,29.141396
Luxembourg,1995,22.577711
Luxembourg,1996,22.552773
Luxembourg,1997,20.666687
Luxembourg,1998,18.373657
Luxembourg,1999,19.824553
Luxembourg,2000,20.410975
Luxembourg,2001,21.170485
Luxembourg,2002,22.633806
Luxembourg,2003,23.416548
Luxembourg,2004,25.95529
Luxembourg,2005,26.124546
Luxembourg,2006,25.619133
Luxembourg,2007,23.936775
Luxembourg,2008,23.043919
Luxembourg,2009,21.541761
Luxembourg,2010,22.280306
Luxembourg,2011,21.656187
Luxembourg,2012,20.695051
Luxembourg,2013,19.296078
Luxembourg,2014,17.924482
Luxembourg,2015,16.604176
Luxembourg,2016,15.810487
Luxembourg,2017,15.758193
Luxembourg,2018,15.921352
Luxembourg,2019,15.948931
Luxembourg,2020,13.047472
Luxembourg,2021,13.368347
Luxembourg,2022,11.347394
Luxembourg,2023,10.719839
Madagascar,1933,24.695667
Madagascar,1934,23.99834
Madagascar,1935,23.028114
Madagascar,1945,55.380733
Madagascar,1947,51.05166
Madagascar,1948,50.604694
Madagascar,1949,50.059677
Madagascar,1950,34.049038
Madagascar,1951,30.6005
Madagascar,1952,27.792456
Madagascar,1953,25.889336
Madagascar,1954,26.187922
Madagascar,1955,26.277067
Madagascar,1956,26.069101
Madagascar,1957,26.96972
Madagascar,1958,26.83961
Madagascar,1959,26.576174
Madagascar,1960,26.733315
Madagascar,1961,18.865946
Madagascar,1962,14.12618
Madagascar,1963,11.357042
Madagascar,1964,9.946428
Madagascar,1965,9.324179
Madagascar,1966,8.232175
Madagascar,1967,7.517093
Madagascar,1968,7.2928724
Madagascar,1969,6.355861
Madagascar,1970,5.667249
Madagascar,1971,5.825277
Madagascar,1972,5.5274773
Madagascar,1973,5.377811
Madagascar,1974,11.771912
Madagascar,1975,12.80676
Madagascar,1976,10.645102
Madagascar,1977,11.7097645
Madagascar,1978,8.72128
Madagascar,1979,6.198515
Madagascar,1980,5.272699
Madagascar,1981,4.6750827
Madagascar,1982,4.4906955
Madagascar,1983,4.2010193
Madagascar,1984,4.0661254
Madagascar,1985,3.5550866
Madagascar,1986,3.2360344
Madagascar,1987,3.3179047
Madagascar,1988,3.0474825
Madagascar,1989,2.9939208
Madagascar,1990,3.0435522
Madagascar,1991,2.9668345
Madagascar,1992,4.100604
Madagascar,1993,3.7153196
Madagascar,1994,4.752104
Madagascar,1995,4.1343813
Madagascar,1996,5.624603
Madagascar,1997,6.707054
Madagascar,1998,9.231672
Madagascar,1999,8.6105385
Madagascar,2000,7.7133856
Madagascar,2001,5.7080507
Madagascar,2002,4.7930307
Madagascar,2003,4.108366
Madagascar,2004,3.6638055
Madagascar,2005,2.950133
Madagascar,2006,2.614856
Madagascar,2007,2.3973608
Madagascar,2008,2.22725
Madagascar,2009,1.9491546
Madagascar,2010,1.8622979
Madagascar,2011,1.6514932
Madagascar,2012,1.5718919
Madagascar,2013,1.5851008
Madagascar,2014,1.2813257
Madagascar,2015,1.3923093
Madagascar,2016,1.3511215
Madagascar,2017,1.3112923
Madagascar,2018,1.117688
Madagascar,2019,1.0314444
Madagascar,2020,0.9692242
Madagascar,2021,0.9971637
Madagascar,2022,0.99302274
Madagascar,2023,0.9689727
Malawi,1950,13.334749
Malawi,1951,10.327956
Malawi,1952,8.634233
Malawi,1953,7.461612
Malawi,1954,6.3359423
Malawi,1955,6.0924373
Malawi,1956,5.575689
Malawi,1957,5.0356603
Malawi,1958,4.9005637
Malawi,1959,4.6993103
Malawi,1960,6.1983023
Malawi,1961,7.3048635
Malawi,1962,7.730128
Malawi,1963,6.9351964
Malawi,1964,10.1379385
Malawi,1965,9.662722
Malawi,1966,6.322853
Malawi,1967,6.471361
Malawi,1968,6.354684
Malawi,1969,4.444628
Malawi,1970,6.173485
Malawi,1971,5.9317546
Malawi,1972,5.2237716
Malawi,1973,3.8754983
Malawi,1974,2.7795625
Malawi,1975,2.4319563
Malawi,1976,2.1641045
Malawi,1977,2.382456
Malawi,1978,1.8393586
Malawi,1979,0.9044425
Malawi,1980,1.7953717
Malawi,1981,2.1636817
Malawi,1982,1.0751575
Malawi,1983,1.1984107
Malawi,1984,1.0095515
Malawi,1985,1.6692868
Malawi,1986,1.1286496
Malawi,1987,0.88992876
Malawi,1988,1.0908674
Malawi,1989,1.221871
Malawi,1990,1.6176519
Malawi,1991,0.95606166
Malawi,1992,0.6340226
Malawi,1993,0.045917302
Malawi,1994,1.4421804
Malawi,1995,1.6451744
Malawi,1996,1.5134985
Malawi,1997,1.9561374
Malawi,1998,2.068851
Malawi,1999,1.8449347
Malawi,2000,1.7958634
Malawi,2001,1.4084977
Malawi,2002,1.7654055
Malawi,2003,1.4588178
Malawi,2004,1.928615
Malawi,2005,1.9085233
Malawi,2006,1.4674847
Malawi,2007,1.645582
Malawi,2008,1.4745625
Malawi,2009,0.9525528
Malawi,2010,0.79859346
Malawi,2011,0.6814527
Malawi,2012,0.7081522
Malawi,2013,0.8296144
Malawi,2014,0.78608257
Malawi,2015,0.72955936
Malawi,2016,0.7011935
Malawi,2017,0.67185265
Malawi,2018,0.65061146
Malawi,2019,0.6225943
Malawi,2020,0.6114879
Malawi,2021,0.5939305
Malawi,2022,0.5707016
Malawi,2023,0.543408
Malaysia,1890,28.428757
Malaysia,1891,30.545155
Malaysia,1892,19.490412
Malaysia,1893,11.605554
Malaysia,1894,12.652635
Malaysia,1895,6.826451
Malaysia,1896,13.859619
Malaysia,1897,19.77611
Malaysia,1898,5.9683394
Malaysia,1899,13.575055
Malaysia,1900,14.192658
Malaysia,1901,13.047593
Malaysia,1902,19.140549
Malaysia,1903,14.106452
Malaysia,1904,9.5679245
Malaysia,1905,19.4517
Malaysia,1906,23.811207
Malaysia,1907,22.30761
Malaysia,1908,21.167345
Malaysia,1909,19.19594
Malaysia,1910,15.487639
Malaysia,1912,34.794277
Malaysia,1913,29.591835
Malaysia,1914,33.790447
Malaysia,1915,31.497066
Malaysia,1916,29.372908
Malaysia,1917,36.65731
Malaysia,1918,38.24372
Malaysia,1919,27.765175
Malaysia,1920,22.981329
Malaysia,1921,16.511541
Malaysia,1922,7.084219
Malaysia,1923,12.720425
Malaysia,1924,7.520459
Malaysia,1925,7.492629
Malaysia,1926,3.8389292
Malaysia,1927,1.6911871
Malaysia,1928,4.1805367
Malaysia,1929,7.15533
Malaysia,1930,15.172836
Malaysia,1931,12.907931
Malaysia,1932,10.692455
Malaysia,1933,14.519927
Malaysia,1934,15.674344
Malaysia,1935,13.495915
Malaysia,1936,8.2245865
Malaysia,1937,15.725852
Malaysia,1938,15.806159
Malaysia,1939,12.717075
Malaysia,1940,16.9687
Malaysia,1941,19.154364
Malaysia,1942,20.728214
Malaysia,1943,17.220358
Malaysia,1944,18.071009
Malaysia,1945,17.883492
Malaysia,1946,16.484123
Malaysia,1947,18.26016
Malaysia,1948,16.712643
Malaysia,1949,16.734158
Malaysia,1950,9.886761
Malaysia,1951,7.7597713
Malaysia,1952,6.9849606
Malaysia,1953,5.934058
Malaysia,1954,5.8233023
Malaysia,1955,5.087677
Malaysia,1956,4.4192486
Malaysia,1957,3.2563367
Malaysia,1958,3.296876
Malaysia,1959,2.1225352
Malaysia,1960,2.3366716
Malaysia,1961,5.8271613
Malaysia,1962,10.91308
Malaysia,1963,9.418069
Malaysia,1964,14.158589
Malaysia,1965,7.5568714
Malaysia,1966,9.446425
Malaysia,1967,13.55875
Malaysia,1968,11.294935
Malaysia,1969,14.648285
Malaysia,1970,12.565405
Malaysia,1971,15.338701
Malaysia,1972,14.039015
Malaysia,1973,12.107456
Malaysia,1974,14.336509
Malaysia,1975,14.623577
Malaysia,1976,17.04534
Malaysia,1977,17.268774
Malaysia,1978,16.405735
Malaysia,1979,14.361315
Malaysia,1980,14.94331
Malaysia,1981,13.156917
Malaysia,1982,13.999006
Malaysia,1983,10.880776
Malaysia,1984,14.972663
Malaysia,1985,20.558691
Malaysia,1986,25.589464
Malaysia,1987,24.400902
Malaysia,1988,25.117659
Malaysia,1989,16.932333
Malaysia,1990,13.165318
Malaysia,1991,11.4930315
Malaysia,1992,12.742142
Malaysia,1993,13.910391
Malaysia,1994,12.865312
Malaysia,1995,12.092217
Malaysia,1996,11.3748045
Malaysia,1997,10.973608
Malaysia,1998,11.232534
Malaysia,1999,9.976682
Malaysia,2000,8.844242
Malaysia,2001,10.383254
Malaysia,2002,10.163021
Malaysia,2003,10.742931
Malaysia,2004,10.32851
Malaysia,2005,9.858386
Malaysia,2006,10.126147
Malaysia,2007,10.697357
Malaysia,2008,11.266623
Malaysia,2009,12.155246
Malaysia,2010,12.644463
Malaysia,2011,14.269347
Malaysia,2012,14.020245
Malaysia,2013,13.484905
Malaysia,2014,17.762241
Malaysia,2015,13.090702
Malaysia,2016,11.586102
Malaysia,2017,10.718573
Malaysia,2018,10.533061
Malaysia,2019,10.370704
Malaysia,2020,9.643033
Malaysia,2021,9.699207
Malaysia,2022,9.961461
Malaysia,2023,9.91207
Maldives,1971,0.029137291
Maldives,1972,0.027983991
Maldives,1973,0.027154619
Maldives,1974,0.026369957
Maldives,1975,0.051967636
Maldives,1976,0.07527236
Maldives,1977,0.09721008
Maldives,1978,0.14081655
Maldives,1979,0.18282636
Maldives,1980,0.26679772
Maldives,1981,0.28100646
Maldives,1982,0.27328065
Maldives,1983,0.28641462
Maldives,1984,0.31831634
Maldives,1985,0.34686387
Maldives,1986,0.4093917
Maldives,1987,0.3953136
Maldives,1988,0.45182005
Maldives,1989,0.5722081
Maldives,1990,0.76625776
Maldives,1991,0.6639715
Maldives,1992,0.96778816
Maldives,1993,0.80809003
Maldives,1994,0.78894985
Maldives,1995,0.97093266
Maldives,1996,1.1034461
Maldives,1997,1.2320062
Maldives,1998,1.1018741
Maldives,1999,1.5191096
Maldives,2000,1.598309
Maldives,2001,1.6100327
Maldives,2002,2.0362675
Maldives,2003,1.7056116
Maldives,2004,2.214947
Maldives,2005,1.9612513
Maldives,2006,2.3701003
Maldives,2007,2.4073641
Maldives,2008,2.5071328
Maldives,2009,2.5356295
Maldives,2010,2.5907717
Maldives,2011,2.63789
Maldives,2012,2.8705788
Maldives,2013,2.7295027
Maldives,2014,3.1805093
Maldives,2015,2.9870207
Maldives,2016,3.240203
Maldives,2017,3.3021832
Maldives,2018,3.6790721
Maldives,2019,4.087055
Maldives,2020,3.3423467
Maldives,2021,3.8193066
Maldives,2022,3.851452
Maldives,2023,3.9210675
Mali,1959,1.5406258
Mali,1960,1.1879973
Mali,1961,0.98610944
Mali,1962,0.9118719
Mali,1963,0.7577684
Mali,1964,0.72679764
Mali,1965,0.61519045
Mali,1966,0.60322094
Mali,1967,0.49933946
Mali,1968,0.43659386
Mali,1969,0.8682659
Mali,1970,0.5265206
Mali,1971,0.4447937
Mali,1972,0.42833698
Mali,1973,0.87934566
Mali,1974,1.0822217
Mali,1975,2.6534789
Mali,1976,1.5249099
Mali,1977,1.0916692
Mali,1978,0.888323
Mali,1979,0.69392186
Mali,1980,0.5251928
Mali,1981,0.52344894
Mali,1982,0.4382982
Mali,1983,0.43159628
Mali,1984,0.67209977
Mali,1985,0.5237327
Mali,1986,0.4418954
Mali,1987,0.6218424
Mali,1988,0.49895987
Mali,1989,0.44740254
Mali,1990,0.4584885
Mali,1991,1.2345814
Mali,1992,7.199561
Mali,1993,5.403644
Mali,1994,5.4837456
Mali,1995,11.672258
Mali,1996,6.9011235
Mali,1997,4.810844
Mali,1998,3.4179244
Mali,1999,2.6275055
Mali,2000,2.8694613
Mali,2001,4.5022306
Mali,2002,7.964653
Mali,2003,2.8788846
Mali,2004,4.5860443
Mali,2005,2.7415385
Mali,2006,2.1902318
Mali,2007,2.4907274
Mali,2008,2.3865442
Mali,2009,1.785899
Mali,2010,1.8465897
Mali,2011,1.8149173
Mali,2012,1.9787987
Mali,2013,1.95819
Mali,2014,1.9184444
Mali,2015,1.9538994
Mali,2016,1.8960915
Mali,2017,1.9105554
Mali,2018,1.8449041
Mali,2019,1.792726
Mali,2020,1.8374048
Mali,2021,1.7707175
Mali,2022,1.6984091
Mali,2023,1.5846363
Malta,1950,0.66145176
Malta,1951,0.66934633
Malta,1952,0.5960987
Malta,1953,0.5363777
Malta,1954,0.7578878
Malta,1955,0.8346173
Malta,1956,0.67128956
Malta,1957,0.69319165
Malta,1958,0.7313005
Malta,1959,0.8980523
Malta,1960,0.7682879
Malta,1961,0.5777283
Malta,1962,0.64552057
Malta,1963,0.8503075
Malta,1964,1.0816298
Malta,1965,1.0328442
Malta,1966,0.8811441
Malta,1967,1.2356411
Malta,1968,1.6191058
Malta,1969,1.676328
Malta,1970,1.7208036
Malta,1971,1.71877
Malta,1972,2.2731333
Malta,1973,2.177356
Malta,1974,1.930247
Malta,1975,1.7064505
Malta,1976,2.2039435
Malta,1977,2.2169635
Malta,1978,2.5786605
Malta,1979,2.4180481
Malta,1980,2.7556362
Malta,1981,3.1006334
Malta,1982,3.5789165
Malta,1983,2.6639895
Malta,1984,3.7032118
Malta,1985,3.2225325
Malta,1986,4.012505
Malta,1987,5.01998
Malta,1988,5.4197316
Malta,1989,5.8097715
Malta,1990,6.4648604
Malta,1991,5.9925013
Malta,1992,6.002575
Malta,1993,7.520332
Malta,1994,6.756833
Malta,1995,6.181612
Malta,1996,6.2990556
Malta,1997,6.267724
Malta,1998,6.1576157
Malta,1999,6.2428317
Malta,2000,6.1425195
Malta,2001,6.6702886
Malta,2002,6.7132854
Malta,2003,7.1266923
Malta,2004,6.768673
Malta,2005,6.249199
Malta,2006,6.2347617
Malta,2007,6.3890405
Malta,2008,6.3523498
Malta,2009,6.1559668
Malta,2010,6.155789
Malta,2011,6.0743737
Malta,2012,6.366171
Malta,2013,5.5928555
Malta,2014,5.485984
Malta,2015,3.7746959
Malta,2016,2.9624789
Malta,2017,3.2252915
Malta,2018,3.1360006
Malta,2019,3.1661692
Malta,2020,2.9763708
Malta,2021,2.9540212
Malta,2022,3.2342305
Malta,2023,3.290275
Marshall Islands,1992,1.6594561
Marshall Islands,1993,1.7906592
Marshall Islands,1994,1.7672273
Marshall Islands,1995,1.8226589
Marshall Islands,1996,1.8037413
Marshall Islands,1997,1.7860465
Marshall Islands,1998,1.8440602
Marshall Islands,1999,1.7525162
Marshall Islands,2000,1.9521667
Marshall Islands,2001,2.0077891
Marshall Islands,2002,2.1387293
Marshall Islands,2003,2.058387
Marshall Islands,2004,2.2651365
Marshall Islands,2005,2.1891913
Marshall Islands,2006,2.3264835
Marshall Islands,2007,2.3950474
Marshall Islands,2008,2.4657273
Marshall Islands,2009,2.5370057
Marshall Islands,2010,2.606275
Marshall Islands,2011,2.6837318
Marshall Islands,2012,2.637561
Marshall Islands,2013,2.7490127
Marshall Islands,2014,2.871358
Marshall Islands,2015,2.929157
Marshall Islands,2016,2.9962258
Marshall Islands,2017,3.1516247
Marshall Islands,2018,3.238537
Marshall Islands,2019,3.3321207
Marshall Islands,2020,3.4339268
Marshall Islands,2021,3.5447202
Marshall Islands,2022,3.7462678
Marshall Islands,2023,3.9515243
Mauritania,1959,1.0068169
Mauritania,1960,0.9955865
Mauritania,1961,0.74112713
Mauritania,1962,0.6913208
Mauritania,1963,0.5838157
Mauritania,1964,0.55990493
Mauritania,1965,0.5282527
Mauritania,1966,0.5147425
Mauritania,1967,0.5197394
Mauritania,1968,0.8905605
Mauritania,1969,0.67666054
Mauritania,1970,-0.002831899
Mauritania,1971,0.021589758
Mauritania,1972,-0.08928537
Mauritania,1973,-0.45284358
Mauritania,1974,-0.35037446
Mauritania,1975,-0.056797568
Mauritania,1976,0.028831797
Mauritania,1977,0.0439011
Mauritania,1978,0.22026072
Mauritania,1979,0.70872784
Mauritania,1980,1.1228877
Mauritania,1981,1.3301885
Mauritania,1982,1.6019019
Mauritania,1983,1.4460037
Mauritania,1984,1.5725336
Mauritania,1985,1.5070298
Mauritania,1986,1.3772911
Mauritania,1987,2.9857318
Mauritania,1988,2.9095495
Mauritania,1989,2.689572
Mauritania,1990,1.3910131
Mauritania,1991,1.318699
Mauritania,1992,1.3096831
Mauritania,1993,1.3660071
Mauritania,1994,1.0421153
Mauritania,1995,0.8857253
Mauritania,1996,0.7689408
Mauritania,1997,0.71831363
Mauritania,1998,0.71026546
Mauritania,1999,0.7483667
Mauritania,2000,0.8427009
Mauritania,2001,0.74734694
Mauritania,2002,0.62664884
Mauritania,2003,0.6093702
Mauritania,2004,0.62635875
Mauritania,2005,0.5998452
Mauritania,2006,0.6411314
Mauritania,2007,0.8104267
Mauritania,2008,0.8813862
Mauritania,2009,0.9355744
Mauritania,2010,0.7523167
Mauritania,2011,0.81256694
Mauritania,2012,0.74302524
Mauritania,2013,0.6146469
Mauritania,2014,0.7436509
Mauritania,2015,0.79642147
Mauritania,2016,0.69381624
Mauritania,2017,0.89523375
Mauritania,2018,1.0638149
Mauritania,2019,1.0730971
Mauritania,2020,1.0823977
Mauritania,2021,1.0016905
Mauritania,2022,0.99285674
Mauritania,2023,0.9333865
Mauritius,1950,0.36659524
Mauritius,1951,0.13677654
Mauritius,1952,0.19327614
Mauritius,1953,0.19483875
Mauritius,1954,0.19032189
Mauritius,1955,0.08818535
Mauritius,1956,0.23545618
Mauritius,1957,0.23133735
Mauritius,1958,0.21430941
Mauritius,1959,0.22723669
Mauritius,1960,0.15145393
Mauritius,1961,0.15619138
Mauritius,1962,0.2837233
Mauritius,1963,0.21598032
Mauritius,1964,0.35197666
Mauritius,1965,0.34239125
Mauritius,1966,0.3187712
Mauritius,1967,0.5820612
Mauritius,1968,0.7366573
Mauritius,1969,0.6528456
Mauritius,1970,0.5565567
Mauritius,1971,0.42335266
Mauritius,1972,0.7583298
Mauritius,1973,0.72602093
Mauritius,1974,0.74917054
Mauritius,1975,0.628305
Mauritius,1976,0.66438717
Mauritius,1977,0.6642237
Mauritius,1978,0.6402267
Mauritius,1979,0.9997235
Mauritius,1980,0.7162305
Mauritius,1981,0.5464408
Mauritius,1982,0.48189598
Mauritius,1983,0.5741406
Mauritius,1984,0.6021818
Mauritius,1985,0.6672295
Mauritius,1986,0.75079274
Mauritius,1987,0.85995185
Mauritius,1988,0.7781737
Mauritius,1989,1.064397
Mauritius,1990,1.3360842
Mauritius,1991,1.3569423
Mauritius,1992,1.5188724
Mauritius,1993,1.54802
Mauritius,1994,1.3944858
Mauritius,1995,1.5563648
Mauritius,1996,1.6583371
Mauritius,1997,1.6671548
Mauritius,1998,1.7875468
Mauritius,1999,2.0071151
Mauritius,2000,2.6582615
Mauritius,2001,2.45995
Mauritius,2002,2.368275
Mauritius,2003,2.4890323
Mauritius,2004,3.0419116
Mauritius,2005,2.7635794
Mauritius,2006,2.9150925
Mauritius,2007,2.8969853
Mauritius,2008,2.9304652
Mauritius,2009,2.9832747
Mauritius,2010,3.039629
Mauritius,2011,3.0063617
Mauritius,2012,3.0283287
Mauritius,2013,4.2641277
Mauritius,2014,3.6644566
Mauritius,2015,3.5150845
Mauritius,2016,3.5117397
Mauritius,2017,3.61172
Mauritius,2018,3.526012
Mauritius,2019,3.4501324
Mauritius,2020,2.97865
Mauritius,2021,3.0897777
Mauritius,2022,3.056477
Mauritius,2023,3.2197304
Mexico,1856,2.565059
Mexico,1857,2.5773213
Mexico,1858,2.4708748
Mexico,1859,2.42063
Mexico,1860,2.3662252
Mexico,1861,2.4541745
Mexico,1862,2.4021978
Mexico,1863,2.4194999
Mexico,1864,2.4910395
Mexico,1865,2.5602162
Mexico,1866,2.448274
Mexico,1867,2.5823414
Mexico,1868,2.613745
Mexico,1869,2.529173
Mexico,1870,2.5219955
Mexico,1871,2.4800365
Mexico,1872,2.4330904
Mexico,1873,2.5301325
Mexico,1874,2.4601474
Mexico,1875,2.4559395
Mexico,1876,2.4218047
Mexico,1877,2.570805
Mexico,1878,2.4063587
Mexico,1879,2.4564607
Mexico,1880,4.703396
Mexico,1881,5.86605
Mexico,1882,6.3846855
Mexico,1883,6.6802707
Mexico,1884,7.1688256
Mexico,1885,7.196467
Mexico,1886,7.5168066
Mexico,1887,7.7723994
Mexico,1888,7.582744
Mexico,1889,7.8843417
Mexico,1890,9.017088
Mexico,1891,9.924942
Mexico,1892,10.057942
Mexico,1893,10.476001
Mexico,1894,10.496929
Mexico,1895,10.692231
Mexico,1896,10.446094
Mexico,1897,10.527521
Mexico,1898,10.455674
Mexico,1899,10.652398
Mexico,1900,9.349661
Mexico,1901,8.726338
Mexico,1902,8.529489
Mexico,1903,8.525754
Mexico,1904,8.312297
Mexico,1905,8.151949
Mexico,1906,8.1216755
Mexico,1907,7.8245897
Mexico,1908,8.025559
Mexico,1909,7.9768996
Mexico,1910,6.2362666
Mexico,1911,5.4126015
Mexico,1912,4.786766
Mexico,1913,4.5599494
Mexico,1914,4.29072
Mexico,1915,4.188381
Mexico,1916,4.0406547
Mexico,1917,4.5483027
Mexico,1918,4.7108808
Mexico,1919,5.151505
Mexico,1920,8.835571
Mexico,1921,10.172126
Mexico,1922,9.875674
Mexico,1923,9.156296
Mexico,1924,8.788333
Mexico,1925,8.039906
Mexico,1926,7.2731175
Mexico,1927,6.4428754
Mexico,1928,5.9476085
Mexico,1929,5.830281
Mexico,1930,5.6474047
Mexico,1931,5.4701514
Mexico,1932,5.3823886
Mexico,1933,5.4719343
Mexico,1934,5.431843
Mexico,1935,5.582812
Mexico,1936,5.543626
Mexico,1937,5.6624455
Mexico,1938,5.5381455
Mexico,1939,5.4855733
Mexico,1940,7.8054914
Mexico,1941,8.668563
Mexico,1942,8.937357
Mexico,1943,9.265728
Mexico,1944,9.270059
Mexico,1945,9.308294
Mexico,1946,9.295397
Mexico,1947,9.510948
Mexico,1948,9.410812
Mexico,1949,8.737041
Mexico,1950,8.051212
Mexico,1951,7.856469
Mexico,1952,7.5760565
Mexico,1953,7.3469315
Mexico,1954,7.4493103
Mexico,1955,7.1692576
Mexico,1956,6.981669
Mexico,1957,6.900988
Mexico,1958,6.9448633
Mexico,1959,6.832393
Mexico,1960,6.3913383
Mexico,1961,4.8372307
Mexico,1962,3.9973931
Mexico,1963,3.6137228
Mexico,1964,3.408981
Mexico,1965,3.1407938
Mexico,1966,3.0106046
Mexico,1967,3.0407546
Mexico,1968,2.9154158
Mexico,1969,2.4388971
Mexico,1970,2.6848116
Mexico,1971,2.9329152
Mexico,1972,3.1444693
Mexico,1973,3.1154587
Mexico,1974,3.241195
Mexico,1975,3.3364587
Mexico,1976,3.7010407
Mexico,1977,3.8121176
Mexico,1978,3.9372537
Mexico,1979,4.509369
Mexico,1980,4.929764
Mexico,1981,4.999766
Mexico,1982,6.3782306
Mexico,1983,4.9914303
Mexico,1984,4.797725
Mexico,1985,4.8049216
Mexico,1986,6.425381
Mexico,1987,6.065756
Mexico,1988,6.7220287
Mexico,1989,7.3429923
Mexico,1990,7.2555714
Mexico,1991,6.064271
Mexico,1992,5.464978
Mexico,1993,5.3202224
Mexico,1994,5.4690504
Mexico,1995,5.0423646
Mexico,1996,4.92707
Mexico,1997,5.230502
Mexico,1998,5.478317
Mexico,1999,5.2395115
Mexico,2000,5.27825
Mexico,2001,5.1470904
Mexico,2002,5.000344
Mexico,2003,5.130452
Mexico,2004,4.9530997
Mexico,2005,5.055314
Mexico,2006,5.131883
Mexico,2007,4.828716
Mexico,2008,4.6650295
Mexico,2009,4.421239
Mexico,2010,4.341533
Mexico,2011,4.4542475
Mexico,2012,4.5788727
Mexico,2013,4.4031763
Mexico,2014,4.2958198
Mexico,2015,4.1291604
Mexico,2016,3.6535149
Mexico,2017,3.5792894
Mexico,2018,3.4532998
Mexico,2019,4.13
Mexico,2020,3.4718173
Mexico,2021,3.4234898
Mexico,2022,3.4713361
Mexico,2023,3.5213974
Micronesia (country),1992,1.29381
Micronesia (country),1993,1.3350275
Micronesia (country),1994,1.4112856
Micronesia (country),1995,1.6291242
Micronesia (country),1996,1.6552522
Micronesia (country),1997,1.7487212
Micronesia (country),1998,1.8098865
Micronesia (country),1999,1.706445
Micronesia (country),2000,1.602628
Micronesia (country),2001,1.4679487
Micronesia (country),2002,1.3363222
Micronesia (country),2003,1.4361715
Micronesia (country),2004,1.2770772
Micronesia (country),2005,1.0527601
Micronesia (country),2006,1.0260987
Micronesia (country),2007,1.2006881
Micronesia (country),2008,1.0093293
Micronesia (country),2009,1.358043
Micronesia (country),2010,0.9542288
Micronesia (country),2011,1.0890176
Micronesia (country),2012,1.1549573
Micronesia (country),2013,1.2542953
Micronesia (country),2014,1.2510313
Micronesia (country),2015,1.314772
Micronesia (country),2016,1.3104795
Micronesia (country),2017,1.3055109
Micronesia (country),2018,1.3004614
Micronesia (country),2019,1.3293424
Micronesia (country),2020,1.3217535
Micronesia (country),2021,1.2805563
Micronesia (country),2022,1.3054577
Micronesia (country),2023,1.3276674
Moldova,1850,4.895793
Moldova,1855,3.5757184
Moldova,1858,3.129741
Moldova,1859,3.0138516
Moldova,1860,2.9139106
Moldova,1861,2.8231454
Moldova,1862,2.733902
Moldova,1863,2.650355
Moldova,1864,2.5787468
Moldova,1865,2.5167012
Moldova,1866,2.4735332
Moldova,1867,2.410131
Moldova,1868,2.3450491
Moldova,1869,2.2968323
Moldova,1870,2.314014
Moldova,1871,2.312299
Moldova,1872,2.2957811
Moldova,1873,2.2585332
Moldova,1874,2.2349436
Moldova,1875,2.2100992
Moldova,1876,2.1990979
Moldova,1877,2.1648486
Moldova,1878,2.15857
Moldova,1879,2.1377296
Moldova,1880,2.147254
Moldova,1881,2.1372793
Moldova,1882,2.1215794
Moldova,1883,2.1147807
Moldova,1884,2.0961833
Moldova,1885,2.0948448
Moldova,1886,2.0787969
Moldova,1887,2.060121
Moldova,1888,2.0418057
Moldova,1889,2.0300086
Moldova,1890,2.0907333
Moldova,1891,2.116897
Moldova,1892,2.1299286
Moldova,1893,2.1549172
Moldova,1894,2.1431396
Moldova,1895,2.1660707
Moldova,1896,2.1594665
Moldova,1897,2.1846678
Moldova,1898,2.2130618
Moldova,1899,2.2579935
Moldova,1900,2.3661983
Moldova,1901,2.3892815
Moldova,1902,2.3732347
Moldova,1903,2.370242
Moldova,1904,2.414047
Moldova,1905,2.343038
Moldova,1906,2.3972595
Moldova,1907,2.4535975
Moldova,1908,2.437504
Moldova,1909,2.4576921
Moldova,1910,2.2042801
Moldova,1911,2.1169484
Moldova,1912,2.1241126
Moldova,1913,2.1171176
Moldova,1914,1.981483
Moldova,1915,1.873469
Moldova,1916,1.871555
Moldova,1917,1.7769413
Moldova,1918,1.3788185
Moldova,1919,1.306011
Moldova,1920,1.2756432
Moldova,1921,1.2717489
Moldova,1922,1.2819856
Moldova,1923,1.2709471
Moldova,1924,1.288322
Moldova,1925,1.2675548
Moldova,1926,1.3615881
Moldova,1927,1.4414294
Moldova,1928,1.4734546
Moldova,1929,1.4888715
Moldova,1930,1.6859049
Moldova,1931,1.8250469
Moldova,1932,1.9231102
Moldova,1933,2.031187
Moldova,1934,2.2634614
Moldova,1935,2.4341445
Moldova,1936,2.649942
Moldova,1937,2.6555197
Moldova,1938,2.7348442
Moldova,1939,2.7361145
Moldova,1940,3.1723948
Moldova,1941,2.895497
Moldova,1942,1.9695516
Moldova,1943,2.0252588
Moldova,1944,2.5231755
Moldova,1945,2.614182
Moldova,1946,2.8150527
Moldova,1947,3.173003
Moldova,1948,3.2957065
Moldova,1949,3.5897439
Moldova,1950,3.723141
Moldova,1951,4.028308
Moldova,1952,4.3159237
Moldova,1953,4.5690923
Moldova,1954,4.976857
Moldova,1955,5.424848
Moldova,1956,5.7808504
Moldova,1957,6.140782
Moldova,1958,6.3677664
Moldova,1959,4.25204
Moldova,1960,4.2123227
Moldova,1961,4.044409
Moldova,1962,4.1015587
Moldova,1963,4.331437
Moldova,1964,4.449609
Moldova,1965,4.6926923
Moldova,1966,4.9337974
Moldova,1967,5.2087116
Moldova,1968,5.295135
Moldova,1969,5.481142
Moldova,1970,5.800451
Moldova,1971,6.157835
Moldova,1972,6.565796
Moldova,1973,6.787621
Moldova,1974,7.0437665
Moldova,1975,7.3967876
Moldova,1976,7.6060286
Moldova,1977,7.79239
Moldova,1978,8.031157
Moldova,1979,8.070682
Moldova,1980,8.408802
Moldova,1981,8.180342
Moldova,1982,8.250106
Moldova,1983,8.330599
Moldova,1984,8.355704
Moldova,1985,8.972925
Moldova,1986,8.624012
Moldova,1987,8.103231
Moldova,1988,8.2996855
Moldova,1989,8.068365
Moldova,1990,7.860464
Moldova,1991,6.1998835
Moldova,1992,4.3017135
Moldova,1993,3.131919
Moldova,1994,2.4347308
Moldova,1995,2.1891572
Moldova,1996,2.2613127
Moldova,1997,1.2822194
Moldova,1998,0.99379367
Moldova,1999,0.5867317
Moldova,2000,0.3202674
Moldova,2001,0.43517768
Moldova,2002,0.45165238
Moldova,2003,0.5152823
Moldova,2004,0.5082389
Moldova,2005,0.6331216
Moldova,2006,0.6708087
Moldova,2007,0.67039716
Moldova,2008,0.7146106
Moldova,2009,0.6687636
Moldova,2010,0.72755396
Moldova,2011,0.81419605
Moldova,2012,0.017283188
Moldova,2013,0.21914111
Moldova,2014,0.24683075
Moldova,2015,0.29215735
Moldova,2016,0.39737716
Moldova,2017,0.18690503
Moldova,2018,0.45459574
Moldova,2019,0.5643028
Moldova,2020,0.7150833
Moldova,2021,0.7949419
Moldova,2022,0.7444591
Moldova,2023,0.78633344
Mongolia,1950,13.811252
Mongolia,1951,15.746628
Mongolia,1952,18.47454
Mongolia,1953,20.341602
Mongolia,1954,22.601934
Mongolia,1955,26.851133
Mongolia,1956,35.291996
Mongolia,1957,39.565716
Mongolia,1958,48.612057
Mongolia,1959,45.839306
Mongolia,1960,30.690674
Mongolia,1961,33.132214
Mongolia,1962,29.346014
Mongolia,1963,33.331043
Mongolia,1964,24.484716
Mongolia,1965,25.57209
Mongolia,1966,22.49821
Mongolia,1967,19.193321
Mongolia,1968,17.42856
Mongolia,1969,17.325993
Mongolia,1970,18.137383
Mongolia,1971,15.773574
Mongolia,1972,16.044682
Mongolia,1973,15.766762
Mongolia,1974,15.830228
Mongolia,1975,14.766294
Mongolia,1976,19.007881
Mongolia,1977,18.201246
Mongolia,1978,16.477798
Mongolia,1979,15.259585
Mongolia,1980,16.416739
Mongolia,1981,16.609966
Mongolia,1982,16.836197
Mongolia,1983,14.71404
Mongolia,1984,14.324819
Mongolia,1985,14.984174
Mongolia,1986,13.954221
Mongolia,1987,15.323322
Mongolia,1988,14.029654
Mongolia,1989,12.800656
Mongolia,1990,11.360909
Mongolia,1991,12.131459
Mongolia,1992,11.175865
Mongolia,1993,7.818582
Mongolia,1994,7.8325553
Mongolia,1995,7.240563
Mongolia,1996,9.129484
Mongolia,1997,10.526761
Mongolia,1998,8.995168
Mongolia,1999,8.957895
Mongolia,2000,11.172923
Mongolia,2001,9.368691
Mongolia,2002,6.2835174
Mongolia,2003,5.7791266
Mongolia,2004,5.7062764
Mongolia,2005,5.7751
Mongolia,2006,5.6760464
Mongolia,2007,7.4821177
Mongolia,2008,8.788298
Mongolia,2009,8.772602
Mongolia,2010,9.4839735
Mongolia,2011,11.907736
Mongolia,2012,16.103981
Mongolia,2013,18.49402
Mongolia,2014,13.281956
Mongolia,2015,10.61909
Mongolia,2016,11.03913
Mongolia,2017,13.469711
Mongolia,2018,16.693079
Mongolia,2019,16.887613
Mongolia,2020,13.408906
Mongolia,2021,14.626098
Mongolia,2022,14.843576
Mongolia,2023,15.632813
Montenegro,1885,6.9392076
Montenegro,1890,6.6745715
Montenegro,1891,6.3370414
Montenegro,1892,6.3592687
Montenegro,1893,6.3689938
Montenegro,1894,6.235624
Montenegro,1895,6.0671763
Montenegro,1896,6.0105295
Montenegro,1897,5.9790998
Montenegro,1898,5.9499993
Montenegro,1899,5.694905
Montenegro,1900,5.6822615
Montenegro,1901,5.572294
Montenegro,1902,5.4529724
Montenegro,1903,5.483037
Montenegro,1904,5.498132
Montenegro,1905,5.367939
Montenegro,1906,5.2266717
Montenegro,1907,5.174377
Montenegro,1908,5.155398
Montenegro,1909,5.137869
Montenegro,1910,4.8294415
Montenegro,1911,4.881219
Montenegro,1912,4.8816314
Montenegro,1913,4.849686
Montenegro,1919,5.1875334
Montenegro,1920,5.3187227
Montenegro,1921,5.59795
Montenegro,1922,5.4605465
Montenegro,1923,5.4294395
Montenegro,1924,5.3253727
Montenegro,1925,5.44092
Montenegro,1926,5.2610903
Montenegro,1927,5.4747944
Montenegro,1928,5.5649166
Montenegro,1929,5.3830824
Montenegro,1930,5.4759636
Montenegro,1931,5.4930325
Montenegro,1932,5.467679
Montenegro,1933,5.4038525
Montenegro,1934,5.4005055
Montenegro,1935,5.468575
Montenegro,1936,5.3555694
Montenegro,1937,5.216007
Montenegro,1938,5.3897433
Montenegro,1939,5.3281727
Montenegro,1940,5.4945006
Montenegro,1943,5.755875
Montenegro,1944,5.4558387
Montenegro,1945,5.7990575
Montenegro,1946,6.132995
Montenegro,1947,6.258801
Montenegro,1948,6.3533463
Montenegro,1949,6.4825616
Montenegro,1950,9.468032
Montenegro,1951,10.163132
Montenegro,1952,10.561076
Montenegro,1953,10.556192
Montenegro,1954,10.3749895
Montenegro,1955,9.777951
Montenegro,1956,9.633685
Montenegro,1957,9.596034
Montenegro,1958,9.014773
Montenegro,1959,9.682969
Montenegro,1960,7.4316893
Montenegro,1961,6.359539
Montenegro,1962,5.5394297
Montenegro,1963,5.3680825
Montenegro,1964,5.03778
Montenegro,1965,4.676836
Montenegro,1966,4.3069386
Montenegro,1967,3.7781515
Montenegro,1968,3.4662714
Montenegro,1969,3.1210923
Montenegro,1970,3.1600661
Montenegro,1971,3.099934
Montenegro,1972,2.4600098
Montenegro,1973,2.6358109
Montenegro,1974,2.3400168
Montenegro,1975,2.3052194
Montenegro,1976,2.038312
Montenegro,1977,2.177099
Montenegro,1978,2.024884
Montenegro,1979,2.8666546
Montenegro,1980,2.4131978
Montenegro,1981,2.488217
Montenegro,1982,2.2934136
Montenegro,1983,2.510195
Montenegro,1984,2.5931
Montenegro,1985,2.8855855
Montenegro,1986,2.8614242
Montenegro,1987,2.776465
Montenegro,1988,2.9120893
Montenegro,1989,2.9196687
Montenegro,1990,2.5460923
Montenegro,1991,-0.7873416
Montenegro,1992,-0.26852348
Montenegro,1993,-0.80931777
Montenegro,1994,0.16627873
Montenegro,1995,-0.3223063
Montenegro,1996,0.32026383
Montenegro,1997,0.3133757
Montenegro,1998,-0.7448167
Montenegro,1999,-1.4615996
Montenegro,2000,-0.56122035
Montenegro,2001,-0.6220039
Montenegro,2002,-0.18787931
Montenegro,2003,1.0699177
Montenegro,2004,1.3009075
Montenegro,2005,-2.8295407
Montenegro,2006,-1.4673431
Montenegro,2007,-0.841059
Montenegro,2008,-0.52475643
Montenegro,2009,-2.3746324
Montenegro,2010,-0.98226684
Montenegro,2011,-0.6433321
Montenegro,2012,-2.067408
Montenegro,2013,-1.6920689
Montenegro,2014,-2.0240064
Montenegro,2015,-1.8422788
Montenegro,2016,-2.330418
Montenegro,2017,-1.8792076
Montenegro,2018,0.07753345
Montenegro,2019,0.05139914
Montenegro,2020,0.11217052
Montenegro,2021,-0.15928984
Montenegro,2022,-0.08630978
Montenegro,2023,-0.005872506
Morocco,1928,1.012916
Morocco,1929,1.0240606
Morocco,1930,1.036001
Morocco,1931,1.0489477
Morocco,1932,1.0597689
Morocco,1933,1.0629145
Morocco,1934,1.0632119
Morocco,1935,1.0665461
Morocco,1936,1.0594567
Morocco,1937,1.0762804
Morocco,1938,1.0830789
Morocco,1939,1.0571798
Morocco,1940,1.0611398
Morocco,1941,1.0524958
Morocco,1942,1.0374652
Morocco,1943,1.0333104
Morocco,1944,1.0337627
Morocco,1945,1.0380714
Morocco,1946,1.0486131
Morocco,1947,1.0565853
Morocco,1948,1.0595239
Morocco,1949,1.0633907
Morocco,1950,2.0380483
Morocco,1951,2.5737388
Morocco,1952,2.9705436
Morocco,1953,3.2978334
Morocco,1954,3.4348369
Morocco,1955,3.5801163
Morocco,1956,3.6855164
Morocco,1957,3.7094216
Morocco,1958,3.7860336
Morocco,1959,3.824685
Morocco,1960,2.7015252
Morocco,1961,2.2646549
Morocco,1962,2.2204986
Morocco,1963,2.165987
Morocco,1964,2.3276446
Morocco,1965,2.3480027
Morocco,1966,1.8903266
Morocco,1967,2.0338328
Morocco,1968,1.6077411
Morocco,1969,1.7119448
Morocco,1970,1.6086445
Morocco,1971,1.5751185
Morocco,1972,1.5539632
Morocco,1973,1.429125
Morocco,1974,1.6982288
Morocco,1975,1.5306365
Morocco,1976,1.8552766
Morocco,1977,2.2425528
Morocco,1978,1.5669476
Morocco,1979,1.5639687
Morocco,1980,1.8762022
Morocco,1981,1.7536306
Morocco,1982,1.7705525
Morocco,1983,1.8086869
Morocco,1984,1.5297945
Morocco,1985,1.6115993
Morocco,1986,1.8269546
Morocco,1987,1.7225323
Morocco,1988,2.2657592
Morocco,1989,2.4563818
Morocco,1990,1.877994
Morocco,1991,2.2663481
Morocco,1992,2.0098178
Morocco,1993,2.1752753
Morocco,1994,1.7006226
Morocco,1995,1.989361
Morocco,1996,1.6332716
Morocco,1997,1.7104818
Morocco,1998,1.3431268
Morocco,1999,1.3106619
Morocco,2000,1.083357
Morocco,2001,1.221328
Morocco,2002,2.2486608
Morocco,2003,1.2356336
Morocco,2004,1.2492074
Morocco,2005,1.2556406
Morocco,2006,1.3107169
Morocco,2007,1.4061296
Morocco,2008,1.4915694
Morocco,2009,1.4498813
Morocco,2010,1.6819528
Morocco,2011,2.0264776
Morocco,2012,2.09317
Morocco,2013,1.5805036
Morocco,2014,1.5279512
Morocco,2015,2.610526
Morocco,2016,2.317879
Morocco,2017,1.7985057
Morocco,2018,1.2654078
Morocco,2019,2.2740376
Morocco,2020,1.7838763
Morocco,2021,1.7498633
Morocco,2022,1.6216247
Morocco,2023,1.5297332
Mozambique,1927,10.483297
Mozambique,1928,10.839204
Mozambique,1929,9.927678
Mozambique,1930,11.496313
Mozambique,1931,13.802649
Mozambique,1932,13.829338
Mozambique,1933,14.445597
Mozambique,1934,14.550071
Mozambique,1935,15.128476
Mozambique,1936,14.783253
Mozambique,1937,14.969959
Mozambique,1938,14.281144
Mozambique,1939,14.658973
Mozambique,1940,10.443977
Mozambique,1941,8.169278
Mozambique,1942,6.7951055
Mozambique,1943,6.171681
Mozambique,1944,5.459081
Mozambique,1945,4.99924
Mozambique,1946,4.3387504
Mozambique,1947,4.0718293
Mozambique,1948,3.8134685
Mozambique,1949,3.589054
Mozambique,1950,11.43272
Mozambique,1951,10.092728
Mozambique,1952,9.799774
Mozambique,1953,9.795845
Mozambique,1954,10.364336
Mozambique,1955,10.588469
Mozambique,1956,10.925546
Mozambique,1957,10.986294
Mozambique,1958,11.568195
Mozambique,1959,11.595361
Mozambique,1960,12.0499735
Mozambique,1961,9.209445
Mozambique,1962,6.983998
Mozambique,1963,5.733137
Mozambique,1964,5.067819
Mozambique,1965,4.369735
Mozambique,1966,4.1425924
Mozambique,1967,5.121086
Mozambique,1968,6.077935
Mozambique,1969,6.2583694
Mozambique,1970,5.2620134
Mozambique,1971,4.2972736
Mozambique,1972,3.9924045
Mozambique,1973,3.5053332
Mozambique,1974,2.9831629
Mozambique,1975,2.4723797
Mozambique,1976,2.1652696
Mozambique,1977,2.0667274
Mozambique,1978,1.9287803
Mozambique,1979,1.70426
Mozambique,1980,2.1769984
Mozambique,1981,2.4675653
Mozambique,1982,2.0020313
Mozambique,1983,2.3574615
Mozambique,1984,2.411133
Mozambique,1985,2.2903056
Mozambique,1986,2.5174482
Mozambique,1987,2.192875
Mozambique,1988,1.9153726
Mozambique,1989,1.7271998
Mozambique,1990,2.101946
Mozambique,1991,2.0062554
Mozambique,1992,1.9345323
Mozambique,1993,2.0265086
Mozambique,1994,2.5569987
Mozambique,1995,2.7507439
Mozambique,1996,3.0989752
Mozambique,1997,3.0860217
Mozambique,1998,2.878013
Mozambique,1999,2.6955922
Mozambique,2000,2.9388232
Mozambique,2001,4.2857547
Mozambique,2002,3.7903547
Mozambique,2003,3.6021614
Mozambique,2004,4.3411093
Mozambique,2005,3.4311256
Mozambique,2006,3.643312
Mozambique,2007,3.711434
Mozambique,2008,3.424682
Mozambique,2009,3.071745
Mozambique,2010,2.4207747
Mozambique,2011,1.8414612
Mozambique,2012,1.602849
Mozambique,2013,1.480374
Mozambique,2014,1.4971286
Mozambique,2015,1.3983259
Mozambique,2016,1.5954959
Mozambique,2017,1.6556625
Mozambique,2018,1.2087016
Mozambique,2019,1.1952536
Mozambique,2020,1.1253988
Mozambique,2021,1.1893381
Mozambique,2022,1.1771084
Mozambique,2023,1.1160338
Myanmar,1928,3.2215567
Myanmar,1929,3.0097973
Myanmar,1930,2.7858348
Myanmar,1931,2.60055
Myanmar,1932,2.4721038
Myanmar,1933,2.3683035
Myanmar,1934,2.293358
Myanmar,1935,2.226206
Myanmar,1936,2.1748524
Myanmar,1937,2.1397934
Myanmar,1938,2.0885234
Myanmar,1939,2.062812
Myanmar,1940,1.607872
Myanmar,1941,1.2899276
Myanmar,1942,0.85942304
Myanmar,1943,0.5792778
Myanmar,1944,0.37465012
Myanmar,1945,0.19291785
Myanmar,1946,0.032663703
Myanmar,1947,-0.078617215
Myanmar,1948,-0.19159338
Myanmar,1949,-0.32390222
Myanmar,1950,1.3617842
Myanmar,1951,2.2426963
Myanmar,1952,2.8704493
Myanmar,1953,3.435741
Myanmar,1954,3.9109876
Myanmar,1955,4.340753
Myanmar,1956,4.70097
Myanmar,1957,5.032176
Myanmar,1958,5.3865347
Myanmar,1959,7.0670156
Myanmar,1960,4.7302322
Myanmar,1961,3.898731
Myanmar,1962,3.4958794
Myanmar,1963,3.7969935
Myanmar,1964,2.951996
Myanmar,1965,3.6764276
Myanmar,1966,3.0291524
Myanmar,1967,2.6149707
Myanmar,1968,2.3495786
Myanmar,1969,24.845942
Myanmar,1970,13.698227
Myanmar,1971,9.223484
Myanmar,1972,6.0888863
Myanmar,1973,4.6151004
Myanmar,1974,3.8152378
Myanmar,1975,3.2776616
Myanmar,1976,2.8292983
Myanmar,1977,2.5952287
Myanmar,1978,2.3887289
Myanmar,1979,2.1943429
Myanmar,1980,2.1789384
Myanmar,1981,2.0495281
Myanmar,1982,1.9228126
Myanmar,1983,1.7933525
Myanmar,1984,1.6649041
Myanmar,1985,1.5360303
Myanmar,1986,1.3929588
Myanmar,1987,1.2101502
Myanmar,1988,1.2138851
Myanmar,1989,1.2663672
Myanmar,1990,1.4118099
Myanmar,1991,1.4401535
Myanmar,1992,1.6525555
Myanmar,1993,1.548825
Myanmar,1994,1.8284295
Myanmar,1995,1.7815272
Myanmar,1996,1.761453
Myanmar,1997,1.7067432
Myanmar,1998,2.258954
Myanmar,1999,2.6033301
Myanmar,2000,2.606112
Myanmar,2001,2.2680295
Myanmar,2002,2.2435157
Myanmar,2003,2.4960186
Myanmar,2004,2.7424717
Myanmar,2005,3.362618
Myanmar,2006,3.9089127
Myanmar,2007,3.9578938
Myanmar,2008,3.6143932
Myanmar,2009,3.1491172
Myanmar,2010,2.8392866
Myanmar,2011,2.526565
Myanmar,2012,2.3743584
Myanmar,2013,2.2662392
Myanmar,2014,2.382815
Myanmar,2015,2.3599272
Myanmar,2016,2.3474584
Myanmar,2017,2.234172
Myanmar,2018,2.1179307
Myanmar,2019,1.9699074
Myanmar,2020,1.9008124
Myanmar,2021,1.7848078
Myanmar,2022,1.755578
Myanmar,2023,1.7427146
Namibia,1991,1.9637954
Namibia,1992,3.4326613
Namibia,1993,4.783616
Namibia,1994,6.504652
Namibia,1995,4.4798803
Namibia,1996,3.5486972
Namibia,1997,3.0353267
Namibia,1998,2.680454
Namibia,1999,2.3175576
Namibia,2000,2.2401667
Namibia,2001,2.4658084
Namibia,2002,2.2909753
Namibia,2003,2.2010343
Namibia,2004,2.3011668
Namibia,2005,2.4533648
Namibia,2006,2.2792377
Namibia,2007,2.2773316
Namibia,2008,2.998742
Namibia,2009,2.9097621
Namibia,2010,3.0942614
Namibia,2011,2.8320222
Namibia,2012,2.9614098
Namibia,2013,3.0254157
Namibia,2014,2.9835258
Namibia,2015,3.0796788
Namibia,2016,2.978611
Namibia,2017,2.9118855
Namibia,2018,2.9096544
Namibia,2019,3.0494452
Namibia,2020,3.0553865
Namibia,2021,3.1843798
Namibia,2022,3.4632323
Namibia,2023,3.7583256
Nauru,1964,5.337218
Nauru,1965,5.666953
Nauru,1966,5.4722867
Nauru,1967,7.7791934
Nauru,1968,7.5379014
Nauru,1969,10.030723
Nauru,1970,9.843582
Nauru,1971,13.023697
Nauru,1972,11.316958
Nauru,1973,12.298891
Nauru,1974,14.322861
Nauru,1975,14.7127495
Nauru,1976,14.560318
Nauru,1977,15.885874
Nauru,1978,15.60863
Nauru,1979,15.250269
Nauru,1980,16.32499
Nauru,1981,15.908058
Nauru,1982,15.546737
Nauru,1983,15.20332
Nauru,1984,14.905002
Nauru,1985,14.5976095
Nauru,1986,18.477478
Nauru,1987,17.639051
Nauru,1988,17.224445
Nauru,1989,16.8199
Nauru,1990,12.967212
Nauru,1991,12.658876
Nauru,1992,12.08395
Nauru,1993,11.264901
Nauru,1994,10.86166
Nauru,1995,10.470634
Nauru,1996,10.088701
Nauru,1997,10.069886
Nauru,1998,9.717878
Nauru,1999,9.003342
Nauru,2000,8.29939
Nauru,2001,7.9746737
Nauru,2002,7.6416726
Nauru,2003,6.5702333
Nauru,2004,6.5584726
Nauru,2005,6.2046022
Nauru,2006,4.388462
Nauru,2007,4.394603
Nauru,2008,4.39988
Nauru,2009,4.0251675
Nauru,2010,4.389776
Nauru,2011,3.9964304
Nauru,2012,4.286216
Nauru,2013,4.5342216
Nauru,2014,4.7815065
Nauru,2015,5.0256033
Nauru,2016,4.605081
Nauru,2017,4.8581276
Nauru,2018,4.792884
Nauru,2019,4.747344
Nauru,2020,4.4083877
Nauru,2021,4.702661
Nauru,2022,4.7760334
Nauru,2023,4.8522363
Nepal,1950,2.1644466
Nepal,1951,1.9927031
Nepal,1952,2.3829432
Nepal,1953,2.0587256
Nepal,1954,2.0389774
Nepal,1955,1.9766136
Nepal,1956,1.9981762
Nepal,1957,1.8089312
Nepal,1958,1.8586397
Nepal,1959,1.6258513
Nepal,1960,1.5845915
Nepal,1961,1.6056067
Nepal,1962,1.682256
Nepal,1963,1.5212606
Nepal,1964,1.5009618
Nepal,1965,1.4771093
Nepal,1966,1.6382015
Nepal,1967,1.5181895
Nepal,1968,1.4606081
Nepal,1969,3.080292
Nepal,1970,2.0324297
Nepal,1971,3.0302694
Nepal,1972,3.5176039
Nepal,1973,2.734847
Nepal,1974,2.35381
Nepal,1975,2.1757188
Nepal,1976,2.0391054
Nepal,1977,1.9826115
Nepal,1978,1.8648148
Nepal,1979,1.7028308
Nepal,1980,1.4446567
Nepal,1981,1.3546625
Nepal,1982,1.285844
Nepal,1983,1.2541416
Nepal,1984,1.2018894
Nepal,1985,1.1860738
Nepal,1986,1.1224083
Nepal,1987,1.0710899
Nepal,1988,1.0306374
Nepal,1989,0.98128444
Nepal,1990,0.91327626
Nepal,1991,0.9101781
Nepal,1992,0.8756569
Nepal,1993,0.85420525
Nepal,1994,0.88700914
Nepal,1995,0.7816085
Nepal,1996,0.6970378
Nepal,1997,0.63418263
Nepal,1998,0.87111294
Nepal,1999,0.6722399
Nepal,2000,0.855891
Nepal,2001,0.8340703
Nepal,2002,0.8197561
Nepal,2003,0.917868
Nepal,2004,0.8557523
Nepal,2005,0.8695791
Nepal,2006,0.77374476
Nepal,2007,0.74594307
Nepal,2008,0.76736593
Nepal,2009,0.7495875
Nepal,2010,0.77193195
Nepal,2011,0.6837015
Nepal,2012,0.6112599
Nepal,2013,0.48968852
Nepal,2014,0.5820225
Nepal,2015,0.7198371
Nepal,2016,0.85122895
Nepal,2017,1.0025674
Nepal,2018,0.9616561
Nepal,2019,0.9266064
Nepal,2020,1.039709
Nepal,2021,1.0123252
Nepal,2022,0.9937206
Nepal,2023,0.9915833
Netherlands,1850,3.1731877
Netherlands,1851,3.1203017
Netherlands,1852,3.2539256
Netherlands,1853,3.46779
Netherlands,1854,4.076654
Netherlands,1855,3.5470507
Netherlands,1856,3.6141112
Netherlands,1857,3.4730554
Netherlands,1858,3.261048
Netherlands,1859,3.076851
Netherlands,1860,3.630127
Netherlands,1861,3.4509695
Netherlands,1862,3.7418537
Netherlands,1863,3.2666297
Netherlands,1864,3.0345504
Netherlands,1865,3.0888782
Netherlands,1866,3.1660283
Netherlands,1867,3.2226436
Netherlands,1868,3.2099729
Netherlands,1869,3.2489011
Netherlands,1870,3.5898008
Netherlands,1871,3.6111653
Netherlands,1872,3.6610892
Netherlands,1873,3.7401521
Netherlands,1874,3.7143106
Netherlands,1875,3.775167
Netherlands,1876,4.035157
Netherlands,1877,4.0811186
Netherlands,1878,4.1139064
Netherlands,1879,4.1235523
Netherlands,1880,4.5327597
Netherlands,1881,4.447483
Netherlands,1882,4.3905563
Netherlands,1883,4.5941095
Netherlands,1884,4.5498605
Netherlands,1885,4.549557
Netherlands,1886,4.5608044
Netherlands,1887,4.7213387
Netherlands,1888,4.878238
Netherlands,1889,4.803547
Netherlands,1890,4.826538
Netherlands,1891,5.04193
Netherlands,1892,4.7674065
Netherlands,1893,4.900293
Netherlands,1894,4.9226694
Netherlands,1895,4.7457986
Netherlands,1896,4.9156394
Netherlands,1897,4.991889
Netherlands,1898,4.8443913
Netherlands,1899,4.7551165
Netherlands,1900,5.0575595
Netherlands,1901,4.8322086
Netherlands,1902,4.6350913
Netherlands,1903,4.6435747
Netherlands,1904,4.8334346
Netherlands,1905,4.836645
Netherlands,1906,4.9156632
Netherlands,1907,4.9490905
Netherlands,1908,4.9182563
Netherlands,1909,4.958027
Netherlands,1910,4.9534445
Netherlands,1911,5.2103944
Netherlands,1912,5.5186563
Netherlands,1913,5.802297
Netherlands,1914,5.430541
Netherlands,1915,5.117221
Netherlands,1916,4.671461
Netherlands,1917,2.480782
Netherlands,1918,3.3843124
Netherlands,1919,4.397787
Netherlands,1920,4.3413076
Netherlands,1921,4.513386
Netherlands,1922,5.0661798
Netherlands,1923,4.8510814
Netherlands,1924,5.1685576
Netherlands,1925,5.493651
Netherlands,1926,5.529747
Netherlands,1927,5.9105625
Netherlands,1928,5.856457
Netherlands,1929,6.2143016
Netherlands,1930,5.965661
Netherlands,1931,6.3522944
Netherlands,1932,5.842792
Netherlands,1933,5.4200225
Netherlands,1934,5.3415112
Netherlands,1935,5.0499215
Netherlands,1936,5.2881665
Netherlands,1937,5.670562
Netherlands,1938,5.556298
Netherlands,1939,5.145166
Netherlands,1940,4.2885203
Netherlands,1941,4.6759696
Netherlands,1942,4.3330326
Netherlands,1943,4.3617296
Netherlands,1944,3.064593
Netherlands,1945,2.1012762
Netherlands,1946,3.7956932
Netherlands,1947,5.148675
Netherlands,1948,5.364932
Netherlands,1949,5.6577296
Netherlands,1950,5.569326
Netherlands,1951,5.8070154
Netherlands,1952,5.7101436
Netherlands,1953,5.6943307
Netherlands,1954,5.8670263
Netherlands,1955,6.025878
Netherlands,1956,6.267599
Netherlands,1957,6.116893
Netherlands,1958,6.205009
Netherlands,1959,6.183797
Netherlands,1960,6.6545534
Netherlands,1961,6.694156
Netherlands,1962,7.223413
Netherlands,1963,7.7572994
Netherlands,1964,8.115743
Netherlands,1965,8.283078
Netherlands,1966,8.394607
Netherlands,1967,8.566781
Netherlands,1968,8.967628
Netherlands,1969,9.026843
Netherlands,1970,10.884563
Netherlands,1971,10.686482
Netherlands,1972,11.860902
Netherlands,1973,12.310259
Netherlands,1974,11.822343
Netherlands,1975,11.189308
Netherlands,1976,12.358753
Netherlands,1977,11.836569
Netherlands,1978,12.196682
Netherlands,1979,13.352432
Netherlands,1980,12.513914
Netherlands,1981,11.550708
Netherlands,1982,9.355925
Netherlands,1983,9.62796
Netherlands,1984,10.08741
Netherlands,1985,10.245879
Netherlands,1986,10.0143795
Netherlands,1987,10.453275
Netherlands,1988,9.980056
Netherlands,1989,11.097367
Netherlands,1990,10.996157
Netherlands,1991,11.489183
Netherlands,1992,11.398636
Netherlands,1993,11.307563
Netherlands,1994,11.346883
Netherlands,1995,11.367749
Netherlands,1996,12.015298
Netherlands,1997,11.364876
Netherlands,1998,11.63179
Netherlands,1999,11.065553
Netherlands,2000,10.96228
Netherlands,2001,11.266018
Netherlands,2002,11.157703
Netherlands,2003,11.489958
Netherlands,2004,11.564803
Netherlands,2005,11.392197
Netherlands,2006,10.994977
Netherlands,2007,10.942503
Netherlands,2008,11.022265
Netherlands,2009,10.623755
Netherlands,2010,11.209687
Netherlands,2011,10.326754
Netherlands,2012,10.1609535
Netherlands,2013,10.039754
Netherlands,2014,9.598633
Netherlands,2015,9.901586
Netherlands,2016,9.910483
Netherlands,2017,9.688106
Netherlands,2018,9.374163
Netherlands,2019,8.986056
Netherlands,2020,7.785105
Netherlands,2021,7.876813
Netherlands,2022,7.0673203
Netherlands,2023,6.4856157
New Zealand,1850,110.75604
New Zealand,1851,112.44289
New Zealand,1852,118.51063
New Zealand,1853,98.14751
New Zealand,1854,93.02197
New Zealand,1855,90.58643
New Zealand,1856,57.876865
New Zealand,1857,76.08207
New Zealand,1858,72.44969
New Zealand,1859,67.8722
New Zealand,1860,64.01051
New Zealand,1861,57.360806
New Zealand,1862,54.985447
New Zealand,1863,59.030857
New Zealand,1864,60.369476
New Zealand,1865,42.872204
New Zealand,1866,40.837227
New Zealand,1867,36.956474
New Zealand,1868,40.3718
New Zealand,1869,25.564705
New Zealand,1870,35.35652
New Zealand,1871,30.529984
New Zealand,1872,25.450277
New Zealand,1873,28.920908
New Zealand,1874,24.03648
New Zealand,1875,22.823166
New Zealand,1876,23.082802
New Zealand,1877,25.59545
New Zealand,1878,24.737572
New Zealand,1879,27.075485
New Zealand,1880,24.537493
New Zealand,1881,26.477335
New Zealand,1882,31.436398
New Zealand,1883,30.910961
New Zealand,1884,33.11039
New Zealand,1885,29.351377
New Zealand,1886,31.248177
New Zealand,1887,34.88785
New Zealand,1888,32.25229
New Zealand,1889,31.338861
New Zealand,1890,35.534668
New Zealand,1891,32.71931
New Zealand,1892,37.211525
New Zealand,1893,38.821472
New Zealand,1894,37.374844
New Zealand,1895,37.952564
New Zealand,1896,36.73416
New Zealand,1897,38.80886
New Zealand,1898,37.861835
New Zealand,1899,37.274017
New Zealand,1900,32.7877
New Zealand,1901,31.371674
New Zealand,1902,29.632116
New Zealand,1903,30.490646
New Zealand,1904,28.53258
New Zealand,1905,26.282906
New Zealand,1906,26.9932
New Zealand,1907,25.156391
New Zealand,1908,25.023027
New Zealand,1909,24.344387
New Zealand,1910,25.742413
New Zealand,1911,25.607866
New Zealand,1912,24.613482
New Zealand,1913,24.572643
New Zealand,1914,24.238337
New Zealand,1915,24.23189
New Zealand,1916,23.490566
New Zealand,1917,22.266039
New Zealand,1918,23.5388
New Zealand,1919,21.945759
New Zealand,1920,21.374172
New Zealand,1921,20.994576
New Zealand,1922,18.25351
New Zealand,1923,20.047503
New Zealand,1924,17.575407
New Zealand,1925,18.422718
New Zealand,1926,19.00926
New Zealand,1927,17.178837
New Zealand,1928,17.38338
New Zealand,1929,17.722315
New Zealand,1930,18.223398
New Zealand,1931,16.916935
New Zealand,1932,15.820096
New Zealand,1933,15.919129
New Zealand,1934,16.144058
New Zealand,1935,16.017239
New Zealand,1936,15.867997
New Zealand,1937,14.774646
New Zealand,1938,16.030369
New Zealand,1939,14.302081
New Zealand,1940,14.275709
New Zealand,1941,15.611908
New Zealand,1942,13.721199
New Zealand,1943,13.057932
New Zealand,1944,13.951458
New Zealand,1945,13.396726
New Zealand,1946,13.76305
New Zealand,1947,12.22955
New Zealand,1948,12.617361
New Zealand,1949,12.633706
New Zealand,1950,17.500008
New Zealand,1951,18.164686
New Zealand,1952,18.814957
New Zealand,1953,19.054216
New Zealand,1954,19.315342
New Zealand,1955,18.802889
New Zealand,1956,18.856403
New Zealand,1957,19.259995
New Zealand,1958,19.087742
New Zealand,1959,17.616337
New Zealand,1960,12.526678
New Zealand,1961,12.669033
New Zealand,1962,11.179043
New Zealand,1963,11.698847
New Zealand,1964,10.725816
New Zealand,1965,10.544274
New Zealand,1966,9.905243
New Zealand,1967,9.735032
New Zealand,1968,9.570303
New Zealand,1969,9.000729
New Zealand,1970,9.1354885
New Zealand,1971,17.301157
New Zealand,1972,10.230531
New Zealand,1973,11.20266
New Zealand,1974,19.166311
New Zealand,1975,20.081945
New Zealand,1976,13.567022
New Zealand,1977,16.779572
New Zealand,1978,12.639375
New Zealand,1979,14.175367
New Zealand,1980,23.752356
New Zealand,1981,13.305404
New Zealand,1982,11.843547
New Zealand,1983,12.128638
New Zealand,1984,11.550612
New Zealand,1985,11.588198
New Zealand,1986,11.515753
New Zealand,1987,11.596275
New Zealand,1988,11.319974
New Zealand,1989,10.66854
New Zealand,1990,10.485697
New Zealand,1991,11.003367
New Zealand,1992,10.656143
New Zealand,1993,10.337304
New Zealand,1994,11.700664
New Zealand,1995,10.0366335
New Zealand,1996,10.480058
New Zealand,1997,11.02815
New Zealand,1998,11.911989
New Zealand,1999,11.219087
New Zealand,2000,12.777227
New Zealand,2001,14.054163
New Zealand,2002,11.906031
New Zealand,2003,12.985276
New Zealand,2004,12.1147995
New Zealand,2005,11.453768
New Zealand,2006,13.337107
New Zealand,2007,12.093367
New Zealand,2008,13.505355
New Zealand,2009,11.6266365
New Zealand,2010,11.087551
New Zealand,2011,11.500331
New Zealand,2012,11.65492
New Zealand,2013,11.75134
New Zealand,2014,10.698012
New Zealand,2015,11.307617
New Zealand,2016,10.238787
New Zealand,2017,11.336089
New Zealand,2018,11.389943
New Zealand,2019,10.796785
New Zealand,2020,10.505471
New Zealand,2021,10.615697
New Zealand,2022,10.007212
New Zealand,2023,9.565315
Nicaragua,1870,9.143581
Nicaragua,1871,12.525974
Nicaragua,1872,21.11603
Nicaragua,1873,17.676151
Nicaragua,1874,23.601152
Nicaragua,1875,18.39409
Nicaragua,1876,24.624567
Nicaragua,1877,25.129436
Nicaragua,1878,22.306105
Nicaragua,1879,21.45714
Nicaragua,1880,19.743122
Nicaragua,1881,18.090105
Nicaragua,1882,17.415804
Nicaragua,1883,24.154844
Nicaragua,1884,24.729675
Nicaragua,1885,26.32464
Nicaragua,1886,21.811823
Nicaragua,1887,18.875183
Nicaragua,1888,16.770863
Nicaragua,1889,21.330683
Nicaragua,1890,23.47187
Nicaragua,1891,21.043797
Nicaragua,1892,24.980295
Nicaragua,1893,18.532734
Nicaragua,1894,24.758854
Nicaragua,1895,25.379946
Nicaragua,1896,26.026855
Nicaragua,1897,22.34495
Nicaragua,1898,17.826893
Nicaragua,1899,21.848686
Nicaragua,1900,18.06037
Nicaragua,1901,18.794569
Nicaragua,1902,22.942375
Nicaragua,1903,21.543732
Nicaragua,1904,18.888365
Nicaragua,1905,22.220804
Nicaragua,1906,24.152805
Nicaragua,1907,16.130638
Nicaragua,1908,18.248154
Nicaragua,1909,21.514248
Nicaragua,1910,17.784779
Nicaragua,1911,19.211458
Nicaragua,1912,19.41108
Nicaragua,1913,17.638325
Nicaragua,1914,16.472132
Nicaragua,1915,23.736433
Nicaragua,1916,19.289104
Nicaragua,1917,18.217012
Nicaragua,1918,18.902729
Nicaragua,1919,17.417467
Nicaragua,1920,24.90133
Nicaragua,1921,38.902557
Nicaragua,1922,38.98154
Nicaragua,1923,39.580193
Nicaragua,1924,44.58005
Nicaragua,1925,40.92103
Nicaragua,1926,40.20587
Nicaragua,1927,42.87484
Nicaragua,1928,40.947567
Nicaragua,1929,35.91792
Nicaragua,1930,41.539658
Nicaragua,1931,41.09933
Nicaragua,1932,37.812492
Nicaragua,1933,38.252323
Nicaragua,1934,39.09838
Nicaragua,1935,37.112988
Nicaragua,1936,35.311836
Nicaragua,1937,34.615837
Nicaragua,1938,38.052933
Nicaragua,1939,32.57904
Nicaragua,1940,38.883224
Nicaragua,1941,45.456875
Nicaragua,1942,48.793213
Nicaragua,1943,47.982784
Nicaragua,1944,45.30125
Nicaragua,1945,45.670273
Nicaragua,1946,46.459404
Nicaragua,1947,39.577194
Nicaragua,1948,42.70481
Nicaragua,1949,39.813198
Nicaragua,1950,41.705746
Nicaragua,1951,40.374832
Nicaragua,1952,43.18388
Nicaragua,1953,46.458035
Nicaragua,1954,44.384434
Nicaragua,1955,46.587414
Nicaragua,1956,45.15005
Nicaragua,1957,44.588497
Nicaragua,1958,46.040558
Nicaragua,1959,45.837006
Nicaragua,1960,32.09951
Nicaragua,1961,21.095942
Nicaragua,1962,18.351389
Nicaragua,1963,17.963701
Nicaragua,1964,14.14937
Nicaragua,1965,13.907711
Nicaragua,1966,9.971009
Nicaragua,1967,9.348938
Nicaragua,1968,7.9367156
Nicaragua,1969,6.87334
Nicaragua,1970,7.0732894
Nicaragua,1971,6.0619383
Nicaragua,1972,7.436506
Nicaragua,1973,5.652067
Nicaragua,1974,6.4614267
Nicaragua,1975,5.417767
Nicaragua,1976,8.099397
Nicaragua,1977,6.0966287
Nicaragua,1978,5.362996
Nicaragua,1979,6.041883
Nicaragua,1980,10.504701
Nicaragua,1981,10.494285
Nicaragua,1982,6.6010957
Nicaragua,1983,7.818434
Nicaragua,1984,9.52007
Nicaragua,1985,6.55738
Nicaragua,1986,5.8337517
Nicaragua,1987,8.050972
Nicaragua,1988,8.94429
Nicaragua,1989,6.7564807
Nicaragua,1990,5.8376355
Nicaragua,1991,6.26739
Nicaragua,1992,7.5675344
Nicaragua,1993,8.691257
Nicaragua,1994,17.785267
Nicaragua,1995,18.02019
Nicaragua,1996,19.28525
Nicaragua,1997,17.687746
Nicaragua,1998,18.089571
Nicaragua,1999,18.717533
Nicaragua,2000,17.392723
Nicaragua,2001,15.344276
Nicaragua,2002,13.4687
Nicaragua,2003,13.264434
Nicaragua,2004,10.136007
Nicaragua,2005,7.1809793
Nicaragua,2006,6.44194
Nicaragua,2007,4.793355
Nicaragua,2008,2.9465046
Nicaragua,2009,2.9935865
Nicaragua,2010,2.7221859
Nicaragua,2011,2.288256
Nicaragua,2012,2.2115183
Nicaragua,2013,1.9193927
Nicaragua,2014,1.7044137
Nicaragua,2015,2.7520263
Nicaragua,2016,2.8731055
Nicaragua,2017,2.9304996
Nicaragua,2018,2.124489
Nicaragua,2019,1.9865245
Nicaragua,2020,1.7422395
Nicaragua,2021,1.9811808
Nicaragua,2022,2.0315804
Nicaragua,2023,2.2313056
Niger,1950,11.466845
Niger,1951,11.903487
Niger,1952,12.046542
Niger,1953,11.884673
Niger,1954,11.688128
Niger,1955,11.414508
Niger,1956,11.138949
Niger,1957,10.937761
Niger,1958,10.802097
Niger,1959,10.755437
Niger,1960,10.760633
Niger,1961,6.6916556
Niger,1962,4.5302825
Niger,1963,3.2472808
Niger,1964,2.4224396
Niger,1965,1.8682804
Niger,1966,1.4721544
Niger,1967,7.9279914
Niger,1968,4.623794
Niger,1969,-1.7431588
Niger,1970,-1.7335376
Niger,1971,-1.7608813
Niger,1972,-3.0153055
Niger,1973,-6.905077
Niger,1974,-5.6368036
Niger,1975,-4.3392653
Niger,1976,-3.3069777
Niger,1977,-2.5234709
Niger,1978,-0.5961153
Niger,1979,1.1290243
Niger,1980,-1.2841179
Niger,1981,-0.76067364
Niger,1982,0.19037952
Niger,1983,-0.88502026
Niger,1984,-0.77603567
Niger,1985,-0.6163982
Niger,1986,-1.3030878
Niger,1987,-1.0432955
Niger,1988,-0.19121897
Niger,1989,7.700524
Niger,1990,9.602326
Niger,1991,9.899266
Niger,1992,5.6918187
Niger,1993,4.076351
Niger,1994,7.034911
Niger,1995,4.1222157
Niger,1996,2.6974895
Niger,1997,1.9011335
Niger,1998,1.4093319
Niger,1999,1.081873
Niger,2000,0.83856475
Niger,2001,0.6868679
Niger,2002,0.8552454
Niger,2003,0.77948135
Niger,2004,0.56195396
Niger,2005,0.7039869
Niger,2006,2.5296972
Niger,2007,1.418014
Niger,2008,0.94084126
Niger,2009,1.117798
Niger,2010,1.9543755
Niger,2011,2.4012537
Niger,2012,3.1316416
Niger,2013,1.7711452
Niger,2014,1.5797541
Niger,2015,2.1485744
Niger,2016,1.7173841
Niger,2017,1.1479425
Niger,2018,0.7346696
Niger,2019,0.56119895
Niger,2020,0.4413645
Niger,2021,0.47182816
Niger,2022,0.46252295
Niger,2023,0.4424677
Nigeria,1915,1.189359
Nigeria,1916,1.1822361
Nigeria,1917,1.1804178
Nigeria,1918,1.1780736
Nigeria,1919,1.159787
Nigeria,1920,1.3287485
Nigeria,1921,1.4399153
Nigeria,1922,1.5337092
Nigeria,1923,1.5682447
Nigeria,1924,1.6104527
Nigeria,1925,1.6444632
Nigeria,1926,1.6553057
Nigeria,1927,1.6532344
Nigeria,1928,1.6838932
Nigeria,1929,1.7061281
Nigeria,1930,2.1063511
Nigeria,1931,2.3662696
Nigeria,1932,2.3996549
Nigeria,1933,2.5519452
Nigeria,1934,2.6040351
Nigeria,1935,2.6148334
Nigeria,1936,2.618291
Nigeria,1937,2.6019905
Nigeria,1938,2.644291
Nigeria,1939,2.661844
Nigeria,1940,3.7989678
Nigeria,1941,4.546343
Nigeria,1942,4.9808807
Nigeria,1943,5.221234
Nigeria,1944,5.252587
Nigeria,1945,5.290591
Nigeria,1946,5.447262
Nigeria,1947,5.333123
Nigeria,1948,5.3862443
Nigeria,1949,5.2864094
Nigeria,1950,4.373992
Nigeria,1951,3.8869748
Nigeria,1952,3.7632213
Nigeria,1953,3.687814
Nigeria,1954,3.6738079
Nigeria,1955,3.67713
Nigeria,1956,3.7027037
Nigeria,1957,3.6801014
Nigeria,1958,3.826585
Nigeria,1959,3.8449953
Nigeria,1960,3.8879895
Nigeria,1961,3.1083941
Nigeria,1962,2.587348
Nigeria,1963,2.3386557
Nigeria,1964,2.1835508
Nigeria,1965,1.9226935
Nigeria,1966,1.5339817
Nigeria,1967,1.6168876
Nigeria,1968,1.6491431
Nigeria,1969,1.6739259
Nigeria,1970,1.7519468
Nigeria,1971,1.8236896
Nigeria,1972,1.8917357
Nigeria,1973,1.9482294
Nigeria,1974,2.0170977
Nigeria,1975,1.6750171
Nigeria,1976,1.7710952
Nigeria,1977,1.5630232
Nigeria,1978,1.644011
Nigeria,1979,1.8893651
Nigeria,1980,1.7023401
Nigeria,1981,1.5598735
Nigeria,1982,1.483355
Nigeria,1983,1.5292367
Nigeria,1984,1.6538198
Nigeria,1985,1.5536227
Nigeria,1986,1.3974262
Nigeria,1987,1.1959507
Nigeria,1988,1.24583
Nigeria,1989,0.9993031
Nigeria,1990,1.6732587
Nigeria,1991,2.0749848
Nigeria,1992,1.9506197
Nigeria,1993,2.432469
Nigeria,1994,3.5950627
Nigeria,1995,2.8252199
Nigeria,1996,2.3987935
Nigeria,1997,2.534803
Nigeria,1998,2.633879
Nigeria,1999,2.0354664
Nigeria,2000,2.3028884
Nigeria,2001,1.934117
Nigeria,2002,1.5350655
Nigeria,2003,1.5401052
Nigeria,2004,1.3130288
Nigeria,2005,1.1958619
Nigeria,2006,0.9226078
Nigeria,2007,0.65376306
Nigeria,2008,1.2062243
Nigeria,2009,0.763536
Nigeria,2010,1.0135067
Nigeria,2011,0.95019937
Nigeria,2012,0.84444314
Nigeria,2013,0.8359287
Nigeria,2014,0.7969396
Nigeria,2015,0.6924545
Nigeria,2016,0.69534636
Nigeria,2017,0.69279325
Nigeria,2018,0.72744095
Nigeria,2019,0.6981755
Nigeria,2020,0.61747223
Nigeria,2021,0.6502894
Nigeria,2022,0.6236964
Nigeria,2023,0.59744614
Niue,1970,0.7181497
Niue,1971,0.72886413
Niue,1972,0.751744
Niue,1973,0.783911
Niue,1974,0.8222621
Niue,1975,0.86804074
Niue,1976,0.92199296
Niue,1977,0.9569078
Niue,1978,0.98256904
Niue,1979,1.0090884
Niue,1980,1.0441722
Niue,1981,1.0862733
Niue,1982,1.1301665
Niue,1983,1.1869129
Niue,1984,1.2466825
Niue,1985,1.3246565
Niue,1986,1.3979397
Niue,1987,1.4402516
Niue,1988,1.4545455
Niue,1989,1.4720771
Niue,1990,2.9704094
Niue,1991,3.0082102
Niue,1992,3.0533333
Niue,1993,3.1116772
Niue,1994,3.161346
Niue,1995,3.221099
Niue,1996,3.2641425
Niue,1997,3.3158371
Niue,1998,3.4020426
Niue,1999,3.479582
Niue,2000,3.6027532
Niue,2001,3.7179096
Niue,2002,3.8067532
Niue,2003,1.940678
Niue,2004,1.9816117
Niue,2005,2.0231917
Niue,2006,2.0665538
Niue,2007,2.0794551
Niue,2008,4.1754985
Niue,2009,2.0877492
Niue,2010,2.1021228
Niue,2011,4.2285056
Niue,2012,4.223631
Niue,2013,4.197022
Niue,2014,6.270394
Niue,2015,4.1494904
Niue,2016,4.142453
Niue,2017,4.142453
Niue,2018,6.2101693
Niue,2019,4.1331077
Niue,2020,4.1168537
Niue,2021,4.0733743
Niue,2022,4.1407285
Niue,2023,4.238253
North America,1850,22.798117
North America,1851,24.664282
North America,1852,25.756218
North America,1853,24.872856
North America,1854,24.928846
North America,1855,24.63179
North America,1856,25.412432
North America,1857,25.521358
North America,1858,25.853031
North America,1859,26.413534
North America,1860,23.369076
North America,1861,21.227821
North America,1862,20.28671
North America,1863,20.144838
North America,1864,19.52677
North America,1865,18.216742
North America,1866,18.432705
North America,1867,18.284737
North America,1868,17.789047
North America,1869,18.020159
North America,1870,23.568548
North America,1871,24.412115
North America,1872,26.514183
North America,1873,26.963758
North America,1874,27.936274
North America,1875,28.192099
North America,1876,28.211813
North America,1877,28.233122
North America,1878,28.538826
North America,1879,28.800583
North America,1880,27.364944
North America,1881,25.685667
North America,1882,26.163536
North America,1883,26.106422
North America,1884,25.420918
North America,1885,25.446802
North America,1886,24.62344
North America,1887,24.402817
North America,1888,24.659508
North America,1889,23.847412
North America,1890,25.12815
North America,1891,25.02921
North America,1892,24.6844
North America,1893,25.43129
North America,1894,24.842077
North America,1895,25.137514
North America,1896,24.349665
North America,1897,24.477058
North America,1898,24.434452
North America,1899,25.250122
North America,1900,25.262857
North America,1901,25.181742
North America,1902,25.128946
North America,1903,25.72357
North America,1904,25.43696
North America,1905,26.20561
North America,1906,26.212502
North America,1907,27.151016
North America,1908,25.503843
North America,1909,26.377491
North America,1910,25.932667
North America,1911,25.440218
North America,1912,25.574501
North America,1913,25.731485
North America,1914,24.487034
North America,1915,24.466915
North America,1916,25.274412
North America,1917,26.48548
North America,1918,26.721739
North America,1919,24.365826
North America,1920,25.949589
North America,1921,23.782082
North America,1922,23.10388
North America,1923,25.622898
North America,1924,23.71301
North America,1925,23.740803
North America,1926,24.238163
North America,1927,23.048746
North America,1928,22.33168
North America,1929,22.52516
North America,1930,20.452103
North America,1931,18.48063
North America,1932,16.25343
North America,1933,16.510931
North America,1934,16.941408
North America,1935,16.809753
North America,1936,17.76883
North America,1937,17.849653
North America,1938,15.977687
North America,1939,16.51583
North America,1940,18.299065
North America,1941,19.625534
North America,1942,20.300915
North America,1943,20.501633
North America,1944,21.131939
North America,1945,20.40638
North America,1946,19.469982
North America,1947,20.518562
North America,1948,20.698257
North America,1949,17.906977
North America,1950,18.702389
North America,1951,18.61488
North America,1952,17.93612
North America,1953,17.665188
North America,1954,16.875456
North America,1955,17.404907
North America,1956,17.715824
North America,1957,17.072527
North America,1958,16.58055
North America,1959,16.764957
North America,1960,15.698183
North America,1961,14.6557865
North America,1962,15.19115
North America,1963,15.333173
North America,1964,15.003364
North America,1965,15.084378
North America,1966,15.018914
North America,1967,16.877539
North America,1968,18.020521
North America,1969,17.227049
North America,1970,17.679054
North America,1971,17.61525
North America,1972,18.141642
North America,1973,18.029545
North America,1974,17.390585
North America,1975,16.879848
North America,1976,17.60399
North America,1977,18.064875
North America,1978,17.73272
North America,1979,17.758823
North America,1980,17.30523
North America,1981,16.749847
North America,1982,15.852199
North America,1983,15.664561
North America,1984,15.951012
North America,1985,15.793828
North America,1986,15.718299
North America,1987,16.157145
North America,1988,16.648033
North America,1989,16.620863
North America,1990,16.41295
North America,1991,15.655797
North America,1992,15.638807
North America,1993,15.487593
North America,1994,15.871977
North America,1995,15.358852
North America,1996,15.727258
North America,1997,15.785793
North America,1998,15.918635
North America,1999,15.992957
North America,2000,16.234217
North America,2001,15.629307
North America,2002,15.324259
North America,2003,15.401509
North America,2004,15.270641
North America,2005,15.229116
North America,2006,14.746933
North America,2007,14.608473
North America,2008,13.992803
North America,2009,12.794232
North America,2010,13.0517845
North America,2011,12.610995
North America,2012,12.310447
North America,2013,12.328121
North America,2014,12.583245
North America,2015,12.075858
North America,2016,11.704585
North America,2017,11.610428
North America,2018,11.596884
North America,2019,11.443234
North America,2020,10.164589
North America,2021,10.7535305
North America,2022,10.855135
North America,2023,10.546281
North America (excl. USA),1850,4.6100793
North America (excl. USA),1851,6.2854247
North America (excl. USA),1852,7.068068
North America (excl. USA),1853,5.4020224
North America (excl. USA),1854,4.543491
North America (excl. USA),1855,4.298999
North America (excl. USA),1856,6.006279
North America (excl. USA),1857,7.040559
North America (excl. USA),1858,7.714754
North America (excl. USA),1859,8.3189945
North America (excl. USA),1860,8.258872
North America (excl. USA),1861,7.859275
North America (excl. USA),1862,6.8482423
North America (excl. USA),1863,7.793049
North America (excl. USA),1864,8.486327
North America (excl. USA),1865,7.530089
North America (excl. USA),1866,8.873624
North America (excl. USA),1867,9.402791
North America (excl. USA),1868,8.962016
North America (excl. USA),1869,10.885374
North America (excl. USA),1870,10.84104
North America (excl. USA),1871,6.744728
North America (excl. USA),1872,9.625868
North America (excl. USA),1873,7.703902
North America (excl. USA),1874,9.445228
North America (excl. USA),1875,9.457091
North America (excl. USA),1876,9.063032
North America (excl. USA),1877,7.850589
North America (excl. USA),1878,7.7048826
North America (excl. USA),1879,6.83354
North America (excl. USA),1880,10.085563
North America (excl. USA),1881,9.764222
North America (excl. USA),1882,11.761043
North America (excl. USA),1883,11.801845
North America (excl. USA),1884,11.477843
North America (excl. USA),1885,13.169701
North America (excl. USA),1886,12.226831
North America (excl. USA),1887,11.327679
North America (excl. USA),1888,11.471744
North America (excl. USA),1889,12.562775
North America (excl. USA),1890,11.897426
North America (excl. USA),1891,11.24033
North America (excl. USA),1892,11.031734
North America (excl. USA),1893,12.812143
North America (excl. USA),1894,12.97387
North America (excl. USA),1895,14.047184
North America (excl. USA),1896,11.730333
North America (excl. USA),1897,12.505221
North America (excl. USA),1898,11.176492
North America (excl. USA),1899,11.353713
North America (excl. USA),1900,14.821388
North America (excl. USA),1901,14.83187
North America (excl. USA),1902,14.612714
North America (excl. USA),1903,15.012
North America (excl. USA),1904,15.328315
North America (excl. USA),1905,16.417795
North America (excl. USA),1906,16.63601
North America (excl. USA),1907,16.441925
North America (excl. USA),1908,16.385841
North America (excl. USA),1909,17.738989
North America (excl. USA),1910,16.834251
North America (excl. USA),1911,16.955156
North America (excl. USA),1912,17.636642
North America (excl. USA),1913,16.898293
North America (excl. USA),1914,16.818314
North America (excl. USA),1915,17.541763
North America (excl. USA),1916,17.381874
North America (excl. USA),1917,18.960995
North America (excl. USA),1918,19.110714
North America (excl. USA),1919,18.575687
North America (excl. USA),1920,19.160002
North America (excl. USA),1921,19.474422
North America (excl. USA),1922,18.806442
North America (excl. USA),1923,18.374063
North America (excl. USA),1924,18.142466
North America (excl. USA),1925,17.39319
North America (excl. USA),1926,17.513165
North America (excl. USA),1927,16.62269
North America (excl. USA),1928,15.291781
North America (excl. USA),1929,15.242264
North America (excl. USA),1930,15.933668
North America (excl. USA),1931,15.705987
North America (excl. USA),1932,14.963759
North America (excl. USA),1933,15.18053
North America (excl. USA),1934,15.645885
North America (excl. USA),1935,15.590177
North America (excl. USA),1936,15.055282
North America (excl. USA),1937,14.984745
North America (excl. USA),1938,14.924584
North America (excl. USA),1939,14.7566
North America (excl. USA),1940,15.988124
North America (excl. USA),1941,17.595852
North America (excl. USA),1942,17.735136
North America (excl. USA),1943,17.589386
North America (excl. USA),1944,17.305529
North America (excl. USA),1945,17.139372
North America (excl. USA),1946,16.594028
North America (excl. USA),1947,16.82175
North America (excl. USA),1948,16.65551
North America (excl. USA),1949,15.650086
North America (excl. USA),1950,16.691008
North America (excl. USA),1951,16.658327
North America (excl. USA),1952,16.889803
North America (excl. USA),1953,16.188408
North America (excl. USA),1954,15.821752
North America (excl. USA),1955,15.304886
North America (excl. USA),1956,15.445067
North America (excl. USA),1957,14.676393
North America (excl. USA),1958,14.98557
North America (excl. USA),1959,15.989318
North America (excl. USA),1960,12.594294
North America (excl. USA),1961,11.628948
North America (excl. USA),1962,11.055349
North America (excl. USA),1963,11.668059
North America (excl. USA),1964,10.326909
North America (excl. USA),1965,10.022373
North America (excl. USA),1966,8.949453
North America (excl. USA),1967,9.103075
North America (excl. USA),1968,8.79434
North America (excl. USA),1969,8.754838
North America (excl. USA),1970,8.714213
North America (excl. USA),1971,9.524384
North America (excl. USA),1972,9.987133
North America (excl. USA),1973,8.844917
North America (excl. USA),1974,8.997511
North America (excl. USA),1975,9.249858
North America (excl. USA),1976,9.387236
North America (excl. USA),1977,9.05806
North America (excl. USA),1978,8.871047
North America (excl. USA),1979,9.033786
North America (excl. USA),1980,9.506306
North America (excl. USA),1981,9.376653
North America (excl. USA),1982,9.129302
North America (excl. USA),1983,8.995283
North America (excl. USA),1984,8.534508
North America (excl. USA),1985,8.530106
North America (excl. USA),1986,9.074024
North America (excl. USA),1987,9.256918
North America (excl. USA),1988,9.376739
North America (excl. USA),1989,9.201653
North America (excl. USA),1990,9.050374
North America (excl. USA),1991,8.24172
North America (excl. USA),1992,8.258628
North America (excl. USA),1993,7.812574
North America (excl. USA),1994,8.366052
North America (excl. USA),1995,7.756816
North America (excl. USA),1996,8.103608
North America (excl. USA),1997,8.092996
North America (excl. USA),1998,8.421468
North America (excl. USA),1999,8.380635
North America (excl. USA),2000,8.308977
North America (excl. USA),2001,8.164642
North America (excl. USA),2002,7.769775
North America (excl. USA),2003,7.6867433
North America (excl. USA),2004,7.5047283
North America (excl. USA),2005,7.3783436
North America (excl. USA),2006,7.3045835
North America (excl. USA),2007,7.0134783
North America (excl. USA),2008,6.6084037
North America (excl. USA),2009,6.2567344
North America (excl. USA),2010,6.0026016
North America (excl. USA),2011,6.1470137
North America (excl. USA),2012,6.0716906
North America (excl. USA),2013,6.007455
North America (excl. USA),2014,6.2386584
North America (excl. USA),2015,5.9949217
North America (excl. USA),2016,5.671288
North America (excl. USA),2017,5.616017
North America (excl. USA),2018,5.3286576
North America (excl. USA),2019,5.6766024
North America (excl. USA),2020,4.970101
North America (excl. USA),2021,5.0309124
North America (excl. USA),2022,5.1572385
North America (excl. USA),2023,5.1669917
North Korea,1905,-0.7530041
North Korea,1909,-0.87340844
North Korea,1910,0.82080746
North Korea,1911,1.3937622
North Korea,1912,1.7953863
North Korea,1913,2.1616096
North Korea,1914,2.4758825
North Korea,1915,2.815413
North Korea,1916,3.0591536
North Korea,1918,3.4507527
North Korea,1919,3.6325874
North Korea,1920,2.3735745
North Korea,1921,2.2216103
North Korea,1922,2.0072255
North Korea,1923,1.9310403
North Korea,1924,1.8663596
North Korea,1925,1.8519485
North Korea,1926,1.8192827
North Korea,1927,1.730889
North Korea,1928,1.7330629
North Korea,1929,1.6826448
North Korea,1930,1.6234632
North Korea,1931,1.6019756
North Korea,1932,1.5898507
North Korea,1933,1.6510954
North Korea,1934,1.661389
North Korea,1935,1.7432716
North Korea,1936,1.7650747
North Korea,1937,1.7912604
North Korea,1938,1.9753351
North Korea,1939,2.1769311
North Korea,1940,2.5224001
North Korea,1941,2.5978093
North Korea,1942,2.7546916
North Korea,1943,2.6737244
North Korea,1944,2.673619
North Korea,1945,0.80592126
North Korea,1946,0.8279856
North Korea,1947,0.77733874
North Korea,1948,0.890978
North Korea,1949,0.903853
North Korea,1950,0.6546905
North Korea,1951,0.6489178
North Korea,1952,0.5064367
North Korea,1953,0.5649696
North Korea,1954,0.6856518
North Korea,1955,0.45211962
North Korea,1956,0.044627786
North Korea,1957,-0.47078645
North Korea,1958,-1.2709286
North Korea,1959,-6.423259
North Korea,1960,-5.669962
North Korea,1961,-4.958486
North Korea,1962,-4.2430625
North Korea,1963,-3.7046885
North Korea,1964,-3.179797
North Korea,1965,-2.1693625
North Korea,1966,-1.6693345
North Korea,1967,-1.1163706
North Korea,1968,-0.378957
North Korea,1969,0.1956009
North Korea,1970,0.9444656
North Korea,1971,3.226996
North Korea,1972,2.4544778
North Korea,1973,2.8943634
North Korea,1974,3.2185688
North Korea,1975,3.5941818
North Korea,1976,3.7957885
North Korea,1977,4.109578
North Korea,1978,3.846369
North Korea,1979,4.284388
North Korea,1980,4.363787
North Korea,1981,4.3577657
North Korea,1982,4.5060596
North Korea,1983,4.942503
North Korea,1984,5.411788
North Korea,1985,5.8918805
North Korea,1986,6.4684157
North Korea,1987,7.3514204
North Korea,1988,8.530401
North Korea,1989,8.958353
North Korea,1990,4.572011
North Korea,1991,4.2519207
North Korea,1992,3.6744146
North Korea,1993,3.625483
North Korea,1994,3.041761
North Korea,1995,2.612678
North Korea,1996,2.2235675
North Korea,1997,2.1393569
North Korea,1998,1.9796813
North Korea,1999,2.2166755
North Korea,2000,2.412249
North Korea,2001,2.510876
North Korea,2002,2.407518
North Korea,2003,2.520627
North Korea,2004,2.798613
North Korea,2005,2.794545
North Korea,2006,2.8642588
North Korea,2007,2.550409
North Korea,2008,2.8247244
North Korea,2009,2.6969965
North Korea,2010,2.3997366
North Korea,2011,1.7601359
North Korea,2012,1.6895654
North Korea,2013,1.2540321
North Korea,2014,1.3837459
North Korea,2015,1.076922
North Korea,2016,1.1340274
North Korea,2017,2.5135248
North Korea,2018,2.2283168
North Korea,2019,2.488713
North Korea,2020,2.3347576
North Korea,2021,1.897348
North Korea,2022,1.9735576
North Korea,2023,2.1433043
North Macedonia,1885,3.689527
North Macedonia,1890,3.633418
North Macedonia,1891,3.6166446
North Macedonia,1892,3.6065156
North Macedonia,1893,3.600468
North Macedonia,1894,3.5965116
North Macedonia,1895,3.5764792
North Macedonia,1896,3.5646467
North Macedonia,1897,3.5425081
North Macedonia,1898,3.5368297
North Macedonia,1899,3.5196037
North Macedonia,1900,3.5613062
North Macedonia,1901,3.563623
North Macedonia,1902,3.5476894
North Macedonia,1903,3.546854
North Macedonia,1904,3.5387208
North Macedonia,1905,3.5300493
North Macedonia,1906,3.5373337
North Macedonia,1907,3.5271387
North Macedonia,1908,3.5262413
North Macedonia,1909,3.5081058
North Macedonia,1910,3.1464238
North Macedonia,1911,3.0243263
North Macedonia,1912,2.9332566
North Macedonia,1913,3.1061046
North Macedonia,1919,2.6595833
North Macedonia,1920,2.7252564
North Macedonia,1921,2.7220805
North Macedonia,1922,2.8519526
North Macedonia,1923,2.8614962
North Macedonia,1924,2.829768
North Macedonia,1925,2.8584073
North Macedonia,1926,2.8011525
North Macedonia,1927,2.8458917
North Macedonia,1928,2.8729868
North Macedonia,1929,2.9250877
North Macedonia,1930,2.8437853
North Macedonia,1931,2.71598
North Macedonia,1932,2.630166
North Macedonia,1933,2.5346878
North Macedonia,1934,2.5357628
North Macedonia,1935,2.5256233
North Macedonia,1936,2.4843354
North Macedonia,1937,2.528067
North Macedonia,1938,2.453999
North Macedonia,1939,2.459485
North Macedonia,1940,2.5046291
North Macedonia,1943,1.6365082
North Macedonia,1944,1.5898043
North Macedonia,1945,1.9499873
North Macedonia,1946,2.2765918
North Macedonia,1947,2.4936516
North Macedonia,1948,2.5941968
North Macedonia,1949,2.7080717
North Macedonia,1950,4.4683743
North Macedonia,1951,4.4892626
North Macedonia,1952,4.531561
North Macedonia,1953,4.215146
North Macedonia,1954,4.2774315
North Macedonia,1955,4.300333
North Macedonia,1956,4.394646
North Macedonia,1957,4.437759
North Macedonia,1958,4.316674
North Macedonia,1959,4.477784
North Macedonia,1960,4.0727963
North Macedonia,1961,3.8196397
North Macedonia,1962,3.7453184
North Macedonia,1963,3.73918
North Macedonia,1964,3.8211818
North Macedonia,1965,3.7973242
North Macedonia,1966,3.6619892
North Macedonia,1967,3.511528
North Macedonia,1968,3.608511
North Macedonia,1969,3.5254645
North Macedonia,1970,4.2535114
North Macedonia,1971,4.371226
North Macedonia,1972,3.9313927
North Macedonia,1973,4.495183
North Macedonia,1974,4.358324
North Macedonia,1975,4.4579825
North Macedonia,1976,4.4196534
North Macedonia,1977,4.238313
North Macedonia,1978,4.58716
North Macedonia,1979,4.8835077
North Macedonia,1980,4.679892
North Macedonia,1981,4.9703126
North Macedonia,1982,4.470556
North Macedonia,1983,4.7896743
North Macedonia,1984,5.0441475
North Macedonia,1985,5.169398
North Macedonia,1986,5.3463244
North Macedonia,1987,5.209198
North Macedonia,1988,5.371855
North Macedonia,1989,5.3188257
North Macedonia,1990,5.179226
North Macedonia,1991,35.047867
North Macedonia,1992,15.144261
North Macedonia,1993,10.940017
North Macedonia,1994,9.727313
North Macedonia,1995,9.134511
North Macedonia,1996,8.862945
North Macedonia,1997,7.9733872
North Macedonia,1998,8.156992
North Macedonia,1999,6.6045613
North Macedonia,2000,7.2837462
North Macedonia,2001,9.529895
North Macedonia,2002,6.3926134
North Macedonia,2003,5.7728868
North Macedonia,2004,5.2586102
North Macedonia,2005,5.0007854
North Macedonia,2006,4.1865535
North Macedonia,2007,4.3171415
North Macedonia,2008,3.928189
North Macedonia,2009,6.705059
North Macedonia,2010,4.552427
North Macedonia,2011,9.837609
North Macedonia,2012,6.1923122
North Macedonia,2013,4.998686
North Macedonia,2014,4.6557455
North Macedonia,2015,4.4734097
North Macedonia,2016,4.101746
North Macedonia,2017,4.2137156
North Macedonia,2018,4.465206
North Macedonia,2019,4.2669106
North Macedonia,2020,3.8365626
North Macedonia,2021,3.5305989
North Macedonia,2022,3.7973406
North Macedonia,2023,3.9131281
Norway,1850,10.378233
Norway,1851,10.2450285
Norway,1852,10.094588
Norway,1853,9.986487
Norway,1854,9.879328
Norway,1855,9.766526
Norway,1856,9.649777
Norway,1857,9.551293
Norway,1858,9.361901
Norway,1859,9.3000345
Norway,1860,8.834695
Norway,1861,8.689565
Norway,1862,8.529485
Norway,1863,8.425896
Norway,1864,8.3907585
Norway,1865,8.301912
Norway,1866,8.250252
Norway,1867,8.231253
Norway,1868,8.189879
Norway,1869,8.038281
Norway,1870,7.881489
Norway,1871,7.779918
Norway,1872,7.744431
Norway,1873,7.6908154
Norway,1874,7.7066545
Norway,1875,7.746314
Norway,1876,7.602691
Norway,1877,7.698994
Norway,1878,7.5341067
Norway,1879,7.4840326
Norway,1880,7.4652057
Norway,1881,7.4309063
Norway,1882,7.4456873
Norway,1883,7.4301734
Norway,1884,7.3915114
Norway,1885,7.4494824
Norway,1886,7.3297143
Norway,1887,7.2545323
Norway,1888,7.3008757
Norway,1889,7.3249407
Norway,1890,7.501707
Norway,1891,7.6107492
Norway,1892,7.576707
Norway,1893,7.5084443
Norway,1894,7.6364903
Norway,1895,7.649447
Norway,1896,7.600971
Norway,1897,7.678638
Norway,1898,7.598086
Norway,1899,7.864124
Norway,1900,7.476593
Norway,1901,7.2357464
Norway,1902,7.264094
Norway,1903,7.1669292
Norway,1904,7.0565314
Norway,1905,6.957727
Norway,1906,6.9174438
Norway,1907,7.071215
Norway,1908,7.3938293
Norway,1909,7.296191
Norway,1910,7.5034375
Norway,1911,7.4916773
Norway,1912,7.746232
Norway,1913,7.6705003
Norway,1914,7.9027214
Norway,1915,8.111911
Norway,1916,7.801715
Norway,1917,6.0061007
Norway,1918,6.326341
Norway,1919,6.584517
Norway,1920,6.2137556
Norway,1921,5.3194504
Norway,1922,6.363258
Norway,1923,6.337118
Norway,1924,6.56982
Norway,1925,6.3694644
Norway,1926,5.8061767
Norway,1927,6.5238714
Norway,1928,6.3280253
Norway,1929,6.588269
Norway,1930,6.1691523
Norway,1931,5.7959747
Norway,1932,5.862728
Norway,1933,5.939128
Norway,1934,5.9049172
Norway,1935,5.879333
Norway,1936,5.995434
Norway,1937,6.3223968
Norway,1938,5.7598906
Norway,1939,6.333057
Norway,1940,4.1694655
Norway,1941,3.444065
Norway,1942,3.24883
Norway,1943,3.4671855
Norway,1944,3.2145007
Norway,1945,2.8564875
Norway,1946,3.7127976
Norway,1947,4.72369
Norway,1948,4.717581
Norway,1949,4.423713
Norway,1950,3.6932817
Norway,1951,3.840471
Norway,1952,3.659536
Norway,1953,3.439658
Norway,1954,3.134513
Norway,1955,3.239951
Norway,1956,2.9657197
Norway,1957,2.3069158
Norway,1958,1.4435135
Norway,1959,-1.4281793
Norway,1960,2.3301692
Norway,1961,0.3572695
Norway,1962,0.38054147
Norway,1963,0.69955325
Norway,1964,1.1661749
Norway,1965,1.4030011
Norway,1966,2.302104
Norway,1967,2.348886
Norway,1968,2.8773053
Norway,1969,3.183093
Norway,1970,4.738716
Norway,1971,4.615926
Norway,1972,5.255235
Norway,1973,5.6297517
Norway,1974,5.0481005
Norway,1975,5.9258447
Norway,1976,6.7313924
Norway,1977,6.7665606
Norway,1978,7.1938953
Norway,1979,7.359167
Norway,1980,6.7702
Norway,1981,6.9633756
Norway,1982,6.812925
Norway,1983,7.184224
Norway,1984,7.680036
Norway,1985,7.4831643
Norway,1986,8.063636
Norway,1987,7.8017325
Norway,1988,8.545884
Norway,1989,8.115645
Norway,1990,8.795076
Norway,1991,8.174987
Norway,1992,8.444703
Norway,1993,8.994101
Norway,1994,10.379607
Norway,1995,9.966703
Norway,1996,9.934506
Norway,1997,9.933739
Norway,1998,9.805473
Norway,1999,9.984478
Norway,2000,9.802201
Norway,2001,10.041148
Norway,2002,9.761702
Norway,2003,10.057028
Norway,2004,10.087274
Norway,2005,9.91792
Norway,2006,9.97068
Norway,2007,10.283762
Norway,2008,9.999548
Norway,2009,9.526749
Norway,2010,10.007371
Norway,2011,9.686027
Norway,2012,9.483644
Norway,2013,9.536881
Norway,2014,9.579038
Norway,2015,9.645992
Norway,2016,9.460488
Norway,2017,9.370496
Norway,2018,9.367616
Norway,2019,9.075985
Norway,2020,8.739887
Norway,2021,8.770698
Norway,2022,8.712962
Norway,2023,8.312829
Oceania,1850,9.954952
Oceania,1851,11.852264
Oceania,1852,9.421649
Oceania,1853,10.763457
Oceania,1854,10.668381
Oceania,1855,10.907985
Oceania,1856,6.5523705
Oceania,1857,10.639835
Oceania,1858,9.997329
Oceania,1859,7.925448
Oceania,1860,9.475028
Oceania,1861,9.338617
Oceania,1862,9.190772
Oceania,1863,10.053056
Oceania,1864,9.817755
Oceania,1865,9.92662
Oceania,1866,9.40931
Oceania,1867,9.450968
Oceania,1868,9.625192
Oceania,1869,9.2928705
Oceania,1870,11.065543
Oceania,1871,10.417068
Oceania,1872,11.918698
Oceania,1873,12.458184
Oceania,1874,12.266371
Oceania,1875,13.131862
Oceania,1876,10.460448
Oceania,1877,12.546206
Oceania,1878,12.290881
Oceania,1879,13.812382
Oceania,1880,11.40785
Oceania,1881,11.815633
Oceania,1882,11.656899
Oceania,1883,12.096016
Oceania,1884,12.726977
Oceania,1885,11.346188
Oceania,1886,11.091988
Oceania,1887,12.349785
Oceania,1888,11.369467
Oceania,1889,10.262678
Oceania,1890,13.276416
Oceania,1891,13.927294
Oceania,1892,14.955225
Oceania,1893,15.365114
Oceania,1894,15.180158
Oceania,1895,15.718013
Oceania,1896,14.732597
Oceania,1897,16.639385
Oceania,1898,15.59834
Oceania,1899,15.6667
Oceania,1900,15.105127
Oceania,1901,15.018079
Oceania,1902,13.748677
Oceania,1903,14.562399
Oceania,1904,15.172359
Oceania,1905,14.606157
Oceania,1906,14.283499
Oceania,1907,14.385069
Oceania,1908,14.133906
Oceania,1909,13.261021
Oceania,1910,13.879305
Oceania,1911,13.379761
Oceania,1912,13.590206
Oceania,1913,13.814934
Oceania,1914,13.326546
Oceania,1915,13.280447
Oceania,1916,12.213245
Oceania,1917,12.383588
Oceania,1918,13.076278
Oceania,1919,12.21061
Oceania,1920,19.682083
Oceania,1921,21.905094
Oceania,1922,24.284029
Oceania,1923,25.359964
Oceania,1924,25.865484
Oceania,1925,26.192429
Oceania,1926,26.641281
Oceania,1927,27.14089
Oceania,1928,26.808521
Oceania,1929,26.673815
Oceania,1930,20.027222
Oceania,1931,16.502954
Oceania,1932,15.27052
Oceania,1933,13.856295
Oceania,1934,13.4563675
Oceania,1935,12.687961
Oceania,1936,12.190211
Oceania,1937,12.1724205
Oceania,1938,11.60269
Oceania,1939,11.384424
Oceania,1940,10.843798
Oceania,1941,11.510732
Oceania,1942,11.164304
Oceania,1943,11.02865
Oceania,1944,10.70702
Oceania,1945,10.15533
Oceania,1946,10.351374
Oceania,1947,10.186785
Oceania,1948,10.312161
Oceania,1949,10.158197
Oceania,1950,14.516311
Oceania,1951,16.954762
Oceania,1952,17.289114
Oceania,1953,18.745804
Oceania,1954,20.27384
Oceania,1955,19.501738
Oceania,1956,20.4906
Oceania,1957,21.425869
Oceania,1958,21.173964
Oceania,1959,20.301014
Oceania,1960,17.079454
Oceania,1961,21.118675
Oceania,1962,14.785552
Oceania,1963,18.733553
Oceania,1964,20.597397
Oceania,1965,22.09381
Oceania,1966,20.339128
Oceania,1967,31.331335
Oceania,1968,20.835005
Oceania,1969,15.108241
Oceania,1970,13.162281
Oceania,1971,13.527862
Oceania,1972,9.041726
Oceania,1973,10.505289
Oceania,1974,10.342169
Oceania,1975,14.3906555
Oceania,1976,12.591472
Oceania,1977,18.510696
Oceania,1978,16.35146
Oceania,1979,15.963727
Oceania,1980,18.045671
Oceania,1981,18.581375
Oceania,1982,15.560955
Oceania,1983,21.591019
Oceania,1984,16.089104
Oceania,1985,15.939724
Oceania,1986,12.299749
Oceania,1987,11.896214
Oceania,1988,11.415586
Oceania,1989,11.568181
Oceania,1990,12.202404
Oceania,1991,10.525131
Oceania,1992,14.360553
Oceania,1993,14.778167
Oceania,1994,13.800751
Oceania,1995,20.013676
Oceania,1996,20.875797
Oceania,1997,18.509396
Oceania,1998,20.939997
Oceania,1999,19.132881
Oceania,2000,21.0071
Oceania,2001,17.947899
Oceania,2002,15.894531
Oceania,2003,21.366056
Oceania,2004,19.737268
Oceania,2005,16.45253
Oceania,2006,15.894722
Oceania,2007,16.828825
Oceania,2008,21.93595
Oceania,2009,16.853043
Oceania,2010,27.601622
Oceania,2011,20.35419
Oceania,2012,16.874083
Oceania,2013,16.886103
Oceania,2014,14.573585
Oceania,2015,13.337966
Oceania,2016,15.351872
Oceania,2017,14.612027
Oceania,2018,13.2487335
Oceania,2019,12.7209215
Oceania,2020,13.307605
Oceania,2021,12.752305
Oceania,2022,12.433745
Oceania,2023,12.226582
Oman,1964,-0.31332648
Oman,1965,-0.25401226
Oman,1966,-0.14172094
Oman,1967,0.09589089
Oman,1968,0.10419338
Oman,1969,0.28359827
Oman,1970,0.24716333
Oman,1971,3.0294788
Oman,1972,2.943039
Oman,1973,2.8976176
Oman,1974,3.1063187
Oman,1975,9.301807
Oman,1976,10.213467
Oman,1977,9.972577
Oman,1978,8.653047
Oman,1979,8.121358
Oman,1980,6.0229225
Oman,1981,5.6724763
Oman,1982,5.2002096
Oman,1983,6.47932
Oman,1984,6.5458417
Oman,1985,6.656952
Oman,1986,7.0807624
Oman,1987,6.381354
Oman,1988,6.7459817
Oman,1989,6.0800548
Oman,1990,6.436567
Oman,1991,6.351751
Oman,1992,6.14628
Oman,1993,6.5484443
Oman,1994,8.350502
Oman,1995,8.837912
Oman,1996,8.3962755
Oman,1997,8.254441
Oman,1998,8.335953
Oman,1999,9.806685
Oman,2000,10.505862
Oman,2001,9.722485
Oman,2002,11.499487
Oman,2003,14.545003
Oman,2004,12.054482
Oman,2005,12.826636
Oman,2006,15.976578
Oman,2007,17.555515
Oman,2008,18.028345
Oman,2009,16.519127
Oman,2010,18.603249
Oman,2011,18.542027
Oman,2012,17.67952
Oman,2013,17.023945
Oman,2014,16.55259
Oman,2015,16.204338
Oman,2016,15.13249
Oman,2017,14.70562
Oman,2018,15.376626
Oman,2019,15.663694
Oman,2020,15.24965
Oman,2021,16.77214
Oman,2022,16.276262
Oman,2023,15.628141
Pakistan,1946,2.0047488
Pakistan,1947,1.9970903
Pakistan,1948,2.1156738
Pakistan,1949,2.21425
Pakistan,1950,2.1416097
Pakistan,1951,2.0588555
Pakistan,1952,2.032025
Pakistan,1953,2.030635
Pakistan,1954,2.0410752
Pakistan,1955,2.062789
Pakistan,1956,2.1140714
Pakistan,1957,2.1399384
Pakistan,1958,2.1864972
Pakistan,1959,2.1981235
Pakistan,1960,2.2943716
Pakistan,1961,1.660377
Pakistan,1962,1.2860204
Pakistan,1963,1.5801188
Pakistan,1964,2.0855815
Pakistan,1965,1.5728861
Pakistan,1966,1.206856
Pakistan,1967,0.86732846
Pakistan,1968,0.31072032
Pakistan,1969,0.41353118
Pakistan,1970,0.26534387
Pakistan,1971,0.27558142
Pakistan,1972,0.86159104
Pakistan,1973,0.4281211
Pakistan,1974,0.5456463
Pakistan,1975,0.37130973
Pakistan,1976,0.44786292
Pakistan,1977,0.69079465
Pakistan,1978,0.5235842
Pakistan,1979,1.0755742
Pakistan,1980,0.5816824
Pakistan,1981,1.3746667
Pakistan,1982,0.5329252
Pakistan,1983,0.79004437
Pakistan,1984,0.56044155
Pakistan,1985,0.23873672
Pakistan,1986,0.6128461
Pakistan,1987,0.3108103
Pakistan,1988,0.50018346
Pakistan,1989,0.367463
Pakistan,1990,0.46172613
Pakistan,1991,0.49116713
Pakistan,1992,0.63259643
Pakistan,1993,0.63047856
Pakistan,1994,0.7186908
Pakistan,1995,0.69231623
Pakistan,1996,0.8813513
Pakistan,1997,0.8381256
Pakistan,1998,0.80678475
Pakistan,1999,0.7680509
Pakistan,2000,0.8376246
Pakistan,2001,0.7763923
Pakistan,2002,0.7970298
Pakistan,2003,0.69080245
Pakistan,2004,0.7168656
Pakistan,2005,0.7585011
Pakistan,2006,0.7755004
Pakistan,2007,0.7655783
Pakistan,2008,0.7466047
Pakistan,2009,0.7475269
Pakistan,2010,0.8650771
Pakistan,2011,0.82462645
Pakistan,2012,0.81914335
Pakistan,2013,0.7550565
Pakistan,2014,0.74659604
Pakistan,2015,0.81808424
Pakistan,2016,0.91957986
Pakistan,2017,1.0452378
Pakistan,2018,0.9708856
Pakistan,2019,0.9310037
Pakistan,2020,1.0062205
Pakistan,2021,1.0591295
Pakistan,2022,0.9428913
Pakistan,2023,0.8356362
Palau,1955,1.3088831
Palau,1956,1.2826138
Palau,1957,1.6788087
Palau,1958,1.6510082
Palau,1959,1.6119666
Palau,1960,1.5740522
Palau,1961,5.374686
Palau,1962,5.2482095
Palau,1963,5.4872203
Palau,1964,5.702169
Palau,1965,6.2680097
Palau,1966,6.1185637
Palau,1967,6.677602
Palau,1968,6.955704
Palau,1969,11.834201
Palau,1970,11.936955
Palau,1971,14.050277
Palau,1972,14.144394
Palau,1973,14.019291
Palau,1974,15.3305435
Palau,1975,15.377891
Palau,1976,9.032525
Palau,1977,14.640774
Palau,1978,8.845968
Palau,1979,10.1108675
Palau,1980,12.858239
Palau,1981,12.721195
Palau,1982,12.421318
Palau,1983,12.124047
Palau,1984,11.831781
Palau,1985,11.796005
Palau,1986,11.512961
Palau,1987,11.264394
Palau,1988,12.526496
Palau,1989,15.222676
Palau,1990,15.389906
Palau,1991,15.041437
Palau,1992,12.388454
Palau,1993,12.098325
Palau,1994,11.811593
Palau,1995,11.517318
Palau,1996,11.219506
Palau,1997,10.942152
Palau,1998,10.692607
Palau,1999,10.481326
Palau,2000,10.900208
Palau,2001,11.184024
Palau,2002,10.906441
Palau,2003,10.823122
Palau,2004,10.924048
Palau,2005,11.1047125
Palau,2006,11.607378
Palau,2007,13.112863
Palau,2008,10.808829
Palau,2009,10.587895
Palau,2010,11.363404
Palau,2011,11.969215
Palau,2012,12.593194
Palau,2013,12.892622
Palau,2014,12.420339
Palau,2015,11.561616
Palau,2016,11.948274
Palau,2017,12.146767
Palau,2018,11.938876
Palau,2019,12.371412
Palau,2020,11.948274
Palau,2021,11.954323
Palau,2022,12.267392
Palau,2023,12.556051
Palestine,1990,0.3734883
Palestine,1991,0.44694814
Palestine,1992,0.4166391
Palestine,1993,0.37070292
Palestine,1994,0.37297505
Palestine,1995,0.31261802
Palestine,1996,0.33864328
Palestine,1997,0.26828456
Palestine,1998,0.49672458
Palestine,1999,0.45876127
Palestine,2000,0.56145453
Palestine,2001,0.40363196
Palestine,2002,0.24907674
Palestine,2003,0.27901444
Palestine,2004,0.5331307
Palestine,2005,0.6810202
Palestine,2006,0.5392982
Palestine,2007,0.5486822
Palestine,2008,0.49842602
Palestine,2009,0.4771465
Palestine,2010,0.4599453
Palestine,2011,0.5266158
Palestine,2012,0.52069646
Palestine,2013,0.5624364
Palestine,2014,0.6521676
Palestine,2015,0.65873986
Palestine,2016,0.8005983
Palestine,2017,0.76684666
Palestine,2018,0.64538896
Palestine,2019,0.6760587
Palestine,2020,0.6595882
Palestine,2021,0.7249369
Palestine,2022,0.69651026
Palestine,2023,0.68593454
Panama,1904,38.525444
Panama,1905,32.941082
Panama,1906,33.063843
Panama,1907,33.455513
Panama,1908,41.67048
Panama,1909,33.994705
Panama,1910,28.069174
Panama,1911,25.845812
Panama,1912,28.860846
Panama,1913,24.110218
Panama,1914,24.657806
Panama,1915,25.233906
Panama,1916,20.719446
Panama,1917,20.83964
Panama,1918,19.522438
Panama,1919,21.636185
Panama,1920,24.350805
Panama,1921,22.626446
Panama,1922,21.213688
Panama,1923,20.476791
Panama,1924,22.70038
Panama,1925,23.384174
Panama,1926,27.473705
Panama,1927,24.355871
Panama,1928,20.965034
Panama,1929,21.482138
Panama,1930,33.67554
Panama,1931,41.152218
Panama,1932,46.185955
Panama,1933,39.85686
Panama,1934,45.16014
Panama,1935,41.90606
Panama,1936,37.739765
Panama,1937,40.280834
Panama,1938,38.97811
Panama,1939,36.530365
Panama,1940,41.792027
Panama,1941,44.17802
Panama,1942,43.9942
Panama,1943,43.412376
Panama,1944,41.80107
Panama,1945,41.087486
Panama,1946,38.559055
Panama,1947,37.951206
Panama,1948,37.52539
Panama,1949,35.919407
Panama,1950,36.47126
Panama,1951,36.144337
Panama,1952,36.805065
Panama,1953,39.101234
Panama,1954,37.97908
Panama,1955,39.046738
Panama,1956,39.450626
Panama,1957,39.689133
Panama,1958,41.38359
Panama,1959,52.072086
Panama,1960,21.087797
Panama,1961,18.792244
Panama,1962,15.909971
Panama,1963,13.213682
Panama,1964,14.582018
Panama,1965,13.663948
Panama,1966,8.279763
Panama,1967,11.411763
Panama,1968,10.524175
Panama,1969,7.901382
Panama,1970,15.008432
Panama,1971,14.504191
Panama,1972,16.875132
Panama,1973,13.11711
Panama,1974,14.313131
Panama,1975,15.328376
Panama,1976,15.112513
Panama,1977,10.158505
Panama,1978,9.410379
Panama,1979,8.865029
Panama,1980,13.507802
Panama,1981,15.3716
Panama,1982,11.763373
Panama,1983,13.440596
Panama,1984,11.558669
Panama,1985,10.868234
Panama,1986,10.765365
Panama,1987,10.836512
Panama,1988,10.984136
Panama,1989,9.816551
Panama,1990,7.2280426
Panama,1991,7.452892
Panama,1992,5.871539
Panama,1993,4.9211116
Panama,1994,6.352536
Panama,1995,5.258892
Panama,1996,5.9816794
Panama,1997,6.948513
Panama,1998,12.6929455
Panama,1999,16.188667
Panama,2000,9.415369
Panama,2001,7.7245646
Panama,2002,6.1778116
Panama,2003,5.982672
Panama,2004,5.293987
Panama,2005,4.5324883
Panama,2006,5.7437186
Panama,2007,5.117727
Panama,2008,5.91832
Panama,2009,9.228004
Panama,2010,5.5282946
Panama,2011,3.7374523
Panama,2012,4.3261895
Panama,2013,4.24485
Panama,2014,3.7348583
Panama,2015,3.7480302
Panama,2016,3.6915681
Panama,2017,3.9611433
Panama,2018,3.1747034
Panama,2019,4.0650363
Panama,2020,2.8863032
Panama,2021,3.4157364
Panama,2022,3.528067
Panama,2023,4.0698237
Papua New Guinea,1950,-3.8976521
Papua New Guinea,1951,0.9405902
Papua New Guinea,1952,-8.26528
Papua New Guinea,1953,-0.17811544
Papua New Guinea,1954,4.098094
Papua New Guinea,1955,-5.2444854
Papua New Guinea,1956,-2.27511
Papua New Guinea,1957,0.3440341
Papua New Guinea,1958,-1.3133681
Papua New Guinea,1959,-11.373728
Papua New Guinea,1960,-13.175058
Papua New Guinea,1961,-1.0259459
Papua New Guinea,1962,-10.436474
Papua New Guinea,1963,-2.533722
Papua New Guinea,1964,-3.4600778
Papua New Guinea,1965,-10.552204
Papua New Guinea,1966,2.5896883
Papua New Guinea,1967,3.1639013
Papua New Guinea,1968,9.904939
Papua New Guinea,1969,0.68270266
Papua New Guinea,1970,6.5450387
Papua New Guinea,1971,1.6755548
Papua New Guinea,1972,0.22376655
Papua New Guinea,1973,6.8306084
Papua New Guinea,1974,7.434794
Papua New Guinea,1975,8.815944
Papua New Guinea,1976,8.629439
Papua New Guinea,1977,4.3838077
Papua New Guinea,1978,3.4358153
Papua New Guinea,1979,3.546454
Papua New Guinea,1980,9.741531
Papua New Guinea,1981,4.632806
Papua New Guinea,1982,8.299776
Papua New Guinea,1983,3.8414466
Papua New Guinea,1984,2.7932885
Papua New Guinea,1985,16.648203
Papua New Guinea,1986,4.3614345
Papua New Guinea,1987,9.681856
Papua New Guinea,1988,10.445311
Papua New Guinea,1989,11.045872
Papua New Guinea,1990,5.7089953
Papua New Guinea,1991,4.36844
Papua New Guinea,1992,10.509994
Papua New Guinea,1993,8.953341
Papua New Guinea,1994,4.8811
Papua New Guinea,1995,8.267344
Papua New Guinea,1996,11.041382
Papua New Guinea,1997,9.186648
Papua New Guinea,1998,8.66547
Papua New Guinea,1999,7.95521
Papua New Guinea,2000,7.767536
Papua New Guinea,2001,6.676549
Papua New Guinea,2002,4.944632
Papua New Guinea,2003,6.343768
Papua New Guinea,2004,4.126346
Papua New Guinea,2005,5.9996285
Papua New Guinea,2006,9.601846
Papua New Guinea,2007,7.5686774
Papua New Guinea,2008,6.7776074
Papua New Guinea,2009,5.686775
Papua New Guinea,2010,4.695557
Papua New Guinea,2011,4.7908764
Papua New Guinea,2012,3.1136403
Papua New Guinea,2013,4.519095
Papua New Guinea,2014,5.377498
Papua New Guinea,2015,4.5283074
Papua New Guinea,2016,8.272559
Papua New Guinea,2017,5.3125253
Papua New Guinea,2018,3.7960575
Papua New Guinea,2019,3.6716368
Papua New Guinea,2020,3.945825
Papua New Guinea,2021,3.9599023
Papua New Guinea,2022,4.2467685
Papua New Guinea,2023,4.154609
Paraguay,1890,2.8919113
Paraguay,1891,2.9271247
Paraguay,1892,3.0032063
Paraguay,1893,3.1409273
Paraguay,1894,3.2874804
Paraguay,1895,3.4258878
Paraguay,1896,3.6070356
Paraguay,1897,3.8056185
Paraguay,1898,3.9316833
Paraguay,1899,4.067586
Paraguay,1900,16.344095
Paraguay,1901,22.136412
Paraguay,1902,25.326155
Paraguay,1903,27.03131
Paraguay,1904,27.699394
Paraguay,1905,28.572687
Paraguay,1906,28.718618
Paraguay,1907,28.661484
Paraguay,1908,28.415619
Paraguay,1909,28.090984
Paraguay,1910,27.449045
Paraguay,1911,27.22284
Paraguay,1912,26.486912
Paraguay,1913,26.124332
Paraguay,1914,25.491667
Paraguay,1915,24.988997
Paraguay,1916,24.671629
Paraguay,1917,24.089802
Paraguay,1918,23.62967
Paraguay,1919,23.157497
Paraguay,1920,22.389524
Paraguay,1921,21.64271
Paraguay,1922,21.093454
Paraguay,1923,20.850464
Paraguay,1924,20.18236
Paraguay,1925,19.844395
Paraguay,1926,19.263851
Paraguay,1927,18.81897
Paraguay,1928,18.543941
Paraguay,1929,18.06579
Paraguay,1930,17.202282
Paraguay,1931,16.698528
Paraguay,1932,16.288942
Paraguay,1933,15.76921
Paraguay,1934,15.355192
Paraguay,1935,14.983819
Paraguay,1936,14.690626
Paraguay,1937,14.385918
Paraguay,1938,14.01835
Paraguay,1939,13.720644
Paraguay,1940,12.954076
Paraguay,1941,12.379245
Paraguay,1942,11.903367
Paraguay,1943,11.573769
Paraguay,1944,11.2234535
Paraguay,1945,10.819571
Paraguay,1946,10.554343
Paraguay,1947,10.233942
Paraguay,1948,9.904258
Paraguay,1949,9.944858
Paraguay,1950,14.918781
Paraguay,1951,16.904865
Paraguay,1952,18.081379
Paraguay,1953,18.871471
Paraguay,1954,19.446848
Paraguay,1955,19.694841
Paraguay,1956,20.02329
Paraguay,1957,20.385798
Paraguay,1958,20.705614
Paraguay,1959,20.661108
Paraguay,1960,30.590403
Paraguay,1961,20.293388
Paraguay,1962,16.910011
Paraguay,1963,17.029816
Paraguay,1964,15.798245
Paraguay,1965,15.308232
Paraguay,1966,12.566275
Paraguay,1967,11.37216
Paraguay,1968,10.668305
Paraguay,1969,9.816966
Paraguay,1970,9.630674
Paraguay,1971,9.087409
Paraguay,1972,8.448814
Paraguay,1973,16.707478
Paraguay,1974,20.593695
Paraguay,1975,22.25268
Paraguay,1976,22.46018
Paraguay,1977,23.368017
Paraguay,1978,22.371277
Paraguay,1979,22.600584
Paraguay,1980,22.378925
Paraguay,1981,16.160376
Paraguay,1982,13.509694
Paraguay,1983,12.78683
Paraguay,1984,12.001807
Paraguay,1985,12.209422
Paraguay,1986,12.038421
Paraguay,1987,11.6233225
Paraguay,1988,11.122469
Paraguay,1989,10.428843
Paraguay,1990,9.943523
Paraguay,1991,13.949217
Paraguay,1992,8.942194
Paraguay,1993,10.827588
Paraguay,1994,20.289585
Paraguay,1995,13.5625725
Paraguay,1996,9.302669
Paraguay,1997,15.963272
Paraguay,1998,13.803118
Paraguay,1999,11.150774
Paraguay,2000,11.601101
Paraguay,2001,11.631812
Paraguay,2002,10.220373
Paraguay,2003,10.889315
Paraguay,2004,10.426383
Paraguay,2005,10.175452
Paraguay,2006,10.319584
Paraguay,2007,10.127213
Paraguay,2008,10.709139
Paraguay,2009,12.0878725
Paraguay,2010,12.207225
Paraguay,2011,14.506905
Paraguay,2012,11.992946
Paraguay,2013,13.336982
Paraguay,2014,13.491352
Paraguay,2015,8.5536
Paraguay,2016,6.981359
Paraguay,2017,6.6660595
Paraguay,2018,5.1572413
Paraguay,2019,4.2846136
Paraguay,2020,3.608994
Paraguay,2021,3.683015
Paraguay,2022,3.5698555
Paraguay,2023,3.4667873
Peru,1856,2.9173796
Peru,1857,2.788847
Peru,1858,2.0733654
Peru,1859,3.2252722
Peru,1860,2.6221583
Peru,1861,3.780347
Peru,1862,3.452057
Peru,1863,2.7094088
Peru,1864,3.717717
Peru,1865,3.221421
Peru,1866,2.5567875
Peru,1867,3.38163
Peru,1868,3.5287876
Peru,1869,2.6982193
Peru,1870,4.7914762
Peru,1871,3.2006335
Peru,1872,4.126912
Peru,1873,4.337653
Peru,1874,4.463797
Peru,1875,5.123064
Peru,1876,4.406527
Peru,1877,5.1019
Peru,1878,4.7924542
Peru,1879,5.039775
Peru,1880,5.868933
Peru,1881,6.307977
Peru,1882,6.550513
Peru,1883,7.193023
Peru,1884,7.918301
Peru,1885,7.693954
Peru,1886,7.674949
Peru,1887,7.4999514
Peru,1888,8.687425
Peru,1889,7.701799
Peru,1890,7.2498784
Peru,1891,7.662035
Peru,1892,6.8643537
Peru,1893,6.8983865
Peru,1894,7.5436544
Peru,1895,6.7539377
Peru,1896,6.1515937
Peru,1897,5.80904
Peru,1898,6.101535
Peru,1899,6.905553
Peru,1900,6.136495
Peru,1901,5.3139443
Peru,1902,5.3561273
Peru,1903,4.6326895
Peru,1904,5.0837293
Peru,1905,4.5088687
Peru,1906,4.1818395
Peru,1907,3.9671962
Peru,1908,4.5043755
Peru,1909,4.1648498
Peru,1910,4.390967
Peru,1911,4.2729597
Peru,1912,4.151415
Peru,1913,4.2107496
Peru,1914,3.992431
Peru,1915,3.7187831
Peru,1916,3.68181
Peru,1917,4.6002026
Peru,1918,3.6497989
Peru,1919,3.4397483
Peru,1920,3.850543
Peru,1921,4.574835
Peru,1922,4.286053
Peru,1923,4.058553
Peru,1924,4.161753
Peru,1925,4.3447914
Peru,1926,4.7030816
Peru,1927,4.545514
Peru,1928,4.594718
Peru,1929,4.359688
Peru,1930,5.8848014
Peru,1931,5.0079203
Peru,1932,6.361697
Peru,1933,6.5107
Peru,1934,5.791837
Peru,1935,6.3948827
Peru,1936,6.439761
Peru,1937,6.640714
Peru,1938,6.1337366
Peru,1939,6.2541566
Peru,1940,5.363679
Peru,1941,3.9933298
Peru,1942,4.2985277
Peru,1943,3.3140502
Peru,1944,3.667309
Peru,1945,2.9396262
Peru,1946,3.0716147
Peru,1947,2.7153533
Peru,1948,2.8053734
Peru,1949,2.6675491
Peru,1950,3.2651815
Peru,1951,3.469944
Peru,1952,4.0696893
Peru,1953,4.1661005
Peru,1954,4.4849124
Peru,1955,4.505395
Peru,1956,4.3924456
Peru,1957,4.9032764
Peru,1958,5.6086226
Peru,1959,5.9824142
Peru,1960,6.650611
Peru,1961,5.7595897
Peru,1962,7.988858
Peru,1963,9.012792
Peru,1964,8.685279
Peru,1965,5.9890656
Peru,1966,4.8941274
Peru,1967,4.646274
Peru,1968,4.3128076
Peru,1969,4.4167337
Peru,1970,4.777765
Peru,1971,8.370597
Peru,1972,8.311249
Peru,1973,7.8917522
Peru,1974,6.369401
Peru,1975,5.8791723
Peru,1976,5.5630016
Peru,1977,5.2954354
Peru,1978,5.0812125
Peru,1979,4.721618
Peru,1980,4.7851253
Peru,1981,4.3625097
Peru,1982,4.1960506
Peru,1983,3.9075968
Peru,1984,3.9606934
Peru,1985,3.9075038
Peru,1986,3.532565
Peru,1987,3.580224
Peru,1988,3.283849
Peru,1989,4.812817
Peru,1990,3.6295087
Peru,1991,3.366898
Peru,1992,3.7142267
Peru,1993,5.401636
Peru,1994,4.9570007
Peru,1995,3.699788
Peru,1996,3.6454592
Peru,1997,3.4182925
Peru,1998,4.7715645
Peru,1999,4.31039
Peru,2000,4.6997395
Peru,2001,4.3946533
Peru,2002,3.8565292
Peru,2003,6.471847
Peru,2004,4.9156756
Peru,2005,4.4975886
Peru,2006,4.136346
Peru,2007,4.090888
Peru,2008,3.5903544
Peru,2009,3.5775237
Peru,2010,3.5430272
Peru,2011,3.5397563
Peru,2012,3.089262
Peru,2013,2.6191177
Peru,2014,2.6359944
Peru,2015,1.9061909
Peru,2016,2.100372
Peru,2017,2.2239847
Peru,2018,2.089238
Peru,2019,1.9764073
Peru,2020,1.6362238
Peru,2021,1.7598643
Peru,2022,1.7625601
Peru,2023,1.8286542
Philippines,1907,13.489266
Philippines,1908,12.66326
Philippines,1909,11.339141
Philippines,1910,12.169595
Philippines,1911,12.083424
Philippines,1912,14.592186
Philippines,1913,12.3800535
Philippines,1914,13.573487
Philippines,1915,13.784129
Philippines,1916,11.955882
Philippines,1917,11.335795
Philippines,1918,12.612035
Philippines,1919,12.338534
Philippines,1920,10.802846
Philippines,1921,9.648409
Philippines,1922,8.989889
Philippines,1923,7.9325814
Philippines,1924,7.697448
Philippines,1925,8.181205
Philippines,1926,7.059066
Philippines,1927,6.846392
Philippines,1928,5.994567
Philippines,1929,6.6293178
Philippines,1930,6.8074083
Philippines,1931,7.697298
Philippines,1932,7.620563
Philippines,1933,8.25262
Philippines,1934,6.972162
Philippines,1935,7.705763
Philippines,1936,7.193501
Philippines,1937,7.3126755
Philippines,1938,7.0754356
Philippines,1939,6.710713
Philippines,1940,4.255758
Philippines,1941,2.702145
Philippines,1945,1.5523369
Philippines,1946,1.7792413
Philippines,1947,1.2571949
Philippines,1948,1.3438934
Philippines,1949,1.2536248
Philippines,1950,4.2187614
Philippines,1951,5.546159
Philippines,1952,6.833811
Philippines,1953,7.9262557
Philippines,1954,9.310067
Philippines,1955,9.23031
Philippines,1956,9.303948
Philippines,1957,9.635491
Philippines,1958,9.2024355
Philippines,1959,9.473533
Philippines,1960,6.0685554
Philippines,1961,4.9583616
Philippines,1962,4.637594
Philippines,1963,6.6966777
Philippines,1964,5.04439
Philippines,1965,3.5127544
Philippines,1966,4.66787
Philippines,1967,3.2591739
Philippines,1968,2.7387774
Philippines,1969,3.0643132
Philippines,1970,2.4346511
Philippines,1971,3.3150253
Philippines,1972,3.849148
Philippines,1973,5.0662026
Philippines,1974,6.3084536
Philippines,1975,7.9162683
Philippines,1976,8.265266
Philippines,1977,5.681593
Philippines,1978,5.53215
Philippines,1979,5.5554743
Philippines,1980,4.087504
Philippines,1981,3.3152285
Philippines,1982,2.7619693
Philippines,1983,2.2984402
Philippines,1984,2.2519305
Philippines,1985,1.987849
Philippines,1986,1.7315191
Philippines,1987,1.6728189
Philippines,1988,1.6659933
Philippines,1989,1.5702995
Philippines,1990,1.5026059
Philippines,1991,1.3066125
Philippines,1992,1.2214586
Philippines,1993,1.0761744
Philippines,1994,1.1612763
Philippines,1995,1.4607508
Philippines,1996,1.999082
Philippines,1997,1.3108078
Philippines,1998,1.2547522
Philippines,1999,1.1729387
Philippines,2000,1.1547635
Philippines,2001,1.0652128
Philippines,2002,1.3804327
Philippines,2003,1.7721193
Philippines,2004,1.2200816
Philippines,2005,1.7963408
Philippines,2006,1.786118
Philippines,2007,1.9894457
Philippines,2008,1.7212563
Philippines,2009,1.3984414
Philippines,2010,1.7785926
Philippines,2011,1.8553841
Philippines,2012,1.6115736
Philippines,2013,1.6251332
Philippines,2014,1.5323839
Philippines,2015,1.5445012
Philippines,2016,1.5812831
Philippines,2017,1.614753
Philippines,2018,1.5773445
Philippines,2019,1.5597327
Philippines,2020,1.4291469
Philippines,2021,1.4868196
Philippines,2022,1.5123645
Philippines,2023,1.5815998
Poland,1850,3.2373428
Poland,1851,3.3066893
Poland,1852,3.3802924
Poland,1853,3.3722048
Poland,1854,3.3635066
Poland,1855,3.3797698
Poland,1856,3.3411872
Poland,1857,3.3126316
Poland,1858,3.3016655
Poland,1859,3.2269635
Poland,1860,3.1467395
Poland,1861,3.0721672
Poland,1862,3.075538
Poland,1863,3.0997486
Poland,1864,3.0823126
Poland,1865,3.0947936
Poland,1866,3.0098882
Poland,1867,3.036072
Poland,1868,3.0501904
Poland,1869,3.020869
Poland,1870,3.2000945
Poland,1871,3.317603
Poland,1872,3.3856661
Poland,1873,3.4291162
Poland,1874,3.501722
Poland,1875,3.4189384
Poland,1876,3.363403
Poland,1877,3.216863
Poland,1878,3.1991704
Poland,1879,3.2686226
Poland,1880,3.1891305
Poland,1881,3.1048121
Poland,1882,3.0872047
Poland,1883,3.1560907
Poland,1884,3.1400251
Poland,1885,3.1498897
Poland,1886,3.1190171
Poland,1887,3.0976448
Poland,1888,3.1692228
Poland,1889,3.2528868
Poland,1890,3.1725097
Poland,1891,3.24862
Poland,1892,3.1060972
Poland,1893,3.1451974
Poland,1894,3.1385698
Poland,1895,3.2171514
Poland,1896,3.3129787
Poland,1897,3.3668017
Poland,1898,3.5128684
Poland,1899,3.578241
Poland,1900,3.6170385
Poland,1901,3.7213893
Poland,1902,3.6235058
Poland,1903,3.713714
Poland,1904,3.7177186
Poland,1905,3.911261
Poland,1906,4.0269003
Poland,1907,4.306685
Poland,1908,4.4977922
Poland,1909,4.569878
Poland,1910,4.238385
Poland,1911,4.2044554
Poland,1912,4.43066
Poland,1913,4.4716334
Poland,1914,3.539964
Poland,1915,3.2717052
Poland,1916,3.6902177
Poland,1917,4.038389
Poland,1918,3.1088402
Poland,1919,-1.2317582
Poland,1920,2.4376
Poland,1921,2.7877495
Poland,1922,3.0106845
Poland,1923,2.5447953
Poland,1924,2.6341248
Poland,1925,2.919981
Poland,1926,3.162624
Poland,1927,3.8511407
Poland,1928,4.1267204
Poland,1929,4.631385
Poland,1930,3.3933039
Poland,1931,2.9976645
Poland,1932,2.3220656
Poland,1933,2.1586547
Poland,1934,2.0682619
Poland,1935,1.9183313
Poland,1936,1.8991346
Poland,1937,1.9804989
Poland,1938,1.9741913
Poland,1939,1.5799981
Poland,1940,5.373558
Poland,1941,5.152572
Poland,1942,5.6553817
Poland,1943,6.1902013
Poland,1944,5.8130174
Poland,1945,0.894834
Poland,1946,2.482504
Poland,1947,1.8795784
Poland,1948,1.6675541
Poland,1949,2.2214944
Poland,1950,3.054433
Poland,1951,3.7939627
Poland,1952,4.2960396
Poland,1953,4.9422035
Poland,1954,5.3944526
Poland,1955,5.72917
Poland,1956,6.200408
Poland,1957,6.58846
Poland,1958,6.373387
Poland,1959,6.6890254
Poland,1960,6.824458
Poland,1961,6.8658714
Poland,1962,6.9903107
Poland,1963,7.354488
Poland,1964,7.4932427
Poland,1965,7.5828223
Poland,1966,7.587888
Poland,1967,7.737789
Poland,1968,8.080083
Poland,1969,8.582634
Poland,1970,8.851127
Poland,1971,9.006545
Poland,1972,9.435525
Poland,1973,9.535071
Poland,1974,9.803505
Poland,1975,10.567073
Poland,1976,11.155619
Poland,1977,11.626978
Poland,1978,11.885732
Poland,1979,12.088202
Poland,1980,12.558798
Poland,1981,10.953669
Poland,1982,11.215311
Poland,1983,11.306384
Poland,1984,11.425011
Poland,1985,11.645037
Poland,1986,11.787596
Poland,1987,12.022287
Poland,1988,11.472174
Poland,1989,10.868657
Poland,1990,9.639109
Poland,1991,9.543005
Poland,1992,9.299973
Poland,1993,9.320304
Poland,1994,9.258195
Poland,1995,9.131989
Poland,1996,9.561981
Poland,1997,9.349461
Poland,1998,8.731728
Poland,1999,8.416179
Poland,2000,7.8090754
Poland,2001,7.336289
Poland,2002,6.8884683
Poland,2003,7.5989156
Poland,2004,7.3559866
Poland,2005,7.5581656
Poland,2006,7.58947
Poland,2007,7.97126
Poland,2008,7.7396283
Poland,2009,6.690673
Poland,2010,7.8953347
Poland,2011,7.43162
Poland,2012,7.15363
Poland,2013,7.177652
Poland,2014,6.8406262
Poland,2015,6.9538646
Poland,2016,7.3118997
Poland,2017,7.6919827
Poland,2018,7.8918095
Poland,2019,7.5086756
Poland,2020,6.9957623
Poland,2021,7.8013043
Poland,2022,7.3542924
Poland,2023,6.658135
Portugal,1870,1.0058099
Portugal,1871,1.0209981
Portugal,1872,1.139624
Portugal,1873,1.1921424
Portugal,1874,1.1526822
Portugal,1875,1.2969797
Portugal,1876,1.2936052
Portugal,1877,1.1870618
Portugal,1878,1.1802033
Portugal,1879,1.1892815
Portugal,1880,1.2939804
Portugal,1881,1.3215817
Portugal,1882,1.3764888
Portugal,1883,1.3942238
Portugal,1884,1.4122114
Portugal,1885,1.3961085
Portugal,1886,1.421734
Portugal,1887,1.4378321
Portugal,1888,1.4489464
Portugal,1889,1.4890513
Portugal,1890,1.3990239
Portugal,1891,1.3645978
Portugal,1892,1.3228339
Portugal,1893,1.2620451
Portugal,1894,1.2907043
Portugal,1895,1.2525975
Portugal,1896,1.2395307
Portugal,1897,1.2363657
Portugal,1898,1.2676932
Portugal,1899,1.2582871
Portugal,1900,1.4085971
Portugal,1901,1.424133
Portugal,1902,1.4784262
Portugal,1903,1.4637145
Portugal,1904,1.4750473
Portugal,1905,1.4627825
Portugal,1906,1.5241132
Portugal,1907,1.564764
Portugal,1908,1.5531436
Portugal,1909,1.5548167
Portugal,1910,1.3573859
Portugal,1911,1.2387961
Portugal,1912,1.2568903
Portugal,1913,1.237179
Portugal,1914,1.1077006
Portugal,1915,1.0181618
Portugal,1916,0.9652093
Portugal,1917,0.70948726
Portugal,1918,0.5927629
Portugal,1919,0.7365391
Portugal,1920,0.98139226
Portugal,1921,1.0950092
Portugal,1922,1.2842382
Portugal,1923,1.2747964
Portugal,1924,1.3575356
Portugal,1925,1.391489
Portugal,1926,1.408868
Portugal,1927,1.496291
Portugal,1928,1.5578802
Portugal,1929,1.5620866
Portugal,1930,1.7128571
Portugal,1931,1.6962535
Portugal,1932,1.6464995
Portugal,1933,1.7537152
Portugal,1934,1.7811643
Portugal,1935,1.8281583
Portugal,1936,1.7971579
Portugal,1937,1.9090354
Portugal,1938,1.801999
Portugal,1939,1.8827765
Portugal,1940,1.5774258
Portugal,1941,1.4828902
Portugal,1942,1.3404366
Portugal,1943,1.2937348
Portugal,1944,1.3089713
Portugal,1945,1.2932262
Portugal,1946,1.3283588
Portugal,1947,1.5098766
Portugal,1948,1.4557366
Portugal,1949,1.474201
Portugal,1950,1.2817038
Portugal,1951,1.1834433
Portugal,1952,1.1467506
Portugal,1953,1.197311
Portugal,1954,1.1540365
Portugal,1955,1.1973675
Portugal,1956,1.2309202
Portugal,1957,1.2546377
Portugal,1958,1.1754806
Portugal,1959,1.3654999
Portugal,1960,1.1527538
Portugal,1961,1.2285839
Portugal,1962,1.2361323
Portugal,1963,1.3093053
Portugal,1964,1.4268025
Portugal,1965,1.487124
Portugal,1966,1.5329759
Portugal,1967,1.5557786
Portugal,1968,1.7089254
Portugal,1969,1.8617954
Portugal,1970,1.9987597
Portugal,1971,2.1030014
Portugal,1972,2.2860866
Portugal,1973,2.4401047
Portugal,1974,2.485486
Portugal,1975,2.5261395
Portugal,1976,2.613063
Portugal,1977,2.6063159
Portugal,1978,2.5888226
Portugal,1979,2.7846994
Portugal,1980,2.9449313
Portugal,1981,2.933452
Portugal,1982,3.113602
Portugal,1983,3.1944783
Portugal,1984,3.0747852
Portugal,1985,2.9080732
Portugal,1986,3.229019
Portugal,1987,3.3238397
Portugal,1988,3.4325316
Portugal,1989,4.15824
Portugal,1990,4.535184
Portugal,1991,4.6545453
Portugal,1992,5.1498547
Portugal,1993,4.735488
Portugal,1994,4.6773467
Portugal,1995,4.523904
Portugal,1996,3.9817455
Portugal,1997,4.855251
Portugal,1998,5.241094
Portugal,1999,6.8671165
Portugal,2000,6.010143
Portugal,2001,6.0546045
Portugal,2002,6.1212907
Portugal,2003,5.491109
Portugal,2004,5.1884575
Portugal,2005,5.63415
Portugal,2006,5.0247283
Portugal,2007,5.5800405
Portugal,2008,5.0993524
Portugal,2009,4.6752815
Portugal,2010,4.3526874
Portugal,2011,4.4413357
Portugal,2012,4.5512457
Portugal,2013,4.218807
Portugal,2014,4.181694
Portugal,2015,4.5792074
Portugal,2016,4.5581837
Portugal,2017,5.166714
Portugal,2018,4.947635
Portugal,2019,4.5785255
Portugal,2020,4.0132732
Portugal,2021,3.942227
Portugal,2022,4.012754
Portugal,2023,3.7069633
Qatar,1949,11.412586
Qatar,1950,14.934733
Qatar,1951,15.933552
Qatar,1952,7.857499
Qatar,1953,13.947909
Qatar,1954,22.163774
Qatar,1955,14.681439
Qatar,1956,17.085005
Qatar,1957,10.028747
Qatar,1958,4.9872417
Qatar,1959,4.589941
Qatar,1960,4.22499
Qatar,1961,3.557757
Qatar,1962,3.889309
Qatar,1963,121.52186
Qatar,1964,110.07278
Qatar,1965,98.01257
Qatar,1966,86.801155
Qatar,1967,81.986046
Qatar,1968,77.06504
Qatar,1969,69.53098
Qatar,1970,64.95728
Qatar,1971,69.60766
Qatar,1972,73.54057
Qatar,1973,77.09948
Qatar,1974,59.129963
Qatar,1975,56.720707
Qatar,1976,49.636612
Qatar,1977,44.018585
Qatar,1978,43.58294
Qatar,1979,55.645573
Qatar,1980,47.582558
Qatar,1981,43.89876
Qatar,1982,39.74674
Qatar,1983,34.248383
Qatar,1984,35.4329
Qatar,1985,33.935043
Qatar,1986,34.81605
Qatar,1987,28.9677
Qatar,1988,28.962841
Qatar,1989,33.65511
Qatar,1990,25.97057
Qatar,1991,38.389072
Qatar,1992,57.16894
Qatar,1993,63.41494
Qatar,1994,64.81162
Qatar,1995,64.51013
Qatar,1996,65.11891
Qatar,1997,76.65887
Qatar,1998,63.57146
Qatar,1999,59.205513
Qatar,2000,62.540813
Qatar,2001,67.60484
Qatar,2002,63.399403
Qatar,2003,62.474537
Qatar,2004,61.19398
Qatar,2005,57.6245
Qatar,2006,61.312607
Qatar,2007,49.161415
Qatar,2008,43.219345
Qatar,2009,41.051243
Qatar,2010,42.97914
Qatar,2011,45.02104
Qatar,2012,48.953873
Qatar,2013,40.760128
Qatar,2014,41.11267
Qatar,2015,37.576843
Qatar,2016,33.631374
Qatar,2017,36.994293
Qatar,2018,34.58082
Qatar,2019,36.109
Qatar,2020,36.567245
Qatar,2021,37.036274
Qatar,2022,36.704193
Qatar,2023,38.84624
Romania,1858,2.916073
Romania,1859,2.9049702
Romania,1860,2.8375587
Romania,1861,2.7980025
Romania,1862,2.756931
Romania,1863,2.720501
Romania,1864,2.6967127
Romania,1865,2.6977067
Romania,1866,2.6771038
Romania,1867,2.6608338
Romania,1868,2.636246
Romania,1869,2.5792432
Romania,1870,2.5602617
Romania,1871,2.543717
Romania,1872,2.552993
Romania,1873,2.55681
Romania,1874,2.497433
Romania,1875,2.4495156
Romania,1876,2.4452932
Romania,1877,2.4350715
Romania,1878,2.38688
Romania,1879,2.375899
Romania,1880,2.301289
Romania,1881,2.259232
Romania,1882,2.2289486
Romania,1883,2.2077236
Romania,1884,2.1847174
Romania,1885,2.1789596
Romania,1886,2.155578
Romania,1887,2.1438773
Romania,1888,2.1219018
Romania,1889,2.0648012
Romania,1890,2.0525975
Romania,1891,2.0591693
Romania,1892,2.0541165
Romania,1893,2.0638742
Romania,1894,1.9871626
Romania,1895,1.942056
Romania,1896,1.940506
Romania,1897,1.9412719
Romania,1898,1.932231
Romania,1899,1.905711
Romania,1900,2.0616794
Romania,1901,2.1376767
Romania,1902,2.1684513
Romania,1903,2.240785
Romania,1904,2.3060427
Romania,1905,2.3195202
Romania,1906,2.3845654
Romania,1907,2.4874766
Romania,1908,2.4857972
Romania,1909,2.4953115
Romania,1910,2.0432959
Romania,1911,1.9552417
Romania,1912,1.8564085
Romania,1913,1.8330115
Romania,1914,1.639889
Romania,1915,1.5154687
Romania,1916,1.2954444
Romania,1917,1.1944815
Romania,1918,1.2141721
Romania,1919,1.2729222
Romania,1920,2.5000231
Romania,1921,2.9868445
Romania,1922,3.3392913
Romania,1923,3.6113453
Romania,1924,3.8604834
Romania,1925,4.1457553
Romania,1926,4.437578
Romania,1927,4.6698365
Romania,1928,4.878488
Romania,1929,5.0707273
Romania,1930,4.369032
Romania,1931,4.212178
Romania,1932,4.088465
Romania,1933,3.922255
Romania,1934,4.0727577
Romania,1935,3.9272192
Romania,1936,3.926184
Romania,1937,3.483308
Romania,1938,3.2777238
Romania,1939,3.1036377
Romania,1940,2.9648316
Romania,1941,2.8352556
Romania,1942,2.8649733
Romania,1943,2.781974
Romania,1944,2.3004618
Romania,1945,2.5257435
Romania,1946,2.4365816
Romania,1947,2.3128843
Romania,1948,2.7190561
Romania,1949,2.6916604
Romania,1950,3.3510115
Romania,1951,3.6153097
Romania,1952,3.9283412
Romania,1953,4.1387315
Romania,1954,4.3258185
Romania,1955,4.5361204
Romania,1956,4.737801
Romania,1957,4.9937315
Romania,1958,5.09307
Romania,1959,5.1426015
Romania,1960,5.069387
Romania,1961,5.2954473
Romania,1962,5.363153
Romania,1963,5.454327
Romania,1964,5.579422
Romania,1965,5.8700523
Romania,1966,5.9330225
Romania,1967,6.8337755
Romania,1968,6.5761
Romania,1969,6.796736
Romania,1970,7.0389695
Romania,1971,7.152914
Romania,1972,7.2199173
Romania,1973,7.8281507
Romania,1974,7.9912853
Romania,1975,8.3683605
Romania,1976,8.795758
Romania,1977,8.817806
Romania,1978,9.3788185
Romania,1979,9.346797
Romania,1980,9.244833
Romania,1981,9.322493
Romania,1982,9.233788
Romania,1983,9.410707
Romania,1984,8.987633
Romania,1985,9.148358
Romania,1986,9.616967
Romania,1987,9.913839
Romania,1988,9.232454
Romania,1989,9.279942
Romania,1990,7.7305303
Romania,1991,6.0929446
Romania,1992,5.643037
Romania,1993,5.2119746
Romania,1994,5.320342
Romania,1995,5.4565787
Romania,1996,5.7230997
Romania,1997,5.1456194
Romania,1998,4.775842
Romania,1999,4.246869
Romania,2000,4.197681
Romania,2001,4.5187855
Romania,2002,4.6913037
Romania,2003,4.2397494
Romania,2004,4.592546
Romania,2005,4.2368627
Romania,2006,4.074097
Romania,2007,4.485754
Romania,2008,4.558962
Romania,2009,5.36009
Romania,2010,4.081624
Romania,2011,4.0797024
Romania,2012,4.3905873
Romania,2013,3.5850089
Romania,2014,3.6660147
Romania,2015,3.2764475
Romania,2016,3.1324117
Romania,2017,3.235485
Romania,2018,3.8073266
Romania,2019,3.2451491
Romania,2020,3.1146758
Romania,2021,3.287213
Romania,2022,3.0598416
Romania,2023,2.8025384
Russia,1850,13.3203535
Russia,1855,13.922884
Russia,1858,13.787651
Russia,1859,13.453895
Russia,1860,11.89399
Russia,1861,14.1012945
Russia,1862,14.030541
Russia,1863,13.262913
Russia,1864,12.681707
Russia,1865,12.641292
Russia,1866,13.1230545
Russia,1867,12.029927
Russia,1868,12.003097
Russia,1869,11.812133
Russia,1870,13.4809
Russia,1871,12.0090475
Russia,1872,14.094787
Russia,1873,12.534689
Russia,1874,14.609229
Russia,1875,14.671346
Russia,1876,14.322885
Russia,1877,13.856822
Russia,1878,13.8129835
Russia,1879,13.295109
Russia,1880,14.792246
Russia,1881,14.507346
Russia,1882,15.484107
Russia,1883,13.43274
Russia,1884,16.18866
Russia,1885,15.550832
Russia,1886,14.392575
Russia,1887,15.294742
Russia,1888,14.148704
Russia,1889,14.889782
Russia,1890,16.30301
Russia,1891,17.285198
Russia,1892,17.136137
Russia,1893,17.73014
Russia,1894,17.487377
Russia,1895,17.05067
Russia,1896,15.968109
Russia,1897,16.992401
Russia,1898,16.97789
Russia,1899,16.831345
Russia,1900,18.57741
Russia,1901,18.702682
Russia,1902,19.930918
Russia,1903,19.755932
Russia,1904,20.161316
Russia,1905,21.064707
Russia,1906,21.504734
Russia,1907,20.546652
Russia,1908,21.194756
Russia,1909,21.754446
Russia,1910,17.771343
Russia,1911,15.545373
Russia,1912,13.848022
Russia,1913,12.19355
Russia,1914,11.623602
Russia,1915,10.479323
Russia,1916,10.306256
Russia,1917,9.297283
Russia,1918,8.031859
Russia,1919,7.4879303
Russia,1920,8.954589
Russia,1921,10.319483
Russia,1922,9.936506
Russia,1923,10.657427
Russia,1924,11.342507
Russia,1925,10.377555
Russia,1926,10.59744
Russia,1927,11.329854
Russia,1928,11.388491
Russia,1929,11.233789
Russia,1930,13.62853
Russia,1931,15.773535
Russia,1932,16.394379
Russia,1933,16.706158
Russia,1934,17.814579
Russia,1935,17.713129
Russia,1936,18.814442
Russia,1937,19.416536
Russia,1938,19.578617
Russia,1939,19.556671
Russia,1940,14.516111
Russia,1941,12.519414
Russia,1942,9.230144
Russia,1943,7.3273683
Russia,1944,7.0691633
Russia,1945,6.0991497
Russia,1946,4.8649015
Russia,1947,4.552251
Russia,1948,3.251888
Russia,1949,2.6389174
Russia,1950,5.6865935
Russia,1951,7.2008147
Russia,1952,8.088489
Russia,1953,9.161739
Russia,1954,10.468318
Russia,1955,11.700622
Russia,1956,12.6383915
Russia,1957,13.5324955
Russia,1958,12.383775
Russia,1959,17.482761
Russia,1960,13.726203
Russia,1961,14.810143
Russia,1962,12.168019
Russia,1963,12.1999235
Russia,1964,12.199976
Russia,1965,12.553424
Russia,1966,12.839656
Russia,1967,13.248403
Russia,1968,13.526479
Russia,1969,13.699032
Russia,1970,15.464507
Russia,1971,14.574168
Russia,1972,14.839089
Russia,1973,15.960081
Russia,1974,15.884226
Russia,1975,16.097763
Russia,1976,17.004885
Russia,1977,17.416187
Russia,1978,17.779503
Russia,1979,17.271564
Russia,1980,18.85781
Russia,1981,17.83306
Russia,1982,17.520403
Russia,1983,17.79315
Russia,1984,17.838306
Russia,1985,18.851986
Russia,1986,18.654453
Russia,1987,18.659052
Russia,1988,19.109543
Russia,1989,18.17747
Russia,1990,19.144983
Russia,1991,18.10093
Russia,1992,14.459562
Russia,1993,13.109187
Russia,1994,11.799662
Russia,1995,10.888201
Russia,1996,13.980262
Russia,1997,10.538107
Russia,1998,9.941306
Russia,1999,10.503286
Russia,2000,10.037571
Russia,2001,9.868613
Russia,2002,9.699152
Russia,2003,10.388101
Russia,2004,10.771719
Russia,2005,10.567203
Russia,2006,11.571026
Russia,2007,11.665139
Russia,2008,11.912039
Russia,2009,12.083084
Russia,2010,14.088308
Russia,2011,12.243356
Russia,2012,14.400909
Russia,2013,12.996241
Russia,2014,12.0537
Russia,2015,14.02972
Russia,2016,14.039906
Russia,2017,13.977525
Russia,2018,14.238618
Russia,2019,13.128999
Russia,2020,13.249375
Russia,2021,14.038639
Russia,2022,15.142707
Russia,2023,15.241377
Rwanda,1950,2.3180323
Rwanda,1951,2.0064495
Rwanda,1952,1.9169248
Rwanda,1953,1.8641721
Rwanda,1954,1.8181686
Rwanda,1955,1.896991
Rwanda,1956,1.8521985
Rwanda,1957,1.6218026
Rwanda,1958,1.8480303
Rwanda,1959,1.9335256
Rwanda,1960,1.5790964
Rwanda,1961,1.5289876
Rwanda,1962,1.579777
Rwanda,1963,1.5639158
Rwanda,1964,1.4356723
Rwanda,1965,1.3458966
Rwanda,1966,1.2926886
Rwanda,1967,1.205316
Rwanda,1968,1.27393
Rwanda,1969,1.1607399
Rwanda,1970,1.5659876
Rwanda,1971,2.059804
Rwanda,1972,1.7047472
Rwanda,1973,2.1721222
Rwanda,1974,2.0048409
Rwanda,1975,1.8210673
Rwanda,1976,1.672394
Rwanda,1977,1.5057755
Rwanda,1978,1.3596131
Rwanda,1979,1.2296549
Rwanda,1980,1.4044665
Rwanda,1981,1.2863196
Rwanda,1982,1.1151913
Rwanda,1983,1.0412854
Rwanda,1984,0.9379357
Rwanda,1985,0.8340008
Rwanda,1986,0.7508135
Rwanda,1987,0.6936614
Rwanda,1988,0.6145694
Rwanda,1989,0.6884205
Rwanda,1990,0.5620227
Rwanda,1991,0.5096794
Rwanda,1992,0.19685484
Rwanda,1993,0.09090718
Rwanda,1994,0.16098078
Rwanda,1995,0.53157413
Rwanda,1996,0.6179779
Rwanda,1997,0.5369221
Rwanda,1998,0.6165788
Rwanda,1999,1.2281199
Rwanda,2000,1.3292252
Rwanda,2001,1.077508
Rwanda,2002,0.8316634
Rwanda,2003,0.6820999
Rwanda,2004,0.57737434
Rwanda,2005,0.49361134
Rwanda,2006,0.46884212
Rwanda,2007,0.41197798
Rwanda,2008,0.42763475
Rwanda,2009,0.48808113
Rwanda,2010,0.4756306
Rwanda,2011,0.50510186
Rwanda,2012,0.48823825
Rwanda,2013,0.47706506
Rwanda,2014,0.4076106
Rwanda,2015,0.37016445
Rwanda,2016,0.34824255
Rwanda,2017,0.31524372
Rwanda,2018,0.29616508
Rwanda,2019,0.28139305
Rwanda,2020,0.2658371
Rwanda,2021,0.2821123
Rwanda,2022,0.25787395
Rwanda,2023,0.24522777
Saint Kitts and Nevis,1950,1.6387817
Saint Kitts and Nevis,1951,1.4078176
Saint Kitts and Nevis,1952,1.3374647
Saint Kitts and Nevis,1953,1.3853177
Saint Kitts and Nevis,1954,1.363363
Saint Kitts and Nevis,1955,1.4474905
Saint Kitts and Nevis,1956,1.3838165
Saint Kitts and Nevis,1957,1.1918437
Saint Kitts and Nevis,1958,0.7319547
Saint Kitts and Nevis,1959,1.876467
Saint Kitts and Nevis,1960,0.9161806
Saint Kitts and Nevis,1961,0.8301225
Saint Kitts and Nevis,1962,0.5619735
Saint Kitts and Nevis,1963,0.5494868
Saint Kitts and Nevis,1964,0.4973122
Saint Kitts and Nevis,1965,0.5333417
Saint Kitts and Nevis,1966,0.51069534
Saint Kitts and Nevis,1967,0.49549186
Saint Kitts and Nevis,1968,-1.6201677
Saint Kitts and Nevis,1969,-0.79828155
Saint Kitts and Nevis,1970,-0.6599803
Saint Kitts and Nevis,1971,-0.48593512
Saint Kitts and Nevis,1972,-0.41548368
Saint Kitts and Nevis,1973,-0.3576428
Saint Kitts and Nevis,1974,-0.13999769
Saint Kitts and Nevis,1975,-0.17821911
Saint Kitts and Nevis,1976,-0.051421583
Saint Kitts and Nevis,1977,-0.011836831
Saint Kitts and Nevis,1978,-0.05938826
Saint Kitts and Nevis,1979,0.06048448
Saint Kitts and Nevis,1980,0.4363942
Saint Kitts and Nevis,1981,-0.069538645
Saint Kitts and Nevis,1982,0.27330413
Saint Kitts and Nevis,1983,-0.63917553
Saint Kitts and Nevis,1984,-0.51883954
Saint Kitts and Nevis,1985,-1.0596682
Saint Kitts and Nevis,1986,-0.7337865
Saint Kitts and Nevis,1987,-0.6908356
Saint Kitts and Nevis,1988,-0.30356258
Saint Kitts and Nevis,1989,-1.0551845
Saint Kitts and Nevis,1990,0.47602078
Saint Kitts and Nevis,1991,0.72689396
Saint Kitts and Nevis,1992,0.96892625
Saint Kitts and Nevis,1993,-0.31825304
Saint Kitts and Nevis,1994,0.19574335
Saint Kitts and Nevis,1995,-0.707831
Saint Kitts and Nevis,1996,0.073538214
Saint Kitts and Nevis,1997,0.6491904
Saint Kitts and Nevis,1998,4.055
Saint Kitts and Nevis,1999,2.0823693
Saint Kitts and Nevis,2000,2.0458183
Saint Kitts and Nevis,2001,1.6268957
Saint Kitts and Nevis,2002,2.2487767
Saint Kitts and Nevis,2003,2.3368483
Saint Kitts and Nevis,2004,0.75991976
Saint Kitts and Nevis,2005,0.77524096
Saint Kitts and Nevis,2006,1.2713478
Saint Kitts and Nevis,2007,1.6841105
Saint Kitts and Nevis,2008,2.4559236
Saint Kitts and Nevis,2009,3.2637126
Saint Kitts and Nevis,2010,4.0266747
Saint Kitts and Nevis,2011,3.5228064
Saint Kitts and Nevis,2012,3.4859982
Saint Kitts and Nevis,2013,3.2428365
Saint Kitts and Nevis,2014,3.38589
Saint Kitts and Nevis,2015,3.404171
Saint Kitts and Nevis,2016,3.7073827
Saint Kitts and Nevis,2017,3.6734269
Saint Kitts and Nevis,2018,3.7607677
Saint Kitts and Nevis,2019,3.955889
Saint Kitts and Nevis,2020,3.5361178
Saint Kitts and Nevis,2021,3.6343668
Saint Kitts and Nevis,2022,3.547539
Saint Kitts and Nevis,2023,3.804117
Saint Lucia,1950,0.5348301
Saint Lucia,1951,0.66106206
Saint Lucia,1952,0.64988357
Saint Lucia,1953,0.5905542
Saint Lucia,1954,0.5464413
Saint Lucia,1955,0.51065797
Saint Lucia,1956,0.5333847
Saint Lucia,1957,0.5839248
Saint Lucia,1958,0.6716806
Saint Lucia,1959,1.707324
Saint Lucia,1960,0.770335
Saint Lucia,1961,0.5998138
Saint Lucia,1962,3.735364
Saint Lucia,1963,1.6402706
Saint Lucia,1964,1.0025351
Saint Lucia,1965,0.8939245
Saint Lucia,1966,3.9534159
Saint Lucia,1967,1.7491115
Saint Lucia,1968,1.2063481
Saint Lucia,1969,1.2284075
Saint Lucia,1970,4.1217513
Saint Lucia,1971,2.0700998
Saint Lucia,1972,1.5714861
Saint Lucia,1973,1.2999992
Saint Lucia,1974,1.452443
Saint Lucia,1975,1.1455586
Saint Lucia,1976,1.0734668
Saint Lucia,1977,0.8705765
Saint Lucia,1978,1.7428637
Saint Lucia,1979,2.433645
Saint Lucia,1980,2.243052
Saint Lucia,1981,1.8696285
Saint Lucia,1982,1.9894174
Saint Lucia,1983,2.1079671
Saint Lucia,1984,2.2420707
Saint Lucia,1985,2.0202494
Saint Lucia,1986,1.4494828
Saint Lucia,1987,1.3633335
Saint Lucia,1988,1.3988836
Saint Lucia,1989,1.2802497
Saint Lucia,1990,1.0018107
Saint Lucia,1991,1.0948447
Saint Lucia,1992,1.2683475
Saint Lucia,1993,1.4032872
Saint Lucia,1994,1.1721705
Saint Lucia,1995,1.1839615
Saint Lucia,1996,1.248731
Saint Lucia,1997,0.96393245
Saint Lucia,1998,1.336723
Saint Lucia,1999,1.1045414
Saint Lucia,2000,1.1388339
Saint Lucia,2001,1.0997467
Saint Lucia,2002,1.0116248
Saint Lucia,2003,0.93858194
Saint Lucia,2004,1.1370858
Saint Lucia,2005,0.9805663
Saint Lucia,2006,1.6378073
Saint Lucia,2007,1.4193304
Saint Lucia,2008,1.4282937
Saint Lucia,2009,1.4605775
Saint Lucia,2010,1.8595653
Saint Lucia,2011,1.9456434
Saint Lucia,2012,2.14309
Saint Lucia,2013,2.2234693
Saint Lucia,2014,2.0826623
Saint Lucia,2015,2.3000576
Saint Lucia,2016,2.0810642
Saint Lucia,2017,2.142458
Saint Lucia,2018,2.2300916
Saint Lucia,2019,2.1977115
Saint Lucia,2020,2.1086705
Saint Lucia,2021,2.2473917
Saint Lucia,2022,2.1794991
Saint Lucia,2023,2.3125355
Saint Vincent and the Grenadines,1950,0.41014928
Saint Vincent and the Grenadines,1951,0.65380013
Saint Vincent and the Grenadines,1952,0.9306771
Saint Vincent and the Grenadines,1953,0.99388427
Saint Vincent and the Grenadines,1954,1.0806653
Saint Vincent and the Grenadines,1955,1.1343622
Saint Vincent and the Grenadines,1956,1.1497638
Saint Vincent and the Grenadines,1957,1.1371216
Saint Vincent and the Grenadines,1958,1.1313235
Saint Vincent and the Grenadines,1959,1.2965411
Saint Vincent and the Grenadines,1960,0.67843
Saint Vincent and the Grenadines,1961,0.4861545
Saint Vincent and the Grenadines,1962,3.6232932
Saint Vincent and the Grenadines,1963,1.5243552
Saint Vincent and the Grenadines,1964,1.0019898
Saint Vincent and the Grenadines,1965,0.7379589
Saint Vincent and the Grenadines,1966,0.6529562
Saint Vincent and the Grenadines,1967,0.5663383
Saint Vincent and the Grenadines,1968,0.5509804
Saint Vincent and the Grenadines,1969,0.57991034
Saint Vincent and the Grenadines,1970,0.5209461
Saint Vincent and the Grenadines,1971,0.48166215
Saint Vincent and the Grenadines,1972,0.18253843
Saint Vincent and the Grenadines,1973,0.2321197
Saint Vincent and the Grenadines,1974,0.16713616
Saint Vincent and the Grenadines,1975,0.16867295
Saint Vincent and the Grenadines,1976,2.1382508
Saint Vincent and the Grenadines,1977,0.87535834
Saint Vincent and the Grenadines,1978,3.2842915
Saint Vincent and the Grenadines,1979,1.3697096
Saint Vincent and the Grenadines,1980,0.9682366
Saint Vincent and the Grenadines,1981,0.43881494
Saint Vincent and the Grenadines,1982,2.910352
Saint Vincent and the Grenadines,1983,1.3248168
Saint Vincent and the Grenadines,1984,1.0597799
Saint Vincent and the Grenadines,1985,3.3654525
Saint Vincent and the Grenadines,1986,1.2505772
Saint Vincent and the Grenadines,1987,0.799904
Saint Vincent and the Grenadines,1988,0.42822617
Saint Vincent and the Grenadines,1989,0.34749058
Saint Vincent and the Grenadines,1990,0.24488077
Saint Vincent and the Grenadines,1991,0.15251693
Saint Vincent and the Grenadines,1992,0.05375445
Saint Vincent and the Grenadines,1993,0.13556519
Saint Vincent and the Grenadines,1994,0.2204002
Saint Vincent and the Grenadines,1995,0.22014096
Saint Vincent and the Grenadines,1996,1.1926273
Saint Vincent and the Grenadines,1997,0.4428431
Saint Vincent and the Grenadines,1998,0.43358457
Saint Vincent and the Grenadines,1999,1.3418676
Saint Vincent and the Grenadines,2000,0.62880784
Saint Vincent and the Grenadines,2001,0.8002073
Saint Vincent and the Grenadines,2002,0.8377389
Saint Vincent and the Grenadines,2003,0.9365053
Saint Vincent and the Grenadines,2004,1.1458831
Saint Vincent and the Grenadines,2005,1.1680995
Saint Vincent and the Grenadines,2006,1.1930184
Saint Vincent and the Grenadines,2007,2.9014103
Saint Vincent and the Grenadines,2008,2.5492628
Saint Vincent and the Grenadines,2009,3.3254218
Saint Vincent and the Grenadines,2010,1.9377707
Saint Vincent and the Grenadines,2011,1.6383657
Saint Vincent and the Grenadines,2012,1.8474035
Saint Vincent and the Grenadines,2013,4.149664
Saint Vincent and the Grenadines,2014,2.6085737
Saint Vincent and the Grenadines,2015,1.9654454
Saint Vincent and the Grenadines,2016,1.853868
Saint Vincent and the Grenadines,2017,1.5245564
Saint Vincent and the Grenadines,2018,1.72149
Saint Vincent and the Grenadines,2019,1.524805
Saint Vincent and the Grenadines,2020,1.6597736
Saint Vincent and the Grenadines,2021,1.6271058
Saint Vincent and the Grenadines,2022,1.5696055
Saint Vincent and the Grenadines,2023,1.6829232
Samoa,1950,3.7039835
Samoa,1951,3.6725445
Samoa,1952,3.678391
Samoa,1953,3.6536734
Samoa,1954,3.6741397
Samoa,1955,3.6672938
Samoa,1956,3.6609251
Samoa,1957,3.6946921
Samoa,1958,3.6620076
Samoa,1959,3.639981
Samoa,1960,2.790744
Samoa,1961,2.7654686
Samoa,1962,2.2776
Samoa,1963,1.9643191
Samoa,1964,3.7330444
Samoa,1965,2.8720298
Samoa,1966,2.3349814
Samoa,1967,2.3501372
Samoa,1968,1.9966348
Samoa,1969,1.9015174
Samoa,1970,1.8054545
Samoa,1971,1.6032636
Samoa,1972,1.4149362
Samoa,1973,1.2627151
Samoa,1974,1.504675
Samoa,1975,2.6773207
Samoa,1976,2.6169763
Samoa,1977,2.2666874
Samoa,1978,2.8830636
Samoa,1979,2.461117
Samoa,1980,2.986109
Samoa,1981,2.4513376
Samoa,1982,2.235255
Samoa,1983,2.0671232
Samoa,1984,1.8260676
Samoa,1985,1.8272556
Samoa,1986,1.4636257
Samoa,1987,1.4288526
Samoa,1988,-1.5178778
Samoa,1989,-1.2520521
Samoa,1990,-1.0444973
Samoa,1991,-1.0916545
Samoa,1992,-0.8903157
Samoa,1993,-0.88541067
Samoa,1994,-0.8203364
Samoa,1995,-0.6224259
Samoa,1996,-0.47931746
Samoa,1997,-0.38141513
Samoa,1998,-0.37054372
Samoa,1999,-0.74892086
Samoa,2000,-0.5474347
Samoa,2001,-0.49977177
Samoa,2002,-0.57413274
Samoa,2003,-0.6948707
Samoa,2004,-0.8968211
Samoa,2005,-0.8533784
Samoa,2006,-0.8607235
Samoa,2007,-1.0911119
Samoa,2008,-1.1504276
Samoa,2009,0.40276983
Samoa,2010,1.526453
Samoa,2011,2.378886
Samoa,2012,3.0058863
Samoa,2013,3.6106787
Samoa,2014,4.208281
Samoa,2015,2.9705162
Samoa,2016,2.0319037
Samoa,2017,1.7887181
Samoa,2018,1.5538529
Samoa,2019,1.5588591
Samoa,2020,1.2987401
Samoa,2021,1.1262243
Samoa,2022,0.992404
Samoa,2023,0.8779109
Sao Tome and Principe,1951,-2.2458575
Sao Tome and Principe,1952,-1.7692759
Sao Tome and Principe,1953,-2.2420015
Sao Tome and Principe,1954,-3.193434
Sao Tome and Principe,1955,-1.8229789
Sao Tome and Principe,1956,-1.9320296
Sao Tome and Principe,1957,-2.0039892
Sao Tome and Principe,1958,-2.2873495
Sao Tome and Principe,1959,-4.7224526
Sao Tome and Principe,1960,-4.8879204
Sao Tome and Principe,1961,-4.3401823
Sao Tome and Principe,1962,-4.335132
Sao Tome and Principe,1963,-4.5790195
Sao Tome and Principe,1964,-3.1040678
Sao Tome and Principe,1965,-3.3297932
Sao Tome and Principe,1966,-3.5330021
Sao Tome and Principe,1967,-3.417303
Sao Tome and Principe,1968,-3.1339326
Sao Tome and Principe,1969,-2.6281207
Sao Tome and Principe,1970,-0.8830737
Sao Tome and Principe,1971,-2.0356584
Sao Tome and Principe,1972,-2.4091992
Sao Tome and Principe,1973,-2.2280242
Sao Tome and Principe,1974,-1.8636231
Sao Tome and Principe,1975,-1.5813365
Sao Tome and Principe,1976,-1.4488648
Sao Tome and Principe,1977,-1.0822873
Sao Tome and Principe,1978,-1.2133356
Sao Tome and Principe,1979,-1.3491671
Sao Tome and Principe,1980,-1.0614576
Sao Tome and Principe,1981,-1.6187471
Sao Tome and Principe,1982,-0.6746717
Sao Tome and Principe,1983,-1.7899891
Sao Tome and Principe,1984,-0.64379203
Sao Tome and Principe,1985,-1.2284616
Sao Tome and Principe,1986,-1.4201243
Sao Tome and Principe,1987,-0.13834067
Sao Tome and Principe,1988,-0.8511892
Sao Tome and Principe,1989,-1.3050039
Sao Tome and Principe,1990,-0.3355699
Sao Tome and Principe,1991,-0.47728303
Sao Tome and Principe,1992,-0.69942224
Sao Tome and Principe,1993,0.16405928
Sao Tome and Principe,1994,-0.756799
Sao Tome and Principe,1995,-0.7626089
Sao Tome and Principe,1996,-0.87715936
Sao Tome and Principe,1997,2.2132838
Sao Tome and Principe,1998,3.2825737
Sao Tome and Principe,1999,2.0437884
Sao Tome and Principe,2000,1.2001266
Sao Tome and Principe,2001,0.40684962
Sao Tome and Principe,2002,0.37009856
Sao Tome and Principe,2003,1.3723918
Sao Tome and Principe,2004,0.26582885
Sao Tome and Principe,2005,-0.14941405
Sao Tome and Principe,2006,0.3141684
Sao Tome and Principe,2007,0.005398779
Sao Tome and Principe,2008,0.008013124
Sao Tome and Principe,2009,-0.022252373
Sao Tome and Principe,2010,1.554903
Sao Tome and Principe,2011,1.2514821
Sao Tome and Principe,2012,0.60142636
Sao Tome and Principe,2013,1.5970031
Sao Tome and Principe,2014,0.90982586
Sao Tome and Principe,2015,2.566904
Sao Tome and Principe,2016,1.8853174
Sao Tome and Principe,2017,1.0053151
Sao Tome and Principe,2018,0.9871885
Sao Tome and Principe,2019,0.8016363
Sao Tome and Principe,2020,0.7287149
Sao Tome and Principe,2021,0.8058535
Sao Tome and Principe,2022,0.8457579
Sao Tome and Principe,2023,0.8665377
Saudi Arabia,1936,-0.15917914
Saudi Arabia,1937,-0.15070839
Saudi Arabia,1938,-0.083948284
Saudi Arabia,1939,0.43825576
Saudi Arabia,1940,0.6012692
Saudi Arabia,1941,0.4712298
Saudi Arabia,1942,0.49561912
Saudi Arabia,1943,0.52040297
Saudi Arabia,1944,0.950004
Saudi Arabia,1945,2.8329186
Saudi Arabia,1946,8.328555
Saudi Arabia,1947,12.463551
Saudi Arabia,1948,5.781105
Saudi Arabia,1949,5.8593693
Saudi Arabia,1950,2.9913142
Saudi Arabia,1951,0.13776648
Saudi Arabia,1952,0.23494843
Saudi Arabia,1953,0.5424555
Saudi Arabia,1954,0.94953287
Saudi Arabia,1955,1.3707402
Saudi Arabia,1956,1.1109357
Saudi Arabia,1957,1.3080842
Saudi Arabia,1958,1.2454864
Saudi Arabia,1959,1.1734141
Saudi Arabia,1960,1.21409
Saudi Arabia,1961,1.6266396
Saudi Arabia,1962,2.6638696
Saudi Arabia,1963,2.9393847
Saudi Arabia,1964,2.8556828
Saudi Arabia,1965,1.8070551
Saudi Arabia,1966,2.4611247
Saudi Arabia,1967,8.582436
Saudi Arabia,1968,9.462921
Saudi Arabia,1969,10.922589
Saudi Arabia,1970,13.32709
Saudi Arabia,1971,16.707891
Saudi Arabia,1972,18.69482
Saudi Arabia,1973,23.96683
Saudi Arabia,1974,23.517395
Saudi Arabia,1975,19.028217
Saudi Arabia,1976,21.801744
Saudi Arabia,1977,23.878262
Saudi Arabia,1978,21.991041
Saudi Arabia,1979,24.78647
Saudi Arabia,1980,28.53648
Saudi Arabia,1981,27.84566
Saudi Arabia,1982,24.25135
Saudi Arabia,1983,23.317896
Saudi Arabia,1984,21.523777
Saudi Arabia,1985,22.361912
Saudi Arabia,1986,25.003351
Saudi Arabia,1987,22.001066
Saudi Arabia,1988,22.097416
Saudi Arabia,1989,21.261696
Saudi Arabia,1990,18.24308
Saudi Arabia,1991,22.714352
Saudi Arabia,1992,24.184166
Saudi Arabia,1993,24.724436
Saudi Arabia,1994,23.084658
Saudi Arabia,1995,20.838556
Saudi Arabia,1996,19.61783
Saudi Arabia,1997,15.908952
Saudi Arabia,1998,14.762912
Saudi Arabia,1999,15.448031
Saudi Arabia,2000,19.224726
Saudi Arabia,2001,19.110851
Saudi Arabia,2002,19.503563
Saudi Arabia,2003,18.737207
Saudi Arabia,2004,20.771557
Saudi Arabia,2005,20.057056
Saudi Arabia,2006,20.765844
Saudi Arabia,2007,18.902262
Saudi Arabia,2008,20.086336
Saudi Arabia,2009,20.748356
Saudi Arabia,2010,22.037666
Saudi Arabia,2011,20.644566
Saudi Arabia,2012,22.331661
Saudi Arabia,2013,21.036629
Saudi Arabia,2014,20.326899
Saudi Arabia,2015,20.904057
Saudi Arabia,2016,20.930553
Saudi Arabia,2017,19.98554
Saudi Arabia,2018,21.002361
Saudi Arabia,2019,21.571758
Saudi Arabia,2020,19.868534
Saudi Arabia,2021,22.211964
Saudi Arabia,2022,22.484827
Saudi Arabia,2023,22.13666
Senegal,1949,6.600469
Senegal,1950,6.302606
Senegal,1951,5.6724424
Senegal,1952,5.28256
Senegal,1953,5.193198
Senegal,1954,4.9906754
Senegal,1955,4.8564286
Senegal,1956,4.7024274
Senegal,1957,4.8960404
Senegal,1958,4.623967
Senegal,1959,4.579106
Senegal,1960,3.290809
Senegal,1961,2.6056557
Senegal,1962,3.8703558
Senegal,1963,2.779222
Senegal,1964,3.9597378
Senegal,1965,2.8327785
Senegal,1966,3.7059236
Senegal,1967,4.9656844
Senegal,1968,1.7621688
Senegal,1969,0.9119439
Senegal,1970,1.8271793
Senegal,1971,1.210021
Senegal,1972,1.5875181
Senegal,1973,1.8847367
Senegal,1974,1.3631891
Senegal,1975,1.2273254
Senegal,1976,0.040864356
Senegal,1977,0.1207387
Senegal,1978,0.24540664
Senegal,1979,0.31255496
Senegal,1980,0.53326684
Senegal,1981,0.60356015
Senegal,1982,0.4674469
Senegal,1983,0.39764655
Senegal,1984,0.4952973
Senegal,1985,0.44033855
Senegal,1986,0.42609364
Senegal,1987,0.46360013
Senegal,1988,0.42241472
Senegal,1989,0.5670138
Senegal,1990,0.14227052
Senegal,1991,0.6454026
Senegal,1992,0.69816434
Senegal,1993,1.2365841
Senegal,1994,0.60677654
Senegal,1995,1.3683817
Senegal,1996,0.05358018
Senegal,1997,-0.6310977
Senegal,1998,3.7909899
Senegal,1999,1.6964357
Senegal,2000,0.5150585
Senegal,2001,0.20367478
Senegal,2002,-0.085111134
Senegal,2003,0.28547984
Senegal,2004,0.9273273
Senegal,2005,0.058189265
Senegal,2006,0.09310161
Senegal,2007,3.7167292
Senegal,2008,2.037407
Senegal,2009,1.4105343
Senegal,2010,0.5712988
Senegal,2011,0.48619092
Senegal,2012,0.411963
Senegal,2013,0.43930835
Senegal,2014,1.8001301
Senegal,2015,1.1696693
Senegal,2016,1.0295715
Senegal,2017,0.89864683
Senegal,2018,0.8354183
Senegal,2019,0.8541105
Senegal,2020,0.6955192
Senegal,2021,0.76830506
Senegal,2022,0.7489222
Senegal,2023,0.7100584
Serbia,1885,8.880281
Serbia,1890,8.29655
Serbia,1891,8.193851
Serbia,1892,8.101833
Serbia,1893,8.028448
Serbia,1894,7.886794
Serbia,1895,7.750842
Serbia,1896,7.734308
Serbia,1897,7.541253
Serbia,1898,7.4620934
Serbia,1899,7.4060903
Serbia,1900,7.3516603
Serbia,1901,7.1683445
Serbia,1902,7.086835
Serbia,1903,7.0090737
Serbia,1904,6.9543543
Serbia,1905,6.7997437
Serbia,1906,6.7148666
Serbia,1907,6.684652
Serbia,1908,6.5736465
Serbia,1909,6.4444914
Serbia,1910,6.251901
Serbia,1911,6.200177
Serbia,1912,5.9989476
Serbia,1913,6.2438025
Serbia,1919,5.388603
Serbia,1920,5.3384113
Serbia,1921,5.3449407
Serbia,1922,5.443567
Serbia,1923,5.3801813
Serbia,1924,5.204345
Serbia,1925,5.2334814
Serbia,1926,5.0450306
Serbia,1927,5.145236
Serbia,1928,5.185481
Serbia,1929,5.0612173
Serbia,1930,4.851019
Serbia,1931,4.628153
Serbia,1932,4.3342934
Serbia,1933,4.184661
Serbia,1934,4.120123
Serbia,1935,4.091949
Serbia,1936,3.96969
Serbia,1937,3.895113
Serbia,1938,3.7750053
Serbia,1939,3.7365847
Serbia,1940,3.6408966
Serbia,1943,2.614689
Serbia,1944,2.4382925
Serbia,1945,2.7661185
Serbia,1946,3.1605248
Serbia,1947,3.361336
Serbia,1948,3.4341848
Serbia,1949,3.5153208
Serbia,1950,4.711551
Serbia,1951,4.8123326
Serbia,1952,4.934611
Serbia,1953,4.758845
Serbia,1954,4.8685617
Serbia,1955,4.899626
Serbia,1956,4.916391
Serbia,1957,4.940796
Serbia,1958,4.7772264
Serbia,1959,5.1665664
Serbia,1960,4.5011
Serbia,1961,4.184665
Serbia,1962,3.912889
Serbia,1963,4.0287323
Serbia,1964,4.0962553
Serbia,1965,3.9630384
Serbia,1966,3.8288465
Serbia,1967,3.7274978
Serbia,1968,3.829214
Serbia,1969,3.7852447
Serbia,1970,4.6408453
Serbia,1971,4.850871
Serbia,1972,4.431716
Serbia,1973,5.1822634
Serbia,1974,5.12113
Serbia,1975,5.2402496
Serbia,1976,5.26574
Serbia,1977,5.103622
Serbia,1978,5.5962234
Serbia,1979,6.257329
Serbia,1980,5.986482
Serbia,1981,6.4497814
Serbia,1982,5.861456
Serbia,1983,6.3299217
Serbia,1984,6.656836
Serbia,1985,6.844893
Serbia,1986,7.120966
Serbia,1987,6.934209
Serbia,1988,7.2115
Serbia,1989,7.1355042
Serbia,1990,6.958778
Serbia,1991,4.2027817
Serbia,1992,4.7222424
Serbia,1993,4.009022
Serbia,1994,3.9673166
Serbia,1995,4.1183367
Serbia,1996,5.0351653
Serbia,1997,5.8116174
Serbia,1998,4.8125505
Serbia,1999,2.876717
Serbia,2000,4.193642
Serbia,2001,4.7744303
Serbia,2002,5.292633
Serbia,2003,5.938849
Serbia,2004,6.79692
Serbia,2005,2.5933735
Serbia,2006,4.090721
Serbia,2007,4.3298125
Serbia,2008,3.1881013
Serbia,2009,2.814147
Serbia,2010,2.8206213
Serbia,2011,3.188539
Serbia,2012,2.722667
Serbia,2013,3.0434048
Serbia,2014,2.0947561
Serbia,2015,3.2691164
Serbia,2016,3.4559665
Serbia,2017,3.894917
Serbia,2018,3.7150965
Serbia,2019,4.0295625
Serbia,2020,4.2050114
Serbia,2021,4.1358395
Serbia,2022,4.2389708
Serbia,2023,4.1790447
Seychelles,1963,0.159121
Seychelles,1964,0.15551452
Seychelles,1965,0.15190083
Seychelles,1966,0.14823805
Seychelles,1967,0.14470203
Seychelles,1968,0.14131713
Seychelles,1969,0.13812603
Seychelles,1970,0.5405525
Seychelles,1971,0.5942478
Seychelles,1972,0.7731997
Seychelles,1973,0.81742203
Seychelles,1974,0.92034096
Seychelles,1975,0.95806503
Seychelles,1976,1.2853066
Seychelles,1977,1.3152908
Seychelles,1978,1.1844646
Seychelles,1979,1.8440984
Seychelles,1980,1.4384031
Seychelles,1981,1.4782583
Seychelles,1982,1.2462217
Seychelles,1983,1.4478822
Seychelles,1984,1.4325764
Seychelles,1985,2.1525764
Seychelles,1986,2.3374965
Seychelles,1987,2.82609
Seychelles,1988,2.741223
Seychelles,1989,3.208143
Seychelles,1990,2.0313168
Seychelles,1991,2.3027387
Seychelles,1992,2.2781549
Seychelles,1993,2.3988163
Seychelles,1994,2.6092474
Seychelles,1995,2.5337567
Seychelles,1996,2.9734225
Seychelles,1997,3.451134
Seychelles,1998,3.5870376
Seychelles,1999,3.7091353
Seychelles,2000,3.7833517
Seychelles,2001,4.072507
Seychelles,2002,4.0554585
Seychelles,2003,3.9164646
Seychelles,2004,4.1992126
Seychelles,2005,4.2702527
Seychelles,2006,4.258249
Seychelles,2007,4.408133
Seychelles,2008,4.4754896
Seychelles,2009,4.697135
Seychelles,2010,4.6697283
Seychelles,2011,4.1935163
Seychelles,2012,4.270954
Seychelles,2013,4.0565124
Seychelles,2014,4.3775806
Seychelles,2015,4.6486616
Seychelles,2016,5.0392933
Seychelles,2017,5.1178646
Seychelles,2018,5.225092
Seychelles,2019,5.046789
Seychelles,2020,4.966297
Seychelles,2021,4.9766817
Seychelles,2022,4.4126396
Seychelles,2023,4.3078337
Sierra Leone,1950,14.150386
Sierra Leone,1951,10.884097
Sierra Leone,1952,7.965618
Sierra Leone,1953,6.4889326
Sierra Leone,1954,5.5468645
Sierra Leone,1955,4.8913684
Sierra Leone,1956,4.472927
Sierra Leone,1957,4.1161656
Sierra Leone,1958,3.7250376
Sierra Leone,1959,3.490617
Sierra Leone,1960,3.487123
Sierra Leone,1961,3.7415836
Sierra Leone,1962,3.870703
Sierra Leone,1963,3.8586335
Sierra Leone,1964,3.7675114
Sierra Leone,1965,3.6822736
Sierra Leone,1966,3.5963793
Sierra Leone,1967,3.8327334
Sierra Leone,1968,3.5987425
Sierra Leone,1969,3.717443
Sierra Leone,1970,3.5029688
Sierra Leone,1971,3.3346207
Sierra Leone,1972,3.1922057
Sierra Leone,1973,3.0454433
Sierra Leone,1974,2.9532433
Sierra Leone,1975,2.8780513
Sierra Leone,1976,2.7913275
Sierra Leone,1977,3.09109
Sierra Leone,1978,3.2231624
Sierra Leone,1979,2.9146326
Sierra Leone,1980,2.7040946
Sierra Leone,1981,3.1774302
Sierra Leone,1982,2.7052903
Sierra Leone,1983,3.1546648
Sierra Leone,1984,5.246916
Sierra Leone,1985,4.031059
Sierra Leone,1986,3.175821
Sierra Leone,1987,2.5538876
Sierra Leone,1988,2.1836848
Sierra Leone,1989,1.9284221
Sierra Leone,1990,1.7531283
Sierra Leone,1991,1.5297947
Sierra Leone,1992,1.3882143
Sierra Leone,1993,1.2980644
Sierra Leone,1994,1.3600955
Sierra Leone,1995,1.3082771
Sierra Leone,1996,1.2595263
Sierra Leone,1997,1.3017476
Sierra Leone,1998,1.4053459
Sierra Leone,1999,1.9674636
Sierra Leone,2000,9.133211
Sierra Leone,2001,14.492471
Sierra Leone,2002,19.731586
Sierra Leone,2003,18.313053
Sierra Leone,2004,14.256576
Sierra Leone,2005,17.075714
Sierra Leone,2006,8.4073515
Sierra Leone,2007,6.9886975
Sierra Leone,2008,6.71301
Sierra Leone,2009,6.8811436
Sierra Leone,2010,6.3157487
Sierra Leone,2011,3.7393274
Sierra Leone,2012,3.9306386
Sierra Leone,2013,2.7464907
Sierra Leone,2014,2.1859002
Sierra Leone,2015,1.8855921
Sierra Leone,2016,1.7844213
Sierra Leone,2017,1.5964787
Sierra Leone,2018,1.4067019
Sierra Leone,2019,1.280665
Sierra Leone,2020,1.2214663
Sierra Leone,2021,1.1473415
Sierra Leone,2022,1.0356486
Sierra Leone,2023,0.9515824
Singapore,1950,1.9010508
Singapore,1951,2.6401465
Singapore,1952,3.0502675
Singapore,1953,2.9351876
Singapore,1954,3.029463
Singapore,1955,3.0904994
Singapore,1956,2.903063
Singapore,1957,1.1579887
Singapore,1958,1.4729855
Singapore,1959,0.972053
Singapore,1960,0.66527176
Singapore,1961,1.1160499
Singapore,1962,1.335936
Singapore,1963,1.7754797
Singapore,1964,1.9058083
Singapore,1965,1.216452
Singapore,1966,0.19001305
Singapore,1967,1.4072685
Singapore,1968,2.4894142
Singapore,1969,3.3366728
Singapore,1970,8.480931
Singapore,1971,7.6223626
Singapore,1972,10.00492
Singapore,1973,9.37787
Singapore,1974,9.549491
Singapore,1975,10.490203
Singapore,1976,12.754368
Singapore,1977,11.844723
Singapore,1978,13.738749
Singapore,1979,14.835114
Singapore,1980,12.488581
Singapore,1981,10.158918
Singapore,1982,10.825291
Singapore,1983,12.445738
Singapore,1984,11.78978
Singapore,1985,11.910396
Singapore,1986,12.514922
Singapore,1987,11.540484
Singapore,1988,12.477547
Singapore,1989,14.030831
Singapore,1990,14.379753
Singapore,1991,14.153495
Singapore,1992,14.769563
Singapore,1993,15.051208
Singapore,1994,17.70938
Singapore,1995,11.573884
Singapore,1996,13.182576
Singapore,1997,15.019159
Singapore,1998,12.227008
Singapore,1999,12.459925
Singapore,2000,9.307556
Singapore,2001,9.416025
Singapore,2002,9.751282
Singapore,2003,9.597025
Singapore,2004,9.864642
Singapore,2005,9.309646
Singapore,2006,9.238915
Singapore,2007,8.974308
Singapore,2008,8.396483
Singapore,2009,8.246431
Singapore,2010,8.780039
Singapore,2011,9.117286
Singapore,2012,8.749959
Singapore,2013,8.753875
Singapore,2014,8.782511
Singapore,2015,8.964771
Singapore,2016,8.82022
Singapore,2017,8.953499
Singapore,2018,8.940075
Singapore,2019,8.656956
Singapore,2020,8.324619
Singapore,2021,9.046953
Singapore,2022,8.486724
Singapore,2023,8.520643
Slovakia,1860,1.8475449
Slovakia,1861,1.8212081
Slovakia,1862,1.8386619
Slovakia,1863,1.8714277
Slovakia,1864,1.885586
Slovakia,1865,1.9181886
Slovakia,1866,1.9773344
Slovakia,1867,2.021043
Slovakia,1868,2.0203242
Slovakia,1869,2.0479853
Slovakia,1870,2.1277716
Slovakia,1871,2.1651862
Slovakia,1872,2.205821
Slovakia,1873,2.266619
Slovakia,1874,2.3029482
Slovakia,1875,2.3161333
Slovakia,1876,2.9451578
Slovakia,1877,2.9937944
Slovakia,1878,3.0480638
Slovakia,1879,3.1570468
Slovakia,1880,3.2751713
Slovakia,1881,3.3433943
Slovakia,1882,3.3645356
Slovakia,1883,3.4778743
Slovakia,1884,3.52509
Slovakia,1885,3.6193936
Slovakia,1886,3.7402003
Slovakia,1887,3.852235
Slovakia,1888,3.964557
Slovakia,1889,4.0906525
Slovakia,1890,4.2303133
Slovakia,1891,4.290629
Slovakia,1892,4.304025
Slovakia,1893,4.3668995
Slovakia,1894,4.4059987
Slovakia,1895,4.4811373
Slovakia,1896,4.5461583
Slovakia,1897,4.7268057
Slovakia,1898,4.78797
Slovakia,1899,4.8810716
Slovakia,1900,4.839839
Slovakia,1901,4.97012
Slovakia,1902,4.97314
Slovakia,1903,5.0203495
Slovakia,1904,5.069976
Slovakia,1905,5.158885
Slovakia,1906,5.2889757
Slovakia,1907,5.4865165
Slovakia,1908,5.5358534
Slovakia,1909,5.479991
Slovakia,1910,5.329321
Slovakia,1911,5.352042
Slovakia,1912,5.5579886
Slovakia,1913,5.7364774
Slovakia,1914,5.2380495
Slovakia,1915,5.181485
Slovakia,1916,5.424231
Slovakia,1917,5.1110935
Slovakia,1918,4.411861
Slovakia,1919,4.121748
Slovakia,1920,4.645101
Slovakia,1921,4.7205234
Slovakia,1922,4.469395
Slovakia,1923,4.7505693
Slovakia,1924,5.527894
Slovakia,1925,5.382703
Slovakia,1926,5.5046515
Slovakia,1927,5.834443
Slovakia,1928,6.098072
Slovakia,1929,6.599135
Slovakia,1930,5.474064
Slovakia,1931,4.968613
Slovakia,1932,4.329253
Slovakia,1933,3.893982
Slovakia,1934,3.7560458
Slovakia,1935,3.694643
Slovakia,1936,3.8174431
Slovakia,1937,4.390246
Slovakia,1938,4.870837
Slovakia,1939,5.206671
Slovakia,1940,5.711171
Slovakia,1941,5.6561513
Slovakia,1942,6.0217686
Slovakia,1943,6.5757847
Slovakia,1944,6.1595626
Slovakia,1945,3.1140804
Slovakia,1946,3.8519893
Slovakia,1947,4.345556
Slovakia,1948,4.640582
Slovakia,1949,4.8263655
Slovakia,1950,5.8071275
Slovakia,1951,6.469183
Slovakia,1952,7.049389
Slovakia,1953,7.357392
Slovakia,1954,7.787506
Slovakia,1955,7.990232
Slovakia,1956,8.38129
Slovakia,1957,8.564833
Slovakia,1958,9.049316
Slovakia,1959,9.194178
Slovakia,1960,9.334183
Slovakia,1961,9.434289
Slovakia,1962,9.644223
Slovakia,1963,9.845578
Slovakia,1964,9.978101
Slovakia,1965,9.544176
Slovakia,1966,9.388213
Slovakia,1967,9.267018
Slovakia,1968,9.566258
Slovakia,1969,9.998836
Slovakia,1970,11.329639
Slovakia,1971,11.790071
Slovakia,1972,11.762162
Slovakia,1973,11.684544
Slovakia,1974,11.6560335
Slovakia,1975,12.074281
Slovakia,1976,12.44656
Slovakia,1977,12.681804
Slovakia,1978,12.671358
Slovakia,1979,12.196995
Slovakia,1980,12.248979
Slovakia,1981,12.07049
Slovakia,1982,11.900123
Slovakia,1983,11.838591
Slovakia,1984,12.114076
Slovakia,1985,11.880626
Slovakia,1986,11.905769
Slovakia,1987,11.69411
Slovakia,1988,11.424918
Slovakia,1989,10.869588
Slovakia,1990,11.996493
Slovakia,1991,10.32186
Slovakia,1992,9.549278
Slovakia,1993,8.940722
Slovakia,1994,8.589163
Slovakia,1995,8.568697
Slovakia,1996,8.575883
Slovakia,1997,8.5858345
Slovakia,1998,8.60896
Slovakia,1999,8.524341
Slovakia,2000,7.6272993
Slovakia,2001,7.9537783
Slovakia,2002,7.8391056
Slovakia,2003,7.2252836
Slovakia,2004,7.5640674
Slovakia,2005,7.7635345
Slovakia,2006,7.882111
Slovakia,2007,7.835457
Slovakia,2008,7.9631677
Slovakia,2009,7.4152355
Slovakia,2010,7.618452
Slovakia,2011,7.584692
Slovakia,2012,7.074965
Slovakia,2013,7.073898
Slovakia,2014,6.804124
Slovakia,2015,7.085518
Slovakia,2016,7.3454485
Slovakia,2017,7.3454866
Slovakia,2018,7.0320644
Slovakia,2019,6.4380627
Slovakia,2020,5.8246517
Slovakia,2021,6.4872947
Slovakia,2022,5.706064
Slovakia,2023,5.455208
Slovenia,1885,3.12213
Slovenia,1890,3.2887192
Slovenia,1891,3.3378444
Slovenia,1892,3.4276838
Slovenia,1893,3.4420686
Slovenia,1894,3.4211233
Slovenia,1895,3.475907
Slovenia,1896,3.4920506
Slovenia,1897,3.544427
Slovenia,1898,3.5594225
Slovenia,1899,3.4698045
Slovenia,1900,3.6360283
Slovenia,1901,3.6023402
Slovenia,1902,3.6108403
Slovenia,1903,3.67657
Slovenia,1904,3.6634567
Slovenia,1905,3.611816
Slovenia,1906,3.681743
Slovenia,1907,3.6826525
Slovenia,1908,3.736989
Slovenia,1909,3.7041554
Slovenia,1910,3.7405384
Slovenia,1911,3.885641
Slovenia,1912,3.843068
Slovenia,1913,4.1907697
Slovenia,1919,4.0972147
Slovenia,1920,4.266645
Slovenia,1921,4.313247
Slovenia,1922,4.5357842
Slovenia,1923,4.4673176
Slovenia,1924,4.331037
Slovenia,1925,4.353203
Slovenia,1926,4.27024
Slovenia,1927,4.4031835
Slovenia,1928,4.3911133
Slovenia,1929,4.4665546
Slovenia,1930,4.192182
Slovenia,1931,4.152962
Slovenia,1932,3.9075992
Slovenia,1933,3.7825544
Slovenia,1934,3.7089133
Slovenia,1935,3.8235192
Slovenia,1936,3.6668124
Slovenia,1937,3.6406627
Slovenia,1938,3.6773117
Slovenia,1939,3.5710375
Slovenia,1940,3.5994666
Slovenia,1943,2.744167
Slovenia,1944,2.6494389
Slovenia,1945,3.1329195
Slovenia,1946,3.6060026
Slovenia,1947,3.7835426
Slovenia,1948,3.769264
Slovenia,1949,4.114164
Slovenia,1950,3.7403424
Slovenia,1951,3.361954
Slovenia,1952,3.420251
Slovenia,1953,3.2431931
Slovenia,1954,3.3538268
Slovenia,1955,3.4874663
Slovenia,1956,3.6647394
Slovenia,1957,3.7548435
Slovenia,1958,3.6371095
Slovenia,1959,3.9299743
Slovenia,1960,4.0114403
Slovenia,1961,4.010763
Slovenia,1962,3.9323766
Slovenia,1963,4.1985846
Slovenia,1964,4.565346
Slovenia,1965,4.543073
Slovenia,1966,4.4359026
Slovenia,1967,4.620577
Slovenia,1968,4.846078
Slovenia,1969,4.9404035
Slovenia,1970,6.076692
Slovenia,1971,6.4361973
Slovenia,1972,5.7719173
Slovenia,1973,6.647957
Slovenia,1974,6.477244
Slovenia,1975,6.5871496
Slovenia,1976,6.6620717
Slovenia,1977,6.479112
Slovenia,1978,6.9826117
Slovenia,1979,7.5939307
Slovenia,1980,7.220395
Slovenia,1981,7.717213
Slovenia,1982,7.0865207
Slovenia,1983,7.623344
Slovenia,1984,7.9909716
Slovenia,1985,8.186225
Slovenia,1986,8.641743
Slovenia,1987,8.134107
Slovenia,1988,7.909961
Slovenia,1989,7.795701
Slovenia,1990,7.555077
Slovenia,1991,6.6971197
Slovenia,1992,6.3646626
Slovenia,1993,6.4110003
Slovenia,1994,6.544503
Slovenia,1995,6.730029
Slovenia,1996,6.8365784
Slovenia,1997,7.442113
Slovenia,1998,7.6035833
Slovenia,1999,7.5552826
Slovenia,2000,7.4578576
Slovenia,2001,8.203522
Slovenia,2002,8.267794
Slovenia,2003,8.307599
Slovenia,2004,8.393206
Slovenia,2005,8.431675
Slovenia,2006,8.496527
Slovenia,2007,12.116296
Slovenia,2008,10.390211
Slovenia,2009,9.468612
Slovenia,2010,9.692316
Slovenia,2011,9.754052
Slovenia,2012,9.806293
Slovenia,2013,9.224633
Slovenia,2014,8.306019
Slovenia,2015,8.361027
Slovenia,2016,8.701492
Slovenia,2017,8.789214
Slovenia,2018,8.322003
Slovenia,2019,8.1548815
Slovenia,2020,7.1987996
Slovenia,2021,7.2638288
Slovenia,2022,6.9853487
Slovenia,2023,6.2189918
Solomon Islands,1952,9.762872
Solomon Islands,1953,7.779795
Solomon Islands,1954,15.588131
Solomon Islands,1955,9.911247
Solomon Islands,1956,8.113829
Solomon Islands,1957,8.628413
Solomon Islands,1958,15.830438
Solomon Islands,1959,22.185854
Solomon Islands,1960,14.25558
Solomon Islands,1961,4.66918
Solomon Islands,1962,6.5271535
Solomon Islands,1963,1.7685369
Solomon Islands,1964,4.6571484
Solomon Islands,1965,2.5485115
Solomon Islands,1966,3.200551
Solomon Islands,1967,2.4086618
Solomon Islands,1968,2.402191
Solomon Islands,1969,2.0431929
Solomon Islands,1970,3.024866
Solomon Islands,1971,3.401451
Solomon Islands,1972,3.3803103
Solomon Islands,1973,3.3290484
Solomon Islands,1974,3.230134
Solomon Islands,1975,2.8636067
Solomon Islands,1976,4.7907805
Solomon Islands,1977,5.402346
Solomon Islands,1978,7.327703
Solomon Islands,1979,4.6051793
Solomon Islands,1980,3.7405434
Solomon Islands,1981,8.728913
Solomon Islands,1982,6.8459663
Solomon Islands,1983,8.148466
Solomon Islands,1984,5.4785337
Solomon Islands,1985,8.420027
Solomon Islands,1986,4.754094
Solomon Islands,1987,6.4732485
Solomon Islands,1988,5.430132
Solomon Islands,1989,3.8939047
Solomon Islands,1990,4.6584826
Solomon Islands,1991,5.7215586
Solomon Islands,1992,5.5963793
Solomon Islands,1993,5.4176717
Solomon Islands,1994,5.368392
Solomon Islands,1995,4.5271397
Solomon Islands,1996,4.471667
Solomon Islands,1997,4.922288
Solomon Islands,1998,5.4664364
Solomon Islands,1999,4.119459
Solomon Islands,2000,4.743138
Solomon Islands,2001,5.6575775
Solomon Islands,2002,6.806939
Solomon Islands,2003,6.983558
Solomon Islands,2004,10.941375
Solomon Islands,2005,11.225114
Solomon Islands,2006,8.5540695
Solomon Islands,2007,9.240023
Solomon Islands,2008,10.516896
Solomon Islands,2009,11.995045
Solomon Islands,2010,11.378069
Solomon Islands,2011,9.95922
Solomon Islands,2012,8.055608
Solomon Islands,2013,15.584746
Solomon Islands,2014,10.627687
Solomon Islands,2015,12.4778595
Solomon Islands,2016,10.889184
Solomon Islands,2017,10.969217
Solomon Islands,2018,8.952566
Solomon Islands,2019,8.013089
Solomon Islands,2020,7.264008
Solomon Islands,2021,7.385122
Solomon Islands,2022,7.291404
Solomon Islands,2023,7.125472
Somalia,1950,3.3127232
Somalia,1951,3.4512093
Somalia,1952,3.5437849
Somalia,1953,3.6306732
Somalia,1954,3.6976583
Somalia,1955,3.7737956
Somalia,1956,3.82811
Somalia,1957,3.8892567
Somalia,1958,3.9420934
Somalia,1959,3.9930496
Somalia,1960,3.3164103
Somalia,1961,3.0999327
Somalia,1962,2.939364
Somalia,1963,2.8093066
Somalia,1964,2.7200022
Somalia,1965,2.645863
Somalia,1966,2.5822387
Somalia,1967,2.5504544
Somalia,1968,2.4804287
Somalia,1969,2.4370682
Somalia,1970,2.4124105
Somalia,1971,2.3394508
Somalia,1972,2.2345467
Somalia,1973,2.187143
Somalia,1974,2.3119392
Somalia,1975,2.2224853
Somalia,1976,2.1940534
Somalia,1977,2.1619096
Somalia,1978,1.9814322
Somalia,1979,1.8208642
Somalia,1980,1.8372593
Somalia,1981,1.7919585
Somalia,1982,1.9141723
Somalia,1983,2.0043457
Somalia,1984,1.9574956
Somalia,1985,1.8960527
Somalia,1986,1.8120805
Somalia,1987,1.71013
Somalia,1988,1.6485169
Somalia,1989,1.6380904
Somalia,1990,1.5774871
Somalia,1991,1.6369816
Somalia,1992,1.8489712
Somalia,1993,1.8738309
Somalia,1994,1.8225348
Somalia,1995,1.7961179
Somalia,1996,1.7953718
Somalia,1997,1.7875286
Somalia,1998,1.7499149
Somalia,1999,1.7407862
Somalia,2000,1.7499679
Somalia,2001,1.8835138
Somalia,2002,2.1119726
Somalia,2003,2.292965
Somalia,2004,2.0572853
Somalia,2005,1.7710688
Somalia,2006,1.6129687
Somalia,2007,2.1291015
Somalia,2008,1.8439744
Somalia,2009,1.7631894
Somalia,2010,1.5343696
Somalia,2011,1.5466965
Somalia,2012,2.0299802
Somalia,2013,1.627474
Somalia,2014,1.4046115
Somalia,2015,1.3082654
Somalia,2016,1.2530311
Somalia,2017,1.2267015
Somalia,2018,1.2242092
Somalia,2019,1.2264715
Somalia,2020,1.2299122
Somalia,2021,1.2440053
Somalia,2022,1.2680627
Somalia,2023,1.2983576
South Africa,1884,3.9109251
South Africa,1885,3.752338
South Africa,1886,3.6335316
South Africa,1887,3.5379922
South Africa,1888,3.45202
South Africa,1889,3.386338
South Africa,1890,4.417268
South Africa,1891,4.861359
South Africa,1892,5.1707525
South Africa,1893,5.618422
South Africa,1894,5.835299
South Africa,1895,6.0904393
South Africa,1896,6.3130145
South Africa,1897,6.4216657
South Africa,1898,6.674806
South Africa,1899,6.56256
South Africa,1900,6.2909575
South Africa,1901,6.737079
South Africa,1902,7.158733
South Africa,1903,7.50296
South Africa,1904,7.654209
South Africa,1905,7.8302307
South Africa,1906,8.001167
South Africa,1907,8.125837
South Africa,1908,8.098215
South Africa,1909,8.332356
South Africa,1910,8.429742
South Africa,1911,8.171861
South Africa,1912,8.192642
South Africa,1913,8.324258
South Africa,1914,8.084492
South Africa,1915,7.980499
South Africa,1916,8.343017
South Africa,1917,8.458693
South Africa,1918,8.175012
South Africa,1919,8.15683
South Africa,1920,8.731908
South Africa,1921,8.733707
South Africa,1922,8.232098
South Africa,1923,8.745883
South Africa,1924,8.819919
South Africa,1925,8.8340025
South Africa,1926,8.884537
South Africa,1927,8.6165
South Africa,1928,8.463164
South Africa,1929,8.4719
South Africa,1930,8.220407
South Africa,1931,7.806508
South Africa,1932,7.4774075
South Africa,1933,7.5827746
South Africa,1934,7.8679624
South Africa,1935,8.05363
South Africa,1936,8.218928
South Africa,1937,8.251883
South Africa,1938,8.28039
South Africa,1939,8.270552
South Africa,1940,9.327611
South Africa,1941,9.984024
South Africa,1942,10.523042
South Africa,1943,10.609681
South Africa,1944,11.0770235
South Africa,1945,11.138
South Africa,1946,11.05112
South Africa,1947,10.914399
South Africa,1948,10.889188
South Africa,1949,11.01563
South Africa,1950,10.774534
South Africa,1951,11.315525
South Africa,1952,11.675159
South Africa,1953,11.651729
South Africa,1954,11.668501
South Africa,1955,12.104852
South Africa,1956,12.300563
South Africa,1957,12.557665
South Africa,1958,13.009229
South Africa,1959,12.79751
South Africa,1960,13.4900465
South Africa,1961,11.566062
South Africa,1962,10.63175
South Africa,1963,10.109731
South Africa,1964,10.056518
South Africa,1965,10.044488
South Africa,1966,10.21789
South Africa,1967,10.388878
South Africa,1968,10.352098
South Africa,1969,10.298077
South Africa,1970,10.28815
South Africa,1971,10.773887
South Africa,1972,10.541438
South Africa,1973,10.231575
South Africa,1974,10.008547
South Africa,1975,9.972234
South Africa,1976,9.901046
South Africa,1977,9.803732
South Africa,1978,9.480691
South Africa,1979,9.719217
South Africa,1980,9.75033
South Africa,1981,10.394587
South Africa,1982,10.762215
South Africa,1983,10.766618
South Africa,1984,11.029804
South Africa,1985,11.404645
South Africa,1986,10.968722
South Africa,1987,10.684143
South Africa,1988,10.86154
South Africa,1989,10.56893
South Africa,1990,9.594261
South Africa,1991,9.917993
South Africa,1992,9.256392
South Africa,1993,9.221755
South Africa,1994,9.410302
South Africa,1995,9.926554
South Africa,1996,9.743032
South Africa,1997,9.9888
South Africa,1998,9.64774
South Africa,1999,9.465647
South Africa,2000,9.246919
South Africa,2001,8.953501
South Africa,2002,8.38644
South Africa,2003,9.172749
South Africa,2004,9.950632
South Africa,2005,9.028767
South Africa,2006,9.623694
South Africa,2007,10.03944
South Africa,2008,10.31234
South Africa,2009,9.614919
South Africa,2010,9.054216
South Africa,2011,8.92593
South Africa,2012,8.691363
South Africa,2013,8.483669
South Africa,2014,8.519696
South Africa,2015,7.8922563
South Africa,2016,7.971069
South Africa,2017,7.568476
South Africa,2018,7.3700137
South Africa,2019,7.775294
South Africa,2020,7.1586757
South Africa,2021,6.9287124
South Africa,2022,6.5063663
South Africa,2023,6.36882
South America,1850,0.535353
South America,1851,0.49688405
South America,1852,0.5099845
South America,1853,0.5141035
South America,1854,0.58280015
South America,1855,0.4519442
South America,1856,5.402705
South America,1857,5.386919
South America,1858,4.965562
South America,1859,4.6206274
South America,1860,4.571901
South America,1861,5.1163225
South America,1862,5.8463426
South America,1863,4.8056974
South America,1864,5.38176
South America,1865,4.72986
South America,1866,5.1387315
South America,1867,4.7175536
South America,1868,5.244294
South America,1869,4.6242676
South America,1870,6.034654
South America,1871,7.0774975
South America,1872,7.587416
South America,1873,7.5230393
South America,1874,7.2101307
South America,1875,7.76504
South America,1876,6.7804713
South America,1877,7.0457177
South America,1878,7.347899
South America,1879,6.6960716
South America,1880,9.132945
South America,1881,9.771773
South America,1882,10.376034
South America,1883,10.90854
South America,1884,11.1341715
South America,1885,10.719371
South America,1886,10.481556
South America,1887,11.062597
South America,1888,10.428945
South America,1889,9.698227
South America,1890,8.946665
South America,1891,9.789248
South America,1892,8.901142
South America,1893,9.327835
South America,1894,8.652046
South America,1895,8.756878
South America,1896,8.4353485
South America,1897,8.537471
South America,1898,8.120138
South America,1899,8.6352415
South America,1900,10.106202
South America,1901,11.135118
South America,1902,11.754069
South America,1903,11.547384
South America,1904,11.93777
South America,1905,12.165032
South America,1906,11.674593
South America,1907,11.32905
South America,1908,11.738138
South America,1909,11.863701
South America,1910,12.963292
South America,1911,14.501711
South America,1912,14.371144
South America,1913,14.164381
South America,1914,14.067247
South America,1915,14.645896
South America,1916,14.910723
South America,1917,14.718498
South America,1918,14.50737
South America,1919,14.424918
South America,1920,15.563014
South America,1921,15.873359
South America,1922,16.312532
South America,1923,16.60311
South America,1924,16.347641
South America,1925,16.34323
South America,1926,16.159546
South America,1927,16.52584
South America,1928,15.900807
South America,1929,15.364449
South America,1930,12.48537
South America,1931,10.886882
South America,1932,10.783341
South America,1933,10.224788
South America,1934,9.571168
South America,1935,9.200921
South America,1936,9.093791
South America,1937,8.8302355
South America,1938,8.405862
South America,1939,7.9104285
South America,1940,10.190924
South America,1941,10.705088
South America,1942,11.053203
South America,1943,10.950385
South America,1944,10.775903
South America,1945,10.395534
South America,1946,10.339083
South America,1947,10.056665
South America,1948,9.954317
South America,1949,9.713363
South America,1950,12.312232
South America,1951,13.33351
South America,1952,13.895052
South America,1953,13.932375
South America,1954,14.034134
South America,1955,14.309604
South America,1956,14.430309
South America,1957,14.444668
South America,1958,14.517487
South America,1959,15.036801
South America,1960,14.084488
South America,1961,13.84052
South America,1962,13.11332
South America,1963,12.628512
South America,1964,12.851673
South America,1965,11.693699
South America,1966,11.208338
South America,1967,10.963338
South America,1968,10.406765
South America,1969,10.016592
South America,1970,11.904754
South America,1971,10.61451
South America,1972,10.251319
South America,1973,10.230626
South America,1974,10.120631
South America,1975,9.860915
South America,1976,10.038832
South America,1977,9.658095
South America,1978,9.728026
South America,1979,9.797762
South America,1980,9.9607
South America,1981,9.418113
South America,1982,9.339108
South America,1983,9.10681
South America,1984,10.632712
South America,1985,8.492592
South America,1986,8.762637
South America,1987,8.4115505
South America,1988,8.028024
South America,1989,7.796793
South America,1990,7.7866545
South America,1991,7.850466
South America,1992,8.035331
South America,1993,7.8562446
South America,1994,9.466381
South America,1995,8.967757
South America,1996,8.65723
South America,1997,9.280287
South America,1998,10.203031
South America,1999,9.831434
South America,2000,8.706294
South America,2001,8.07274
South America,2002,8.938392
South America,2003,12.721467
South America,2004,10.260273
South America,2005,9.168744
South America,2006,8.685779
South America,2007,7.7656865
South America,2008,7.1311207
South America,2009,6.9869394
South America,2010,6.606341
South America,2011,6.857024
South America,2012,7.527529
South America,2013,7.1851983
South America,2014,7.246439
South America,2015,6.777349
South America,2016,6.2092147
South America,2017,6.087387
South America,2018,5.9424167
South America,2019,6.0160203
South America,2020,5.819379
South America,2021,6.579536
South America,2022,6.184664
South America,2023,6.1060104
South Korea,1905,-0.13628826
South Korea,1909,-0.12837501
South Korea,1910,-0.07655755
South Korea,1911,-0.026195766
South Korea,1912,0.021896439
South Korea,1913,0.0624329
South Korea,1914,0.09955872
South Korea,1915,0.11871014
South Korea,1916,0.13049845
South Korea,1918,0.19128816
South Korea,1919,0.2190048
South Korea,1920,0.23074712
South Korea,1921,0.23945841
South Korea,1922,0.26078326
South Korea,1923,0.24747688
South Korea,1924,0.28700694
South Korea,1925,0.2735068
South Korea,1926,0.27354798
South Korea,1927,0.29182264
South Korea,1928,0.31280157
South Korea,1929,0.35814852
South Korea,1930,0.2874364
South Korea,1931,0.24733055
South Korea,1932,0.26055413
South Korea,1933,0.21686915
South Korea,1934,0.21066089
South Korea,1935,0.21379071
South Korea,1936,0.18682632
South Korea,1937,0.19695061
South Korea,1938,0.18447103
South Korea,1939,0.23252812
South Korea,1940,0.20487645
South Korea,1941,0.18784381
South Korea,1942,0.21605617
South Korea,1943,0.21439831
South Korea,1944,0.20931523
South Korea,1945,0.114081964
South Korea,1946,0.1420728
South Korea,1947,0.15553676
South Korea,1948,0.18911172
South Korea,1949,0.22022118
South Korea,1950,0.17628638
South Korea,1951,0.19702785
South Korea,1952,0.2065639
South Korea,1953,0.24500968
South Korea,1954,0.24578814
South Korea,1955,0.28842515
South Korea,1956,0.2889537
South Korea,1957,0.27877647
South Korea,1958,0.25436366
South Korea,1959,-3.9407082
South Korea,1960,-3.473137
South Korea,1961,-3.1776216
South Korea,1962,-2.8317769
South Korea,1963,-2.389859
South Korea,1964,-2.0787659
South Korea,1965,-1.7983797
South Korea,1966,-1.4805799
South Korea,1967,-1.1696273
South Korea,1968,-1.0004598
South Korea,1969,-0.7510317
South Korea,1970,-0.33454517
South Korea,1971,-0.13157909
South Korea,1972,-0.013740279
South Korea,1973,0.41976526
South Korea,1974,0.55072486
South Korea,1975,0.77160555
South Korea,1976,1.1252316
South Korea,1977,1.4992507
South Korea,1978,1.7329601
South Korea,1979,2.2793386
South Korea,1980,2.3413074
South Korea,1981,2.4855747
South Korea,1982,2.5191588
South Korea,1983,2.7171588
South Korea,1984,3.0067122
South Korea,1985,3.1934364
South Korea,1986,3.3739245
South Korea,1987,3.5718355
South Korea,1988,4.145872
South Korea,1989,4.396831
South Korea,1990,4.974798
South Korea,1991,5.518977
South Korea,1992,6.064193
South Korea,1993,6.717098
South Korea,1994,7.2568274
South Korea,1995,7.831
South Korea,1996,8.617657
South Korea,1997,9.099873
South Korea,1998,7.617555
South Korea,1999,8.33145
South Korea,2000,8.899734
South Korea,2001,9.18604
South Korea,2002,9.577478
South Korea,2003,9.740185
South Korea,2004,9.853636
South Korea,2005,9.983472
South Korea,2006,10.063043
South Korea,2007,10.416931
South Korea,2008,10.613897
South Korea,2009,10.698628
South Korea,2010,11.8020935
South Korea,2011,12.383882
South Korea,2012,12.329708
South Korea,2013,12.344652
South Korea,2014,12.136704
South Korea,2015,12.121146
South Korea,2016,12.122997
South Korea,2017,12.402499
South Korea,2018,12.672519
South Korea,2019,12.181298
South Korea,2020,11.225847
South Korea,2021,11.585552
South Korea,2022,11.332479
South Korea,2023,10.865593
South Sudan,1950,3.7172189
South Sudan,1951,4.11728
South Sudan,1952,4.0236597
South Sudan,1953,4.2644687
South Sudan,1954,4.4734354
South Sudan,1955,4.525598
South Sudan,1956,4.6095552
South Sudan,1957,4.4949336
South Sudan,1958,4.799258
South Sudan,1959,5.102041
South Sudan,1960,5.0225477
South Sudan,1961,4.8317714
South Sudan,1962,4.414553
South Sudan,1963,4.1336913
South Sudan,1964,3.636732
South Sudan,1965,3.643274
South Sudan,1966,3.6788328
South Sudan,1967,3.4729996
South Sudan,1968,3.4464307
South Sudan,1969,3.444918
South Sudan,1970,3.4931629
South Sudan,1971,3.352139
South Sudan,1972,3.1419675
South Sudan,1973,2.9103878
South Sudan,1974,3.011373
South Sudan,1975,2.7392166
South Sudan,1976,2.555207
South Sudan,1977,2.342867
South Sudan,1978,2.2777178
South Sudan,1979,2.4477382
South Sudan,1980,2.4035554
South Sudan,1981,2.4282036
South Sudan,1982,2.448722
South Sudan,1983,3.4946554
South Sudan,1984,3.755876
South Sudan,1985,4.544919
South Sudan,1986,5.391043
South Sudan,1987,5.589788
South Sudan,1988,6.058383
South Sudan,1989,6.8918357
South Sudan,1990,6.208346
South Sudan,1991,-0.26913756
South Sudan,1992,10.545603
South Sudan,1993,14.258484
South Sudan,1994,11.230661
South Sudan,1995,9.866056
South Sudan,1996,9.198512
South Sudan,1997,7.2184777
South Sudan,1998,5.8708973
South Sudan,1999,5.1477027
South Sudan,2000,4.405255
South Sudan,2001,3.9341087
South Sudan,2002,1.7150356
South Sudan,2003,5.45509
South Sudan,2004,3.9138327
South Sudan,2005,5.032138
South Sudan,2006,3.9770243
South Sudan,2007,4.111469
South Sudan,2008,3.3994353
South Sudan,2009,2.8744528
South Sudan,2010,2.2316482
South Sudan,2011,-0.057570823
South Sudan,2012,2.7180967
South Sudan,2013,2.2333946
South Sudan,2014,2.064041
South Sudan,2015,1.5482565
South Sudan,2016,1.0666916
South Sudan,2017,1.7660522
South Sudan,2018,-0.9436887
South Sudan,2019,1.8786677
South Sudan,2020,1.8593781
South Sudan,2021,1.1355507
South Sudan,2022,1.0517849
South Sudan,2023,1.0351403
Spain,1850,2.066716
Spain,1851,1.9331491
Spain,1852,1.8561336
Spain,1853,1.806056
Spain,1854,1.7534134
Spain,1855,1.7151047
Spain,1856,1.6916068
Spain,1857,1.6635579
Spain,1858,1.6555507
Spain,1859,1.660179
Spain,1860,1.5942128
Spain,1861,1.5500145
Spain,1862,1.5251701
Spain,1863,1.5063754
Spain,1864,1.4679133
Spain,1865,1.4401634
Spain,1866,1.4118925
Spain,1867,1.4138952
Spain,1868,1.3937682
Spain,1869,1.3746402
Spain,1870,1.3136324
Spain,1871,1.2614388
Spain,1872,1.2499719
Spain,1873,1.2163495
Spain,1874,1.1934292
Spain,1875,1.1850487
Spain,1876,1.1830646
Spain,1877,1.1768391
Spain,1878,1.1622458
Spain,1879,1.1612759
Spain,1880,1.1023846
Spain,1881,1.0881696
Spain,1882,1.0840452
Spain,1883,1.087298
Spain,1884,1.0609181
Spain,1885,1.0357033
Spain,1886,1.0344075
Spain,1887,1.0272212
Spain,1888,1.0241657
Spain,1889,1.0331602
Spain,1890,1.3860452
Spain,1891,1.5548325
Spain,1892,1.6490071
Spain,1893,1.6854584
Spain,1894,1.7517252
Spain,1895,1.7674174
Spain,1896,1.8207327
Spain,1897,1.8435113
Spain,1898,1.844118
Spain,1899,1.9172777
Spain,1900,1.886743
Spain,1901,1.8921503
Spain,1902,1.9067442
Spain,1903,1.8836102
Spain,1904,1.9096333
Spain,1905,1.9261479
Spain,1906,1.9271437
Spain,1907,1.923766
Spain,1908,1.9424422
Spain,1909,1.9492915
Spain,1910,2.162022
Spain,1911,2.2460592
Spain,1912,2.3593237
Spain,1913,2.4613345
Spain,1914,2.4725866
Spain,1915,2.3849723
Spain,1916,2.5155928
Spain,1917,2.4190512
Spain,1918,2.4677353
Spain,1919,2.4221334
Spain,1920,2.4360068
Spain,1921,2.5159636
Spain,1922,2.5405264
Spain,1923,2.655189
Spain,1924,2.7112157
Spain,1925,2.7405374
Spain,1926,2.7099605
Spain,1927,2.835921
Spain,1928,2.8314393
Spain,1929,2.9305904
Spain,1930,2.843396
Spain,1931,2.764884
Spain,1932,2.6864374
Spain,1933,2.5662868
Spain,1934,2.6134305
Spain,1935,2.6909375
Spain,1936,2.0926175
Spain,1937,1.9719807
Spain,1938,2.2806635
Spain,1939,2.364367
Spain,1940,2.1022007
Spain,1941,1.8679448
Spain,1942,1.789137
Spain,1943,1.7170745
Spain,1944,1.70963
Spain,1945,1.7366445
Spain,1946,1.6711905
Spain,1947,1.7345548
Spain,1948,1.7481835
Spain,1949,1.8220788
Spain,1950,1.7436363
Spain,1951,1.747414
Spain,1952,1.9067097
Spain,1953,1.9567244
Spain,1954,1.9886024
Spain,1955,2.0121686
Spain,1956,2.095973
Spain,1957,2.3936682
Spain,1958,2.623756
Spain,1959,3.0405996
Spain,1960,2.1785078
Spain,1961,2.3274367
Spain,1962,2.2812552
Spain,1963,1.9223247
Spain,1964,2.1212406
Spain,1965,1.959458
Spain,1966,2.9277747
Spain,1967,2.6588604
Spain,1968,3.963795
Spain,1969,3.07505
Spain,1970,5.0289025
Spain,1971,4.37978
Spain,1972,4.3823247
Spain,1973,4.429496
Spain,1974,4.775308
Spain,1975,4.805582
Spain,1976,5.1830792
Spain,1977,5.0428925
Spain,1978,5.0948873
Spain,1979,5.1224174
Spain,1980,5.3910832
Spain,1981,5.16662
Spain,1982,5.226186
Spain,1983,5.0572934
Spain,1984,4.816458
Spain,1985,4.894555
Spain,1986,4.591772
Spain,1987,4.596052
Spain,1988,4.799079
Spain,1989,5.4367948
Spain,1990,5.5402083
Spain,1991,5.7024784
Spain,1992,5.707306
Spain,1993,5.4343953
Spain,1994,5.185299
Spain,1995,6.5296183
Spain,1996,5.905081
Spain,1997,5.7015805
Spain,1998,6.118139
Spain,1999,6.7347507
Spain,2000,6.822812
Spain,2001,6.901346
Spain,2002,7.5741444
Spain,2003,7.573996
Spain,2004,7.7336507
Spain,2005,7.856767
Spain,2006,7.464076
Spain,2007,7.5427713
Spain,2008,6.742812
Spain,2009,5.867579
Spain,2010,5.42408
Spain,2011,6.297922
Spain,2012,5.5774837
Spain,2013,5.0589976
Spain,2014,5.098745
Spain,2015,5.340973
Spain,2016,5.12851
Spain,2017,5.5148544
Spain,2018,5.384111
Spain,2019,4.9761324
Spain,2020,4.171884
Spain,2021,4.554047
Spain,2022,4.6862445
Spain,2023,4.427857
Sri Lanka,1950,3.284179
Sri Lanka,1951,2.991286
Sri Lanka,1952,2.8685062
Sri Lanka,1953,2.9127975
Sri Lanka,1954,2.775566
Sri Lanka,1955,2.919063
Sri Lanka,1956,2.9013135
Sri Lanka,1957,3.2212737
Sri Lanka,1958,3.184732
Sri Lanka,1959,2.4908597
Sri Lanka,1960,1.8564087
Sri Lanka,1961,1.5603242
Sri Lanka,1962,11.943864
Sri Lanka,1963,7.88874
Sri Lanka,1964,6.1440115
Sri Lanka,1965,4.8881364
Sri Lanka,1966,4.158026
Sri Lanka,1967,4.1487536
Sri Lanka,1968,2.980273
Sri Lanka,1969,2.521919
Sri Lanka,1970,2.1662881
Sri Lanka,1971,1.9307851
Sri Lanka,1972,1.8054776
Sri Lanka,1973,1.6958778
Sri Lanka,1974,1.4758518
Sri Lanka,1975,2.0115848
Sri Lanka,1976,2.2153978
Sri Lanka,1977,2.299132
Sri Lanka,1978,1.4155307
Sri Lanka,1979,1.1486151
Sri Lanka,1980,1.0103904
Sri Lanka,1981,0.85500544
Sri Lanka,1982,1.0163453
Sri Lanka,1983,0.9604563
Sri Lanka,1984,0.88878775
Sri Lanka,1985,0.98961765
Sri Lanka,1986,0.9583552
Sri Lanka,1987,0.91501594
Sri Lanka,1988,0.84703934
Sri Lanka,1989,0.78587466
Sri Lanka,1990,0.81914514
Sri Lanka,1991,0.97369397
Sri Lanka,1992,0.9826337
Sri Lanka,1993,1.0515586
Sri Lanka,1994,1.303661
Sri Lanka,1995,1.2250326
Sri Lanka,1996,1.2761014
Sri Lanka,1997,1.0982972
Sri Lanka,1998,1.1741995
Sri Lanka,1999,1.0379888
Sri Lanka,2000,1.09443
Sri Lanka,2001,1.0501932
Sri Lanka,2002,1.1509932
Sri Lanka,2003,1.216391
Sri Lanka,2004,3.0531788
Sri Lanka,2005,1.6009991
Sri Lanka,2006,1.5179286
Sri Lanka,2007,3.0832639
Sri Lanka,2008,2.150098
Sri Lanka,2009,1.8379995
Sri Lanka,2010,2.413937
Sri Lanka,2011,1.895135
Sri Lanka,2012,1.5600319
Sri Lanka,2013,1.3032217
Sri Lanka,2014,1.3252776
Sri Lanka,2015,1.5536808
Sri Lanka,2016,1.6272908
Sri Lanka,2017,1.4634426
Sri Lanka,2018,1.243471
Sri Lanka,2019,1.23788
Sri Lanka,2020,1.1726886
Sri Lanka,2021,1.2731218
Sri Lanka,2022,1.1206846
Sri Lanka,2023,1.1217114
Sudan,1950,3.1705163
Sudan,1951,3.439339
Sudan,1952,3.5914938
Sudan,1953,3.756197
Sudan,1954,3.888159
Sudan,1955,3.9438703
Sudan,1956,4.07927
Sudan,1957,4.1670203
Sudan,1958,4.3195686
Sudan,1959,4.388011
Sudan,1960,4.412957
Sudan,1961,3.2668183
Sudan,1962,2.5706313
Sudan,1963,2.2056587
Sudan,1964,2.0124269
Sudan,1965,1.9184384
Sudan,1966,1.8325242
Sudan,1967,1.7042714
Sudan,1968,1.6526892
Sudan,1969,1.6260114
Sudan,1970,1.6508228
Sudan,1971,1.5967323
Sudan,1972,1.563816
Sudan,1973,1.2565162
Sudan,1974,1.3185493
Sudan,1975,1.1790022
Sudan,1976,1.1081346
Sudan,1977,0.90390825
Sudan,1978,0.6374782
Sudan,1979,0.5301762
Sudan,1980,0.51152617
Sudan,1981,0.5454094
Sudan,1982,0.5411148
Sudan,1983,0.74050325
Sudan,1984,0.8140256
Sudan,1985,0.91440225
Sudan,1986,0.9599874
Sudan,1987,0.9019241
Sudan,1988,0.863773
Sudan,1989,0.868471
Sudan,1990,0.90642166
Sudan,1991,0.22283667
Sudan,1992,4.1870484
Sudan,1993,3.3750842
Sudan,1994,4.2286096
Sudan,1995,3.2507777
Sudan,1996,1.8477554
Sudan,1997,1.0737259
Sudan,1998,0.59293973
Sudan,1999,0.32509765
Sudan,2000,0.55823916
Sudan,2001,0.71230084
Sudan,2002,2.9832067
Sudan,2003,2.0167282
Sudan,2004,2.4003673
Sudan,2005,1.6918641
Sudan,2006,1.9012468
Sudan,2007,1.5980308
Sudan,2008,2.0191498
Sudan,2009,1.6368009
Sudan,2010,2.6207087
Sudan,2011,4.9500155
Sudan,2012,3.0436556
Sudan,2013,2.045643
Sudan,2014,2.0380192
Sudan,2015,1.6724652
Sudan,2016,1.5731206
Sudan,2017,1.5336034
Sudan,2018,0.9246604
Sudan,2019,0.9691182
Sudan,2020,0.85508174
Sudan,2021,0.8343975
Sudan,2022,0.7688752
Sudan,2023,0.7483339
Suriname,1950,4.1597905
Suriname,1951,4.1438313
Suriname,1952,4.12212
Suriname,1953,4.1309714
Suriname,1954,4.073309
Suriname,1955,4.2286563
Suriname,1956,3.8841522
Suriname,1957,3.780773
Suriname,1958,3.2328146
Suriname,1959,3.0412564
Suriname,1960,3.3745065
Suriname,1961,4.6449175
Suriname,1962,3.7737346
Suriname,1963,8.765649
Suriname,1964,6.252793
Suriname,1965,5.1454353
Suriname,1966,5.381091
Suriname,1967,5.749294
Suriname,1968,8.710681
Suriname,1969,7.259727
Suriname,1970,9.846271
Suriname,1971,8.058886
Suriname,1972,9.039858
Suriname,1973,8.902865
Suriname,1974,7.1850076
Suriname,1975,8.334552
Suriname,1976,8.980589
Suriname,1977,8.274725
Suriname,1978,10.33578
Suriname,1979,13.13955
Suriname,1980,13.914245
Suriname,1981,12.252873
Suriname,1982,10.556573
Suriname,1983,9.35487
Suriname,1984,10.206282
Suriname,1985,9.868329
Suriname,1986,11.971127
Suriname,1987,9.31641
Suriname,1988,8.0220585
Suriname,1989,7.2102036
Suriname,1990,7.113202
Suriname,1991,7.76025
Suriname,1992,13.84542
Suriname,1993,10.402318
Suriname,1994,11.805414
Suriname,1995,11.906791
Suriname,1996,9.106593
Suriname,1997,8.729324
Suriname,1998,11.305043
Suriname,1999,8.747179
Suriname,2000,9.982759
Suriname,2001,7.731872
Suriname,2002,11.182312
Suriname,2003,10.622968
Suriname,2004,6.5242496
Suriname,2005,6.01282
Suriname,2006,5.0394382
Suriname,2007,5.7287645
Suriname,2008,12.324789
Suriname,2009,7.188407
Suriname,2010,8.380875
Suriname,2011,6.9802475
Suriname,2012,12.20519
Suriname,2013,12.422066
Suriname,2014,9.6195
Suriname,2015,7.6281543
Suriname,2016,8.004015
Suriname,2017,7.0599875
Suriname,2018,6.2885065
Suriname,2019,7.1193113
Suriname,2020,6.87627
Suriname,2021,6.329635
Suriname,2022,6.048089
Suriname,2023,5.733587
Sweden,1850,7.9516983
Sweden,1851,7.9423447
Sweden,1852,7.980536
Sweden,1853,7.938003
Sweden,1854,7.9545484
Sweden,1855,7.9783564
Sweden,1856,8.012453
Sweden,1857,8.006855
Sweden,1858,7.9344397
Sweden,1859,8.097392
Sweden,1860,8.002582
Sweden,1861,8.0143175
Sweden,1862,8.136813
Sweden,1863,8.135874
Sweden,1864,8.157198
Sweden,1865,8.146825
Sweden,1866,8.162508
Sweden,1867,8.169637
Sweden,1868,8.222118
Sweden,1869,8.179386
Sweden,1870,8.281964
Sweden,1871,8.276879
Sweden,1872,8.375263
Sweden,1873,8.413754
Sweden,1874,8.381899
Sweden,1875,8.45522
Sweden,1876,8.480011
Sweden,1877,8.480283
Sweden,1878,8.4536085
Sweden,1879,8.423824
Sweden,1880,8.095548
Sweden,1881,7.8302126
Sweden,1882,7.94272
Sweden,1883,7.889373
Sweden,1884,7.7985315
Sweden,1885,7.823707
Sweden,1886,7.7685347
Sweden,1887,7.750958
Sweden,1888,7.8418365
Sweden,1889,7.8354034
Sweden,1890,7.9248815
Sweden,1891,7.9589963
Sweden,1892,8.034354
Sweden,1893,7.8884497
Sweden,1894,7.979139
Sweden,1895,7.9635434
Sweden,1896,8.012036
Sweden,1897,8.08058
Sweden,1898,8.153176
Sweden,1899,8.432407
Sweden,1900,8.395257
Sweden,1901,8.333822
Sweden,1902,8.351089
Sweden,1903,8.530468
Sweden,1904,8.707265
Sweden,1905,8.609105
Sweden,1906,8.792183
Sweden,1907,9.077284
Sweden,1908,9.223394
Sweden,1909,8.973235
Sweden,1910,8.795015
Sweden,1911,8.603428
Sweden,1912,8.679469
Sweden,1913,8.918626
Sweden,1914,8.64932
Sweden,1915,8.571432
Sweden,1916,8.617673
Sweden,1917,6.9095745
Sweden,1918,7.089106
Sweden,1919,6.9029984
Sweden,1920,7.334455
Sweden,1921,6.4773684
Sweden,1922,7.129469
Sweden,1923,7.38704
Sweden,1924,7.670471
Sweden,1925,7.3401346
Sweden,1926,7.1969986
Sweden,1927,7.9244666
Sweden,1928,7.585872
Sweden,1929,7.9586973
Sweden,1930,7.7315326
Sweden,1931,7.5579147
Sweden,1932,7.3704896
Sweden,1933,7.299724
Sweden,1934,7.524862
Sweden,1935,7.522719
Sweden,1936,7.7087245
Sweden,1937,8.153365
Sweden,1938,7.5460715
Sweden,1939,7.851255
Sweden,1940,6.03322
Sweden,1941,5.3266087
Sweden,1942,4.879403
Sweden,1943,5.7286015
Sweden,1944,5.3361406
Sweden,1945,4.199105
Sweden,1946,6.064989
Sweden,1947,7.1124687
Sweden,1948,7.829709
Sweden,1949,7.053815
Sweden,1950,7.096672
Sweden,1951,7.4208403
Sweden,1952,7.086841
Sweden,1953,6.3222194
Sweden,1954,6.0095434
Sweden,1955,6.032406
Sweden,1956,5.8865113
Sweden,1957,4.5733705
Sweden,1958,4.0876966
Sweden,1959,1.785989
Sweden,1960,3.2348163
Sweden,1961,2.6643302
Sweden,1962,2.571628
Sweden,1963,3.0767312
Sweden,1964,3.6653476
Sweden,1965,3.931479
Sweden,1966,5.306465
Sweden,1967,4.8771987
Sweden,1968,6.2221804
Sweden,1969,7.4106216
Sweden,1970,8.289819
Sweden,1971,7.434845
Sweden,1972,7.494281
Sweden,1973,8.01834
Sweden,1974,7.2282195
Sweden,1975,7.4653554
Sweden,1976,8.4100065
Sweden,1977,8.145738
Sweden,1978,7.38136
Sweden,1979,8.147869
Sweden,1980,6.561564
Sweden,1981,6.3512063
Sweden,1982,5.564457
Sweden,1983,5.175174
Sweden,1984,5.062014
Sweden,1985,5.7123156
Sweden,1986,5.732134
Sweden,1987,5.5230575
Sweden,1988,5.285937
Sweden,1989,5.16018
Sweden,1990,5.3219223
Sweden,1991,5.316836
Sweden,1992,5.4190245
Sweden,1993,5.4455338
Sweden,1994,5.7311187
Sweden,1995,6.0859814
Sweden,1996,6.307526
Sweden,1997,5.8485236
Sweden,1998,5.975107
Sweden,1999,5.3273525
Sweden,2000,5.7975354
Sweden,2001,5.9290543
Sweden,2002,5.9036746
Sweden,2003,6.114307
Sweden,2004,6.4948335
Sweden,2005,6.274151
Sweden,2006,6.010364
Sweden,2007,5.972307
Sweden,2008,5.672945
Sweden,2009,5.277761
Sweden,2010,5.847444
Sweden,2011,5.3272777
Sweden,2012,5.051411
Sweden,2013,4.8505325
Sweden,2014,4.704506
Sweden,2015,4.7007523
Sweden,2016,4.6934814
Sweden,2017,4.6642027
Sweden,2018,4.5871825
Sweden,2019,4.475045
Sweden,2020,4.078851
Sweden,2021,4.324449
Sweden,2022,4.223938
Sweden,2023,4.1331983
Switzerland,1858,1.4383675
Switzerland,1859,1.3416941
Switzerland,1860,1.5497984
Switzerland,1861,1.4422704
Switzerland,1862,1.4838245
Switzerland,1863,1.4034348
Switzerland,1864,1.4388419
Switzerland,1865,1.421443
Switzerland,1866,1.4202482
Switzerland,1867,1.4530466
Switzerland,1868,1.493981
Switzerland,1869,1.4405068
Switzerland,1870,1.4487617
Switzerland,1871,1.4760373
Switzerland,1872,1.5100192
Switzerland,1873,1.5277963
Switzerland,1874,1.4095834
Switzerland,1875,1.5172359
Switzerland,1876,1.5345997
Switzerland,1877,1.4327551
Switzerland,1878,1.4047863
Switzerland,1879,1.3470004
Switzerland,1880,1.4904666
Switzerland,1881,1.3097821
Switzerland,1882,1.3691678
Switzerland,1883,1.3591347
Switzerland,1884,1.3600223
Switzerland,1885,1.3266547
Switzerland,1886,1.3254235
Switzerland,1887,1.3996985
Switzerland,1888,1.4004755
Switzerland,1889,1.4362415
Switzerland,1890,1.6999336
Switzerland,1891,1.9552376
Switzerland,1892,1.9669114
Switzerland,1893,1.8318793
Switzerland,1894,2.026751
Switzerland,1895,2.1950572
Switzerland,1896,2.2926614
Switzerland,1897,2.3364735
Switzerland,1898,2.4522657
Switzerland,1899,2.5103002
Switzerland,1900,2.8228762
Switzerland,1901,2.5992882
Switzerland,1902,2.6336675
Switzerland,1903,2.7648942
Switzerland,1904,2.8901215
Switzerland,1905,2.9112172
Switzerland,1906,3.1542063
Switzerland,1907,3.4207845
Switzerland,1908,3.3719952
Switzerland,1909,3.390305
Switzerland,1910,3.0188384
Switzerland,1911,3.2251527
Switzerland,1912,3.1027951
Switzerland,1913,3.190343
Switzerland,1914,2.8803525
Switzerland,1915,2.9587302
Switzerland,1916,2.7625208
Switzerland,1917,2.101566
Switzerland,1918,1.9884013
Switzerland,1919,1.6518829
Switzerland,1920,2.2963006
Switzerland,1921,1.6224604
Switzerland,1922,1.9487972
Switzerland,1923,2.3154287
Switzerland,1924,2.1649766
Switzerland,1925,2.2293334
Switzerland,1926,2.1736307
Switzerland,1927,2.4312475
Switzerland,1928,2.5064118
Switzerland,1929,2.8153172
Switzerland,1930,2.5803459
Switzerland,1931,2.6906576
Switzerland,1932,2.7095013
Switzerland,1933,2.5245862
Switzerland,1934,2.4955292
Switzerland,1935,2.438196
Switzerland,1936,2.5195682
Switzerland,1937,2.632713
Switzerland,1938,2.6178932
Switzerland,1939,2.9089458
Switzerland,1940,2.118998
Switzerland,1941,1.7312598
Switzerland,1942,1.5590614
Switzerland,1943,1.6368278
Switzerland,1944,1.2362374
Switzerland,1945,0.592649
Switzerland,1946,1.5079902
Switzerland,1947,2.3268092
Switzerland,1948,2.45869
Switzerland,1949,2.0954397
Switzerland,1950,2.4765801
Switzerland,1951,2.9230354
Switzerland,1952,2.6838973
Switzerland,1953,2.4705603
Switzerland,1954,2.8863263
Switzerland,1955,3.0417724
Switzerland,1956,3.683839
Switzerland,1957,3.778817
Switzerland,1958,3.4966698
Switzerland,1959,3.8318162
Switzerland,1960,4.2663255
Switzerland,1961,4.1339746
Switzerland,1962,4.6240187
Switzerland,1963,5.3349156
Switzerland,1964,5.052646
Switzerland,1965,5.316618
Switzerland,1966,5.425046
Switzerland,1967,5.5483575
Switzerland,1968,6.052814
Switzerland,1969,6.264963
Switzerland,1970,6.551124
Switzerland,1971,6.8111773
Switzerland,1972,6.8813725
Switzerland,1973,7.3399487
Switzerland,1974,6.57328
Switzerland,1975,6.1799216
Switzerland,1976,6.4208903
Switzerland,1977,6.5961614
Switzerland,1978,6.8831215
Switzerland,1979,6.4267755
Switzerland,1980,6.501797
Switzerland,1981,6.2208767
Switzerland,1982,5.841197
Switzerland,1983,6.3744574
Switzerland,1984,6.2061257
Switzerland,1985,6.2519445
Switzerland,1986,6.5833483
Switzerland,1987,6.236656
Switzerland,1988,6.28305
Switzerland,1989,6.0132003
Switzerland,1990,6.691564
Switzerland,1991,6.861485
Switzerland,1992,6.764826
Switzerland,1993,6.3914857
Switzerland,1994,6.197802
Switzerland,1995,6.242062
Switzerland,1996,6.2709117
Switzerland,1997,6.126438
Switzerland,1998,6.3426237
Switzerland,1999,6.243461
Switzerland,2000,6.174768
Switzerland,2001,6.3124385
Switzerland,2002,6.013147
Switzerland,2003,6.1432734
Switzerland,2004,6.1250124
Switzerland,2005,6.1432953
Switzerland,2006,6.0559225
Switzerland,2007,5.7340913
Switzerland,2008,5.8170633
Switzerland,2009,5.5873775
Switzerland,2010,5.718043
Switzerland,2011,5.1341767
Switzerland,2012,5.239859
Switzerland,2013,5.316518
Switzerland,2014,4.7512126
Switzerland,2015,4.6383033
Switzerland,2016,4.630015
Switzerland,2017,4.49429
Switzerland,2018,4.2977886
Switzerland,2019,4.2284985
Switzerland,2020,3.9165404
Switzerland,2021,4.063366
Switzerland,2022,3.6910348
Switzerland,2023,3.6568305
Syria,1931,4.1748204
Syria,1932,4.998591
Syria,1933,5.48386
Syria,1934,5.7798686
Syria,1935,5.969359
Syria,1936,6.0953836
Syria,1937,6.183598
Syria,1938,6.230096
Syria,1939,6.253082
Syria,1940,4.8390856
Syria,1941,4.154027
Syria,1942,3.775853
Syria,1943,3.5279827
Syria,1944,3.3582761
Syria,1945,3.237453
Syria,1946,3.1424842
Syria,1947,3.0623424
Syria,1948,2.9905384
Syria,1949,2.9189284
Syria,1950,3.6579323
Syria,1951,4.124308
Syria,1952,4.4814343
Syria,1953,4.8010798
Syria,1954,5.0151806
Syria,1955,5.490772
Syria,1956,5.7119875
Syria,1957,5.831317
Syria,1958,5.935457
Syria,1959,5.977105
Syria,1960,5.944942
Syria,1961,4.3574004
Syria,1962,4.1667075
Syria,1963,4.083941
Syria,1964,2.6443155
Syria,1965,0.25714627
Syria,1966,0.4831452
Syria,1967,-0.39376906
Syria,1968,0.3035394
Syria,1969,0.6651317
Syria,1970,0.5583242
Syria,1971,1.6079278
Syria,1972,0.7319525
Syria,1973,1.6921194
Syria,1974,0.0686011
Syria,1975,1.4504075
Syria,1976,0.9631503
Syria,1977,1.431649
Syria,1978,1.8566719
Syria,1979,2.3168054
Syria,1980,2.3499556
Syria,1981,2.8703017
Syria,1982,2.0113854
Syria,1983,2.5629346
Syria,1984,2.8323135
Syria,1985,2.4218445
Syria,1986,2.5422466
Syria,1987,2.6801836
Syria,1988,2.7106557
Syria,1989,2.9431202
Syria,1990,2.7971842
Syria,1991,3.0354505
Syria,1992,2.8028235
Syria,1993,3.160549
Syria,1994,3.0770798
Syria,1995,2.9436967
Syria,1996,3.0943687
Syria,1997,3.0390906
Syria,1998,3.2837107
Syria,1999,3.118977
Syria,2000,3.2798316
Syria,2001,2.8897264
Syria,2002,2.3450162
Syria,2003,3.4409237
Syria,2004,2.8511438
Syria,2005,2.7405674
Syria,2006,2.9258513
Syria,2007,3.2109828
Syria,2008,3.1117876
Syria,2009,2.897362
Syria,2010,2.7718344
Syria,2011,2.602244
Syria,2012,2.0208037
Syria,2013,1.5665745
Syria,2014,1.5017854
Syria,2015,1.4458797
Syria,2016,1.3916491
Syria,2017,1.6248974
Syria,2018,1.4616078
Syria,2019,1.3127697
Syria,2020,1.217907
Syria,2021,1.1757579
Syria,2022,1.1022531
Syria,2023,1.059087
Tajikistan,1850,0.8736321
Tajikistan,1855,0.8566029
Tajikistan,1858,0.83378434
Tajikistan,1859,0.8279181
Tajikistan,1860,0.8321463
Tajikistan,1861,0.8320461
Tajikistan,1862,0.8288865
Tajikistan,1863,0.8241626
Tajikistan,1864,0.8182246
Tajikistan,1865,0.812616
Tajikistan,1866,0.8159786
Tajikistan,1867,0.81235653
Tajikistan,1868,0.80432695
Tajikistan,1869,0.8029823
Tajikistan,1870,0.8069675
Tajikistan,1871,0.81457317
Tajikistan,1872,0.814151
Tajikistan,1873,0.8088168
Tajikistan,1874,0.809419
Tajikistan,1875,0.80891
Tajikistan,1876,0.8112955
Tajikistan,1877,0.8069741
Tajikistan,1878,0.8130934
Tajikistan,1879,0.8088952
Tajikistan,1880,0.81958735
Tajikistan,1881,0.8165701
Tajikistan,1882,0.81280786
Tajikistan,1883,0.8145025
Tajikistan,1884,0.80879605
Tajikistan,1885,0.80841535
Tajikistan,1886,0.8037593
Tajikistan,1887,0.8017193
Tajikistan,1888,0.7986924
Tajikistan,1889,0.7990936
Tajikistan,1890,0.8113803
Tajikistan,1891,0.81822205
Tajikistan,1892,0.81980366
Tajikistan,1893,0.83425784
Tajikistan,1894,0.8308295
Tajikistan,1895,0.8448171
Tajikistan,1896,0.8412452
Tajikistan,1897,0.85918033
Tajikistan,1898,0.8741335
Tajikistan,1899,0.8989081
Tajikistan,1900,0.92521435
Tajikistan,1901,0.9271355
Tajikistan,1902,0.9124113
Tajikistan,1903,0.90063953
Tajikistan,1904,0.9210454
Tajikistan,1905,0.8855705
Tajikistan,1906,0.9116735
Tajikistan,1907,0.9363629
Tajikistan,1908,0.92791545
Tajikistan,1909,0.92789537
Tajikistan,1910,0.9139274
Tajikistan,1911,0.91486686
Tajikistan,1912,0.9455551
Tajikistan,1913,0.9652969
Tajikistan,1914,0.9193988
Tajikistan,1915,0.8831859
Tajikistan,1916,0.89469135
Tajikistan,1917,0.8611158
Tajikistan,1918,0.67853904
Tajikistan,1919,0.6557159
Tajikistan,1920,0.6439079
Tajikistan,1921,0.64509255
Tajikistan,1922,0.6594157
Tajikistan,1923,0.6650439
Tajikistan,1924,0.682771
Tajikistan,1925,0.674888
Tajikistan,1926,0.7336142
Tajikistan,1927,0.7775922
Tajikistan,1928,0.79804724
Tajikistan,1929,0.81263316
Tajikistan,1930,0.9143533
Tajikistan,1931,0.9853773
Tajikistan,1932,1.0358124
Tajikistan,1933,1.0887548
Tajikistan,1934,1.2022822
Tajikistan,1935,1.2842113
Tajikistan,1936,1.3884904
Tajikistan,1937,1.3963665
Tajikistan,1938,1.4342957
Tajikistan,1939,1.4328617
Tajikistan,1940,1.611679
Tajikistan,1941,1.4574982
Tajikistan,1942,0.9906721
Tajikistan,1943,1.0040289
Tajikistan,1944,1.2440205
Tajikistan,1945,1.277483
Tajikistan,1946,1.3677977
Tajikistan,1947,1.5442302
Tajikistan,1948,1.5999848
Tajikistan,1949,1.7369292
Tajikistan,1950,2.8508244
Tajikistan,1951,3.3967907
Tajikistan,1952,3.7155035
Tajikistan,1953,3.8987565
Tajikistan,1954,4.054597
Tajikistan,1955,4.2736316
Tajikistan,1956,4.4247956
Tajikistan,1957,4.5885944
Tajikistan,1958,4.7433114
Tajikistan,1959,4.873201
Tajikistan,1960,3.9642463
Tajikistan,1961,3.6223335
Tajikistan,1962,3.2985547
Tajikistan,1963,3.1054423
Tajikistan,1964,3.0336542
Tajikistan,1965,2.8851452
Tajikistan,1966,2.8708642
Tajikistan,1967,2.8470697
Tajikistan,1968,2.823203
Tajikistan,1969,2.799725
Tajikistan,1970,2.8089917
Tajikistan,1971,2.9120562
Tajikistan,1972,2.9279964
Tajikistan,1973,2.992192
Tajikistan,1974,2.9477353
Tajikistan,1975,2.9884346
Tajikistan,1976,3.0007784
Tajikistan,1977,2.9706578
Tajikistan,1978,2.9413056
Tajikistan,1979,2.8923514
Tajikistan,1980,2.9395351
Tajikistan,1981,2.8167465
Tajikistan,1982,2.7843056
Tajikistan,1983,2.7217991
Tajikistan,1984,2.6683195
Tajikistan,1985,2.7782893
Tajikistan,1986,2.5915196
Tajikistan,1987,2.4138737
Tajikistan,1988,2.4847481
Tajikistan,1989,2.3728087
Tajikistan,1990,2.225882
Tajikistan,1991,1.8097453
Tajikistan,1992,1.45628
Tajikistan,1993,0.89723396
Tajikistan,1994,0.29966822
Tajikistan,1995,0.21494149
Tajikistan,1996,0.3850507
Tajikistan,1997,0.14512923
Tajikistan,1998,0.21242748
Tajikistan,1999,0.24725918
Tajikistan,2000,0.20098418
Tajikistan,2001,0.21903194
Tajikistan,2002,0.15744458
Tajikistan,2003,0.18274558
Tajikistan,2004,0.27327114
Tajikistan,2005,0.29145584
Tajikistan,2006,0.3057575
Tajikistan,2007,0.40193567
Tajikistan,2008,0.44034243
Tajikistan,2009,0.3111997
Tajikistan,2010,0.2869122
Tajikistan,2011,0.24737029
Tajikistan,2012,0.53764343
Tajikistan,2013,0.6271873
Tajikistan,2014,0.88146335
Tajikistan,2015,0.97630244
Tajikistan,2016,1.0263165
Tajikistan,2017,0.9731525
Tajikistan,2018,0.99299806
Tajikistan,2019,0.99836093
Tajikistan,2020,1.0249276
Tajikistan,2021,1.0043362
Tajikistan,2022,0.96521974
Tajikistan,2023,0.95812184
Tanzania,1950,14.8567
Tanzania,1951,13.741882
Tanzania,1952,13.44106
Tanzania,1953,13.7410965
Tanzania,1954,13.393793
Tanzania,1955,13.036387
Tanzania,1956,13.100453
Tanzania,1957,12.969169
Tanzania,1958,12.382958
Tanzania,1959,12.078325
Tanzania,1960,12.271865
Tanzania,1961,9.423222
Tanzania,1962,19.346195
Tanzania,1963,15.478317
Tanzania,1964,11.113689
Tanzania,1965,8.145792
Tanzania,1966,6.6276464
Tanzania,1967,5.7058177
Tanzania,1968,5.0998974
Tanzania,1969,13.523247
Tanzania,1970,13.799774
Tanzania,1971,9.348628
Tanzania,1972,6.6555934
Tanzania,1973,5.35156
Tanzania,1974,4.4491634
Tanzania,1975,3.7334685
Tanzania,1976,3.301735
Tanzania,1977,9.355028
Tanzania,1978,7.8219056
Tanzania,1979,5.0112405
Tanzania,1980,5.5119405
Tanzania,1981,3.991149
Tanzania,1982,3.2071242
Tanzania,1983,2.6787496
Tanzania,1984,7.3954387
Tanzania,1985,6.0335164
Tanzania,1986,3.7906597
Tanzania,1987,2.9354482
Tanzania,1988,2.3757038
Tanzania,1989,1.9206625
Tanzania,1990,2.0489674
Tanzania,1991,1.6615505
Tanzania,1992,2.119945
Tanzania,1993,2.1249063
Tanzania,1994,2.1280813
Tanzania,1995,2.3122702
Tanzania,1996,2.1349761
Tanzania,1997,2.1202579
Tanzania,1998,2.6362112
Tanzania,1999,2.0956426
Tanzania,2000,1.9156544
Tanzania,2001,1.7430322
Tanzania,2002,2.1181836
Tanzania,2003,2.996963
Tanzania,2004,3.4735134
Tanzania,2005,3.830169
Tanzania,2006,4.6471953
Tanzania,2007,4.360672
Tanzania,2008,3.4862707
Tanzania,2009,3.357695
Tanzania,2010,3.9207485
Tanzania,2011,2.989062
Tanzania,2012,2.7340155
Tanzania,2013,2.4036458
Tanzania,2014,2.4963927
Tanzania,2015,2.2481768
Tanzania,2016,2.113214
Tanzania,2017,1.8991555
Tanzania,2018,1.4763305
Tanzania,2019,1.2237021
Tanzania,2020,1.0389756
Tanzania,2021,1.0278028
Tanzania,2022,0.9488302
Tanzania,2023,0.8802089
Thailand,1931,10.768522
Thailand,1932,10.549895
Thailand,1933,10.282831
Thailand,1934,10.677365
Thailand,1935,10.474212
Thailand,1936,9.934779
Thailand,1937,9.768447
Thailand,1938,9.843685
Thailand,1939,9.435133
Thailand,1940,11.260921
Thailand,1941,12.985687
Thailand,1943,13.045223
Thailand,1944,13.112433
Thailand,1947,12.199349
Thailand,1948,11.833412
Thailand,1949,11.3987465
Thailand,1950,10.958887
Thailand,1951,10.7001505
Thailand,1952,10.790388
Thailand,1953,10.705804
Thailand,1954,10.704364
Thailand,1955,10.868338
Thailand,1956,10.873794
Thailand,1957,10.642503
Thailand,1958,10.990672
Thailand,1959,9.653143
Thailand,1960,6.2551064
Thailand,1961,7.993932
Thailand,1962,10.88588
Thailand,1963,9.381197
Thailand,1964,8.359793
Thailand,1965,8.117486
Thailand,1966,7.861073
Thailand,1967,7.2180433
Thailand,1968,6.970887
Thailand,1969,7.6209936
Thailand,1970,6.2286844
Thailand,1971,11.476808
Thailand,1972,14.461129
Thailand,1973,14.807905
Thailand,1974,11.169147
Thailand,1975,9.0551605
Thailand,1976,9.096292
Thailand,1977,8.731091
Thailand,1978,7.857133
Thailand,1979,6.7738476
Thailand,1980,7.308674
Thailand,1981,7.583604
Thailand,1982,5.5393295
Thailand,1983,4.8206224
Thailand,1984,6.83648
Thailand,1985,5.644863
Thailand,1986,6.570663
Thailand,1987,4.9413505
Thailand,1988,3.781722
Thailand,1989,3.4988005
Thailand,1990,3.87865
Thailand,1991,3.183227
Thailand,1992,2.9575503
Thailand,1993,3.4954927
Thailand,1994,3.9300256
Thailand,1995,4.256513
Thailand,1996,4.5568476
Thailand,1997,4.441523
Thailand,1998,4.038411
Thailand,1999,4.061106
Thailand,2000,4.0538535
Thailand,2001,4.1385274
Thailand,2002,4.240112
Thailand,2003,4.364416
Thailand,2004,4.5935965
Thailand,2005,4.689395
Thailand,2006,4.6613626
Thailand,2007,5.1124125
Thailand,2008,4.8100114
Thailand,2009,4.770567
Thailand,2010,5.050786
Thailand,2011,4.734817
Thailand,2012,4.705081
Thailand,2013,4.600591
Thailand,2014,4.8535
Thailand,2015,4.6893277
Thailand,2016,4.67699
Thailand,2017,4.6135936
Thailand,2018,4.5969787
Thailand,2019,4.4618783
Thailand,2020,4.290377
Thailand,2021,4.208469
Thailand,2022,4.270765
Thailand,2023,4.1472626
Togo,1950,9.655269
Togo,1951,8.31535
Togo,1952,6.7039313
Togo,1953,5.378996
Togo,1954,5.344007
Togo,1955,4.9720874
Togo,1956,4.7559233
Togo,1957,4.775242
Togo,1958,4.7803802
Togo,1959,4.2336845
Togo,1960,2.7465003
Togo,1961,2.1561575
Togo,1962,1.8320242
Togo,1963,1.533147
Togo,1964,1.686468
Togo,1965,1.4010288
Togo,1966,1.1835773
Togo,1967,1.1762426
Togo,1968,1.1242884
Togo,1969,0.8214103
Togo,1970,0.045523904
Togo,1971,-0.08167545
Togo,1972,-0.13546878
Togo,1973,-0.16993874
Togo,1974,-0.14034948
Togo,1975,-0.13841465
Togo,1976,-0.19045444
Togo,1977,3.1782677
Togo,1978,3.097463
Togo,1979,2.1926522
Togo,1980,1.3387142
Togo,1981,1.050376
Togo,1982,0.82738394
Togo,1983,2.091197
Togo,1984,1.382171
Togo,1985,0.9655042
Togo,1986,1.303725
Togo,1987,1.7336576
Togo,1988,1.129065
Togo,1989,1.3200881
Togo,1990,1.5064117
Togo,1991,1.4213005
Togo,1992,1.5770894
Togo,1993,1.5807436
Togo,1994,1.9098604
Togo,1995,2.0135353
Togo,1996,2.543284
Togo,1997,2.2496693
Togo,1998,1.9340152
Togo,1999,1.8522365
Togo,2000,1.5786822
Togo,2001,1.2949659
Togo,2002,1.1034551
Togo,2003,0.6982749
Togo,2004,1.105351
Togo,2005,1.8349222
Togo,2006,1.3875957
Togo,2007,1.4972707
Togo,2008,1.3009915
Togo,2009,1.0522407
Togo,2010,1.1739594
Togo,2011,2.2730677
Togo,2012,1.3001298
Togo,2013,0.8420828
Togo,2014,0.72942686
Togo,2015,0.6296008
Togo,2016,0.5237417
Togo,2017,0.56739396
Togo,2018,0.40170664
Togo,2019,0.35249412
Togo,2020,0.3141942
Togo,2021,0.34302166
Togo,2022,0.33034298
Togo,2023,0.30786845
Tonga,1950,1.0820757
Tonga,1951,1.5280455
Tonga,1952,1.729491
Tonga,1953,1.7881801
Tonga,1954,1.7455478
Tonga,1955,0.924386
Tonga,1956,1.8248358
Tonga,1957,1.9012032
Tonga,1958,1.9481198
Tonga,1959,2.0784006
Tonga,1960,1.6010402
Tonga,1961,2.0450432
Tonga,1962,1.5230634
Tonga,1963,1.3451391
Tonga,1964,1.8655654
Tonga,1965,2.1185162
Tonga,1966,1.6513354
Tonga,1967,1.4148296
Tonga,1968,2.598898
Tonga,1969,1.4320687
Tonga,1970,1.4079447
Tonga,1971,1.1489731
Tonga,1972,1.0524081
Tonga,1973,0.9786902
Tonga,1974,0.83704454
Tonga,1975,0.27030703
Tonga,1976,0.4125667
Tonga,1977,0.43801734
Tonga,1978,0.5108998
Tonga,1979,1.1519862
Tonga,1980,0.8779414
Tonga,1981,0.84969044
Tonga,1982,0.17281784
Tonga,1983,0.41325697
Tonga,1984,0.46268955
Tonga,1985,0.47875866
Tonga,1986,0.48539707
Tonga,1987,0.56064904
Tonga,1988,0.21292852
Tonga,1989,0.40559933
Tonga,1990,0.6183501
Tonga,1991,0.6901301
Tonga,1992,0.53128
Tonga,1993,0.69708884
Tonga,1994,1.3654932
Tonga,1995,1.1767921
Tonga,1996,-0.10892359
Tonga,1997,0.48847994
Tonga,1998,0.4962928
Tonga,1999,0.408005
Tonga,2000,0.43581226
Tonga,2001,0.4392826
Tonga,2002,0.62811023
Tonga,2003,0.80313486
Tonga,2004,0.760056
Tonga,2005,1.2261547
Tonga,2006,1.255598
Tonga,2007,1.071112
Tonga,2008,1.67358
Tonga,2009,1.5267806
Tonga,2010,1.2981629
Tonga,2011,1.6569827
Tonga,2012,1.4335389
Tonga,2013,1.9607605
Tonga,2014,1.9467126
Tonga,2015,1.7508984
Tonga,2016,1.7029663
Tonga,2017,1.723294
Tonga,2018,1.6542034
Tonga,2019,1.8426995
Tonga,2020,2.0037527
Tonga,2021,2.0406516
Tonga,2022,2.0604963
Tonga,2023,2.08149
Trinidad and Tobago,1909,7.9246836
Trinidad and Tobago,1910,5.9620185
Trinidad and Tobago,1911,5.353675
Trinidad and Tobago,1912,5.1423016
Trinidad and Tobago,1913,4.939035
Trinidad and Tobago,1914,4.9197197
Trinidad and Tobago,1915,4.878598
Trinidad and Tobago,1916,4.9592156
Trinidad and Tobago,1917,5.138079
Trinidad and Tobago,1918,5.654223
Trinidad and Tobago,1919,5.2491097
Trinidad and Tobago,1920,4.329605
Trinidad and Tobago,1921,4.045554
Trinidad and Tobago,1922,3.6316411
Trinidad and Tobago,1923,3.9352343
Trinidad and Tobago,1924,4.831296
Trinidad and Tobago,1925,5.3658204
Trinidad and Tobago,1926,5.245789
Trinidad and Tobago,1927,5.44643
Trinidad and Tobago,1928,8.068069
Trinidad and Tobago,1929,8.796432
Trinidad and Tobago,1930,9.143228
Trinidad and Tobago,1931,7.7959585
Trinidad and Tobago,1932,8.161895
Trinidad and Tobago,1933,9.930247
Trinidad and Tobago,1934,11.398032
Trinidad and Tobago,1935,11.923471
Trinidad and Tobago,1936,13.170051
Trinidad and Tobago,1937,16.206722
Trinidad and Tobago,1938,18.264767
Trinidad and Tobago,1939,20.245731
Trinidad and Tobago,1940,23.175219
Trinidad and Tobago,1941,21.251316
Trinidad and Tobago,1942,22.333708
Trinidad and Tobago,1943,21.066023
Trinidad and Tobago,1944,21.453466
Trinidad and Tobago,1945,21.344564
Trinidad and Tobago,1946,20.638987
Trinidad and Tobago,1947,21.880583
Trinidad and Tobago,1948,22.331833
Trinidad and Tobago,1949,23.485147
Trinidad and Tobago,1950,4.3929324
Trinidad and Tobago,1951,4.177888
Trinidad and Tobago,1952,4.2705636
Trinidad and Tobago,1953,4.1772947
Trinidad and Tobago,1954,3.743649
Trinidad and Tobago,1955,3.268925
Trinidad and Tobago,1956,3.1204016
Trinidad and Tobago,1957,2.2245595
Trinidad and Tobago,1958,2.798763
Trinidad and Tobago,1959,1.4372045
Trinidad and Tobago,1960,0.9560241
Trinidad and Tobago,1961,3.4254375
Trinidad and Tobago,1962,6.648261
Trinidad and Tobago,1963,0.3230293
Trinidad and Tobago,1964,2.6964648
Trinidad and Tobago,1965,4.2335153
Trinidad and Tobago,1966,3.0352142
Trinidad and Tobago,1967,3.671444
Trinidad and Tobago,1968,3.0413141
Trinidad and Tobago,1969,2.9701476
Trinidad and Tobago,1970,9.015268
Trinidad and Tobago,1971,7.562332
Trinidad and Tobago,1972,10.042132
Trinidad and Tobago,1973,9.725379
Trinidad and Tobago,1974,9.474164
Trinidad and Tobago,1975,8.77129
Trinidad and Tobago,1976,14.494418
Trinidad and Tobago,1977,14.514051
Trinidad and Tobago,1978,13.5280485
Trinidad and Tobago,1979,14.459343
Trinidad and Tobago,1980,14.325798
Trinidad and Tobago,1981,14.285757
Trinidad and Tobago,1982,14.80369
Trinidad and Tobago,1983,12.861048
Trinidad and Tobago,1984,13.742993
Trinidad and Tobago,1985,16.340979
Trinidad and Tobago,1986,13.3863125
Trinidad and Tobago,1987,13.610745
Trinidad and Tobago,1988,12.031411
Trinidad and Tobago,1989,13.261446
Trinidad and Tobago,1990,14.086834
Trinidad and Tobago,1991,13.276352
Trinidad and Tobago,1992,14.676707
Trinidad and Tobago,1993,13.277084
Trinidad and Tobago,1994,11.400677
Trinidad and Tobago,1995,10.977819
Trinidad and Tobago,1996,13.590249
Trinidad and Tobago,1997,13.771019
Trinidad and Tobago,1998,14.629509
Trinidad and Tobago,1999,16.714266
Trinidad and Tobago,2000,17.739468
Trinidad and Tobago,2001,19.476145
Trinidad and Tobago,2002,20.998163
Trinidad and Tobago,2003,23.463596
Trinidad and Tobago,2004,23.56373
Trinidad and Tobago,2005,27.580622
Trinidad and Tobago,2006,30.802593
Trinidad and Tobago,2007,32.76671
Trinidad and Tobago,2008,31.826113
Trinidad and Tobago,2009,31.663273
Trinidad and Tobago,2010,33.44984
Trinidad and Tobago,2011,33.237003
Trinidad and Tobago,2012,32.4399
Trinidad and Tobago,2013,32.020927
Trinidad and Tobago,2014,32.647873
Trinidad and Tobago,2015,31.623224
Trinidad and Tobago,2016,27.524818
Trinidad and Tobago,2017,27.673948
Trinidad and Tobago,2018,27.214916
Trinidad and Tobago,2019,27.274792
Trinidad and Tobago,2020,23.500051
Trinidad and Tobago,2021,24.316736
Trinidad and Tobago,2022,24.124664
Trinidad and Tobago,2023,22.700562
Tunisia,1916,0.83754766
Tunisia,1917,0.8474793
Tunisia,1918,0.85333794
Tunisia,1920,0.99179566
Tunisia,1921,1.0655084
Tunisia,1933,1.8678081
Tunisia,1934,1.8918282
Tunisia,1935,1.9019973
Tunisia,1936,1.9059972
Tunisia,1937,1.9028769
Tunisia,1938,1.8956292
Tunisia,1939,1.8851037
Tunisia,1940,3.2437978
Tunisia,1941,3.9285967
Tunisia,1942,4.297254
Tunisia,1943,4.470507
Tunisia,1944,4.603135
Tunisia,1945,4.6726246
Tunisia,1946,4.7190423
Tunisia,1947,4.7312922
Tunisia,1948,4.733866
Tunisia,1949,4.7098584
Tunisia,1950,4.4458017
Tunisia,1951,4.026998
Tunisia,1952,3.6171827
Tunisia,1953,3.2235525
Tunisia,1954,2.9348636
Tunisia,1955,2.7195144
Tunisia,1956,2.524158
Tunisia,1957,2.4327638
Tunisia,1958,2.3567612
Tunisia,1959,2.3958547
Tunisia,1960,1.8724163
Tunisia,1961,1.5084677
Tunisia,1962,1.293099
Tunisia,1963,2.0280585
Tunisia,1964,1.6786159
Tunisia,1965,1.3453879
Tunisia,1966,1.2717422
Tunisia,1967,1.1828135
Tunisia,1968,2.5866468
Tunisia,1969,3.528938
Tunisia,1970,2.3711612
Tunisia,1971,2.722282
Tunisia,1972,2.7862384
Tunisia,1973,2.4360194
Tunisia,1974,2.5085719
Tunisia,1975,2.4703717
Tunisia,1976,2.2614908
Tunisia,1977,1.6393764
Tunisia,1978,1.3889176
Tunisia,1979,0.9462027
Tunisia,1980,1.4977527
Tunisia,1981,1.907471
Tunisia,1982,2.1486595
Tunisia,1983,2.1194787
Tunisia,1984,1.7560751
Tunisia,1985,1.4768196
Tunisia,1986,1.525212
Tunisia,1987,1.3592278
Tunisia,1988,1.6877205
Tunisia,1989,1.594272
Tunisia,1990,1.6947051
Tunisia,1991,1.8959109
Tunisia,1992,1.9203702
Tunisia,1993,1.734895
Tunisia,1994,2.036041
Tunisia,1995,2.037462
Tunisia,1996,1.9001356
Tunisia,1997,2.0923786
Tunisia,1998,2.2144845
Tunisia,1999,1.983314
Tunisia,2000,1.9110321
Tunisia,2001,2.01251
Tunisia,2002,2.1202312
Tunisia,2003,2.1173759
Tunisia,2004,2.1144564
Tunisia,2005,2.3156426
Tunisia,2006,2.3697278
Tunisia,2007,2.6739552
Tunisia,2008,2.6572127
Tunisia,2009,3.4701881
Tunisia,2010,3.20996
Tunisia,2011,2.6225214
Tunisia,2012,2.8767488
Tunisia,2013,2.415699
Tunisia,2014,2.4893842
Tunisia,2015,2.7161136
Tunisia,2016,2.880457
Tunisia,2017,2.812331
Tunisia,2018,2.7126288
Tunisia,2019,2.5981517
Tunisia,2020,2.412217
Tunisia,2021,2.6739805
Tunisia,2022,2.750061
Tunisia,2023,2.8155355
Turkey,1865,1.292624
Turkey,1866,1.2916273
Turkey,1867,1.2906128
Turkey,1868,1.2833942
Turkey,1869,1.2879539
Turkey,1870,1.1220558
Turkey,1871,1.058677
Turkey,1872,1.0149517
Turkey,1873,0.97497666
Turkey,1874,0.94023174
Turkey,1875,0.9177835
Turkey,1876,0.8841869
Turkey,1877,0.8736863
Turkey,1878,0.8416778
Turkey,1879,0.8041133
Turkey,1880,0.77308553
Turkey,1881,0.75140053
Turkey,1882,0.72641855
Turkey,1883,0.70737505
Turkey,1884,0.6895114
Turkey,1885,0.6738014
Turkey,1886,0.6541947
Turkey,1887,0.6486892
Turkey,1888,0.6358292
Turkey,1889,0.6328925
Turkey,1890,0.5983076
Turkey,1891,0.5808901
Turkey,1892,0.5665847
Turkey,1893,0.55335647
Turkey,1894,0.53570634
Turkey,1895,0.5239645
Turkey,1896,0.51808643
Turkey,1897,0.49446154
Turkey,1898,0.5025284
Turkey,1899,0.5013467
Turkey,1900,0.5117811
Turkey,1901,0.49176538
Turkey,1902,0.48467526
Turkey,1903,0.48556742
Turkey,1904,0.48651
Turkey,1905,0.4864091
Turkey,1906,0.47985768
Turkey,1907,0.49105984
Turkey,1908,0.47102097
Turkey,1909,0.47882646
Turkey,1910,1.2681733
Turkey,1911,1.6418196
Turkey,1912,1.8703696
Turkey,1913,2.0767326
Turkey,1914,2.228442
Turkey,1915,2.3445632
Turkey,1916,2.4527168
Turkey,1917,2.5746846
Turkey,1918,2.6992102
Turkey,1919,2.8374486
Turkey,1920,3.1387937
Turkey,1921,3.2436042
Turkey,1922,3.3617938
Turkey,1923,3.4722006
Turkey,1924,3.6045728
Turkey,1925,3.652193
Turkey,1926,3.7412477
Turkey,1927,3.797077
Turkey,1928,3.8132174
Turkey,1929,3.8579254
Turkey,1930,5.027287
Turkey,1931,5.469784
Turkey,1932,5.731852
Turkey,1933,5.946883
Turkey,1934,6.133396
Turkey,1935,6.22123
Turkey,1936,6.269607
Turkey,1937,6.2037625
Turkey,1938,6.239012
Turkey,1939,6.2531123
Turkey,1940,5.6907697
Turkey,1941,5.448938
Turkey,1942,5.2399526
Turkey,1943,5.1607127
Turkey,1944,5.0812054
Turkey,1945,4.9677944
Turkey,1946,4.8550644
Turkey,1947,4.7755795
Turkey,1948,4.688434
Turkey,1949,4.5979524
Turkey,1950,5.676898
Turkey,1951,6.061043
Turkey,1952,6.1638746
Turkey,1953,6.5182877
Turkey,1954,6.3875256
Turkey,1955,6.3110776
Turkey,1956,6.2207055
Turkey,1957,6.113612
Turkey,1958,5.826049
Turkey,1959,5.46848
Turkey,1960,3.7011938
Turkey,1961,3.4612265
Turkey,1962,5.1555285
Turkey,1963,3.4756184
Turkey,1964,3.0698152
Turkey,1965,3.2908552
Turkey,1966,2.6734545
Turkey,1967,3.2839751
Turkey,1968,5.49197
Turkey,1969,3.410857
Turkey,1970,3.408195
Turkey,1971,4.3061
Turkey,1972,3.473993
Turkey,1973,2.910378
Turkey,1974,2.512685
Turkey,1975,2.5067866
Turkey,1976,2.9241147
Turkey,1977,2.9280381
Turkey,1978,4.098169
Turkey,1979,2.8650537
Turkey,1980,2.6193614
Turkey,1981,1.8411855
Turkey,1982,1.7154806
Turkey,1983,3.1883557
Turkey,1984,2.833889
Turkey,1985,2.6839283
Turkey,1986,3.5704315
Turkey,1987,3.0475798
Turkey,1988,3.173285
Turkey,1989,2.924352
Turkey,1990,3.2040448
Turkey,1991,3.0376048
Turkey,1992,3.0420437
Turkey,1993,3.3924367
Turkey,1994,2.9122515
Turkey,1995,2.9532855
Turkey,1996,3.1494634
Turkey,1997,3.6578488
Turkey,1998,3.5306926
Turkey,1999,3.1912973
Turkey,2000,3.6604471
Turkey,2001,3.5294921
Turkey,2002,3.2212448
Turkey,2003,4.073196
Turkey,2004,3.8113263
Turkey,2005,3.6869423
Turkey,2006,3.5801291
Turkey,2007,3.9044986
Turkey,2008,3.8100755
Turkey,2009,4.0052314
Turkey,2010,3.6862214
Turkey,2011,4.2171025
Turkey,2012,4.3416114
Turkey,2013,4.286527
Turkey,2014,4.3578415
Turkey,2015,4.5850935
Turkey,2016,4.736723
Turkey,2017,5.009984
Turkey,2018,4.5217557
Turkey,2019,4.33022
Turkey,2020,4.4481397
Turkey,2021,4.867311
Turkey,2022,4.663475
Turkey,2023,4.589277
Turkmenistan,1850,1.0850466
Turkmenistan,1855,1.0664433
Turkmenistan,1858,1.044047
Turkmenistan,1859,1.0359861
Turkmenistan,1860,1.0457389
Turkmenistan,1861,1.0469404
Turkmenistan,1862,1.0402235
Turkmenistan,1863,1.0336727
Turkmenistan,1864,1.0271842
Turkmenistan,1865,1.0180683
Turkmenistan,1866,1.0380086
Turkmenistan,1867,1.0351207
Turkmenistan,1868,1.0181637
Turkmenistan,1869,1.0230484
Turkmenistan,1870,1.0694712
Turkmenistan,1871,1.1052005
Turkmenistan,1872,1.1122926
Turkmenistan,1873,1.107076
Turkmenistan,1874,1.1187751
Turkmenistan,1875,1.1262711
Turkmenistan,1876,1.1432173
Turkmenistan,1877,1.1382452
Turkmenistan,1878,1.1675181
Turkmenistan,1879,1.1630342
Turkmenistan,1880,1.1937284
Turkmenistan,1881,1.199971
Turkmenistan,1882,1.2039233
Turkmenistan,1883,1.2241268
Turkmenistan,1884,1.2189367
Turkmenistan,1885,1.2302073
Turkmenistan,1886,1.2269557
Turkmenistan,1887,1.2317469
Turkmenistan,1888,1.2330517
Turkmenistan,1889,1.2446731
Turkmenistan,1890,1.2898213
Turkmenistan,1891,1.3198892
Turkmenistan,1892,1.3338436
Turkmenistan,1893,1.3894668
Turkmenistan,1894,1.3870878
Turkmenistan,1895,1.4415818
Turkmenistan,1896,1.4387481
Turkmenistan,1897,1.5055702
Turkmenistan,1898,1.5630155
Turkmenistan,1899,1.6525136
Turkmenistan,1900,1.7570893
Turkmenistan,1901,1.7737058
Turkmenistan,1902,1.7347739
Turkmenistan,1903,1.7051075
Turkmenistan,1904,1.7802914
Turkmenistan,1905,1.6731465
Turkmenistan,1906,1.7667155
Turkmenistan,1907,1.8554258
Turkmenistan,1908,1.8453712
Turkmenistan,1909,1.8824918
Turkmenistan,1910,1.8648963
Turkmenistan,1911,1.8929936
Turkmenistan,1912,2.0137486
Turkmenistan,1913,2.09562
Turkmenistan,1914,1.9613799
Turkmenistan,1915,1.8566748
Turkmenistan,1916,1.9057535
Turkmenistan,1917,1.8069397
Turkmenistan,1918,1.2231784
Turkmenistan,1919,1.1582755
Turkmenistan,1920,1.1384361
Turkmenistan,1921,1.1610843
Turkmenistan,1922,1.2229215
Turkmenistan,1923,1.2536231
Turkmenistan,1924,1.3219091
Turkmenistan,1925,1.3049932
Turkmenistan,1926,1.5045855
Turkmenistan,1927,1.6553829
Turkmenistan,1928,1.7190199
Turkmenistan,1929,1.7735027
Turkmenistan,1930,2.129667
Turkmenistan,1931,2.3840876
Turkmenistan,1932,2.5613728
Turkmenistan,1933,2.7482064
Turkmenistan,1934,3.124131
Turkmenistan,1935,3.394691
Turkmenistan,1936,3.7349539
Turkmenistan,1937,3.7719138
Turkmenistan,1938,3.9025993
Turkmenistan,1939,3.905737
Turkmenistan,1940,4.495614
Turkmenistan,1941,4.011432
Turkmenistan,1942,2.5361466
Turkmenistan,1943,2.590952
Turkmenistan,1944,3.3818228
Turkmenistan,1945,3.4885106
Turkmenistan,1946,3.7816646
Turkmenistan,1947,4.3558373
Turkmenistan,1948,4.536746
Turkmenistan,1949,4.9892244
Turkmenistan,1950,5.8192353
Turkmenistan,1951,6.618618
Turkmenistan,1952,7.2958274
Turkmenistan,1953,7.8348913
Turkmenistan,1954,8.4915085
Turkmenistan,1955,9.314569
Turkmenistan,1956,9.922755
Turkmenistan,1957,10.4996
Turkmenistan,1958,10.8917055
Turkmenistan,1959,11.144584
Turkmenistan,1960,9.533057
Turkmenistan,1961,8.812659
Turkmenistan,1962,8.319951
Turkmenistan,1963,8.285084
Turkmenistan,1964,8.370619
Turkmenistan,1965,8.383318
Turkmenistan,1966,8.577447
Turkmenistan,1967,8.699222
Turkmenistan,1968,8.7904215
Turkmenistan,1969,8.862021
Turkmenistan,1970,9.096213
Turkmenistan,1971,9.430147
Turkmenistan,1972,9.67468
Turkmenistan,1973,9.89049
Turkmenistan,1974,9.915839
Turkmenistan,1975,10.169322
Turkmenistan,1976,10.29636
Turkmenistan,1977,10.315279
Turkmenistan,1978,10.442883
Turkmenistan,1979,10.232459
Turkmenistan,1980,10.411416
Turkmenistan,1981,9.973519
Turkmenistan,1982,9.905472
Turkmenistan,1983,9.756244
Turkmenistan,1984,9.596128
Turkmenistan,1985,10.050229
Turkmenistan,1986,10.732018
Turkmenistan,1987,10.532232
Turkmenistan,1988,10.372538
Turkmenistan,1989,10.172107
Turkmenistan,1990,8.847828
Turkmenistan,1991,7.977584
Turkmenistan,1992,9.404831
Turkmenistan,1993,8.668911
Turkmenistan,1994,9.826903
Turkmenistan,1995,9.0395155
Turkmenistan,1996,7.8922257
Turkmenistan,1997,7.5111833
Turkmenistan,1998,8.70616
Turkmenistan,1999,10.641257
Turkmenistan,2000,10.59961
Turkmenistan,2001,8.341135
Turkmenistan,2002,6.9539027
Turkmenistan,2003,8.750443
Turkmenistan,2004,10.23244
Turkmenistan,2005,9.68694
Turkmenistan,2006,9.864461
Turkmenistan,2007,9.35485
Turkmenistan,2008,11.194701
Turkmenistan,2009,9.460778
Turkmenistan,2010,10.481571
Turkmenistan,2011,11.326531
Turkmenistan,2012,11.401924
Turkmenistan,2013,10.728205
Turkmenistan,2014,10.24765
Turkmenistan,2015,10.271854
Turkmenistan,2016,9.915603
Turkmenistan,2017,9.6984625
Turkmenistan,2018,9.4125185
Turkmenistan,2019,9.261976
Turkmenistan,2020,9.220097
Turkmenistan,2021,8.925374
Turkmenistan,2022,8.858917
Turkmenistan,2023,8.593517
Tuvalu,1990,0.41740716
Tuvalu,1991,0.41122335
Tuvalu,1992,0.4059834
Tuvalu,1993,0.40232787
Tuvalu,1994,0.39869425
Tuvalu,1995,0.39542413
Tuvalu,1996,0.3930487
Tuvalu,1997,0.3901608
Tuvalu,1998,1.1657652
Tuvalu,1999,1.1603504
Tuvalu,2000,0.7692631
Tuvalu,2001,1.1483494
Tuvalu,2002,1.1445231
Tuvalu,2003,1.1364764
Tuvalu,2004,1.1220907
Tuvalu,2005,1.1078411
Tuvalu,2006,1.0949298
Tuvalu,2007,1.0819962
Tuvalu,2008,1.0666667
Tuvalu,2009,1.0531762
Tuvalu,2010,1.0375684
Tuvalu,2011,1.020992
Tuvalu,2012,1.0062249
Tuvalu,2013,1.0010017
Tuvalu,2014,1.0025538
Tuvalu,2015,1.004019
Tuvalu,2016,1.0076084
Tuvalu,2017,1.0124344
Tuvalu,2018,1.0246085
Tuvalu,2019,1.0412049
Tuvalu,2020,1.0586536
Tuvalu,2021,1.0811449
Tuvalu,2022,1.1291132
Tuvalu,2023,1.174908
Uganda,1950,5.990672
Uganda,1951,6.006533
Uganda,1952,5.9806924
Uganda,1953,5.6117215
Uganda,1954,6.0351496
Uganda,1955,6.2557626
Uganda,1956,5.7490654
Uganda,1957,5.6019077
Uganda,1958,5.3231173
Uganda,1959,5.282665
Uganda,1960,4.0779943
Uganda,1961,4.7665625
Uganda,1962,6.0416803
Uganda,1963,11.449429
Uganda,1964,9.406359
Uganda,1965,6.9152255
Uganda,1966,5.647496
Uganda,1967,5.129306
Uganda,1968,4.610803
Uganda,1969,4.280131
Uganda,1970,4.1938524
Uganda,1971,4.13975
Uganda,1972,4.0311704
Uganda,1973,3.9108841
Uganda,1974,4.1260457
Uganda,1975,4.127239
Uganda,1976,3.3256032
Uganda,1977,3.1509604
Uganda,1978,2.673747
Uganda,1979,2.6747327
Uganda,1980,7.2411065
Uganda,1981,5.254354
Uganda,1982,3.8130684
Uganda,1983,3.019382
Uganda,1984,2.4927347
Uganda,1985,1.8746417
Uganda,1986,1.7607365
Uganda,1987,1.4879177
Uganda,1988,1.2959898
Uganda,1989,1.132598
Uganda,1990,0.9587952
Uganda,1991,1.0028533
Uganda,1992,0.9158965
Uganda,1993,0.8320154
Uganda,1994,0.73873264
Uganda,1995,0.7641223
Uganda,1996,0.6259169
Uganda,1997,0.706553
Uganda,1998,0.6211961
Uganda,1999,0.97304964
Uganda,2000,0.9108781
Uganda,2001,1.0294192
Uganda,2002,1.2001442
Uganda,2003,1.1307697
Uganda,2004,0.7621951
Uganda,2005,0.7063048
Uganda,2006,0.6762043
Uganda,2007,0.71132
Uganda,2008,0.66812557
Uganda,2009,0.7394617
Uganda,2010,0.7032398
Uganda,2011,0.5992768
Uganda,2012,0.4800044
Uganda,2013,0.40484715
Uganda,2014,0.35435122
Uganda,2015,0.29054105
Uganda,2016,0.28283888
Uganda,2017,0.26217565
Uganda,2018,0.2502526
Uganda,2019,0.24234097
Uganda,2020,0.2167451
Uganda,2021,0.21319558
Uganda,2022,0.19039004
Uganda,2023,0.18043894
Ukraine,1850,3.4105096
Ukraine,1855,4.1897006
Ukraine,1858,4.377967
Ukraine,1859,4.426396
Ukraine,1860,4.4433317
Ukraine,1861,4.4639463
Ukraine,1862,4.4815145
Ukraine,1863,4.4968395
Ukraine,1864,4.5044928
Ukraine,1865,4.5074434
Ukraine,1866,4.540285
Ukraine,1867,4.5411587
Ukraine,1868,4.5159245
Ukraine,1869,4.5137997
Ukraine,1870,5.0944715
Ukraine,1871,5.317348
Ukraine,1872,5.4681697
Ukraine,1873,5.564675
Ukraine,1874,5.682359
Ukraine,1875,5.756883
Ukraine,1876,5.821538
Ukraine,1877,5.8655577
Ukraine,1878,5.93303
Ukraine,1879,5.973691
Ukraine,1880,6.231888
Ukraine,1881,6.3524003
Ukraine,1882,6.4303045
Ukraine,1883,6.504692
Ukraine,1884,6.5506325
Ukraine,1885,6.5947475
Ukraine,1886,6.630749
Ukraine,1887,6.664087
Ukraine,1888,6.6597724
Ukraine,1889,6.679207
Ukraine,1890,7.342913
Ukraine,1891,7.6010327
Ukraine,1892,7.793659
Ukraine,1893,7.953304
Ukraine,1894,8.081752
Ukraine,1895,8.200662
Ukraine,1896,8.253576
Ukraine,1897,8.360996
Ukraine,1898,8.45523
Ukraine,1899,8.570974
Ukraine,1900,9.238788
Ukraine,1901,9.519829
Ukraine,1902,9.638053
Ukraine,1903,9.763132
Ukraine,1904,9.917177
Ukraine,1905,9.957131
Ukraine,1906,10.07885
Ukraine,1907,10.186505
Ukraine,1908,10.223778
Ukraine,1909,10.28727
Ukraine,1910,8.1641865
Ukraine,1911,7.281275
Ukraine,1912,6.7640324
Ukraine,1913,6.343083
Ukraine,1914,5.830625
Ukraine,1915,5.3924046
Ukraine,1916,5.1025057
Ukraine,1917,4.758457
Ukraine,1918,4.08984
Ukraine,1919,3.793157
Ukraine,1920,3.289747
Ukraine,1921,2.9504204
Ukraine,1922,2.6656811
Ukraine,1923,2.418808
Ukraine,1924,2.2119498
Ukraine,1925,1.9834074
Ukraine,1926,1.9119947
Ukraine,1927,1.8537949
Ukraine,1928,1.7377784
Ukraine,1929,1.6156405
Ukraine,1930,2.3923457
Ukraine,1931,2.7720935
Ukraine,1932,3.0418677
Ukraine,1933,3.2693698
Ukraine,1934,3.6592548
Ukraine,1935,3.9319544
Ukraine,1936,4.2693458
Ukraine,1937,4.3443336
Ukraine,1938,4.4856524
Ukraine,1939,4.53931
Ukraine,1940,6.029486
Ukraine,1941,6.1170473
Ukraine,1942,5.33117
Ukraine,1943,5.663153
Ukraine,1944,6.4605274
Ukraine,1945,6.727533
Ukraine,1946,7.145059
Ukraine,1947,7.710102
Ukraine,1948,7.9647455
Ukraine,1949,8.410033
Ukraine,1950,7.319578
Ukraine,1951,6.9927087
Ukraine,1952,6.8378415
Ukraine,1953,6.698327
Ukraine,1954,6.7506475
Ukraine,1955,7.0264335
Ukraine,1956,7.2053056
Ukraine,1957,7.450474
Ukraine,1958,7.5541286
Ukraine,1959,7.618226
Ukraine,1960,8.842603
Ukraine,1961,8.791049
Ukraine,1962,8.354657
Ukraine,1963,8.490718
Ukraine,1964,8.719162
Ukraine,1965,8.837102
Ukraine,1966,9.155597
Ukraine,1967,9.391497
Ukraine,1968,9.610188
Ukraine,1969,9.784798
Ukraine,1970,10.285681
Ukraine,1971,10.691813
Ukraine,1972,11.085701
Ukraine,1973,11.58141
Ukraine,1974,11.792076
Ukraine,1975,12.310785
Ukraine,1976,12.686122
Ukraine,1977,12.955805
Ukraine,1978,13.277134
Ukraine,1979,13.380718
Ukraine,1980,13.9514885
Ukraine,1981,13.5537615
Ukraine,1982,13.742109
Ukraine,1983,13.82123
Ukraine,1984,13.88463
Ukraine,1985,14.882396
Ukraine,1986,14.779906
Ukraine,1987,14.514413
Ukraine,1988,14.218279
Ukraine,1989,13.276164
Ukraine,1990,13.6945095
Ukraine,1991,12.4954
Ukraine,1992,11.47017
Ukraine,1993,9.892411
Ukraine,1994,8.291859
Ukraine,1995,7.654705
Ukraine,1996,6.912405
Ukraine,1997,6.650466
Ukraine,1998,6.373541
Ukraine,1999,6.3134694
Ukraine,2000,6.0397844
Ukraine,2001,6.2862773
Ukraine,2002,6.1176167
Ukraine,2003,6.428897
Ukraine,2004,6.4472203
Ukraine,2005,6.5843964
Ukraine,2006,7.007338
Ukraine,2007,7.186689
Ukraine,2008,6.956329
Ukraine,2009,6.204617
Ukraine,2010,6.436097
Ukraine,2011,6.724331
Ukraine,2012,7.0163937
Ukraine,2013,6.6623363
Ukraine,2014,5.7619944
Ukraine,2015,5.2736187
Ukraine,2016,5.323318
Ukraine,2017,5.032563
Ukraine,2018,5.2140923
Ukraine,2019,5.015587
Ukraine,2020,4.7023277
Ukraine,2021,4.8002477
Ukraine,2022,3.4867706
Ukraine,2023,3.656889
United Arab Emirates,1959,-0.04898828
United Arab Emirates,1960,-0.025672527
United Arab Emirates,1961,-0.010092781
United Arab Emirates,1962,0.053093757
United Arab Emirates,1963,0.086917646
United Arab Emirates,1964,0.10717544
United Arab Emirates,1965,0.14869435
United Arab Emirates,1966,0.14492121
United Arab Emirates,1967,5.0892572
United Arab Emirates,1968,6.215147
United Arab Emirates,1969,85.621
United Arab Emirates,1970,53.182182
United Arab Emirates,1971,63.187443
United Arab Emirates,1972,60.887173
United Arab Emirates,1973,70.1565
United Arab Emirates,1974,64.02427
United Arab Emirates,1975,57.210888
United Arab Emirates,1976,64.350555
United Arab Emirates,1977,54.58479
United Arab Emirates,1978,55.32118
United Arab Emirates,1979,40.1127
United Arab Emirates,1980,36.2981
United Arab Emirates,1981,33.452213
United Arab Emirates,1982,31.553509
United Arab Emirates,1983,28.53566
United Arab Emirates,1984,35.371742
United Arab Emirates,1985,36.066433
United Arab Emirates,1986,32.06929
United Arab Emirates,1987,30.158262
United Arab Emirates,1988,28.609747
United Arab Emirates,1989,30.337896
United Arab Emirates,1990,27.285074
United Arab Emirates,1991,28.295792
United Arab Emirates,1992,27.35575
United Arab Emirates,1993,29.549591
United Arab Emirates,1994,32.244804
United Arab Emirates,1995,29.788832
United Arab Emirates,1996,29.064255
United Arab Emirates,1997,25.90864
United Arab Emirates,1998,26.591284
United Arab Emirates,1999,23.83641
United Arab Emirates,2000,32.11098
United Arab Emirates,2001,27.299383
United Arab Emirates,2002,21.420311
United Arab Emirates,2003,25.405277
United Arab Emirates,2004,25.237513
United Arab Emirates,2005,24.518944
United Arab Emirates,2006,24.28949
United Arab Emirates,2007,23.683804
United Arab Emirates,2008,24.329607
United Arab Emirates,2009,25.012365
United Arab Emirates,2010,26.610153
United Arab Emirates,2011,27.414675
United Arab Emirates,2012,27.640324
United Arab Emirates,2013,27.22276
United Arab Emirates,2014,25.480082
United Arab Emirates,2015,26.006344
United Arab Emirates,2016,25.08448
United Arab Emirates,2017,23.050097
United Arab Emirates,2018,22.429905
United Arab Emirates,2019,23.430649
United Arab Emirates,2020,23.003513
United Arab Emirates,2021,22.086233
United Arab Emirates,2022,22.06124
United Arab Emirates,2023,21.55246
United Kingdom,1850,4.802346
United Kingdom,1851,4.461853
United Kingdom,1852,4.3095427
United Kingdom,1853,4.2246466
United Kingdom,1854,5.0305552
United Kingdom,1855,4.5967064
United Kingdom,1856,4.8138456
United Kingdom,1857,4.640835
United Kingdom,1858,4.461923
United Kingdom,1859,4.888244
United Kingdom,1860,5.855569
United Kingdom,1861,6.2804503
United Kingdom,1862,6.3232236
United Kingdom,1863,6.8885484
United Kingdom,1864,7.488342
United Kingdom,1865,7.9608536
United Kingdom,1866,8.278811
United Kingdom,1867,8.5154
United Kingdom,1868,8.368631
United Kingdom,1869,8.617542
United Kingdom,1870,8.687872
United Kingdom,1871,8.936528
United Kingdom,1872,9.158197
United Kingdom,1873,9.3992
United Kingdom,1874,9.133013
United Kingdom,1875,9.42022
United Kingdom,1876,9.220462
United Kingdom,1877,9.271972
United Kingdom,1878,9.01461
United Kingdom,1879,8.94789
United Kingdom,1880,9.681084
United Kingdom,1881,9.896936
United Kingdom,1882,9.942223
United Kingdom,1883,10.250603
United Kingdom,1884,9.914161
United Kingdom,1885,9.672422
United Kingdom,1886,9.532777
United Kingdom,1887,9.698618
United Kingdom,1888,9.976101
United Kingdom,1889,10.150365
United Kingdom,1890,10.347255
United Kingdom,1891,10.428351
United Kingdom,1892,10.095184
United Kingdom,1893,9.110277
United Kingdom,1894,10.266078
United Kingdom,1895,10.230534
United Kingdom,1896,10.337986
United Kingdom,1897,10.505538
United Kingdom,1898,10.41857
United Kingdom,1899,10.989023
United Kingdom,1900,11.117375
United Kingdom,1901,10.765581
United Kingdom,1902,11.025297
United Kingdom,1903,10.967918
United Kingdom,1904,10.982194
United Kingdom,1905,11.068174
United Kingdom,1906,11.303402
United Kingdom,1907,11.612665
United Kingdom,1908,11.260242
United Kingdom,1909,11.254657
United Kingdom,1910,11.243054
United Kingdom,1911,11.503875
United Kingdom,1912,10.773632
United Kingdom,1913,11.693956
United Kingdom,1914,11.321144
United Kingdom,1915,11.397993
United Kingdom,1916,11.689138
United Kingdom,1917,11.497317
United Kingdom,1918,10.658559
United Kingdom,1919,10.32046
United Kingdom,1920,10.68666
United Kingdom,1921,7.535007
United Kingdom,1922,9.756495
United Kingdom,1923,10.286382
United Kingdom,1924,10.738005
United Kingdom,1925,10.178234
United Kingdom,1926,5.862901
United Kingdom,1927,10.6242
United Kingdom,1928,10.081897
United Kingdom,1929,10.633646
United Kingdom,1930,10.208926
United Kingdom,1931,9.530377
United Kingdom,1932,9.168133
United Kingdom,1933,9.118465
United Kingdom,1934,9.777302
United Kingdom,1935,9.845599
United Kingdom,1936,10.326851
United Kingdom,1937,10.615676
United Kingdom,1938,10.203578
United Kingdom,1939,10.171755
United Kingdom,1940,10.707452
United Kingdom,1941,10.685037
United Kingdom,1942,10.522275
United Kingdom,1943,10.460454
United Kingdom,1944,10.426709
United Kingdom,1945,9.648455
United Kingdom,1946,9.841477
United Kingdom,1947,10.255453
United Kingdom,1948,10.599428
United Kingdom,1949,10.665767
United Kingdom,1950,10.387662
United Kingdom,1951,11.208278
United Kingdom,1952,10.870273
United Kingdom,1953,11.05998
United Kingdom,1954,11.250525
United Kingdom,1955,11.70775
United Kingdom,1956,11.612025
United Kingdom,1957,11.509134
United Kingdom,1958,11.160047
United Kingdom,1959,11.07248
United Kingdom,1960,11.556603
United Kingdom,1961,11.5605135
United Kingdom,1962,11.5327635
United Kingdom,1963,11.628476
United Kingdom,1964,11.597843
United Kingdom,1965,11.753072
United Kingdom,1966,11.606941
United Kingdom,1967,11.029337
United Kingdom,1968,11.205369
United Kingdom,1969,11.409208
United Kingdom,1970,11.824838
United Kingdom,1971,11.902438
United Kingdom,1972,11.630137
United Kingdom,1973,11.806159
United Kingdom,1974,11.037956
United Kingdom,1975,10.794788
United Kingdom,1976,10.714489
United Kingdom,1977,10.820675
United Kingdom,1978,10.830426
United Kingdom,1979,11.572402
United Kingdom,1980,10.33729
United Kingdom,1981,10.000636
United Kingdom,1982,9.772384
United Kingdom,1983,9.739701
United Kingdom,1984,9.465032
United Kingdom,1985,9.936296
United Kingdom,1986,10.071344
United Kingdom,1987,10.433326
United Kingdom,1988,10.147703
United Kingdom,1989,10.266649
United Kingdom,1990,10.565981
United Kingdom,1991,10.637259
United Kingdom,1992,10.129686
United Kingdom,1993,9.881638
United Kingdom,1994,9.831912
United Kingdom,1995,9.86441
United Kingdom,1996,10.29753
United Kingdom,1997,9.738189
United Kingdom,1998,9.615597
United Kingdom,1999,9.452136
United Kingdom,2000,9.648798
United Kingdom,2001,9.749361
United Kingdom,2002,9.442244
United Kingdom,2003,9.630429
United Kingdom,2004,9.641416
United Kingdom,2005,10.133178
United Kingdom,2006,9.666077
United Kingdom,2007,9.389989
United Kingdom,2008,8.966649
United Kingdom,2009,8.027194
United Kingdom,2010,8.233642
United Kingdom,2011,7.56419
United Kingdom,2012,7.887888
United Kingdom,2013,7.6646924
United Kingdom,2014,6.950332
United Kingdom,2015,6.7659955
United Kingdom,2016,6.3522573
United Kingdom,2017,6.0425587
United Kingdom,2018,5.970907
United Kingdom,2019,5.606501
United Kingdom,2020,4.9792385
United Kingdom,2021,5.2366657
United Kingdom,2022,4.7462797
United Kingdom,2023,4.5815573
United States,1850,34.651848
United States,1851,36.464054
United States,1852,37.584595
United States,1853,37.033897
United States,1854,37.493526
United States,1855,36.99972
United States,1856,37.06244
United States,1857,36.471363
United States,1858,36.46062
United States,1859,36.85223
United States,1860,31.977476
United States,1861,28.724405
United States,1862,27.7023
United States,1863,26.852238
United States,1864,25.42678
United States,1865,23.8371
United States,1866,23.38046
United States,1867,22.809376
United States,1868,22.214806
United States,1869,21.545473
United States,1870,29.783915
United States,1871,32.92967
United States,1872,34.560074
United States,1873,36.050842
United States,1874,36.57669
United States,1875,36.86264
United States,1876,36.9893
United States,1877,37.48736
United States,1878,37.908485
United States,1879,38.584747
United States,1880,34.99861
United States,1881,32.643867
United States,1882,32.38883
United States,1883,32.225803
United States,1884,31.324387
United States,1885,30.591585
United States,1886,29.76509
United States,1887,29.770426
United States,1888,30.018053
United States,1889,28.389206
United States,1890,30.415148
United States,1891,30.4903
United States,1892,30.047619
United States,1893,30.355505
United States,1894,29.44258
United States,1895,29.408142
United States,1896,29.17719
United States,1897,29.026981
United States,1898,29.44043
United States,1899,30.466639
United States,1900,29.168568
United States,1901,29.03291
United States,1902,29.02415
United States,1903,29.67892
United States,1904,29.158474
United States,1905,29.798464
United States,1906,29.717754
United States,1907,31.059948
United States,1908,28.823017
United States,1909,29.51317
United States,1910,29.230215
United States,1911,28.503834
United States,1912,28.429256
United States,1913,28.897778
United States,1914,27.227232
United States,1915,26.933933
United States,1916,28.077923
United States,1917,29.150885
United States,1918,29.40961
United States,1919,26.406546
United States,1920,28.343296
United States,1921,25.299791
United States,1922,24.618364
United States,1923,28.182184
United States,1924,25.683424
United States,1925,25.990328
United States,1926,26.626015
United States,1927,25.33491
United States,1928,24.841196
United States,1929,25.130264
United States,1930,22.078354
United States,1931,19.484936
United States,1932,16.723549
United States,1933,17.000332
United States,1934,17.422348
United States,1935,17.266657
United States,1936,18.794798
United States,1937,18.942839
United States,1938,16.383242
United States,1939,17.200415
United States,1940,19.208498
United States,1941,20.431911
United States,1942,21.332094
United States,1943,21.686262
United States,1944,22.70741
United States,1945,21.768023
United States,1946,20.683548
United States,1947,22.097662
United States,1948,22.446634
United States,1949,18.894825
United States,1950,19.561958
United States,1951,19.459492
United States,1952,18.392822
United States,1953,18.317087
United States,1954,17.34583
United States,1955,18.352604
United States,1956,18.75205
United States,1957,18.178932
United States,1958,17.325577
United States,1959,17.13091
United States,1960,17.175861
United States,1961,16.109726
United States,1962,17.196365
United States,1963,17.128744
United States,1964,17.32052
United States,1965,17.624054
United States,1966,18.106241
United States,1967,20.88999
United States,1968,22.852816
United States,1969,21.728788
United States,1970,22.509596
United States,1971,22.034012
United States,1972,22.654102
United States,1973,23.18169
United States,1974,22.16491
United States,1975,21.28006
United States,1976,22.405052
United States,1977,23.392294
United States,1978,23.035593
United States,1979,23.038273
United States,1980,22.073444
United States,1981,21.300491
United States,1982,20.038198
United States,1983,19.8538
United States,1984,20.651154
United States,1985,20.438221
United States,1986,20.005903
United States,1987,20.652859
United States,1988,21.432188
United States,1989,21.55018
United States,1990,21.34385
United States,1991,20.651379
United States,1992,20.639275
United States,1993,20.717113
United States,1994,21.016771
United States,1995,20.601606
United States,1996,21.017206
United States,1997,21.155296
United States,1998,21.17966
United States,1999,21.361979
United States,2000,21.850704
United States,2001,20.941738
United States,2002,20.721716
United States,2003,20.932829
United States,2004,20.85584
United States,2005,20.891497
United States,2006,20.128973
United States,2007,20.115835
United States,2008,19.364243
United States,2009,17.566332
United States,2010,18.214136
United States,2011,17.359632
United States,2012,16.908415
United States,2013,17.000244
United States,2014,17.2839
United States,2015,16.588005
United States,2016,16.186548
United States,2017,16.069191
United States,2018,16.268597
United States,2019,15.750341
United States,2020,14.060412
United States,2021,15.068854
United States,2022,15.170215
United States,2023,14.635901
Upper-middle-income countries,1850,0.252555
Upper-middle-income countries,1855,0.2830139
Upper-middle-income countries,1856,0.2410936
Upper-middle-income countries,1857,0.24311548
Upper-middle-income countries,1858,0.51913023
Upper-middle-income countries,1859,0.51281464
Upper-middle-income countries,1860,0.51733035
Upper-middle-income countries,1861,0.54798627
Upper-middle-income countries,1862,0.55559117
Upper-middle-income countries,1863,0.543701
Upper-middle-income countries,1864,0.5674508
Upper-middle-income countries,1865,0.5813941
Upper-middle-income countries,1866,0.6065724
Upper-middle-income countries,1867,0.5979973
Upper-middle-income countries,1868,0.6333476
Upper-middle-income countries,1869,0.61352575
Upper-middle-income countries,1870,0.73206353
Upper-middle-income countries,1871,0.7941352
Upper-middle-income countries,1872,0.8281669
Upper-middle-income countries,1873,0.8349292
Upper-middle-income countries,1874,0.829879
Upper-middle-income countries,1875,0.8697657
Upper-middle-income countries,1876,0.82596874
Upper-middle-income countries,1877,0.8455436
Upper-middle-income countries,1878,0.8657428
Upper-middle-income countries,1879,0.83792627
Upper-middle-income countries,1880,0.9922511
Upper-middle-income countries,1881,1.0420495
Upper-middle-income countries,1882,1.0831424
Upper-middle-income countries,1883,1.1208075
Upper-middle-income countries,1884,1.1811427
Upper-middle-income countries,1885,1.2228838
Upper-middle-income countries,1886,1.1599063
Upper-middle-income countries,1887,1.2046969
Upper-middle-income countries,1888,1.1730065
Upper-middle-income countries,1889,1.5990648
Upper-middle-income countries,1890,1.9050847
Upper-middle-income countries,1891,2.1193535
Upper-middle-income countries,1892,2.107847
Upper-middle-income countries,1893,2.1623578
Upper-middle-income countries,1894,2.1837986
Upper-middle-income countries,1895,2.1882918
Upper-middle-income countries,1896,2.1688
Upper-middle-income countries,1897,2.2433796
Upper-middle-income countries,1898,2.1819932
Upper-middle-income countries,1899,2.2725084
Upper-middle-income countries,1900,2.3016646
Upper-middle-income countries,1901,2.4441977
Upper-middle-income countries,1902,2.5030742
Upper-middle-income countries,1903,2.5096185
Upper-middle-income countries,1904,2.5336921
Upper-middle-income countries,1905,2.5764954
Upper-middle-income countries,1906,2.6049573
Upper-middle-income countries,1907,2.8900084
Upper-middle-income countries,1908,2.9305086
Upper-middle-income countries,1909,2.9657357
Upper-middle-income countries,1910,2.9457831
Upper-middle-income countries,1911,3.0413818
Upper-middle-income countries,1912,3.1215944
Upper-middle-income countries,1913,3.093783
Upper-middle-income countries,1914,3.0887756
Upper-middle-income countries,1915,3.0290082
Upper-middle-income countries,1916,3.008275
Upper-middle-income countries,1917,3.0436428
Upper-middle-income countries,1918,3.0105894
Upper-middle-income countries,1919,2.988199
Upper-middle-income countries,1920,3.1021457
Upper-middle-income countries,1921,3.1428218
Upper-middle-income countries,1922,3.0941417
Upper-middle-income countries,1923,3.1991224
Upper-middle-income countries,1924,3.133753
Upper-middle-income countries,1925,3.108843
Upper-middle-income countries,1926,3.0950196
Upper-middle-income countries,1927,3.1170084
Upper-middle-income countries,1928,3.084135
Upper-middle-income countries,1929,3.0751114
Upper-middle-income countries,1930,2.9770226
Upper-middle-income countries,1931,3.0389276
Upper-middle-income countries,1932,3.0747666
Upper-middle-income countries,1933,3.0845995
Upper-middle-income countries,1934,3.09801
Upper-middle-income countries,1935,3.070208
Upper-middle-income countries,1936,3.0716963
Upper-middle-income countries,1937,3.1388216
Upper-middle-income countries,1938,3.0832055
Upper-middle-income countries,1939,3.0579033
Upper-middle-income countries,1940,3.6405847
Upper-middle-income countries,1941,3.8245883
Upper-middle-income countries,1942,3.6414115
Upper-middle-income countries,1943,3.9804382
Upper-middle-income countries,1944,4.046391
Upper-middle-income countries,1945,3.7468276
Upper-middle-income countries,1946,3.820812
Upper-middle-income countries,1947,4.112419
Upper-middle-income countries,1948,4.114826
Upper-middle-income countries,1949,4.105005
Upper-middle-income countries,1950,4.791743
Upper-middle-income countries,1951,5.204872
Upper-middle-income countries,1952,4.9847517
Upper-middle-income countries,1953,4.80145
Upper-middle-income countries,1954,5.1016865
Upper-middle-income countries,1955,5.118394
Upper-middle-income countries,1956,4.981496
Upper-middle-income countries,1957,4.9742928
Upper-middle-income countries,1958,4.9944463
Upper-middle-income countries,1959,5.2372236
Upper-middle-income countries,1960,4.8094783
Upper-middle-income countries,1961,5.0309534
Upper-middle-income countries,1962,4.9309206
Upper-middle-income countries,1963,4.8789506
Upper-middle-income countries,1964,4.6161647
Upper-middle-income countries,1965,4.5769987
Upper-middle-income countries,1966,4.3004537
Upper-middle-income countries,1967,3.9836369
Upper-middle-income countries,1968,4.005461
Upper-middle-income countries,1969,4.4849668
Upper-middle-income countries,1970,4.6182933
Upper-middle-income countries,1971,4.457293
Upper-middle-income countries,1972,4.9096427
Upper-middle-income countries,1973,4.7503366
Upper-middle-income countries,1974,4.602316
Upper-middle-income countries,1975,4.516482
Upper-middle-income countries,1976,4.4893746
Upper-middle-income countries,1977,4.8251076
Upper-middle-income countries,1978,5.081434
Upper-middle-income countries,1979,4.585699
Upper-middle-income countries,1980,4.575533
Upper-middle-income countries,1981,4.402783
Upper-middle-income countries,1982,4.4325128
Upper-middle-income countries,1983,4.3851404
Upper-middle-income countries,1984,5.086287
Upper-middle-income countries,1985,4.8706274
Upper-middle-income countries,1986,5.205339
Upper-middle-income countries,1987,4.97453
Upper-middle-income countries,1988,4.827666
Upper-middle-income countries,1989,4.7249856
Upper-middle-income countries,1990,4.542897
Upper-middle-income countries,1991,4.4423075
Upper-middle-income countries,1992,4.5228024
Upper-middle-income countries,1993,4.416221
Upper-middle-income countries,1994,4.7726607
Upper-middle-income countries,1995,4.6733823
Upper-middle-income countries,1996,4.713539
Upper-middle-income countries,1997,5.5636797
Upper-middle-income countries,1998,4.932188
Upper-middle-income countries,1999,4.957999
Upper-middle-income countries,2000,4.6186724
Upper-middle-income countries,2001,4.4889727
Upper-middle-income countries,2002,4.788688
Upper-middle-income countries,2003,5.5226097
Upper-middle-income countries,2004,5.4339137
Upper-middle-income countries,2005,5.4918337
Upper-middle-income countries,2006,5.9122877
Upper-middle-income countries,2007,5.704832
Upper-middle-income countries,2008,5.810294
Upper-middle-income countries,2009,6.029962
Upper-middle-income countries,2010,6.0661664
Upper-middle-income countries,2011,6.539331
Upper-middle-income countries,2012,6.7528596
Upper-middle-income countries,2013,6.7082424
Upper-middle-income countries,2014,6.788766
Upper-middle-income countries,2015,6.7331643
Upper-middle-income countries,2016,6.2308235
Upper-middle-income countries,2017,6.2408824
Upper-middle-income countries,2018,6.3367887
Upper-middle-income countries,2019,6.58144
Upper-middle-income countries,2020,6.33948
Upper-middle-income countries,2021,6.636619
Upper-middle-income countries,2022,6.570947
Upper-middle-income countries,2023,6.785854
Uruguay,1856,13.727315
Uruguay,1857,13.693658
Uruguay,1858,13.794652
Uruguay,1859,13.314119
Uruguay,1860,13.10826
Uruguay,1861,12.908702
Uruguay,1862,12.467116
Uruguay,1863,12.349742
Uruguay,1864,11.896052
Uruguay,1865,11.751442
Uruguay,1866,11.860063
Uruguay,1867,11.507833
Uruguay,1868,11.589186
Uruguay,1869,11.126806
Uruguay,1870,10.336266
Uruguay,1871,10.050177
Uruguay,1872,10.191561
Uruguay,1873,9.870587
Uruguay,1874,10.232757
Uruguay,1875,9.645936
Uruguay,1876,9.470596
Uruguay,1877,9.386985
Uruguay,1878,9.115995
Uruguay,1879,8.808282
Uruguay,1880,8.2060795
Uruguay,1881,9.190322
Uruguay,1882,9.658811
Uruguay,1883,10.187096
Uruguay,1884,10.521701
Uruguay,1885,10.71273
Uruguay,1886,10.284992
Uruguay,1887,10.478884
Uruguay,1888,10.452401
Uruguay,1889,10.983468
Uruguay,1890,10.280193
Uruguay,1891,10.010845
Uruguay,1892,9.761701
Uruguay,1893,9.749962
Uruguay,1894,9.8096485
Uruguay,1895,9.610477
Uruguay,1896,9.4563265
Uruguay,1897,9.058257
Uruguay,1898,9.22456
Uruguay,1899,9.049411
Uruguay,1900,9.447557
Uruguay,1901,8.709883
Uruguay,1902,8.575376
Uruguay,1903,7.8419437
Uruguay,1904,6.976897
Uruguay,1905,6.5314984
Uruguay,1906,6.99112
Uruguay,1907,7.2270637
Uruguay,1908,7.316537
Uruguay,1909,7.034981
Uruguay,1910,7.166298
Uruguay,1911,7.125776
Uruguay,1912,6.969197
Uruguay,1913,6.7132993
Uruguay,1914,6.226625
Uruguay,1915,5.796503
Uruguay,1916,5.363479
Uruguay,1917,5.2393656
Uruguay,1918,5.319046
Uruguay,1919,5.233231
Uruguay,1920,5.1404023
Uruguay,1921,4.9001555
Uruguay,1922,5.114857
Uruguay,1923,4.886783
Uruguay,1924,4.8651557
Uruguay,1925,4.5372477
Uruguay,1926,4.389564
Uruguay,1927,4.2487054
Uruguay,1928,4.08092
Uruguay,1929,4.145519
Uruguay,1930,3.9853766
Uruguay,1931,3.9530463
Uruguay,1932,3.7979887
Uruguay,1933,3.7639086
Uruguay,1934,3.6718907
Uruguay,1935,3.658276
Uruguay,1936,3.6257653
Uruguay,1937,3.5215504
Uruguay,1938,3.4300525
Uruguay,1939,3.4359946
Uruguay,1940,3.4527016
Uruguay,1941,3.2902577
Uruguay,1942,3.114417
Uruguay,1943,3.1788929
Uruguay,1944,3.079207
Uruguay,1945,3.1057346
Uruguay,1946,2.9000642
Uruguay,1947,2.8166459
Uruguay,1948,2.7914264
Uruguay,1949,2.74898
Uruguay,1950,3.6590693
Uruguay,1951,3.5741954
Uruguay,1952,3.675762
Uruguay,1953,3.7072022
Uruguay,1954,3.7664912
Uruguay,1955,3.8954947
Uruguay,1956,3.8597374
Uruguay,1957,3.9825294
Uruguay,1958,3.7367
Uruguay,1959,3.758976
Uruguay,1960,3.769666
Uruguay,1961,2.6925848
Uruguay,1962,1.7776209
Uruguay,1963,1.2056409
Uruguay,1964,0.84824854
Uruguay,1965,0.8271421
Uruguay,1966,0.27643842
Uruguay,1967,-0.18790829
Uruguay,1968,-0.5420899
Uruguay,1969,-1.0779604
Uruguay,1970,-0.60460687
Uruguay,1971,-0.44739932
Uruguay,1972,-0.26324397
Uruguay,1973,-0.33118042
Uruguay,1974,-0.33232746
Uruguay,1975,-0.23230134
Uruguay,1976,-0.25842902
Uruguay,1977,-0.34110785
Uruguay,1978,-0.3252656
Uruguay,1979,-0.14885126
Uruguay,1980,-0.13417742
Uruguay,1981,-0.1808396
Uruguay,1982,-0.25547734
Uruguay,1983,-0.52749246
Uruguay,1984,-0.5784881
Uruguay,1985,-0.5959435
Uruguay,1986,-0.558891
Uruguay,1987,-0.3848498
Uruguay,1988,0.0463571
Uruguay,1989,-0.51129866
Uruguay,1990,0.09671793
Uruguay,1991,0.5629812
Uruguay,1992,0.91664493
Uruguay,1993,0.83106166
Uruguay,1994,0.805997
Uruguay,1995,1.0590715
Uruguay,1996,1.4164577
Uruguay,1997,1.5182862
Uruguay,1998,1.5835158
Uruguay,1999,1.9714825
Uruguay,2000,1.4227937
Uruguay,2001,1.44946
Uruguay,2002,1.257704
Uruguay,2003,1.3114753
Uruguay,2004,1.5799693
Uruguay,2005,2.0026276
Uruguay,2006,3.9981267
Uruguay,2007,8.53296
Uruguay,2008,11.803025
Uruguay,2009,7.163534
Uruguay,2010,9.988712
Uruguay,2011,6.0755954
Uruguay,2012,7.409141
Uruguay,2013,7.25075
Uruguay,2014,5.55026
Uruguay,2015,3.2987707
Uruguay,2016,2.7436264
Uruguay,2017,2.5890481
Uruguay,2018,2.6457343
Uruguay,2019,2.4745867
Uruguay,2020,2.376028
Uruguay,2021,2.6162517
Uruguay,2022,2.4992037
Uruguay,2023,2.4096856
Uzbekistan,1850,0.7630062
Uzbekistan,1855,0.7507742
Uzbekistan,1858,0.7363736
Uzbekistan,1859,0.7311695
Uzbekistan,1860,0.7397026
Uzbekistan,1861,0.741668
Uzbekistan,1862,0.7385684
Uzbekistan,1863,0.7353226
Uzbekistan,1864,0.73193836
Uzbekistan,1865,0.72685474
Uzbekistan,1866,0.73873955
Uzbekistan,1867,0.7370629
Uzbekistan,1868,0.7269513
Uzbekistan,1869,0.7296536
Uzbekistan,1870,0.73897773
Uzbekistan,1871,0.75167084
Uzbekistan,1872,0.75111985
Uzbekistan,1873,0.74513
Uzbekistan,1874,0.75008446
Uzbekistan,1875,0.7531109
Uzbekistan,1876,0.76204306
Uzbekistan,1877,0.7581846
Uzbekistan,1878,0.7747483
Uzbekistan,1879,0.7714307
Uzbekistan,1880,0.7923658
Uzbekistan,1881,0.79792476
Uzbekistan,1882,0.8013629
Uzbekistan,1883,0.81391674
Uzbekistan,1884,0.8111207
Uzbekistan,1885,0.81794363
Uzbekistan,1886,0.81599593
Uzbekistan,1887,0.8187672
Uzbekistan,1888,0.81940824
Uzbekistan,1889,0.826113
Uzbekistan,1890,0.85379994
Uzbekistan,1891,0.8726398
Uzbekistan,1892,0.8816365
Uzbekistan,1893,0.915174
Uzbekistan,1894,0.9140824
Uzbekistan,1895,0.9466912
Uzbekistan,1896,0.9451104
Uzbekistan,1897,0.9848894
Uzbekistan,1898,1.0190824
Uzbekistan,1899,1.0722797
Uzbekistan,1900,1.1339778
Uzbekistan,1901,1.1434026
Uzbekistan,1902,1.1199256
Uzbekistan,1903,1.1021093
Uzbekistan,1904,1.1468045
Uzbekistan,1905,1.0828706
Uzbekistan,1906,1.1385502
Uzbekistan,1907,1.1913395
Uzbekistan,1908,1.1852022
Uzbekistan,1909,1.207189
Uzbekistan,1910,1.1954111
Uzbekistan,1911,1.2124437
Uzbekistan,1912,1.284061
Uzbekistan,1913,1.3323939
Uzbekistan,1914,1.2518902
Uzbekistan,1915,1.1891464
Uzbekistan,1916,1.218314
Uzbekistan,1917,1.1591281
Uzbekistan,1918,0.8096732
Uzbekistan,1919,0.77043885
Uzbekistan,1920,0.7585029
Uzbekistan,1921,0.7716083
Uzbekistan,1922,0.8082059
Uzbekistan,1923,0.82629174
Uzbekistan,1924,0.866868
Uzbekistan,1925,0.85651004
Uzbekistan,1926,0.9755568
Uzbekistan,1927,1.0654409
Uzbekistan,1928,1.0936944
Uzbekistan,1929,1.1245686
Uzbekistan,1930,1.3294793
Uzbekistan,1931,1.4757545
Uzbekistan,1932,1.576258
Uzbekistan,1933,1.6877784
Uzbekistan,1934,1.9066911
Uzbekistan,1935,2.0620375
Uzbekistan,1936,2.2577255
Uzbekistan,1937,2.2804797
Uzbekistan,1938,2.3564582
Uzbekistan,1939,2.3573945
Uzbekistan,1940,2.726584
Uzbekistan,1941,2.4448059
Uzbekistan,1942,1.5955737
Uzbekistan,1943,1.6317283
Uzbekistan,1944,2.1068625
Uzbekistan,1945,2.1640117
Uzbekistan,1946,2.3337233
Uzbekistan,1947,2.672156
Uzbekistan,1948,2.7742774
Uzbekistan,1949,3.0372126
Uzbekistan,1950,4.20217
Uzbekistan,1951,4.740405
Uzbekistan,1952,5.0656447
Uzbekistan,1953,5.289133
Uzbekistan,1954,5.581622
Uzbekistan,1955,6.0207567
Uzbekistan,1956,6.3688164
Uzbekistan,1957,6.708706
Uzbekistan,1958,6.9545755
Uzbekistan,1959,7.1020064
Uzbekistan,1960,6.039548
Uzbekistan,1961,5.5933504
Uzbekistan,1962,5.22641
Uzbekistan,1963,5.1368074
Uzbekistan,1964,5.1416907
Uzbekistan,1965,5.086193
Uzbekistan,1966,5.137221
Uzbekistan,1967,5.1585836
Uzbekistan,1968,5.1584263
Uzbekistan,1969,5.154318
Uzbekistan,1970,5.2336025
Uzbekistan,1971,5.3907623
Uzbekistan,1972,5.4887786
Uzbekistan,1973,5.616329
Uzbekistan,1974,5.608423
Uzbekistan,1975,5.7335973
Uzbekistan,1976,5.7871733
Uzbekistan,1977,5.774056
Uzbekistan,1978,5.788352
Uzbekistan,1979,5.708476
Uzbekistan,1980,5.786627
Uzbekistan,1981,5.536885
Uzbekistan,1982,5.503371
Uzbekistan,1983,5.4148965
Uzbekistan,1984,5.3239713
Uzbekistan,1985,5.5839915
Uzbekistan,1986,5.206914
Uzbekistan,1987,5.1747885
Uzbekistan,1988,5.1682024
Uzbekistan,1989,5.169267
Uzbekistan,1990,5.008948
Uzbekistan,1991,4.9167633
Uzbekistan,1992,5.1822796
Uzbekistan,1993,5.2611012
Uzbekistan,1994,4.894685
Uzbekistan,1995,4.5764947
Uzbekistan,1996,4.6279216
Uzbekistan,1997,4.577833
Uzbekistan,1998,5.0030627
Uzbekistan,1999,5.0395694
Uzbekistan,2000,4.9726405
Uzbekistan,2001,5.0260334
Uzbekistan,2002,5.18191
Uzbekistan,2003,5.00698
Uzbekistan,2004,4.8832607
Uzbekistan,2005,4.522901
Uzbekistan,2006,4.576995
Uzbekistan,2007,4.4630775
Uzbekistan,2008,4.55417
Uzbekistan,2009,3.787565
Uzbekistan,2010,3.6615713
Uzbekistan,2011,3.9255455
Uzbekistan,2012,3.9269004
Uzbekistan,2013,3.667641
Uzbekistan,2014,3.4831705
Uzbekistan,2015,3.3070326
Uzbekistan,2016,3.46022
Uzbekistan,2017,3.3738208
Uzbekistan,2018,3.111427
Uzbekistan,2019,3.248912
Uzbekistan,2020,3.2287755
Uzbekistan,2021,3.4792993
Uzbekistan,2022,3.5502818
Uzbekistan,2023,3.4743545
Vanuatu,1962,9.753963
Vanuatu,1963,7.3992605
Vanuatu,1964,60.347134
Vanuatu,1965,22.687233
Vanuatu,1966,14.350498
Vanuatu,1967,10.321415
Vanuatu,1968,7.9407997
Vanuatu,1969,45.3165
Vanuatu,1970,19.506384
Vanuatu,1971,12.170432
Vanuatu,1972,10.0055
Vanuatu,1973,9.271962
Vanuatu,1974,36.919266
Vanuatu,1975,15.080394
Vanuatu,1976,13.47626
Vanuatu,1977,9.852135
Vanuatu,1978,11.265898
Vanuatu,1979,6.457129
Vanuatu,1980,13.851538
Vanuatu,1981,11.628907
Vanuatu,1982,15.795813
Vanuatu,1983,8.830215
Vanuatu,1984,13.2101345
Vanuatu,1985,18.16102
Vanuatu,1986,15.382853
Vanuatu,1987,18.434332
Vanuatu,1988,15.742658
Vanuatu,1989,15.943324
Vanuatu,1990,14.714268
Vanuatu,1991,14.630021
Vanuatu,1992,14.118921
Vanuatu,1993,10.705579
Vanuatu,1994,19.701664
Vanuatu,1995,14.885651
Vanuatu,1996,11.354155
Vanuatu,1997,16.33691
Vanuatu,1998,11.1663885
Vanuatu,1999,14.448501
Vanuatu,2000,17.879015
Vanuatu,2001,17.179838
Vanuatu,2002,17.531034
Vanuatu,2003,49.754704
Vanuatu,2004,25.06579
Vanuatu,2005,12.4392605
Vanuatu,2006,7.929327
Vanuatu,2007,1.2756921
Vanuatu,2008,-0.61729944
Vanuatu,2009,-1.0578301
Vanuatu,2010,-2.368803
Vanuatu,2011,-4.3726344
Vanuatu,2012,-3.7240727
Vanuatu,2013,-4.9638987
Vanuatu,2014,-4.577113
Vanuatu,2015,-4.1191425
Vanuatu,2016,-3.9248774
Vanuatu,2017,3.2284093
Vanuatu,2018,-1.2544206
Vanuatu,2019,-2.7196708
Vanuatu,2020,-2.4562032
Vanuatu,2021,-0.8709661
Vanuatu,2022,-0.5747143
Vanuatu,2023,-0.27417943
Venezuela,1870,13.945547
Venezuela,1871,14.4085245
Venezuela,1872,15.624919
Venezuela,1873,14.50864
Venezuela,1874,13.607574
Venezuela,1875,13.331419
Venezuela,1876,14.694934
Venezuela,1877,12.046354
Venezuela,1878,13.468161
Venezuela,1879,12.424657
Venezuela,1880,14.74994
Venezuela,1881,14.566669
Venezuela,1882,13.476147
Venezuela,1883,14.85602
Venezuela,1884,13.886627
Venezuela,1885,14.286856
Venezuela,1886,12.181292
Venezuela,1887,13.853073
Venezuela,1888,13.575746
Venezuela,1889,14.533701
Venezuela,1890,8.715437
Venezuela,1891,6.262889
Venezuela,1892,6.2401123
Venezuela,1893,4.5327115
Venezuela,1894,5.0561814
Venezuela,1895,3.9641156
Venezuela,1896,3.3801074
Venezuela,1897,2.760562
Venezuela,1898,2.700584
Venezuela,1899,2.554718
Venezuela,1900,1.4612691
Venezuela,1901,1.0348629
Venezuela,1902,1.4286554
Venezuela,1903,2.3510423
Venezuela,1904,1.404905
Venezuela,1905,1.0822415
Venezuela,1906,0.7092148
Venezuela,1907,1.2570152
Venezuela,1908,0.6035724
Venezuela,1909,0.9044388
Venezuela,1910,1.2214501
Venezuela,1911,0.64334756
Venezuela,1912,0.5628244
Venezuela,1913,1.0879492
Venezuela,1914,0.9810036
Venezuela,1915,0.3858553
Venezuela,1916,0.8878209
Venezuela,1917,0.41629156
Venezuela,1918,0.55012125
Venezuela,1919,0.84203047
Venezuela,1920,4.521665
Venezuela,1921,7.33007
Venezuela,1922,10.431522
Venezuela,1923,10.480767
Venezuela,1924,10.671801
Venezuela,1925,11.85681
Venezuela,1926,12.407064
Venezuela,1927,11.959598
Venezuela,1928,12.357838
Venezuela,1929,12.384263
Venezuela,1930,12.771286
Venezuela,1931,11.556762
Venezuela,1932,11.976709
Venezuela,1933,12.079101
Venezuela,1934,12.294157
Venezuela,1935,11.684319
Venezuela,1936,11.368744
Venezuela,1937,13.859245
Venezuela,1938,11.911153
Venezuela,1939,12.028077
Venezuela,1940,17.672794
Venezuela,1941,19.348726
Venezuela,1942,19.63045
Venezuela,1943,19.379953
Venezuela,1944,20.08991
Venezuela,1945,20.296793
Venezuela,1946,20.282755
Venezuela,1947,20.07488
Venezuela,1948,21.081362
Venezuela,1949,21.01356
Venezuela,1950,25.66702
Venezuela,1951,29.592983
Venezuela,1952,31.349874
Venezuela,1953,30.628849
Venezuela,1954,31.520964
Venezuela,1955,32.56128
Venezuela,1956,32.618515
Venezuela,1957,32.36759
Venezuela,1958,30.06104
Venezuela,1959,30.63645
Venezuela,1960,29.755114
Venezuela,1961,21.517727
Venezuela,1962,16.823208
Venezuela,1963,14.577068
Venezuela,1964,12.807913
Venezuela,1965,11.595818
Venezuela,1966,10.6194105
Venezuela,1967,10.317608
Venezuela,1968,9.3577
Venezuela,1969,9.175567
Venezuela,1970,9.543895
Venezuela,1971,7.6224666
Venezuela,1972,7.9617686
Venezuela,1973,8.120953
Venezuela,1974,8.193135
Venezuela,1975,7.2322316
Venezuela,1976,7.816881
Venezuela,1977,7.3020306
Venezuela,1978,7.3638587
Venezuela,1979,7.373802
Venezuela,1980,7.53925
Venezuela,1981,7.5565763
Venezuela,1982,7.0644746
Venezuela,1983,6.8493514
Venezuela,1984,8.620984
Venezuela,1985,9.875972
Venezuela,1986,8.576856
Venezuela,1987,7.838942
Venezuela,1988,6.8812585
Venezuela,1989,6.315901
Venezuela,1990,6.9844375
Venezuela,1991,5.5656977
Venezuela,1992,5.2277565
Venezuela,1993,5.9362545
Venezuela,1994,6.025278
Venezuela,1995,6.282144
Venezuela,1996,5.666469
Venezuela,1997,6.3971143
Venezuela,1998,6.443069
Venezuela,1999,6.622926
Venezuela,2000,6.477859
Venezuela,2001,5.57237
Venezuela,2002,6.776315
Venezuela,2003,6.850772
Venezuela,2004,5.9563904
Venezuela,2005,5.720579
Venezuela,2006,6.1870947
Venezuela,2007,6.224406
Venezuela,2008,6.0776606
Venezuela,2009,5.754492
Venezuela,2010,6.8768477
Venezuela,2011,6.142547
Venezuela,2012,6.5405984
Venezuela,2013,7.059137
Venezuela,2014,5.9385395
Venezuela,2015,5.6774297
Venezuela,2016,5.162644
Venezuela,2017,5.125196
Venezuela,2018,4.438128
Venezuela,2019,3.9426343
Venezuela,2020,3.1097026
Venezuela,2021,3.2049496
Venezuela,2022,3.2758665
Venezuela,2023,3.6973183
Vietnam,1892,6.0312366
Vietnam,1893,6.2177343
Vietnam,1894,5.8753552
Vietnam,1895,6.5492287
Vietnam,1896,6.0927835
Vietnam,1897,6.29532
Vietnam,1898,6.171847
Vietnam,1899,5.9623995
Vietnam,1900,6.1831546
Vietnam,1901,5.9047456
Vietnam,1902,5.769138
Vietnam,1903,5.4446864
Vietnam,1904,5.283855
Vietnam,1905,5.0220375
Vietnam,1906,4.650156
Vietnam,1907,4.536548
Vietnam,1908,4.2494607
Vietnam,1909,3.9669278
Vietnam,1910,3.6976533
Vietnam,1911,3.455346
Vietnam,1912,3.118934
Vietnam,1913,3.1145134
Vietnam,1914,2.9993167
Vietnam,1915,3.2120466
Vietnam,1916,3.2140775
Vietnam,1917,3.170714
Vietnam,1918,3.0502353
Vietnam,1919,2.9419758
Vietnam,1920,1.9518898
Vietnam,1921,1.3973544
Vietnam,1922,1.1047325
Vietnam,1923,0.9013385
Vietnam,1924,0.7792626
Vietnam,1925,0.69181335
Vietnam,1926,0.5952612
Vietnam,1927,0.54619884
Vietnam,1928,0.566827
Vietnam,1929,0.5145607
Vietnam,1930,0.4698404
Vietnam,1931,0.3899709
Vietnam,1932,0.33484563
Vietnam,1933,0.28142056
Vietnam,1934,0.24650398
Vietnam,1935,0.24276394
Vietnam,1936,0.27976817
Vietnam,1937,0.28928125
Vietnam,1938,0.2759358
Vietnam,1939,0.29645398
Vietnam,1940,0.26105416
Vietnam,1941,0.22310136
Vietnam,1942,0.051911887
Vietnam,1943,-0.004904705
Vietnam,1944,-0.07718408
Vietnam,1945,-0.12405685
Vietnam,1946,-0.13446634
Vietnam,1947,-0.13079102
Vietnam,1948,-0.1283869
Vietnam,1949,-0.31262508
Vietnam,1950,0.8774029
Vietnam,1951,1.4436226
Vietnam,1952,1.900299
Vietnam,1953,2.322769
Vietnam,1954,2.7994237
Vietnam,1955,3.1600363
Vietnam,1956,3.409419
Vietnam,1957,3.636529
Vietnam,1958,3.876498
Vietnam,1959,4.506137
Vietnam,1960,2.7916439
Vietnam,1961,2.2130175
Vietnam,1962,1.9414378
Vietnam,1963,1.7347791
Vietnam,1964,1.659397
Vietnam,1965,1.572822
Vietnam,1966,1.7570726
Vietnam,1967,1.7946707
Vietnam,1968,1.7132279
Vietnam,1969,1.8611856
Vietnam,1970,1.6772102
Vietnam,1971,1.6031849
Vietnam,1972,1.6228455
Vietnam,1973,1.6293564
Vietnam,1974,1.3460284
Vietnam,1975,2.3455274
Vietnam,1976,1.9248227
Vietnam,1977,1.5983086
Vietnam,1978,1.3829842
Vietnam,1979,1.2655694
Vietnam,1980,1.2325624
Vietnam,1981,1.1658633
Vietnam,1982,1.1568848
Vietnam,1983,1.0980628
Vietnam,1984,0.9301947
Vietnam,1985,0.9861902
Vietnam,1986,0.99355906
Vietnam,1987,1.0604964
Vietnam,1988,1.0314181
Vietnam,1989,0.8887339
Vietnam,1990,0.9895537
Vietnam,1991,1.8059111
Vietnam,1992,1.4114966
Vietnam,1993,1.28867
Vietnam,1994,1.1708834
Vietnam,1995,2.508888
Vietnam,1996,2.1982977
Vietnam,1997,2.332541
Vietnam,1998,2.8551593
Vietnam,1999,3.0764852
Vietnam,2000,4.162183
Vietnam,2001,2.759164
Vietnam,2002,2.5036135
Vietnam,2003,2.8479545
Vietnam,2004,3.0570168
Vietnam,2005,2.545765
Vietnam,2006,2.3007066
Vietnam,2007,2.587576
Vietnam,2008,2.578232
Vietnam,2009,3.5346167
Vietnam,2010,3.008678
Vietnam,2011,2.9244666
Vietnam,2012,2.792382
Vietnam,2013,2.892469
Vietnam,2014,5.8117447
Vietnam,2015,4.5751247
Vietnam,2016,4.0176287
Vietnam,2017,3.792753
Vietnam,2018,3.836994
Vietnam,2019,4.5537295
Vietnam,2020,4.6962743
Vietnam,2021,4.1785374
Vietnam,2022,3.9703233
Vietnam,2023,4.2908635
World,1850,2.215927
World,1851,2.3533735
World,1852,2.3854792
World,1853,2.4275613
World,1854,2.4610257
World,1855,2.4336014
World,1856,2.5140014
World,1857,2.4986904
World,1858,2.5163677
World,1859,2.573897
World,1860,2.3929691
World,1861,2.3897276
World,1862,2.367869
World,1863,2.3533638
World,1864,2.3018236
World,1865,2.2781165
World,1866,2.3094578
World,1867,2.2974832
World,1868,2.2766469
World,1869,2.3255093
World,1870,2.510893
World,1871,2.5390325
World,1872,2.7177649
World,1873,2.6792555
World,1874,2.7788153
World,1875,2.8631809
World,1876,2.8697083
World,1877,2.7906044
World,1878,2.847622
World,1879,2.861964
World,1880,2.9914718
World,1881,2.9906769
World,1882,3.1298892
World,1883,3.094717
World,1884,3.1856246
World,1885,3.166786
World,1886,3.0958288
World,1887,3.2052524
World,1888,3.1760936
World,1889,3.227161
World,1890,3.4524536
World,1891,3.606633
World,1892,3.5516214
World,1893,3.6378748
World,1894,3.6554894
World,1895,3.6881146
World,1896,3.6541677
World,1897,3.7758365
World,1898,3.776316
World,1899,3.903158
World,1900,3.970806
World,1901,3.9946363
World,1902,4.0504537
World,1903,4.1107745
World,1904,4.140322
World,1905,4.2806773
World,1906,4.313475
World,1907,4.431567
World,1908,4.3797235
World,1909,4.4710517
World,1910,4.4041624
World,1911,4.443111
World,1912,4.42101
World,1913,4.446396
World,1914,4.282177
World,1915,4.212754
World,1916,4.294934
World,1917,4.3627014
World,1918,4.3080754
World,1919,3.9932086
World,1920,4.292369
World,1921,4.1551948
World,1922,4.178391
World,1923,4.4205246
World,1924,4.3950186
World,1925,4.3740783
World,1926,4.3097115
World,1927,4.45557
World,1928,4.394821
World,1929,4.474297
World,1930,4.3335457
World,1931,4.169948
World,1932,3.9873414
World,1933,4.0564284
World,1934,4.169914
World,1935,4.1745744
World,1936,4.3186164
World,1937,4.434273
World,1938,4.291458
World,1939,4.327932
World,1940,4.512706
World,1941,4.6440096
World,1942,4.61225
World,1943,4.596015
World,1944,4.588621
World,1945,4.1857405
World,1946,4.269282
World,1947,4.461061
World,1948,4.5039477
World,1949,4.3276243
World,1950,4.86837
World,1951,5.1011457
World,1952,5.009717
World,1953,5.02636
World,1954,5.1267796
World,1955,5.316054
World,1956,5.4179935
World,1957,5.436834
World,1958,5.361444
World,1959,5.5963106
World,1960,5.336818
World,1961,5.2973113
World,1962,5.1476326
World,1963,5.1453314
World,1964,5.11054
World,1965,5.0788817
World,1966,5.0191746
World,1967,5.0780673
World,1968,5.1443505
World,1969,5.414506
World,1970,5.5737457
World,1971,5.470234
World,1972,5.621748
World,1973,5.695049
World,1974,5.5423346
World,1975,5.431964
World,1976,5.5675473
World,1977,5.6930256
World,1978,5.704052
World,1979,5.561532
World,1980,5.498701
World,1981,5.26695
World,1982,5.0761876
World,1983,5.0617857
World,1984,5.287736
World,1985,5.258403
World,1986,5.272642
World,1987,5.265587
World,1988,5.300691
World,1989,5.223104
World,1990,5.2001905
World,1991,5.196062
World,1992,5.046536
World,1993,4.9592104
World,1994,5.088902
World,1995,5.0295353
World,1996,5.1815166
World,1997,5.3687105
World,1998,5.0687375
World,1999,5.067599
World,2000,4.9917784
World,2001,4.8715982
World,2002,4.9552417
World,2003,5.255961
World,2004,5.233664
World,2005,5.238429
World,2006,5.390212
World,2007,5.3466887
World,2008,5.3991876
World,2009,5.31042
World,2010,5.531942
World,2011,5.5946045
World,2012,5.6451564
World,2013,5.5429173
World,2014,5.5335155
World,2015,5.479758
World,2016,5.268588
World,2017,5.2606497
World,2018,5.2491145
World,2019,5.234859
World,2020,4.889757
World,2021,5.097087
World,2022,5.090737
World,2023,5.118368
Yemen,1950,-0.07467315
Yemen,1951,-0.03744487
Yemen,1952,-0.010233979
Yemen,1953,0.005786965
Yemen,1954,0.9060442
Yemen,1955,0.50300795
Yemen,1956,0.4684889
Yemen,1957,0.58340096
Yemen,1958,0.3725121
Yemen,1959,0.14698304
Yemen,1960,0.34860742
Yemen,1961,0.2479324
Yemen,1962,0.5107892
Yemen,1963,0.3675097
Yemen,1964,0.5046145
Yemen,1965,0.5694334
Yemen,1966,0.48462355
Yemen,1967,0.40904322
Yemen,1968,1.7113351
Yemen,1969,0.64897126
Yemen,1970,0.3431445
Yemen,1971,0.2864586
Yemen,1972,0.20534565
Yemen,1973,0.3603876
Yemen,1974,0.3244509
Yemen,1975,0.27480823
Yemen,1976,0.30093282
Yemen,1977,0.34069294
Yemen,1978,0.34203672
Yemen,1979,0.34086418
Yemen,1980,0.34531927
Yemen,1981,0.42379382
Yemen,1982,0.5776322
Yemen,1983,0.5919247
Yemen,1984,0.6602876
Yemen,1985,0.75999886
Yemen,1986,0.72340053
Yemen,1987,0.720283
Yemen,1988,0.7648195
Yemen,1989,1.1313001
Yemen,1990,0.9012792
Yemen,1991,0.6420451
Yemen,1992,1.199136
Yemen,1993,0.83362854
Yemen,1994,0.78922635
Yemen,1995,0.8258827
Yemen,1996,0.73904246
Yemen,1997,0.71680576
Yemen,1998,0.71589726
Yemen,1999,0.8269739
Yemen,2000,0.77860105
Yemen,2001,0.9665868
Yemen,2002,0.76221573
Yemen,2003,0.9997017
Yemen,2004,1.0295988
Yemen,2005,1.1271335
Yemen,2006,1.1109813
Yemen,2007,0.95519507
Yemen,2008,0.91067606
Yemen,2009,1.1433492
Yemen,2010,0.94004077
Yemen,2011,0.83886075
Yemen,2012,0.7067687
Yemen,2013,0.889619
Yemen,2014,0.83446556
Yemen,2015,0.3965715
Yemen,2016,0.3364844
Yemen,2017,0.29453582
Yemen,2018,0.33428687
Yemen,2019,0.32983005
Yemen,2020,0.294757
Yemen,2021,0.30006465
Yemen,2022,0.28476453
Yemen,2023,0.27556035
Zambia,1950,55.477207
Zambia,1951,45.925392
Zambia,1952,39.78578
Zambia,1953,37.149933
Zambia,1954,35.321934
Zambia,1955,34.28196
Zambia,1956,33.427784
Zambia,1957,32.872307
Zambia,1958,32.000156
Zambia,1959,32.564037
Zambia,1960,32.14728
Zambia,1961,25.332947
Zambia,1962,20.657763
Zambia,1963,18.176823
Zambia,1964,16.767626
Zambia,1965,16.624855
Zambia,1966,15.987601
Zambia,1967,15.031367
Zambia,1968,14.865704
Zambia,1969,14.348385
Zambia,1970,17.099651
Zambia,1971,16.870972
Zambia,1972,13.673458
Zambia,1973,13.147414
Zambia,1974,11.367765
Zambia,1975,10.064813
Zambia,1976,9.043063
Zambia,1977,7.344276
Zambia,1978,4.3197618
Zambia,1979,5.085283
Zambia,1980,6.063516
Zambia,1981,6.268865
Zambia,1982,6.8195868
Zambia,1983,6.876075
Zambia,1984,7.1002383
Zambia,1985,7.1732597
Zambia,1986,7.2866716
Zambia,1987,6.851163
Zambia,1988,7.607033
Zambia,1989,6.5677314
Zambia,1990,5.3398676
Zambia,1991,6.5470233
Zambia,1992,6.6912775
Zambia,1993,7.302139
Zambia,1994,7.387619
Zambia,1995,6.809438
Zambia,1996,5.8924866
Zambia,1997,6.442665
Zambia,1998,5.905096
Zambia,1999,5.238936
Zambia,2000,4.669857
Zambia,2001,5.866498
Zambia,2002,7.8824663
Zambia,2003,6.4845023
Zambia,2004,5.9981728
Zambia,2005,7.821786
Zambia,2006,6.4707623
Zambia,2007,7.7922087
Zambia,2008,10.3285475
Zambia,2009,8.169269
Zambia,2010,8.558302
Zambia,2011,8.718624
Zambia,2012,6.827774
Zambia,2013,5.7776184
Zambia,2014,5.2225327
Zambia,2015,4.882488
Zambia,2016,5.0018983
Zambia,2017,4.8157725
Zambia,2018,4.275744
Zambia,2019,3.8824215
Zambia,2020,3.5243208
Zambia,2021,3.438206
Zambia,2022,3.3774776
Zambia,2023,3.2921739
Zimbabwe,1903,1.6606168
Zimbabwe,1904,1.6785413
Zimbabwe,1905,1.7572511
Zimbabwe,1906,1.763211
Zimbabwe,1907,1.8239865
Zimbabwe,1908,1.8682417
Zimbabwe,1909,1.8541301
Zimbabwe,1910,2.0415812
Zimbabwe,1911,2.256873
Zimbabwe,1912,2.341838
Zimbabwe,1913,2.400171
Zimbabwe,1914,2.5710986
Zimbabwe,1915,2.6828837
Zimbabwe,1916,2.8234951
Zimbabwe,1917,2.8616886
Zimbabwe,1918,2.7416043
Zimbabwe,1919,2.7456717
Zimbabwe,1920,3.2060027
Zimbabwe,1921,3.4312685
Zimbabwe,1922,3.471886
Zimbabwe,1923,3.5880542
Zimbabwe,1924,3.6068242
Zimbabwe,1925,3.7506263
Zimbabwe,1926,4.0520973
Zimbabwe,1927,4.0689974
Zimbabwe,1928,4.258327
Zimbabwe,1929,4.129895
Zimbabwe,1930,4.6703653
Zimbabwe,1931,4.5984955
Zimbabwe,1932,4.6490064
Zimbabwe,1933,4.8963
Zimbabwe,1934,5.166715
Zimbabwe,1935,5.197373
Zimbabwe,1936,5.214188
Zimbabwe,1937,5.5611324
Zimbabwe,1938,5.5881395
Zimbabwe,1939,5.6085014
Zimbabwe,1940,9.545549
Zimbabwe,1941,11.994316
Zimbabwe,1942,13.532641
Zimbabwe,1943,14.405419
Zimbabwe,1944,14.875198
Zimbabwe,1945,14.948718
Zimbabwe,1946,14.9803505
Zimbabwe,1947,14.897627
Zimbabwe,1948,14.944976
Zimbabwe,1949,14.943386
Zimbabwe,1950,17.8742
Zimbabwe,1951,13.982697
Zimbabwe,1952,12.264472
Zimbabwe,1953,11.430729
Zimbabwe,1954,11.003181
Zimbabwe,1955,10.66914
Zimbabwe,1956,10.46679
Zimbabwe,1957,10.296729
Zimbabwe,1958,9.838535
Zimbabwe,1959,9.72416
Zimbabwe,1960,9.644596
Zimbabwe,1961,8.003928
Zimbabwe,1962,7.063866
Zimbabwe,1963,6.464486
Zimbabwe,1964,5.504779
Zimbabwe,1965,5.9279885
Zimbabwe,1966,5.702301
Zimbabwe,1967,5.2343
Zimbabwe,1968,5.205804
Zimbabwe,1969,5.0946455
Zimbabwe,1970,5.116802
Zimbabwe,1971,4.6580877
Zimbabwe,1972,3.682017
Zimbabwe,1973,4.0969086
Zimbabwe,1974,3.383798
Zimbabwe,1975,2.8324285
Zimbabwe,1976,2.914997
Zimbabwe,1977,2.5076082
Zimbabwe,1978,2.3343878
Zimbabwe,1979,2.7177634
Zimbabwe,1980,2.8207657
Zimbabwe,1981,2.754317
Zimbabwe,1982,2.6542947
Zimbabwe,1983,2.7327077
Zimbabwe,1984,2.635456
Zimbabwe,1985,2.6202314
Zimbabwe,1986,2.9006956
Zimbabwe,1987,3.068831
Zimbabwe,1988,3.0302188
Zimbabwe,1989,2.9399922
Zimbabwe,1990,2.9578319
Zimbabwe,1991,2.9739716
Zimbabwe,1992,3.5263278
Zimbabwe,1993,4.0513697
Zimbabwe,1994,4.6808224
Zimbabwe,1995,6.3521953
Zimbabwe,1996,5.814838
Zimbabwe,1997,4.6428866
Zimbabwe,1998,5.3511343
Zimbabwe,1999,5.1770372
Zimbabwe,2000,4.472171
Zimbabwe,2001,4.3901005
Zimbabwe,2002,4.1284924
Zimbabwe,2003,4.6964645
Zimbabwe,2004,4.3368506
Zimbabwe,2005,4.7820153
Zimbabwe,2006,3.6270654
Zimbabwe,2007,4.4599276
Zimbabwe,2008,2.8653016
Zimbabwe,2009,2.410631
Zimbabwe,2010,3.2087147
Zimbabwe,2011,2.2664874
Zimbabwe,2012,1.9976839
Zimbabwe,2013,1.9035158
Zimbabwe,2014,1.7842364
Zimbabwe,2015,1.7038077
Zimbabwe,2016,1.5479265
Zimbabwe,2017,1.4255855
Zimbabwe,2018,1.4302238
Zimbabwe,2019,1.2970254
Zimbabwe,2020,1.1226014
Zimbabwe,2021,1.1870646
Zimbabwe,2022,1.1479937
Zimbabwe,2023,1.1362413
