Entity,Year,CO2
Afghanistan,1850,0.7974316
Afghanistan,1851,0.8001577
Afghanistan,1852,0.8020743
Afghanistan,1853,0.80301464
Afghanistan,1854,0.8033561
Afghanistan,1855,0.80325
Afghanistan,1856,0.8026734
Afghanistan,1857,0.80163264
Afghanistan,1858,0.8003793
Afghanistan,1859,0.7988875
Afghanistan,1860,0.80490565
Afghanistan,1861,0.804066
Afghanistan,1862,0.8021268
Afghanistan,1863,0.7999318
Afghanistan,1864,0.7976135
Afghanistan,1865,0.7952009
Afghanistan,1866,0.79268587
Afghanistan,1867,0.79008824
Afghanistan,1868,0.78740925
Afghanistan,1869,0.7846669
Afghanistan,1870,0.8547193
Afghanistan,1871,0.8998338
Afghanistan,1872,0.9290607
Afghanistan,1873,0.9487452
Afghanistan,1874,0.9626124
Afghanistan,1875,0.9727395
Afghanistan,1876,0.980367
Afghanistan,1877,0.9861427
Afghanistan,1878,0.99050444
Afghanistan,1879,0.993754
Afghanistan,1880,1.059248
Afghanistan,1881,1.1035225
Afghanistan,1882,1.1333433
Afghanistan,1883,1.1541282
Afghanistan,1884,1.1692357
Afghanistan,1885,1.1805614
Afghanistan,1886,1.1892118
Afghanistan,1887,1.1958674
Afghanistan,1888,1.2009342
Afghanistan,1889,1.2047116
Afghanistan,1890,1.2218306
Afghanistan,1891,1.2315103
Afghanistan,1892,1.2382551
Afghanistan,1893,1.2431602
Afghanistan,1894,1.246723
Afghanistan,1895,1.2492335
Afghanistan,1896,1.2508874
Afghanistan,1897,1.2519345
Afghanistan,1898,1.2522082
Afghanistan,1899,1.2499096
Afghanistan,1900,1.2568483
Afghanistan,1901,1.2554305
Afghanistan,1902,1.2490253
Afghanistan,1903,1.2390579
Afghanistan,1904,1.2281446
Afghanistan,1905,1.2166612
Afghanistan,1906,1.2048198
Afghanistan,1907,1.1927439
Afghanistan,1908,1.1805234
Afghanistan,1909,1.1534646
Afghanistan,1910,1.1344692
Afghanistan,1911,1.096397
Afghanistan,1912,1.0426896
Afghanistan,1913,0.978214
Afghanistan,1914,0.91599035
Afghanistan,1915,0.8566672
Afghanistan,1916,0.8005082
Afghanistan,1917,0.74755585
Afghanistan,1918,0.6968125
Afghanistan,1919,0.667727
Afghanistan,1920,0.64158195
Afghanistan,1921,0.63617355
Afghanistan,1922,0.64919543
Afghanistan,1923,0.6823211
Afghanistan,1924,0.7181642
Afghanistan,1925,0.7565507
Afghanistan,1926,0.79737693
Afghanistan,1927,0.84072
Afghanistan,1928,0.88657176
Afghanistan,1929,0.9258838
Afghanistan,1930,0.9308108
Afghanistan,1931,0.93903524
Afghanistan,1932,0.94135225
Afghanistan,1933,0.9355326
Afghanistan,1934,0.93104506
Afghanistan,1935,0.9274091
Afghanistan,1936,0.92441934
Afghanistan,1937,0.92190397
Afghanistan,1938,0.9196573
Afghanistan,1939,0.91487396
Afghanistan,1940,0.9199155
Afghanistan,1941,0.9151557
Afghanistan,1942,0.90583
Afghanistan,1943,0.89323854
Afghanistan,1944,0.88047117
Afghanistan,1945,0.867695
Afghanistan,1946,0.8549892
Afghanistan,1947,0.8423973
Afghanistan,1948,0.8459158
Afghanistan,1949,0.8475287
Afghanistan,1950,0.9299926
Afghanistan,1951,1.037186
Afghanistan,1952,1.1393131
Afghanistan,1953,1.255135
Afghanistan,1954,1.3439456
Afghanistan,1955,1.4523276
Afghanistan,1956,1.5387971
Afghanistan,1957,1.6254497
Afghanistan,1958,1.7176521
Afghanistan,1959,1.7625959
Afghanistan,1960,1.9306718
Afghanistan,1961,1.6058072
Afghanistan,1962,1.421997
Afghanistan,1963,1.3319646
Afghanistan,1964,1.0232974
Afghanistan,1965,1.0344579
Afghanistan,1966,0.8921458
Afghanistan,1967,0.70485264
Afghanistan,1968,0.64236003
Afghanistan,1969,0.57035387
Afghanistan,1970,0.5742246
Afghanistan,1971,0.49511182
Afghanistan,1972,0.4386668
Afghanistan,1973,0.36220944
Afghanistan,1974,0.318148
Afghanistan,1975,0.28263828
Afghanistan,1976,0.25304127
Afghanistan,1977,0.2254091
Afghanistan,1978,0.19338608
Afghanistan,1979,0.20188369
Afghanistan,1980,0.1960363
Afghanistan,1981,0.22586738
Afghanistan,1982,0.19738871
Afghanistan,1983,0.19407429
Afghanistan,1984,0.16519825
Afghanistan,1985,0.13715464
Afghanistan,1986,0.11088866
Afghanistan,1987,0.08927878
Afghanistan,1988,0.08679518
Afghanistan,1989,0.07656303
Afghanistan,1990,0.01334424
Afghanistan,1991,9.28E-05
Afghanistan,1992,-0.1250578
Afghanistan,1993,-0.27183694
Afghanistan,1994,-0.21219324
Afghanistan,1995,-0.1446488
Afghanistan,1996,-0.000792073
Afghanistan,1997,0.19772282
Afghanistan,1998,-0.015648529
Afghanistan,1999,0.03857126
Afghanistan,2000,0.002830323
Afghanistan,2001,0.03798887
Afghanistan,2002,0.2233167
Afghanistan,2003,0.19201624
Afghanistan,2004,0.08976728
Afghanistan,2005,0.0365086
Afghanistan,2006,0.0381027
Afghanistan,2007,0.029520115
Afghanistan,2008,0.023899464
Afghanistan,2009,0.018636122
Afghanistan,2010,0.00535531
Afghanistan,2011,0.003162402
Afghanistan,2012,0.001629378
Afghanistan,2013,-0.000590918
Afghanistan,2014,-0.001384371
Afghanistan,2015,0.003936732
Afghanistan,2016,0.005804231
Afghanistan,2017,0.13717072
Afghanistan,2018,0.073642984
Afghanistan,2019,0.23558502
Afghanistan,2020,0.1337917
Afghanistan,2021,0.2941057
Afghanistan,2022,0.3771666
Afghanistan,2023,0.4204919
Africa,1850,3.6058743
Africa,1851,4.210647
Africa,1852,4.548193
Africa,1853,4.694819
Africa,1854,4.9165897
Africa,1855,4.956042
Africa,1856,5.0558605
Africa,1857,5.181731
Africa,1858,5.175889
Africa,1859,5.545839
Africa,1860,3.545397
Africa,1861,2.7411256
Africa,1862,2.3502922
Africa,1863,2.3145273
Africa,1864,2.0499668
Africa,1865,1.9513162
Africa,1866,1.8099675
Africa,1867,1.6400274
Africa,1868,1.4999847
Africa,1869,1.6538907
Africa,1870,1.7157558
Africa,1871,1.7723444
Africa,1872,1.6779006
Africa,1873,1.6805912
Africa,1874,1.6527786
Africa,1875,1.617525
Africa,1876,1.5719976
Africa,1877,1.5549703
Africa,1878,1.579361
Africa,1879,1.6662109
Africa,1880,1.5078734
Africa,1881,1.5357318
Africa,1882,1.790271
Africa,1883,1.6718494
Africa,1884,1.604181
Africa,1885,1.6647052
Africa,1886,1.6470937
Africa,1887,1.5666591
Africa,1888,1.6000584
Africa,1889,1.6131345
Africa,1890,1.6939073
Africa,1891,1.9121908
Africa,1892,1.6702555
Africa,1893,1.8389225
Africa,1894,1.774941
Africa,1895,1.7456042
Africa,1896,1.9014488
Africa,1897,1.8187231
Africa,1898,1.846984
Africa,1899,1.9027331
Africa,1900,2.137152
Africa,1901,2.027829
Africa,1902,2.0980794
Africa,1903,2.056453
Africa,1904,2.164447
Africa,1905,2.164685
Africa,1906,2.115161
Africa,1907,2.07532
Africa,1908,2.1573842
Africa,1909,2.18953
Africa,1910,2.3219986
Africa,1911,2.537308
Africa,1912,2.5084896
Africa,1913,2.4651191
Africa,1914,2.5881238
Africa,1915,2.8598683
Africa,1916,2.6750698
Africa,1917,2.7199056
Africa,1918,2.5921795
Africa,1919,2.600742
Africa,1920,2.8238523
Africa,1921,3.0777466
Africa,1922,3.2805216
Africa,1923,3.3172674
Africa,1924,3.3593
Africa,1925,3.5038261
Africa,1926,3.3663356
Africa,1927,3.420475
Africa,1928,3.306373
Africa,1929,3.364352
Africa,1930,4.040282
Africa,1931,4.5139685
Africa,1932,4.7368784
Africa,1933,4.9068327
Africa,1934,4.770274
Africa,1935,4.8878317
Africa,1936,4.8631787
Africa,1937,4.8020144
Africa,1938,4.950995
Africa,1939,4.904593
Africa,1940,6.771164
Africa,1941,8.064865
Africa,1942,8.717459
Africa,1943,9.108399
Africa,1944,9.081788
Africa,1945,9.273923
Africa,1946,9.262416
Africa,1947,9.213872
Africa,1948,9.217744
Africa,1949,9.170261
Africa,1950,9.000386
Africa,1951,8.79888
Africa,1952,8.589649
Africa,1953,8.590221
Africa,1954,8.663983
Africa,1955,8.695896
Africa,1956,8.739177
Africa,1957,8.831126
Africa,1958,8.9642725
Africa,1959,9.081587
Africa,1960,8.593399
Africa,1961,6.6254044
Africa,1962,5.8272524
Africa,1963,4.9406915
Africa,1964,4.4827666
Africa,1965,3.7975283
Africa,1966,3.3222244
Africa,1967,3.3029969
Africa,1968,3.1314104
Africa,1969,3.1119113
Africa,1970,3.08842
Africa,1971,2.8332393
Africa,1972,2.5522876
Africa,1973,2.4410915
Africa,1974,2.4995492
Africa,1975,2.3857658
Africa,1976,2.232484
Africa,1977,2.4145539
Africa,1978,2.0060713
Africa,1979,1.672942
Africa,1980,1.7636834
Africa,1981,1.7373421
Africa,1982,1.5154866
Africa,1983,1.601541
Africa,1984,1.8681272
Africa,1985,1.6814132
Africa,1986,1.4084148
Africa,1987,1.4193586
Africa,1988,1.317803
Africa,1989,1.3172983
Africa,1990,1.4060578
Africa,1991,1.4684052
Africa,1992,1.7262634
Africa,1993,1.7793862
Africa,1994,2.014954
Africa,1995,1.9086136
Africa,1996,1.720028
Africa,1997,1.6946505
Africa,1998,1.7908788
Africa,1999,1.5859326
Africa,2000,1.5703063
Africa,2001,1.4471476
Africa,2002,1.684476
Africa,2003,1.7135563
Africa,2004,1.5705031
Africa,2005,1.4922127
Africa,2006,1.4263135
Africa,2007,1.4197974
Africa,2008,1.7934551
Africa,2009,1.9324982
Africa,2010,2.0380843
Africa,2011,2.037811
Africa,2012,1.9125003
Africa,2013,1.7442452
Africa,2014,1.5416667
Africa,2015,1.3651595
Africa,2016,1.3384268
Africa,2017,1.4645226
Africa,2018,1.1255285
Africa,2019,1.0007986
Africa,2020,0.8795543
Africa,2021,0.8852905
Africa,2022,0.89026856
Africa,2023,0.87076855
Albania,1850,2.5299273
Albania,1851,2.618246
Albania,1852,2.692901
Albania,1853,2.741221
Albania,1854,2.7695484
Albania,1855,2.7882257
Albania,1856,2.8087835
Albania,1857,2.84886
Albania,1858,2.8581197
Albania,1859,2.8515406
Albania,1860,2.8182514
Albania,1861,2.81668
Albania,1862,2.768873
Albania,1863,2.7734466
Albania,1864,2.7340155
Albania,1865,2.7575216
Albania,1866,2.7695115
Albania,1867,2.7675688
Albania,1868,2.7347927
Albania,1869,2.7469528
Albania,1870,2.8431785
Albania,1871,2.8580742
Albania,1872,2.8951855
Albania,1873,2.9291017
Albania,1874,2.9298117
Albania,1875,2.9299037
Albania,1876,2.933739
Albania,1877,2.957771
Albania,1878,2.9689603
Albania,1879,2.9499106
Albania,1880,2.9393365
Albania,1881,2.9520676
Albania,1882,2.8995154
Albania,1883,2.9098802
Albania,1884,2.859194
Albania,1885,2.8871143
Albania,1886,2.894205
Albania,1887,2.8909538
Albania,1888,2.841564
Albania,1889,2.851881
Albania,1890,2.919108
Albania,1891,2.9068775
Albania,1892,2.9289322
Albania,1893,2.9392815
Albania,1894,2.9235444
Albania,1895,2.9066918
Albania,1896,2.899194
Albania,1897,2.9224577
Albania,1898,2.8981304
Albania,1899,2.8674352
Albania,1900,2.841374
Albania,1901,2.8112588
Albania,1902,2.7881327
Albania,1903,2.7851691
Albania,1904,2.784311
Albania,1905,2.7590091
Albania,1906,2.735528
Albania,1907,2.7245326
Albania,1908,2.7415025
Albania,1909,2.715712
Albania,1910,2.555485
Albania,1911,2.5048418
Albania,1912,2.4745164
Albania,1913,2.3915505
Albania,1914,2.3725464
Albania,1915,2.2999628
Albania,1916,2.3030384
Albania,1917,2.3012555
Albania,1918,2.2940807
Albania,1919,2.236708
Albania,1920,2.1217792
Albania,1921,2.108206
Albania,1922,2.005255
Albania,1923,1.9457848
Albania,1924,1.8709185
Albania,1925,1.8610898
Albania,1926,1.790619
Albania,1927,1.7431815
Albania,1928,1.6986177
Albania,1929,1.6069983
Albania,1930,1.8487953
Albania,1931,1.9214065
Albania,1932,1.9515399
Albania,1933,1.9369712
Albania,1934,1.9431559
Albania,1935,1.9410508
Albania,1936,1.920318
Albania,1937,1.892968
Albania,1938,1.902335
Albania,1939,1.8893821
Albania,1940,2.3450494
Albania,1941,2.5473034
Albania,1942,2.654546
Albania,1943,2.7871375
Albania,1944,2.7825933
Albania,1945,2.87153
Albania,1946,2.9329283
Albania,1947,2.9281287
Albania,1948,2.96082
Albania,1949,2.973799
Albania,1950,3.258827
Albania,1951,3.4894857
Albania,1952,3.8347325
Albania,1953,3.8989203
Albania,1954,4.062969
Albania,1955,4.172642
Albania,1956,4.27716
Albania,1957,4.4065504
Albania,1958,4.4362626
Albania,1959,5.2443085
Albania,1960,4.1155457
Albania,1961,3.363478
Albania,1962,3.0219908
Albania,1963,2.6323805
Albania,1964,3.0195465
Albania,1965,2.992617
Albania,1966,2.8714762
Albania,1967,2.5198455
Albania,1968,2.4016223
Albania,1969,2.315211
Albania,1970,2.0236979
Albania,1971,1.8853277
Albania,1972,1.6774063
Albania,1973,1.5909741
Albania,1974,1.310555
Albania,1975,1.5439327
Albania,1976,1.8626316
Albania,1977,1.485414
Albania,1978,1.2021713
Albania,1979,1.1319237
Albania,1980,1.0163091
Albania,1981,0.9213915
Albania,1982,0.8155061
Albania,1983,0.8284439
Albania,1984,0.7120125
Albania,1985,0.6661239
Albania,1986,0.6067595
Albania,1987,0.657421
Albania,1988,0.50561243
Albania,1989,0.57012206
Albania,1990,0.5391288
Albania,1991,0.5022684
Albania,1992,0.4304326
Albania,1993,0.29275998
Albania,1994,0.24227457
Albania,1995,0.17862816
Albania,1996,0.117891215
Albania,1997,0.09918954
Albania,1998,0.10058054
Albania,1999,0.013938733
Albania,2000,-0.027484884
Albania,2001,-0.045673538
Albania,2002,-0.08230426
Albania,2003,0.07327911
Albania,2004,-0.27784368
Albania,2005,0.7582642
Albania,2006,0.121194385
Albania,2007,0.78284943
Albania,2008,0.6141274
Albania,2009,0.31883612
Albania,2010,0.2101556
Albania,2011,0.24409501
Albania,2012,0.21163449
Albania,2013,0.17021304
Albania,2014,0.18470861
Albania,2015,0.37232986
Albania,2016,0.1891291
Albania,2017,0.21532431
Albania,2018,0.18244159
Albania,2019,0.07832281
Albania,2020,-0.022390474
Albania,2021,-0.0575652
Albania,2022,-0.112088084
Albania,2023,-0.17656592
Algeria,1850,1.7327605
Algeria,1851,1.6853553
Algeria,1852,1.6506388
Algeria,1853,1.6212462
Algeria,1854,1.5962452
Algeria,1855,1.5737548
Algeria,1856,1.5527712
Algeria,1857,1.5327595
Algeria,1858,1.513411
Algeria,1859,1.4945439
Algeria,1860,1.4749129
Algeria,1861,1.4563572
Algeria,1862,1.4383683
Algeria,1863,1.420742
Algeria,1864,1.4034368
Algeria,1865,1.3863915
Algeria,1866,1.3695805
Algeria,1867,1.3529897
Algeria,1868,1.3365943
Algeria,1869,1.3204027
Algeria,1870,1.3070142
Algeria,1871,1.2926352
Algeria,1872,1.2778668
Algeria,1873,1.2629684
Algeria,1874,1.248079
Algeria,1875,1.2332613
Algeria,1876,1.2185464
Algeria,1877,1.203964
Algeria,1878,1.1895128
Algeria,1879,1.1752212
Algeria,1880,1.1644366
Algeria,1881,1.152469
Algeria,1882,1.1398321
Algeria,1883,1.1268809
Algeria,1884,1.1138191
Algeria,1885,1.1007526
Algeria,1886,1.0877378
Algeria,1887,1.074812
Algeria,1888,1.0620012
Algeria,1889,1.0493793
Algeria,1890,1.046123
Algeria,1891,1.0391296
Algeria,1892,1.0301446
Algeria,1893,1.0201374
Algeria,1894,1.0095748
Algeria,1895,0.9987446
Algeria,1896,0.98779494
Algeria,1897,0.97681123
Algeria,1898,0.96585244
Algeria,1899,0.95369256
Algeria,1900,0.9429958
Algeria,1901,0.928386
Algeria,1902,0.9126599
Algeria,1903,0.8961695
Algeria,1904,0.8800538
Algeria,1905,0.8642752
Algeria,1906,0.848791
Algeria,1907,0.83358836
Algeria,1908,0.8186621
Algeria,1909,0.8058398
Algeria,1910,0.7972394
Algeria,1911,0.7892191
Algeria,1912,0.7825673
Algeria,1913,0.77748334
Algeria,1914,0.77232724
Algeria,1915,0.76715195
Algeria,1916,0.7619839
Algeria,1917,0.7568295
Algeria,1918,0.75178933
Algeria,1919,0.74587137
Algeria,1920,0.74882656
Algeria,1921,0.7528959
Algeria,1922,0.7569629
Algeria,1923,0.76054096
Algeria,1924,0.76416034
Algeria,1925,0.7675555
Algeria,1926,0.7705373
Algeria,1927,0.7729773
Algeria,1928,0.7748107
Algeria,1929,0.7749743
Algeria,1930,0.779973
Algeria,1931,0.77982014
Algeria,1932,0.77674603
Algeria,1933,0.77150834
Algeria,1934,0.7654515
Algeria,1935,0.7587633
Algeria,1936,0.75157964
Algeria,1937,0.7439779
Algeria,1938,0.7360316
Algeria,1939,0.72818536
Algeria,1940,0.73365027
Algeria,1941,0.73139006
Algeria,1942,0.7269529
Algeria,1943,0.72172654
Algeria,1944,0.71584535
Algeria,1945,0.7095546
Algeria,1946,0.7029865
Algeria,1947,0.69622296
Algeria,1948,0.6893127
Algeria,1949,0.6817339
Algeria,1950,1.3413392
Algeria,1951,1.7143941
Algeria,1952,1.9813169
Algeria,1953,2.1964378
Algeria,1954,2.4092338
Algeria,1955,2.6237347
Algeria,1956,2.8251529
Algeria,1957,3.0324175
Algeria,1958,3.2298045
Algeria,1959,3.4196808
Algeria,1960,3.617326
Algeria,1961,1.8749846
Algeria,1962,1.0760791
Algeria,1963,0.64281106
Algeria,1964,0.61868644
Algeria,1965,0.43874925
Algeria,1966,0.7223161
Algeria,1967,0.34500206
Algeria,1968,0.25367922
Algeria,1969,0.2619384
Algeria,1970,0.9707273
Algeria,1971,1.117083
Algeria,1972,0.7393866
Algeria,1973,0.59266305
Algeria,1974,1.7251678
Algeria,1975,1.8905888
Algeria,1976,0.8041737
Algeria,1977,0.46965727
Algeria,1978,0.2393005
Algeria,1979,0.19713347
Algeria,1980,0.13497066
Algeria,1981,0.12269407
Algeria,1982,-0.17838678
Algeria,1983,0.66077584
Algeria,1984,0.30620676
Algeria,1985,0.2242535
Algeria,1986,0.36242515
Algeria,1987,0.24749006
Algeria,1988,0.23434447
Algeria,1989,0.11794928
Algeria,1990,0.4801523
Algeria,1991,1.0566218
Algeria,1992,0.5032329
Algeria,1993,0.36526766
Algeria,1994,0.26215774
Algeria,1995,0.39901093
Algeria,1996,0.28115362
Algeria,1997,0.22077957
Algeria,1998,0.16857588
Algeria,1999,0.10562898
Algeria,2000,0.16461404
Algeria,2001,0.17850018
Algeria,2002,0.20935519
Algeria,2003,0.2497098
Algeria,2004,0.18715711
Algeria,2005,0.15403664
Algeria,2006,0.12605828
Algeria,2007,0.1113677
Algeria,2008,0.11445385
Algeria,2009,0.101567745
Algeria,2010,0.08905008
Algeria,2011,0.0738423
Algeria,2012,0.06679776
Algeria,2013,0.08215023
Algeria,2014,0.06260811
Algeria,2015,0.052839387
Algeria,2016,0.058974627
Algeria,2017,0.059279803
Algeria,2018,0.088954955
Algeria,2019,0.057556648
Algeria,2020,0.04290858
Algeria,2021,0.04676893
Algeria,2022,0.04763237
Algeria,2023,0.047695953
Andorra,1850,6.2147164
Andorra,1851,5.2088995
Andorra,1852,4.5455227
Andorra,1853,4.012639
Andorra,1854,3.3437815
Andorra,1855,2.8575952
Andorra,1856,2.4734957
Andorra,1857,2.1370664
Andorra,1858,1.8261604
Andorra,1859,1.6242257
Andorra,1860,1.488238
Andorra,1861,1.3535664
Andorra,1862,1.2520305
Andorra,1863,1.089742
Andorra,1864,0.8580318
Andorra,1865,0.8624758
Andorra,1866,0.66544855
Andorra,1867,0.8015313
Andorra,1868,0.706721
Andorra,1869,0.6625857
Andorra,1870,0.5109359
Andorra,1871,0.58577144
Andorra,1872,0.63055336
Andorra,1873,0.70368856
Andorra,1874,0.5745949
Andorra,1875,0.5137782
Andorra,1876,0.5105961
Andorra,1877,0.46034873
Andorra,1878,0.46663272
Andorra,1879,0.4822273
Andorra,1880,0.4515493
Andorra,1881,0.43946025
Andorra,1882,0.39114198
Andorra,1883,0.31632954
Andorra,1884,0.17960784
Andorra,1885,0.20524111
Andorra,1886,0.053191386
Andorra,1887,0.18496154
Andorra,1888,0.14880076
Andorra,1889,0.10436268
Andorra,1890,-0.04319736
Andorra,1891,-0.060093723
Andorra,1892,-0.059715953
Andorra,1893,-0.14408512
Andorra,1894,-0.26105264
Andorra,1895,-0.32632107
Andorra,1896,-0.39076015
Andorra,1897,-0.47080252
Andorra,1898,-0.5335126
Andorra,1899,-0.57899845
Andorra,1900,-0.49425918
Andorra,1901,-0.5072116
Andorra,1902,-0.4319057
Andorra,1903,-0.3258655
Andorra,1904,-0.42641377
Andorra,1905,-0.4785953
Andorra,1906,-0.62365955
Andorra,1907,-0.71265966
Andorra,1908,-0.8465448
Andorra,1909,-0.8850978
Andorra,1910,-1.2527785
Andorra,1911,-1.5713496
Andorra,1912,-1.9141393
Andorra,1913,-2.2697344
Andorra,1914,-2.6616383
Andorra,1915,-3.1298406
Andorra,1916,-3.5266256
Andorra,1917,-4.1233435
Andorra,1918,-4.318733
Andorra,1919,-4.540046
Andorra,1920,-5.180429
Andorra,1921,-5.766381
Andorra,1922,-6.250624
Andorra,1923,-6.675249
Andorra,1924,-7.2213216
Andorra,1925,-7.67483
Andorra,1926,-8.064204
Andorra,1927,-8.500941
Andorra,1928,-8.819787
Andorra,1929,-9.087376
Andorra,1930,-9.390641
Andorra,1931,-9.557934
Andorra,1932,-9.757716
Andorra,1933,-9.854948
Andorra,1934,-9.926229
Andorra,1935,-9.988779
Andorra,1936,-10.062393
Andorra,1937,-10.141555
Andorra,1938,-10.154014
Andorra,1939,-10.145394
Andorra,1940,-6.4053063
Andorra,1941,-4.497623
Andorra,1942,-2.8101873
Andorra,1943,-1.5100363
Andorra,1944,-0.34224537
Andorra,1945,0.94432986
Andorra,1946,1.8236228
Andorra,1947,2.7100594
Andorra,1948,3.5838675
Andorra,1949,4.6072016
Andorra,1950,11.416678
Andorra,1951,7.2938986
Andorra,1952,10.940033
Andorra,1953,8.499432
Andorra,1954,7.600572
Andorra,1955,10.247741
Andorra,1956,7.859959
Andorra,1957,25.200249
Andorra,1958,12.915964
Andorra,1959,8.2840805
Andorra,1960,5.879065
Andorra,1961,6.642026
Andorra,1962,4.756377
Andorra,1963,3.7342482
Andorra,1964,3.0907094
Andorra,1965,2.5318139
Andorra,1966,2.156917
Andorra,1967,1.7168484
Andorra,1968,1.6553574
Andorra,1969,1.281105
Andorra,1970,0.98059237
Andorra,1971,0.81912446
Andorra,1972,0.6006819
Andorra,1973,0.5981553
Andorra,1974,0.5404544
Andorra,1975,0.29307774
Andorra,1976,0.35622394
Andorra,1977,0.3313116
Andorra,1978,0.24304213
Andorra,1979,0.22016278
Andorra,1980,0.24492252
Andorra,1981,0.280154
Andorra,1982,0.2562899
Andorra,1983,0.2828681
Andorra,1984,0.29060087
Andorra,1985,0.29113892
Andorra,1986,0.32860988
Andorra,1987,0.23152876
Andorra,1988,0.20695956
Andorra,1989,0.25783947
Andorra,1990,0.26274475
Andorra,1991,0.21084978
Andorra,1992,0.48293063
Andorra,1993,0.9913351
Andorra,1994,0.96895796
Andorra,1995,0.8476914
Andorra,1996,0.63818383
Andorra,1997,0.6050299
Andorra,1998,0.5163643
Andorra,1999,0.46574613
Andorra,2000,0.43530682
Andorra,2001,0.37182146
Andorra,2002,0.32798448
Andorra,2003,0.28117254
Andorra,2004,0.1819794
Andorra,2005,0.16949373
Andorra,2006,0.09073412
Andorra,2007,0.06938546
Andorra,2008,0.047408827
Andorra,2009,0.004805934
Andorra,2010,0.0099912
Andorra,2011,-0.029218124
Andorra,2012,-0.04674686
Andorra,2013,-0.04191606
Andorra,2014,-0.055680115
Andorra,2015,-0.063477986
Andorra,2016,-0.05738966
Andorra,2017,-0.06609413
Andorra,2018,-0.09800572
Andorra,2019,-0.10785494
Andorra,2020,-0.11653854
Andorra,2021,-0.102443054
Andorra,2022,-0.10071114
Andorra,2023,-0.10199814
Angola,1850,3.4252057
Angola,1851,3.1897304
Angola,1852,3.0063863
Angola,1853,2.8687963
Angola,1854,2.8184323
Angola,1855,2.8431053
Angola,1856,2.7902732
Angola,1857,2.7315104
Angola,1858,2.6301825
Angola,1859,2.6713357
Angola,1860,3.0509374
Angola,1861,2.8877518
Angola,1862,2.8404624
Angola,1863,2.8605924
Angola,1864,2.9052143
Angola,1865,2.8088095
Angola,1866,2.8118796
Angola,1867,2.8957126
Angola,1868,2.6592143
Angola,1869,2.7249544
Angola,1870,2.829268
Angola,1871,3.0433252
Angola,1872,3.0631025
Angola,1873,2.9407728
Angola,1874,3.0331228
Angola,1875,2.9109244
Angola,1876,2.8417218
Angola,1877,2.7907984
Angola,1878,2.8168054
Angola,1879,2.9400315
Angola,1880,3.2045906
Angola,1881,3.1656027
Angola,1882,3.1357944
Angola,1883,3.271148
Angola,1884,3.2762446
Angola,1885,3.2000172
Angola,1886,3.2884107
Angola,1887,3.1531909
Angola,1888,3.2999804
Angola,1889,3.1457264
Angola,1890,3.479553
Angola,1891,3.7080975
Angola,1892,3.6101418
Angola,1893,3.7318895
Angola,1894,3.658478
Angola,1895,3.8514879
Angola,1896,4.037204
Angola,1897,3.9344282
Angola,1898,4.0213866
Angola,1899,3.8786573
Angola,1900,4.666075
Angola,1901,4.6549935
Angola,1902,4.643588
Angola,1903,4.8168173
Angola,1904,5.06581
Angola,1905,5.1025534
Angola,1906,5.1137924
Angola,1907,5.0279784
Angola,1908,5.356492
Angola,1909,5.422299
Angola,1910,6.0037103
Angola,1911,6.2358336
Angola,1912,6.3803706
Angola,1913,6.636415
Angola,1914,6.8687563
Angola,1915,7.033015
Angola,1916,6.947195
Angola,1917,7.0720778
Angola,1918,7.0878916
Angola,1919,7.061635
Angola,1920,8.285939
Angola,1921,8.855637
Angola,1922,9.144134
Angola,1923,9.192917
Angola,1924,9.566352
Angola,1925,9.478494
Angola,1926,9.410365
Angola,1927,9.27488
Angola,1928,9.228529
Angola,1929,9.089028
Angola,1930,11.752768
Angola,1931,12.7773905
Angola,1932,13.054403
Angola,1933,13.385768
Angola,1934,13.631709
Angola,1935,13.867026
Angola,1936,13.973953
Angola,1937,13.644678
Angola,1938,13.564343
Angola,1939,13.694007
Angola,1940,21.554287
Angola,1941,25.441833
Angola,1942,27.671907
Angola,1943,28.738619
Angola,1944,29.079554
Angola,1945,29.501574
Angola,1946,29.989246
Angola,1947,29.508558
Angola,1948,29.466131
Angola,1949,29.639086
Angola,1950,32.693436
Angola,1951,34.4159
Angola,1952,36.017307
Angola,1953,35.987476
Angola,1954,36.010273
Angola,1955,36.033134
Angola,1956,35.218422
Angola,1957,34.455532
Angola,1958,34.000843
Angola,1959,33.31338
Angola,1960,33.780067
Angola,1961,22.299986
Angola,1962,16.457054
Angola,1963,13.633088
Angola,1964,11.238762
Angola,1965,9.515612
Angola,1966,8.198568
Angola,1967,7.4653554
Angola,1968,7.5277023
Angola,1969,6.329176
Angola,1970,5.5271335
Angola,1971,4.829104
Angola,1972,4.203663
Angola,1973,3.9566748
Angola,1974,3.7150445
Angola,1975,2.4576914
Angola,1976,2.1697702
Angola,1977,2.3305025
Angola,1978,2.1094666
Angola,1979,1.818371
Angola,1980,2.140334
Angola,1981,1.9050376
Angola,1982,1.5675442
Angola,1983,1.4151819
Angola,1984,1.3015351
Angola,1985,1.1828376
Angola,1986,0.940687
Angola,1987,0.85017955
Angola,1988,0.99753207
Angola,1989,0.9972228
Angola,1990,1.3502425
Angola,1991,1.4415004
Angola,1992,1.2808002
Angola,1993,1.0767355
Angola,1994,1.1384394
Angola,1995,1.0118904
Angola,1996,1.1184973
Angola,1997,1.4466031
Angola,1998,1.5898024
Angola,1999,1.5823492
Angola,2000,1.4385015
Angola,2001,2.2221522
Angola,2002,2.6131327
Angola,2003,2.014137
Angola,2004,1.5995457
Angola,2005,1.7374594
Angola,2006,2.0300734
Angola,2007,3.41929
Angola,2008,5.3928146
Angola,2009,5.884606
Angola,2010,6.0872974
Angola,2011,4.5800242
Angola,2012,4.047238
Angola,2013,3.9805062
Angola,2014,3.5240798
Angola,2015,3.7221193
Angola,2016,2.9459114
Angola,2017,2.7138884
Angola,2018,2.214689
Angola,2019,1.7330528
Angola,2020,1.433221
Angola,2021,1.4152145
Angola,2022,1.3564292
Angola,2023,1.2785318
Antigua and Barbuda,1850,2.8935697
Antigua and Barbuda,1851,1.7293857
Antigua and Barbuda,1852,1.1095524
Antigua and Barbuda,1853,0.7025383
Antigua and Barbuda,1854,0.40733135
Antigua and Barbuda,1855,0.18239707
Antigua and Barbuda,1856,0.004957381
Antigua and Barbuda,1857,-0.1388367
Antigua and Barbuda,1858,-0.25788847
Antigua and Barbuda,1859,-0.3585438
Antigua and Barbuda,1860,-0.41516438
Antigua and Barbuda,1861,-0.47657076
Antigua and Barbuda,1862,-0.5370079
Antigua and Barbuda,1863,-0.5895837
Antigua and Barbuda,1864,-0.63664347
Antigua and Barbuda,1865,-0.6791426
Antigua and Barbuda,1866,-0.715934
Antigua and Barbuda,1867,-0.7500321
Antigua and Barbuda,1868,-0.7792871
Antigua and Barbuda,1869,-0.8058942
Antigua and Barbuda,1870,-0.7218208
Antigua and Barbuda,1871,-0.69942504
Antigua and Barbuda,1872,-0.6950906
Antigua and Barbuda,1873,-0.69628197
Antigua and Barbuda,1874,-0.70062995
Antigua and Barbuda,1875,-0.7049796
Antigua and Barbuda,1876,-0.71143585
Antigua and Barbuda,1877,-0.7168421
Antigua and Barbuda,1878,-0.72119766
Antigua and Barbuda,1879,-0.72791916
Antigua and Barbuda,1880,-0.51543534
Antigua and Barbuda,1881,-0.43323794
Antigua and Barbuda,1882,-0.39597294
Antigua and Barbuda,1883,-0.3720902
Antigua and Barbuda,1884,-0.35670906
Antigua and Barbuda,1885,-0.34659874
Antigua and Barbuda,1886,-0.3386265
Antigua and Barbuda,1887,-0.33174437
Antigua and Barbuda,1888,-0.3259445
Antigua and Barbuda,1889,-0.32190648
Antigua and Barbuda,1890,-0.51258814
Antigua and Barbuda,1891,-0.5877214
Antigua and Barbuda,1892,-0.62716204
Antigua and Barbuda,1893,-0.6531429
Antigua and Barbuda,1894,-0.6701941
Antigua and Barbuda,1895,-0.68331367
Antigua and Barbuda,1896,-0.6934657
Antigua and Barbuda,1897,-0.7037158
Antigua and Barbuda,1898,-0.71195364
Antigua and Barbuda,1899,-0.721815
Antigua and Barbuda,1900,-0.5839086
Antigua and Barbuda,1901,-0.63973415
Antigua and Barbuda,1902,-0.74859035
Antigua and Barbuda,1903,-0.8793947
Antigua and Barbuda,1904,-1.0158579
Antigua and Barbuda,1905,-1.1525075
Antigua and Barbuda,1906,-1.2893777
Antigua and Barbuda,1907,-1.4230659
Antigua and Barbuda,1908,-1.5545001
Antigua and Barbuda,1909,-1.6816818
Antigua and Barbuda,1910,-2.2730017
Antigua and Barbuda,1911,-2.4666138
Antigua and Barbuda,1912,-2.5407085
Antigua and Barbuda,1913,-2.564859
Antigua and Barbuda,1914,-2.565276
Antigua and Barbuda,1915,-2.556112
Antigua and Barbuda,1916,-2.5405405
Antigua and Barbuda,1917,-2.5247607
Antigua and Barbuda,1918,-2.5056543
Antigua and Barbuda,1919,-2.4839222
Antigua and Barbuda,1920,-1.9634067
Antigua and Barbuda,1921,-1.7404801
Antigua and Barbuda,1922,-1.6077513
Antigua and Barbuda,1923,-1.5142016
Antigua and Barbuda,1924,-1.448149
Antigua and Barbuda,1925,-1.392225
Antigua and Barbuda,1926,-1.3427827
Antigua and Barbuda,1927,-1.2996255
Antigua and Barbuda,1928,-1.2604122
Antigua and Barbuda,1929,-1.217109
Antigua and Barbuda,1930,-0.9369488
Antigua and Barbuda,1931,-0.8018466
Antigua and Barbuda,1932,-0.7120251
Antigua and Barbuda,1933,-0.64263445
Antigua and Barbuda,1934,-0.58735955
Antigua and Barbuda,1935,-0.53894454
Antigua and Barbuda,1936,-0.49687445
Antigua and Barbuda,1937,-0.45975432
Antigua and Barbuda,1938,-0.42534775
Antigua and Barbuda,1939,-0.39621198
Antigua and Barbuda,1940,-0.28302428
Antigua and Barbuda,1941,-0.23066726
Antigua and Barbuda,1942,-0.19641918
Antigua and Barbuda,1943,-0.17231812
Antigua and Barbuda,1944,-0.15203674
Antigua and Barbuda,1945,-0.13463117
Antigua and Barbuda,1946,-0.11919542
Antigua and Barbuda,1947,-0.10484977
Antigua and Barbuda,1948,-0.091566995
Antigua and Barbuda,1949,-0.08000178
Antigua and Barbuda,1950,0.31541005
Antigua and Barbuda,1951,0.25501466
Antigua and Barbuda,1952,0.09357789
Antigua and Barbuda,1953,-0.08865799
Antigua and Barbuda,1954,-0.2279235
Antigua and Barbuda,1955,-0.33547252
Antigua and Barbuda,1956,-0.40668303
Antigua and Barbuda,1957,-0.71699125
Antigua and Barbuda,1958,-2.07316
Antigua and Barbuda,1959,-6.4768357
Antigua and Barbuda,1960,-6.1022716
Antigua and Barbuda,1961,-6.296183
Antigua and Barbuda,1962,-5.945752
Antigua and Barbuda,1963,-5.6164565
Antigua and Barbuda,1964,-6.473665
Antigua and Barbuda,1965,-5.4527564
Antigua and Barbuda,1966,-4.9592586
Antigua and Barbuda,1967,-4.614826
Antigua and Barbuda,1968,-4.3245263
Antigua and Barbuda,1969,-4.066899
Antigua and Barbuda,1970,-1.547777
Antigua and Barbuda,1971,-3.1640496
Antigua and Barbuda,1972,-3.365309
Antigua and Barbuda,1973,-3.3724432
Antigua and Barbuda,1974,-3.315459
Antigua and Barbuda,1975,-3.2370107
Antigua and Barbuda,1976,-3.1394708
Antigua and Barbuda,1977,-3.0271695
Antigua and Barbuda,1978,-2.90283
Antigua and Barbuda,1979,-2.7957408
Antigua and Barbuda,1980,-2.6844406
Antigua and Barbuda,1981,-2.579523
Antigua and Barbuda,1982,-2.4766927
Antigua and Barbuda,1983,-3.2590592
Antigua and Barbuda,1984,-2.654876
Antigua and Barbuda,1985,-2.4171653
Antigua and Barbuda,1986,-2.2697902
Antigua and Barbuda,1987,-2.1650727
Antigua and Barbuda,1988,-2.0783873
Antigua and Barbuda,1989,-2.0007558
Antigua and Barbuda,1990,-1.926983
Antigua and Barbuda,1991,-1.8419762
Antigua and Barbuda,1992,-1.7394223
Antigua and Barbuda,1993,-1.6350904
Antigua and Barbuda,1994,-1.5459985
Antigua and Barbuda,1995,-1.4528506
Antigua and Barbuda,1996,-1.3689717
Antigua and Barbuda,1997,-1.2818403
Antigua and Barbuda,1998,-1.2154107
Antigua and Barbuda,1999,-1.1459641
Antigua and Barbuda,2000,-1.0559303
Antigua and Barbuda,2001,-1.0114998
Antigua and Barbuda,2002,-0.92025864
Antigua and Barbuda,2003,-0.8811109
Antigua and Barbuda,2004,-0.8699305
Antigua and Barbuda,2005,-0.8310635
Antigua and Barbuda,2006,-0.77858746
Antigua and Barbuda,2007,-0.6082817
Antigua and Barbuda,2008,-0.50309265
Antigua and Barbuda,2009,-0.6070522
Antigua and Barbuda,2010,-0.60489553
Antigua and Barbuda,2011,-0.5910225
Antigua and Barbuda,2012,-0.53346175
Antigua and Barbuda,2013,-0.29555774
Antigua and Barbuda,2014,-0.4496896
Antigua and Barbuda,2015,-0.4727239
Antigua and Barbuda,2016,-0.44491637
Antigua and Barbuda,2017,-0.22080833
Antigua and Barbuda,2018,-0.37611946
Antigua and Barbuda,2019,-0.40319726
Antigua and Barbuda,2020,-0.40184367
Antigua and Barbuda,2021,-0.3492699
Antigua and Barbuda,2022,-0.3253239
Antigua and Barbuda,2023,-0.3075163
Argentina,1850,10.637421
Argentina,1851,10.865145
Argentina,1852,10.578569
Argentina,1853,10.488716
Argentina,1854,10.369418
Argentina,1855,10.242859
Argentina,1856,10.217515
Argentina,1857,10.122698
Argentina,1858,10.1213875
Argentina,1859,9.980684
Argentina,1860,10.447703
Argentina,1861,10.527905
Argentina,1862,10.524133
Argentina,1863,10.420324
Argentina,1864,10.241497
Argentina,1865,9.95811
Argentina,1866,9.817467
Argentina,1867,9.609483
Argentina,1868,9.368344
Argentina,1869,9.116996
Argentina,1870,9.41502
Argentina,1871,9.497322
Argentina,1872,9.434558
Argentina,1873,9.218378
Argentina,1874,9.116543
Argentina,1875,8.893748
Argentina,1876,8.738819
Argentina,1877,8.52267
Argentina,1878,8.417286
Argentina,1879,8.145834
Argentina,1880,7.978845
Argentina,1881,7.901086
Argentina,1882,7.812611
Argentina,1883,7.584977
Argentina,1884,7.4142346
Argentina,1885,7.1786914
Argentina,1886,7.052343
Argentina,1887,6.9341583
Argentina,1888,6.659364
Argentina,1889,6.542677
Argentina,1890,6.8757043
Argentina,1891,7.08224
Argentina,1892,7.123892
Argentina,1893,7.130755
Argentina,1894,7.1650686
Argentina,1895,7.0275483
Argentina,1896,6.9462776
Argentina,1897,6.7868786
Argentina,1898,6.718808
Argentina,1899,6.5494447
Argentina,1900,13.149944
Argentina,1901,16.76464
Argentina,1902,18.5538
Argentina,1903,19.534048
Argentina,1904,20.01176
Argentina,1905,20.15653
Argentina,1906,19.841106
Argentina,1907,19.868341
Argentina,1908,19.662785
Argentina,1909,19.153599
Argentina,1910,20.436832
Argentina,1911,20.857487
Argentina,1912,21.007273
Argentina,1913,21.192894
Argentina,1914,20.81812
Argentina,1915,20.930838
Argentina,1916,20.361177
Argentina,1917,20.335104
Argentina,1918,19.892147
Argentina,1919,19.659365
Argentina,1920,21.279501
Argentina,1921,22.322924
Argentina,1922,22.425785
Argentina,1923,22.310106
Argentina,1924,22.106224
Argentina,1925,21.86976
Argentina,1926,21.346611
Argentina,1927,20.987446
Argentina,1928,20.551798
Argentina,1929,20.07726
Argentina,1930,15.512739
Argentina,1931,12.537015
Argentina,1932,10.857433
Argentina,1933,9.714379
Argentina,1934,8.870679
Argentina,1935,8.185261
Argentina,1936,7.626672
Argentina,1937,7.157442
Argentina,1938,6.8069534
Argentina,1939,6.4446654
Argentina,1940,4.4475937
Argentina,1941,3.2408087
Argentina,1942,2.3737314
Argentina,1943,1.7050623
Argentina,1944,1.167809
Argentina,1945,0.72467846
Argentina,1946,0.35417426
Argentina,1947,0.040256582
Argentina,1948,-0.22828647
Argentina,1949,-0.47436565
Argentina,1950,0.70669115
Argentina,1951,1.3001465
Argentina,1952,1.697533
Argentina,1953,1.9562091
Argentina,1954,2.1278148
Argentina,1955,2.261399
Argentina,1956,2.3651142
Argentina,1957,2.423619
Argentina,1958,2.4735627
Argentina,1959,2.5497842
Argentina,1960,1.6492381
Argentina,1961,3.1647513
Argentina,1962,3.2822294
Argentina,1963,3.3104641
Argentina,1964,3.5703828
Argentina,1965,5.9683175
Argentina,1966,5.8035774
Argentina,1967,8.292071
Argentina,1968,5.5016203
Argentina,1969,4.044636
Argentina,1970,3.2944047
Argentina,1971,2.8483574
Argentina,1972,2.5686176
Argentina,1973,2.3679276
Argentina,1974,2.224786
Argentina,1975,2.0888193
Argentina,1976,1.9616611
Argentina,1977,1.9035954
Argentina,1978,1.7920941
Argentina,1979,1.7232938
Argentina,1980,1.6940125
Argentina,1981,1.594106
Argentina,1982,1.5488863
Argentina,1983,1.5241706
Argentina,1984,1.4843456
Argentina,1985,1.4314471
Argentina,1986,1.385785
Argentina,1987,1.361286
Argentina,1988,1.274663
Argentina,1989,1.2428169
Argentina,1990,1.2175626
Argentina,1991,2.510805
Argentina,1992,1.6321012
Argentina,1993,1.2931484
Argentina,1994,1.2540697
Argentina,1995,1.2451969
Argentina,1996,1.2699338
Argentina,1997,1.3840466
Argentina,1998,1.5399859
Argentina,1999,1.4162389
Argentina,2000,1.4120889
Argentina,2001,1.322224
Argentina,2002,4.7089896
Argentina,2003,6.3403497
Argentina,2004,7.3896203
Argentina,2005,7.697779
Argentina,2006,7.450556
Argentina,2007,3.9531767
Argentina,2008,2.1876657
Argentina,2009,7.950229
Argentina,2010,5.7201896
Argentina,2011,5.402036
Argentina,2012,3.4836535
Argentina,2013,2.5122192
Argentina,2014,3.7068908
Argentina,2015,2.4398189
Argentina,2016,2.2043352
Argentina,2017,1.6943494
Argentina,2018,2.3159795
Argentina,2019,3.5515049
Argentina,2020,2.638268
Argentina,2021,2.5393298
Argentina,2022,2.4812973
Argentina,2023,2.4295957
Armenia,1850,1.9276265
Armenia,1851,1.8789674
Armenia,1852,1.843151
Armenia,1853,1.8106508
Armenia,1854,1.7809334
Armenia,1855,1.7541168
Armenia,1856,1.7292998
Armenia,1857,1.7062471
Armenia,1858,1.6846602
Armenia,1859,1.6641297
Armenia,1860,1.6322263
Armenia,1861,1.6006448
Armenia,1862,1.5704123
Armenia,1863,1.5417957
Armenia,1864,1.5145781
Armenia,1865,1.4887302
Armenia,1866,1.4640423
Armenia,1867,1.4403735
Armenia,1868,1.417816
Armenia,1869,1.3960605
Armenia,1870,1.3155472
Armenia,1871,1.2798529
Armenia,1872,1.2533362
Armenia,1873,1.2301956
Armenia,1874,1.2091572
Armenia,1875,1.1900063
Armenia,1876,1.1720587
Armenia,1877,1.1554958
Armenia,1878,1.1399199
Armenia,1879,1.1254594
Armenia,1880,1.1110164
Armenia,1881,1.096237
Armenia,1882,1.0816857
Armenia,1883,1.0679059
Armenia,1884,1.0547312
Armenia,1885,1.0420982
Armenia,1886,1.0299469
Armenia,1887,1.0183614
Armenia,1888,1.0070437
Armenia,1889,0.99622524
Armenia,1890,0.888309
Armenia,1891,0.8417549
Armenia,1892,0.80850416
Armenia,1893,0.7800976
Armenia,1894,0.7550162
Armenia,1895,0.7326418
Armenia,1896,0.7124214
Armenia,1897,0.6940379
Armenia,1898,0.6772302
Armenia,1899,0.6617444
Armenia,1900,0.58553404
Armenia,1901,0.55045474
Armenia,1902,0.52359647
Armenia,1903,0.5001171
Armenia,1904,0.4788254
Armenia,1905,0.45938298
Armenia,1906,0.4415827
Armenia,1907,0.42538404
Armenia,1908,0.41043195
Armenia,1909,0.39661708
Armenia,1910,0.3675818
Armenia,1911,0.3441083
Armenia,1912,0.32289705
Armenia,1913,0.30328926
Armenia,1914,0.28498468
Armenia,1915,0.2676195
Armenia,1916,0.2512084
Armenia,1917,0.23572999
Armenia,1918,0.22136617
Armenia,1919,0.20752901
Armenia,1920,0.1663629
Armenia,1921,0.13547496
Armenia,1922,0.10808056
Armenia,1923,0.08285576
Armenia,1924,0.05954371
Armenia,1925,0.034491066
Armenia,1926,0.012695425
Armenia,1927,-0.007316255
Armenia,1928,-0.02558728
Armenia,1929,-0.043070316
Armenia,1930,1.1168603
Armenia,1931,1.5967654
Armenia,1932,1.9260324
Armenia,1933,2.1945865
Armenia,1934,2.4219823
Armenia,1935,2.6176398
Armenia,1936,2.786184
Armenia,1937,2.9268804
Armenia,1938,3.0410151
Armenia,1939,3.1395416
Armenia,1940,2.0269287
Armenia,1941,1.5534126
Armenia,1942,1.2180648
Armenia,1943,0.93631214
Armenia,1944,0.6895142
Armenia,1945,0.4706625
Armenia,1946,0.27552137
Armenia,1947,0.10082291
Armenia,1948,-0.05599225
Armenia,1949,-0.19625303
Armenia,1950,-0.095253006
Armenia,1951,0.04697525
Armenia,1952,0.3013726
Armenia,1953,0.33550802
Armenia,1954,0.39742777
Armenia,1955,0.46647534
Armenia,1956,0.42206052
Armenia,1957,0.35604438
Armenia,1958,0.18460521
Armenia,1959,-0.21170583
Armenia,1960,-0.33036995
Armenia,1961,-0.05547013
Armenia,1962,-0.19945998
Armenia,1963,-0.24871306
Armenia,1964,-0.35884956
Armenia,1965,-0.40046483
Armenia,1966,-0.42065364
Armenia,1967,-0.42505
Armenia,1968,-0.37120196
Armenia,1969,-0.3923117
Armenia,1970,-0.23651314
Armenia,1971,-0.29984644
Armenia,1972,-0.31029072
Armenia,1973,-0.2712896
Armenia,1974,-0.24806742
Armenia,1975,-0.2613103
Armenia,1976,-0.24636668
Armenia,1977,-0.25866324
Armenia,1978,-0.23750408
Armenia,1979,-0.22425866
Armenia,1980,-0.10401108
Armenia,1981,-0.14436063
Armenia,1982,-0.15239388
Armenia,1983,-0.15010767
Armenia,1984,-0.1391285
Armenia,1985,-0.13125886
Armenia,1986,-0.11886724
Armenia,1987,-0.13625744
Armenia,1988,-0.15720472
Armenia,1989,-0.16475517
Armenia,1990,-0.13971823
Armenia,1991,-0.091824956
Armenia,1992,0.04469435
Armenia,1993,0.19233048
Armenia,1994,0.40511656
Armenia,1995,0.7340441
Armenia,1996,0.4550323
Armenia,1997,0.39692608
Armenia,1998,0.22934112
Armenia,1999,0.21816967
Armenia,2000,0.2261656
Armenia,2001,0.5537044
Armenia,2002,0.713808
Armenia,2003,0.71206653
Armenia,2004,1.1264791
Armenia,2005,2.0073905
Armenia,2006,1.0307369
Armenia,2007,0.7621691
Armenia,2008,0.6248602
Armenia,2009,0.543979
Armenia,2010,0.44252402
Armenia,2011,0.36970723
Armenia,2012,0.3396486
Armenia,2013,0.25873157
Armenia,2014,0.20351169
Armenia,2015,0.20836625
Armenia,2016,0.1833787
Armenia,2017,0.14369822
Armenia,2018,0.107027106
Armenia,2019,0.066455945
Armenia,2020,0.0467815
Armenia,2021,0.035219315
Armenia,2022,0.022308357
Armenia,2023,0.009772007
Asia,1850,1.1397475
Asia,1851,1.1354942
Asia,1852,1.120258
Asia,1853,1.1803727
Asia,1854,1.1384374
Asia,1855,1.141599
Asia,1856,1.1261203
Asia,1857,1.1070577
Asia,1858,1.0868114
Asia,1859,1.1060771
Asia,1860,1.090462
Asia,1861,1.0153986
Asia,1862,1.0268712
Asia,1863,0.99245745
Asia,1864,0.8986738
Asia,1865,0.88017845
Asia,1866,0.8730671
Asia,1867,0.85980314
Asia,1868,0.8306995
Asia,1869,0.82008076
Asia,1870,0.7837919
Asia,1871,0.83953106
Asia,1872,0.8369997
Asia,1873,0.7903763
Asia,1874,0.8144089
Asia,1875,0.8094854
Asia,1876,0.82319134
Asia,1877,0.74174464
Asia,1878,0.7697648
Asia,1879,0.7784402
Asia,1880,0.8251485
Asia,1881,0.9371044
Asia,1882,0.96791536
Asia,1883,0.96070415
Asia,1884,0.9828711
Asia,1885,0.9665696
Asia,1886,0.98891973
Asia,1887,1.0120186
Asia,1888,0.96645904
Asia,1889,1.0092045
Asia,1890,1.1163274
Asia,1891,1.2253612
Asia,1892,1.2294427
Asia,1893,1.228049
Asia,1894,1.2663172
Asia,1895,1.2622255
Asia,1896,1.2716932
Asia,1897,1.3268467
Asia,1898,1.2748287
Asia,1899,1.299301
Asia,1900,1.286932
Asia,1901,1.375096
Asia,1902,1.4024942
Asia,1903,1.4135647
Asia,1904,1.3969862
Asia,1905,1.41174
Asia,1906,1.4270806
Asia,1907,1.4216038
Asia,1908,1.4073619
Asia,1909,1.3937925
Asia,1910,1.4217259
Asia,1911,1.5186082
Asia,1912,1.517167
Asia,1913,1.4920566
Asia,1914,1.5562744
Asia,1915,1.5461059
Asia,1916,1.4945209
Asia,1917,1.515131
Asia,1918,1.5466223
Asia,1919,1.4814608
Asia,1920,1.5234481
Asia,1921,1.5294335
Asia,1922,1.4907447
Asia,1923,1.5299029
Asia,1924,1.4941251
Asia,1925,1.4893986
Asia,1926,1.489873
Asia,1927,1.4735427
Asia,1928,1.4711462
Asia,1929,1.4977407
Asia,1930,1.6201007
Asia,1931,1.6398064
Asia,1932,1.661892
Asia,1933,1.6868774
Asia,1934,1.6827328
Asia,1935,1.6658068
Asia,1936,1.63564
Asia,1937,1.6830354
Asia,1938,1.672407
Asia,1939,1.6586229
Asia,1940,1.7278657
Asia,1941,1.7749561
Asia,1942,1.8111702
Asia,1943,1.826596
Asia,1944,1.830294
Asia,1945,1.8367145
Asia,1946,1.8684852
Asia,1947,1.8514448
Asia,1948,1.843057
Asia,1949,1.8591912
Asia,1950,2.3099906
Asia,1951,2.549661
Asia,1952,2.352507
Asia,1953,2.3219013
Asia,1954,2.5343041
Asia,1955,2.4973192
Asia,1956,2.3751721
Asia,1957,2.3451593
Asia,1958,2.159509
Asia,1959,2.079383
Asia,1960,1.4552618
Asia,1961,1.7809238
Asia,1962,1.7233281
Asia,1963,1.689806
Asia,1964,1.5008943
Asia,1965,1.5124633
Asia,1966,1.3577013
Asia,1967,1.149816
Asia,1968,1.0736232
Asia,1969,1.7094871
Asia,1970,1.2939171
Asia,1971,1.1814997
Asia,1972,1.5489956
Asia,1973,1.4074191
Asia,1974,1.2806339
Asia,1975,1.1597087
Asia,1976,1.0579457
Asia,1977,1.3022803
Asia,1978,1.3326101
Asia,1979,0.93545586
Asia,1980,0.8914255
Asia,1981,0.8628826
Asia,1982,0.73561954
Asia,1983,0.756314
Asia,1984,1.0120095
Asia,1985,0.9528489
Asia,1986,1.1112945
Asia,1987,0.924252
Asia,1988,0.83856857
Asia,1989,0.7553946
Asia,1990,0.65156424
Asia,1991,0.566716
Asia,1992,0.6424801
Asia,1993,0.5598627
Asia,1994,0.65645695
Asia,1995,0.57707167
Asia,1996,0.62836534
Asia,1997,1.0797831
Asia,1998,0.67183053
Asia,1999,0.65480256
Asia,2000,0.56465065
Asia,2001,0.46582
Asia,2002,0.48124713
Asia,2003,0.4325089
Asia,2004,0.45126674
Asia,2005,0.40629
Asia,2006,0.5349917
Asia,2007,0.4036132
Asia,2008,0.41382027
Asia,2009,0.48767138
Asia,2010,0.37385857
Asia,2011,0.40143496
Asia,2012,0.40717492
Asia,2013,0.400481
Asia,2014,0.469112
Asia,2015,0.5086264
Asia,2016,0.28122243
Asia,2017,0.23014256
Asia,2018,0.22425203
Asia,2019,0.23998031
Asia,2020,0.13925362
Asia,2021,0.11476903
Asia,2022,0.11274695
Asia,2023,0.12689878
Asia (excl. China and India),1850,2.183236
Asia (excl. China and India),1851,2.5567932
Asia (excl. China and India),1852,2.7421167
Asia (excl. China and India),1853,3.0418358
Asia (excl. China and India),1854,3.0336347
Asia (excl. China and India),1855,3.0952935
Asia (excl. China and India),1856,3.0798934
Asia (excl. China and India),1857,3.0609925
Asia (excl. China and India),1858,2.9538798
Asia (excl. China and India),1859,3.0953991
Asia (excl. China and India),1860,3.1389792
Asia (excl. China and India),1861,2.982013
Asia (excl. China and India),1862,3.133667
Asia (excl. China and India),1863,3.0266929
Asia (excl. China and India),1864,2.7697084
Asia (excl. China and India),1865,2.7880065
Asia (excl. China and India),1866,2.8172593
Asia (excl. China and India),1867,2.8494806
Asia (excl. China and India),1868,2.802108
Asia (excl. China and India),1869,2.830686
Asia (excl. China and India),1870,2.677886
Asia (excl. China and India),1871,2.838423
Asia (excl. China and India),1872,2.8596284
Asia (excl. China and India),1873,2.72585
Asia (excl. China and India),1874,2.7955418
Asia (excl. China and India),1875,2.8127434
Asia (excl. China and India),1876,2.844049
Asia (excl. China and India),1877,2.5320292
Asia (excl. China and India),1878,2.6289062
Asia (excl. China and India),1879,2.6899614
Asia (excl. China and India),1880,2.7267048
Asia (excl. China and India),1881,3.0690641
Asia (excl. China and India),1882,3.1825783
Asia (excl. China and India),1883,3.1419287
Asia (excl. China and India),1884,3.1496685
Asia (excl. China and India),1885,3.1253374
Asia (excl. China and India),1886,3.1641283
Asia (excl. China and India),1887,3.14768
Asia (excl. China and India),1888,2.998356
Asia (excl. China and India),1889,3.1339931
Asia (excl. China and India),1890,3.4137535
Asia (excl. China and India),1891,3.8204427
Asia (excl. China and India),1892,3.7869444
Asia (excl. China and India),1893,3.8110564
Asia (excl. China and India),1894,3.916929
Asia (excl. China and India),1895,3.8440185
Asia (excl. China and India),1896,3.8439922
Asia (excl. China and India),1897,4.0199885
Asia (excl. China and India),1898,3.8047273
Asia (excl. China and India),1899,3.882566
Asia (excl. China and India),1900,3.7648652
Asia (excl. China and India),1901,4.016288
Asia (excl. China and India),1902,4.0468354
Asia (excl. China and India),1903,4.026734
Asia (excl. China and India),1904,3.978736
Asia (excl. China and India),1905,4.0144186
Asia (excl. China and India),1906,4.025787
Asia (excl. China and India),1907,3.9850726
Asia (excl. China and India),1908,3.9075847
Asia (excl. China and India),1909,3.856862
Asia (excl. China and India),1910,3.8296075
Asia (excl. China and India),1911,4.0979285
Asia (excl. China and India),1912,4.0707774
Asia (excl. China and India),1913,3.9236765
Asia (excl. China and India),1914,4.098386
Asia (excl. China and India),1915,4.0643406
Asia (excl. China and India),1916,3.8830247
Asia (excl. China and India),1917,3.9183023
Asia (excl. China and India),1918,4.000408
Asia (excl. China and India),1919,3.805141
Asia (excl. China and India),1920,3.5180655
Asia (excl. China and India),1921,3.3266327
Asia (excl. China and India),1922,3.097221
Asia (excl. China and India),1923,3.141717
Asia (excl. China and India),1924,3.0047653
Asia (excl. China and India),1925,2.9266055
Asia (excl. China and India),1926,2.8846362
Asia (excl. China and India),1927,2.8133013
Asia (excl. China and India),1928,2.7745013
Asia (excl. China and India),1929,2.8381288
Asia (excl. China and India),1930,3.037466
Asia (excl. China and India),1931,3.0299287
Asia (excl. China and India),1932,3.0397933
Asia (excl. China and India),1933,3.0713427
Asia (excl. China and India),1934,3.0152934
Asia (excl. China and India),1935,2.9480398
Asia (excl. China and India),1936,2.8319533
Asia (excl. China and India),1937,2.9402256
Asia (excl. China and India),1938,2.9159014
Asia (excl. China and India),1939,2.8288333
Asia (excl. China and India),1940,2.8812084
Asia (excl. China and India),1941,2.9567258
Asia (excl. China and India),1942,2.9889545
Asia (excl. China and India),1943,2.9565156
Asia (excl. China and India),1944,2.9011097
Asia (excl. China and India),1945,2.8734634
Asia (excl. China and India),1946,2.8967857
Asia (excl. China and India),1947,2.818344
Asia (excl. China and India),1948,2.766685
Asia (excl. China and India),1949,2.7657506
Asia (excl. China and India),1950,3.108606
Asia (excl. China and India),1951,3.2000725
Asia (excl. China and India),1952,3.3762355
Asia (excl. China and India),1953,3.4863446
Asia (excl. China and India),1954,3.6018283
Asia (excl. China and India),1955,3.6853387
Asia (excl. China and India),1956,3.715146
Asia (excl. China and India),1957,3.768006
Asia (excl. China and India),1958,3.7882059
Asia (excl. China and India),1959,3.5953557
Asia (excl. China and India),1960,2.6077938
Asia (excl. China and India),1961,2.3675706
Asia (excl. China and India),1962,2.564664
Asia (excl. China and India),1963,2.4001262
Asia (excl. China and India),1964,2.1652985
Asia (excl. China and India),1965,1.8290287
Asia (excl. China and India),1966,1.7369283
Asia (excl. China and India),1967,1.6023794
Asia (excl. China and India),1968,1.4936275
Asia (excl. China and India),1969,2.3102505
Asia (excl. China and India),1970,1.6786944
Asia (excl. China and India),1971,1.9343909
Asia (excl. China and India),1972,1.9740257
Asia (excl. China and India),1973,1.8519316
Asia (excl. China and India),1974,1.6198604
Asia (excl. China and India),1975,1.5954318
Asia (excl. China and India),1976,1.6063617
Asia (excl. China and India),1977,1.4316134
Asia (excl. China and India),1978,1.4186922
Asia (excl. China and India),1979,1.2212652
Asia (excl. China and India),1980,1.1379212
Asia (excl. China and India),1981,1.1195172
Asia (excl. China and India),1982,0.91543305
Asia (excl. China and India),1983,0.8700146
Asia (excl. China and India),1984,1.7460369
Asia (excl. China and India),1985,1.7095226
Asia (excl. China and India),1986,2.135677
Asia (excl. China and India),1987,1.7384936
Asia (excl. China and India),1988,1.429099
Asia (excl. China and India),1989,1.2483617
Asia (excl. China and India),1990,0.96624607
Asia (excl. China and India),1991,0.8177038
Asia (excl. China and India),1992,0.9449244
Asia (excl. China and India),1993,0.7764603
Asia (excl. China and India),1994,0.96805567
Asia (excl. China and India),1995,0.86281705
Asia (excl. China and India),1996,0.9224525
Asia (excl. China and India),1997,2.1504498
Asia (excl. China and India),1998,1.091482
Asia (excl. China and India),1999,1.1121887
Asia (excl. China and India),2000,0.92551005
Asia (excl. China and India),2001,0.7868791
Asia (excl. China and India),2002,0.9433853
Asia (excl. China and India),2003,0.8257786
Asia (excl. China and India),2004,0.89431435
Asia (excl. China and India),2005,0.819921
Asia (excl. China and India),2006,1.1569748
Asia (excl. China and India),2007,0.79288197
Asia (excl. China and India),2008,0.78244966
Asia (excl. China and India),2009,1.0114473
Asia (excl. China and India),2010,0.9180534
Asia (excl. China and India),2011,0.96375483
Asia (excl. China and India),2012,0.9412047
Asia (excl. China and India),2013,0.8883539
Asia (excl. China and India),2014,1.2202513
Asia (excl. China and India),2015,1.2405643
Asia (excl. China and India),2016,0.72785175
Asia (excl. China and India),2017,0.64085734
Asia (excl. China and India),2018,0.6083559
Asia (excl. China and India),2019,0.7012514
Asia (excl. China and India),2020,0.465907
Asia (excl. China and India),2021,0.43020734
Asia (excl. China and India),2022,0.43749487
Asia (excl. China and India),2023,0.4838511
Australia,1850,15.331638
Australia,1851,17.919268
Australia,1852,9.556692
Australia,1853,15.182394
Australia,1854,14.843753
Australia,1855,15.025559
Australia,1856,8.07304
Australia,1857,14.753022
Australia,1858,13.220155
Australia,1859,8.816938
Australia,1860,12.246712
Australia,1861,11.901824
Australia,1862,11.270282
Australia,1863,12.06857
Australia,1864,10.838159
Australia,1865,12.750022
Australia,1866,11.453428
Australia,1867,11.72963
Australia,1868,11.009281
Australia,1869,12.391036
Australia,1870,14.178285
Australia,1871,13.157162
Australia,1872,16.452196
Australia,1873,16.429457
Australia,1874,16.674585
Australia,1875,18.280132
Australia,1876,13.169874
Australia,1877,16.119766
Australia,1878,15.541103
Australia,1879,17.549847
Australia,1880,13.962532
Australia,1881,13.586674
Australia,1882,11.775168
Australia,1883,12.277766
Australia,1884,12.618174
Australia,1885,10.885727
Australia,1886,9.978464
Australia,1887,11.153256
Australia,1888,9.837305
Australia,1889,7.954048
Australia,1890,12.446062
Australia,1891,13.358086
Australia,1892,14.132322
Australia,1893,14.598859
Australia,1894,14.326422
Australia,1895,14.938061
Australia,1896,13.451643
Australia,1897,15.77304
Australia,1898,14.103848
Australia,1899,14.239357
Australia,1900,14.275859
Australia,1901,13.678266
Australia,1902,12.071797
Australia,1903,13.135699
Australia,1904,14.416883
Australia,1905,13.881669
Australia,1906,12.64445
Australia,1907,12.909091
Australia,1908,12.221944
Australia,1909,11.506724
Australia,1910,11.544523
Australia,1911,10.162933
Australia,1912,10.256215
Australia,1913,10.185889
Australia,1914,9.011429
Australia,1915,9.459209
Australia,1916,8.522689
Australia,1917,8.7072735
Australia,1918,8.991412
Australia,1919,8.323414
Australia,1920,18.732876
Australia,1921,22.306591
Australia,1922,26.124279
Australia,1923,27.131128
Australia,1924,28.014397
Australia,1925,28.063217
Australia,1926,28.81506
Australia,1927,29.502335
Australia,1928,29.385609
Australia,1929,29.502998
Australia,1930,20.34458
Australia,1931,16.135286
Australia,1932,14.529024
Australia,1933,12.302213
Australia,1934,11.544443
Australia,1935,10.144065
Australia,1936,9.273963
Australia,1937,9.168573
Australia,1938,8.157118
Australia,1939,7.7287946
Australia,1940,7.53855
Australia,1941,7.6566157
Australia,1942,7.347511
Australia,1943,7.5591526
Australia,1944,7.035793
Australia,1945,6.7531543
Australia,1946,6.680084
Australia,1947,6.599533
Australia,1948,6.560721
Australia,1949,6.3430786
Australia,1950,11.826052
Australia,1951,13.985241
Australia,1952,15.822323
Australia,1953,16.891071
Australia,1954,17.773886
Australia,1955,18.262812
Australia,1956,18.99677
Australia,1957,20.016743
Australia,1958,19.926315
Australia,1959,20.451899
Australia,1960,16.987492
Australia,1961,21.168447
Australia,1962,13.390707
Australia,1963,17.626108
Australia,1964,20.012064
Australia,1965,23.372673
Australia,1966,18.34081
Australia,1967,34.90033
Australia,1968,16.992697
Australia,1969,9.534441
Australia,1970,4.8662105
Australia,1971,4.642259
Australia,1972,-0.2637008
Australia,1973,-0.5295338
Australia,1974,-2.4743378
Australia,1975,3.0609114
Australia,1976,2.1923218
Australia,1977,10.788924
Australia,1978,8.178578
Australia,1979,7.4086323
Australia,1980,6.5330415
Australia,1981,10.185487
Australia,1982,5.00324
Australia,1983,16.197485
Australia,1984,7.6118507
Australia,1985,4.0372066
Australia,1986,1.422629
Australia,1987,-0.9091071
Australia,1988,-1.8473555
Australia,1989,-2.3432362
Australia,1990,-1.0872462
Australia,1991,-3.2828
Australia,1992,1.2703048
Australia,1993,2.3815017
Australia,1994,1.4409032
Australia,1995,10.466068
Australia,1996,10.974337
Australia,1997,7.3225822
Australia,1998,10.748833
Australia,1999,7.9334927
Australia,2000,10.636786
Australia,2001,5.5988216
Australia,2002,3.2334447
Australia,2003,11.176944
Australia,2004,9.152408
Australia,2005,3.5452213
Australia,2006,1.2290215
Australia,2007,3.7203476
Australia,2008,12.362689
Australia,2009,4.8614173
Australia,2010,23.677748
Australia,2011,11.900989
Australia,2012,6.8959613
Australia,2013,6.8189907
Australia,2014,3.51992
Australia,2015,1.4796158
Australia,2016,3.6839337
Australia,2017,3.3725634
Australia,2018,1.9303771
Australia,2019,1.4863776
Australia,2020,3.3240972
Australia,2021,2.8876824
Australia,2022,2.6635554
Australia,2023,2.6499588
Austria,1850,0.9969969
Austria,1851,0.9933963
Austria,1852,0.98017263
Austria,1853,0.96208656
Austria,1854,0.9481282
Austria,1855,0.92811054
Austria,1856,0.93833655
Austria,1857,0.92948157
Austria,1858,0.93214244
Austria,1859,0.90744567
Austria,1860,0.99910563
Austria,1861,1.0133499
Austria,1862,1.0253595
Austria,1863,1.026055
Austria,1864,1.0586098
Austria,1865,1.065858
Austria,1866,1.0615973
Austria,1867,1.133649
Austria,1868,1.0921093
Austria,1869,1.1211325
Austria,1870,1.0830135
Austria,1871,1.1545945
Austria,1872,1.1361281
Austria,1873,1.1428919
Austria,1874,1.1298059
Austria,1875,1.163658
Austria,1876,1.1444798
Austria,1877,1.158738
Austria,1878,1.1505859
Austria,1879,1.1362668
Austria,1880,1.109787
Austria,1881,1.0927067
Austria,1882,1.0907314
Austria,1883,1.0611051
Austria,1884,1.0637238
Austria,1885,1.0498536
Austria,1886,1.052532
Austria,1887,1.0479405
Austria,1888,1.0394527
Austria,1889,1.0384897
Austria,1890,1.0808388
Austria,1891,1.1160983
Austria,1892,1.1316961
Austria,1893,1.1436206
Austria,1894,1.1448919
Austria,1895,1.1497533
Austria,1896,1.1402006
Austria,1897,1.1683129
Austria,1898,1.175703
Austria,1899,1.1401805
Austria,1900,1.1876673
Austria,1901,1.1803725
Austria,1902,1.1921006
Austria,1903,1.1862344
Austria,1904,1.1846175
Austria,1905,1.1853098
Austria,1906,1.1927304
Austria,1907,1.1849247
Austria,1908,1.1928931
Austria,1909,1.1857939
Austria,1910,0.88259333
Austria,1911,0.7691127
Austria,1912,0.6557582
Austria,1913,0.56202084
Austria,1914,0.47672135
Austria,1915,0.40789238
Austria,1916,0.3197851
Austria,1917,0.25318694
Austria,1918,0.18053646
Austria,1919,0.10984381
Austria,1920,0.12011533
Austria,1921,0.12046021
Austria,1922,0.1038452
Austria,1923,0.10253571
Austria,1924,0.09012001
Austria,1925,0.08388987
Austria,1926,0.087595165
Austria,1927,0.088335946
Austria,1928,0.095884785
Austria,1929,0.10785496
Austria,1930,0.047788125
Austria,1931,0.029464453
Austria,1932,0.002380094
Austria,1933,-0.016688252
Austria,1934,-0.04211491
Austria,1935,-0.059818093
Austria,1936,-0.0872044
Austria,1937,-0.08985388
Austria,1938,-0.10519894
Austria,1939,-0.12903208
Austria,1940,-0.09142929
Austria,1941,-0.079637565
Austria,1942,-0.060866974
Austria,1943,-0.05682059
Austria,1944,-0.057765335
Austria,1945,-0.036346637
Austria,1946,-0.035250805
Austria,1947,-0.02160907
Austria,1948,-0.027900478
Austria,1949,-0.017440854
Austria,1950,-0.09102938
Austria,1951,-0.14672525
Austria,1952,-0.16338612
Austria,1953,-0.1870681
Austria,1954,-0.22244814
Austria,1955,-0.22972623
Austria,1956,-0.22990435
Austria,1957,-0.23264924
Austria,1958,-0.2250484
Austria,1959,-0.10429588
Austria,1960,-0.12558165
Austria,1961,-0.17050016
Austria,1962,-0.2623557
Austria,1963,-0.26428148
Austria,1964,-0.2503148
Austria,1965,-0.36480463
Austria,1966,-0.3961128
Austria,1967,-0.36992425
Austria,1968,-0.35157135
Austria,1969,-0.33443683
Austria,1970,-0.3519295
Austria,1971,-0.3287179
Austria,1972,-0.5067088
Austria,1973,-0.50495666
Austria,1974,-0.52332884
Austria,1975,-0.49614802
Austria,1976,-0.43535516
Austria,1977,-0.32024807
Austria,1978,-0.44780716
Austria,1979,-0.34012038
Austria,1980,-0.6490479
Austria,1981,-0.5993374
Austria,1982,-0.58312654
Austria,1983,-0.54254544
Austria,1984,-0.5023646
Austria,1985,-0.4753153
Austria,1986,-0.4406274
Austria,1987,-0.42531163
Austria,1988,-0.36976242
Austria,1989,-0.31087714
Austria,1990,-0.2955406
Austria,1991,-0.28455785
Austria,1992,-0.340524
Austria,1993,-0.31211564
Austria,1994,-0.2916254
Austria,1995,-0.31819934
Austria,1996,-0.2983671
Austria,1997,-0.19616581
Austria,1998,0.0838387
Austria,1999,-0.06666736
Austria,2000,-0.21764864
Austria,2001,-0.26145822
Austria,2002,-0.2614936
Austria,2003,-0.11284011
Austria,2004,-0.19077475
Austria,2005,-0.22199549
Austria,2006,-0.14063011
Austria,2007,-0.079074755
Austria,2008,-0.056228727
Austria,2009,-0.1293659
Austria,2010,-0.16155231
Austria,2011,-0.13981147
Austria,2012,-0.16072592
Austria,2013,-0.11860723
Austria,2014,-0.12801641
Austria,2015,-0.20064302
Austria,2016,-0.23008305
Austria,2017,-0.20220278
Austria,2018,-0.17320026
Austria,2019,-0.21368037
Austria,2020,-0.2272442
Austria,2021,-0.22021578
Austria,2022,-0.20866445
Austria,2023,-0.1804554
Azerbaijan,1850,3.6373372
Azerbaijan,1851,3.5796118
Azerbaijan,1852,3.5280225
Azerbaijan,1853,3.480775
Azerbaijan,1854,3.4378996
Azerbaijan,1855,3.4018836
Azerbaijan,1856,3.3643732
Azerbaijan,1857,3.3328474
Azerbaijan,1858,3.277314
Azerbaijan,1859,3.2090456
Azerbaijan,1860,3.2364154
Azerbaijan,1861,3.2090077
Azerbaijan,1862,3.178583
Azerbaijan,1863,3.1476192
Azerbaijan,1864,3.1236994
Azerbaijan,1865,3.0994816
Azerbaijan,1866,3.076482
Azerbaijan,1867,3.0529418
Azerbaijan,1868,3.0324838
Azerbaijan,1869,3.0118415
Azerbaijan,1870,2.9956841
Azerbaijan,1871,2.968207
Azerbaijan,1872,2.9451666
Azerbaijan,1873,2.9260876
Azerbaijan,1874,2.9063268
Azerbaijan,1875,2.8897007
Azerbaijan,1876,2.8690457
Azerbaijan,1877,2.8532355
Azerbaijan,1878,2.8347476
Azerbaijan,1879,2.82153
Azerbaijan,1880,2.8360643
Azerbaijan,1881,2.8230927
Azerbaijan,1882,2.8035629
Azerbaijan,1883,2.7882385
Azerbaijan,1884,2.7690806
Azerbaijan,1885,2.7494326
Azerbaijan,1886,2.7294197
Azerbaijan,1887,2.7093368
Azerbaijan,1888,2.692185
Azerbaijan,1889,2.6719072
Azerbaijan,1890,2.5984604
Azerbaijan,1891,2.5473964
Azerbaijan,1892,2.5034902
Azerbaijan,1893,2.4657052
Azerbaijan,1894,2.431331
Azerbaijan,1895,2.3972447
Azerbaijan,1896,2.3655365
Azerbaijan,1897,2.3382056
Azerbaijan,1898,2.3135054
Azerbaijan,1899,2.2889924
Azerbaijan,1900,2.2805848
Azerbaijan,1901,2.2621944
Azerbaijan,1902,2.2403896
Azerbaijan,1903,2.2227752
Azerbaijan,1904,2.2045815
Azerbaijan,1905,2.1866205
Azerbaijan,1906,2.1691542
Azerbaijan,1907,2.1505883
Azerbaijan,1908,2.1331878
Azerbaijan,1909,2.1150076
Azerbaijan,1910,2.0115387
Azerbaijan,1911,1.9617723
Azerbaijan,1912,1.923061
Azerbaijan,1913,1.8893389
Azerbaijan,1914,1.8563682
Azerbaijan,1915,1.8245897
Azerbaijan,1916,1.7927073
Azerbaijan,1917,1.7670836
Azerbaijan,1918,1.7419207
Azerbaijan,1919,1.7194543
Azerbaijan,1920,1.6374481
Azerbaijan,1921,1.6019526
Azerbaijan,1922,1.5717155
Azerbaijan,1923,1.5460296
Azerbaijan,1924,1.5199656
Azerbaijan,1925,1.4957387
Azerbaijan,1926,1.4746199
Azerbaijan,1927,1.4525155
Azerbaijan,1928,1.4332762
Azerbaijan,1929,1.4156042
Azerbaijan,1930,1.412109
Azerbaijan,1931,1.4038094
Azerbaijan,1932,1.3921381
Azerbaijan,1933,1.3810569
Azerbaijan,1934,1.3676556
Azerbaijan,1935,1.3566473
Azerbaijan,1936,1.3437506
Azerbaijan,1937,1.3313861
Azerbaijan,1938,1.318375
Azerbaijan,1939,1.3035427
Azerbaijan,1940,1.1139834
Azerbaijan,1941,1.0182953
Azerbaijan,1942,0.9399632
Azerbaijan,1943,0.87261295
Azerbaijan,1944,0.810939
Azerbaijan,1945,0.75374484
Azerbaijan,1946,0.7013618
Azerbaijan,1947,0.6535025
Azerbaijan,1948,0.60896796
Azerbaijan,1949,0.56481916
Azerbaijan,1950,1.1876154
Azerbaijan,1951,1.5618535
Azerbaijan,1952,1.9919827
Azerbaijan,1953,2.3491428
Azerbaijan,1954,2.3609984
Azerbaijan,1955,2.416732
Azerbaijan,1956,2.4459593
Azerbaijan,1957,2.5206938
Azerbaijan,1958,2.463786
Azerbaijan,1959,2.3758857
Azerbaijan,1960,1.5950483
Azerbaijan,1961,1.983097
Azerbaijan,1962,1.1522319
Azerbaijan,1963,0.8350689
Azerbaijan,1964,0.6411422
Azerbaijan,1965,0.4168093
Azerbaijan,1966,0.36732125
Azerbaijan,1967,0.29493386
Azerbaijan,1968,0.32380414
Azerbaijan,1969,0.20973597
Azerbaijan,1970,0.539305
Azerbaijan,1971,0.32681164
Azerbaijan,1972,0.2512228
Azerbaijan,1973,0.25747752
Azerbaijan,1974,0.15619493
Azerbaijan,1975,0.1474075
Azerbaijan,1976,0.11581707
Azerbaijan,1977,0.039481122
Azerbaijan,1978,0.052622672
Azerbaijan,1979,0.021384392
Azerbaijan,1980,0.27797177
Azerbaijan,1981,0.1449922
Azerbaijan,1982,0.1203894
Azerbaijan,1983,0.08467569
Azerbaijan,1984,0.111085184
Azerbaijan,1985,0.09985814
Azerbaijan,1986,0.10041405
Azerbaijan,1987,0.056879774
Azerbaijan,1988,-0.014591113
Azerbaijan,1989,-0.050337333
Azerbaijan,1990,0.037572164
Azerbaijan,1991,0.14551778
Azerbaijan,1992,0.18359743
Azerbaijan,1993,0.23909059
Azerbaijan,1994,0.32600108
Azerbaijan,1995,0.39089543
Azerbaijan,1996,0.54542625
Azerbaijan,1997,0.5806683
Azerbaijan,1998,0.33255908
Azerbaijan,1999,0.3790599
Azerbaijan,2000,0.28953484
Azerbaijan,2001,0.24421126
Azerbaijan,2002,0.24581891
Azerbaijan,2003,0.18144038
Azerbaijan,2004,0.2502877
Azerbaijan,2005,0.22690941
Azerbaijan,2006,0.2415095
Azerbaijan,2007,0.23369946
Azerbaijan,2008,0.2531318
Azerbaijan,2009,0.25541446
Azerbaijan,2010,0.22909397
Azerbaijan,2011,0.26239118
Azerbaijan,2012,0.3901152
Azerbaijan,2013,0.2868517
Azerbaijan,2014,0.29857275
Azerbaijan,2015,0.56340575
Azerbaijan,2016,0.9254423
Azerbaijan,2017,0.57888365
Azerbaijan,2018,0.46820173
Azerbaijan,2019,0.3572224
Azerbaijan,2020,0.31034476
Azerbaijan,2021,0.39971533
Azerbaijan,2022,0.4297219
Azerbaijan,2023,0.44666865
Bahamas,1850,0.07620149
Bahamas,1851,0.07500902
Bahamas,1852,0.07352175
Bahamas,1853,0.07297836
Bahamas,1854,0.071235545
Bahamas,1855,0.069532216
Bahamas,1856,0.06787071
Bahamas,1857,0.06735294
Bahamas,1858,0.064666435
Bahamas,1859,0.06432696
Bahamas,1860,0.12410524
Bahamas,1861,0.15350962
Bahamas,1862,0.17226799
Bahamas,1863,0.18691355
Bahamas,1864,0.19921003
Bahamas,1865,0.20826946
Bahamas,1866,0.21612307
Bahamas,1867,0.22186689
Bahamas,1868,0.22743349
Bahamas,1869,0.23093015
Bahamas,1870,0.25414297
Bahamas,1871,0.2641428
Bahamas,1872,0.27024674
Bahamas,1873,0.2734717
Bahamas,1874,0.27655092
Bahamas,1875,0.27780604
Bahamas,1876,0.2789763
Bahamas,1877,0.27924326
Bahamas,1878,0.27944732
Bahamas,1879,0.2781874
Bahamas,1880,0.30236626
Bahamas,1881,0.3097415
Bahamas,1882,0.31324813
Bahamas,1883,0.31532893
Bahamas,1884,0.316572
Bahamas,1885,0.3162617
Bahamas,1886,0.31592584
Bahamas,1887,0.31483325
Bahamas,1888,0.31445047
Bahamas,1889,0.3124152
Bahamas,1890,0.32648525
Bahamas,1891,0.33017832
Bahamas,1892,0.33007765
Bahamas,1893,0.32905284
Bahamas,1894,0.32731688
Bahamas,1895,0.32557395
Bahamas,1896,0.32250527
Bahamas,1897,0.31946737
Bahamas,1898,0.3164549
Bahamas,1899,0.31398523
Bahamas,1900,0.33196983
Bahamas,1901,0.3371609
Bahamas,1902,0.33971915
Bahamas,1903,0.34156343
Bahamas,1904,0.3421691
Bahamas,1905,0.34215355
Bahamas,1906,0.342127
Bahamas,1907,0.3409011
Bahamas,1908,0.34027097
Bahamas,1909,0.33967018
Bahamas,1910,0.44071266
Bahamas,1911,0.48390114
Bahamas,1912,0.5120874
Bahamas,1913,0.5336586
Bahamas,1914,0.5518072
Bahamas,1915,0.56709176
Bahamas,1916,0.58007973
Bahamas,1917,0.5919605
Bahamas,1918,0.6031126
Bahamas,1919,0.6115786
Bahamas,1920,0.676709
Bahamas,1921,0.74315953
Bahamas,1922,0.81797206
Bahamas,1923,0.89770895
Bahamas,1924,0.9800319
Bahamas,1925,1.0630819
Bahamas,1926,1.1450711
Bahamas,1927,1.2237328
Bahamas,1928,1.2991884
Bahamas,1929,1.3699554
Bahamas,1930,1.5005257
Bahamas,1931,1.5879576
Bahamas,1932,1.6601858
Bahamas,1933,1.7233857
Bahamas,1934,1.7809438
Bahamas,1935,1.832
Bahamas,1936,1.8778373
Bahamas,1937,1.9185947
Bahamas,1938,1.9544562
Bahamas,1939,1.9894719
Bahamas,1940,2.1127236
Bahamas,1941,2.186485
Bahamas,1942,2.2489438
Bahamas,1943,2.307792
Bahamas,1944,2.3598168
Bahamas,1945,2.4060545
Bahamas,1946,2.4464815
Bahamas,1947,2.481133
Bahamas,1948,2.5105724
Bahamas,1949,2.5109758
Bahamas,1950,2.3362017
Bahamas,1951,2.3665545
Bahamas,1952,2.4153287
Bahamas,1953,2.4825964
Bahamas,1954,2.5576212
Bahamas,1955,2.6409774
Bahamas,1956,2.709591
Bahamas,1957,2.8142686
Bahamas,1958,2.8641584
Bahamas,1959,2.9594595
Bahamas,1960,2.3222182
Bahamas,1961,1.9026756
Bahamas,1962,2.077089
Bahamas,1963,1.5371453
Bahamas,1964,1.939393
Bahamas,1965,1.6231548
Bahamas,1966,1.4567027
Bahamas,1967,1.1628484
Bahamas,1968,1.0315543
Bahamas,1969,1.016142
Bahamas,1970,0.7823311
Bahamas,1971,0.59543985
Bahamas,1972,0.47124624
Bahamas,1973,0.1447399
Bahamas,1974,-0.22414261
Bahamas,1975,-0.46496442
Bahamas,1976,-0.6524552
Bahamas,1977,-0.7283722
Bahamas,1978,-0.7505425
Bahamas,1979,-0.70665956
Bahamas,1980,-0.6560586
Bahamas,1981,-0.60651326
Bahamas,1982,-0.5561922
Bahamas,1983,-0.5200912
Bahamas,1984,-0.5230436
Bahamas,1985,-0.49564373
Bahamas,1986,-0.4644549
Bahamas,1987,-0.43075266
Bahamas,1988,-0.39802763
Bahamas,1989,-0.3678324
Bahamas,1990,-0.3326563
Bahamas,1991,-0.3028304
Bahamas,1992,-0.27017608
Bahamas,1993,-0.34236878
Bahamas,1994,-0.27770403
Bahamas,1995,-0.10210733
Bahamas,1996,-0.03278297
Bahamas,1997,-0.003182377
Bahamas,1998,-0.20590015
Bahamas,1999,0.24868155
Bahamas,2000,-0.1301281
Bahamas,2001,-0.23595946
Bahamas,2002,-0.25625622
Bahamas,2003,-0.27242
Bahamas,2004,-0.2545171
Bahamas,2005,-0.25061953
Bahamas,2006,-0.23919456
Bahamas,2007,-0.16583408
Bahamas,2008,-0.2024965
Bahamas,2009,0.34281883
Bahamas,2010,0.4604032
Bahamas,2011,0.09276249
Bahamas,2012,0.004391846
Bahamas,2013,-0.008316174
Bahamas,2014,-0.05405968
Bahamas,2015,-0.06685125
Bahamas,2016,-0.06997448
Bahamas,2017,-0.056679048
Bahamas,2018,-0.07072926
Bahamas,2019,-0.07260575
Bahamas,2020,-0.07183098
Bahamas,2021,-0.06619359
Bahamas,2022,-0.06222012
Bahamas,2023,-0.05843539
Bahrain,1850,0
Bahrain,1851,0
Bahrain,1852,0
Bahrain,1853,0
Bahrain,1854,0
Bahrain,1855,0
Bahrain,1856,0
Bahrain,1857,0
Bahrain,1858,0
Bahrain,1859,0
Bahrain,1860,0
Bahrain,1861,0
Bahrain,1862,0
Bahrain,1863,0
Bahrain,1864,0
Bahrain,1865,0
Bahrain,1866,0
Bahrain,1867,0
Bahrain,1868,0
Bahrain,1869,0
Bahrain,1870,0
Bahrain,1871,0
Bahrain,1872,0
Bahrain,1873,0
Bahrain,1874,0
Bahrain,1875,0
Bahrain,1876,0
Bahrain,1877,0
Bahrain,1878,0
Bahrain,1879,0
Bahrain,1880,0
Bahrain,1881,0
Bahrain,1882,0
Bahrain,1883,0
Bahrain,1884,0
Bahrain,1885,0
Bahrain,1886,0
Bahrain,1887,0
Bahrain,1888,0
Bahrain,1889,0
Bahrain,1890,0
Bahrain,1891,0
Bahrain,1892,0
Bahrain,1893,0
Bahrain,1894,0
Bahrain,1895,0
Bahrain,1896,0
Bahrain,1897,0
Bahrain,1898,0
Bahrain,1899,0
Bahrain,1900,0
Bahrain,1901,0
Bahrain,1902,0
Bahrain,1903,0
Bahrain,1904,0
Bahrain,1905,0
Bahrain,1906,0
Bahrain,1907,0
Bahrain,1908,0
Bahrain,1909,0
Bahrain,1910,0
Bahrain,1911,0.000428107
Bahrain,1912,0.000414559
Bahrain,1913,0.000399024
Bahrain,1914,0.000384071
Bahrain,1915,0.000369675
Bahrain,1916,0.000355821
Bahrain,1917,0.000342488
Bahrain,1918,0.000329645
Bahrain,1919,0.000319869
Bahrain,1920,0.00031278
Bahrain,1921,0.00030814
Bahrain,1922,0.00030583
Bahrain,1923,0.00030583
Bahrain,1924,0.00030583
Bahrain,1925,0.00030583
Bahrain,1926,0.00030583
Bahrain,1927,0.00030583
Bahrain,1928,0.00030583
Bahrain,1929,0.00030583
Bahrain,1930,0.00030583
Bahrain,1931,0.00030583
Bahrain,1932,0.00030583
Bahrain,1933,0.00030583
Bahrain,1934,0.00030583
Bahrain,1935,0.00030583
Bahrain,1936,0.00030583
Bahrain,1937,0.00030583
Bahrain,1938,0.00030583
Bahrain,1939,0.000306099
Bahrain,1940,0.000306637
Bahrain,1941,0.000307444
Bahrain,1942,0.000617048
Bahrain,1943,0.000619767
Bahrain,1944,0.000622494
Bahrain,1945,0.00062524
Bahrain,1946,0.000627994
Bahrain,1947,0.000315378
Bahrain,1948,0.000316769
Bahrain,1949,0.000315906
Bahrain,1950,0.000312559
Bahrain,1951,0.000607035
Bahrain,1952,0.000883459
Bahrain,1953,0.000856388
Bahrain,1954,0.001105846
Bahrain,1955,0.001069508
Bahrain,1956,0.001032957
Bahrain,1957,0.000996167
Bahrain,1958,0.000959288
Bahrain,1959,0.000922393
Bahrain,1960,0.021038126
Bahrain,1961,0.008292912
Bahrain,1962,0.003473741
Bahrain,1963,0.00117902
Bahrain,1964,-0.000189081
Bahrain,1965,-0.000912183
Bahrain,1966,-0.00123603
Bahrain,1967,-0.001368818
Bahrain,1968,-0.001336623
Bahrain,1969,-0.001317808
Bahrain,1970,-0.001304129
Bahrain,1971,-0.001111718
Bahrain,1972,-0.001059506
Bahrain,1973,-0.000861145
Bahrain,1974,-0.000681016
Bahrain,1975,-0.000517516
Bahrain,1976,-0.00036907
Bahrain,1977,-0.000234291
Bahrain,1978,-0.000223415
Bahrain,1979,0
Bahrain,1980,-0.000102077
Bahrain,1981,0
Bahrain,1982,0
Bahrain,1983,9.14E-05
Bahrain,1984,8.83E-05
Bahrain,1985,0.000170294
Bahrain,1986,0.000164215
Bahrain,1987,0.000237503
Bahrain,1988,0.000229055
Bahrain,1989,0.000221041
Bahrain,1990,0.000284718
Bahrain,1991,0.000620035
Bahrain,1992,0.00053518
Bahrain,1993,0.000455749
Bahrain,1994,0.000317005
Bahrain,1995,0.000247076
Bahrain,1996,0.000180628
Bahrain,1997,0.000176162
Bahrain,1998,0.000343852
Bahrain,1999,0.000279878
Bahrain,2000,0.000218896
Bahrain,2001,0.000209394
Bahrain,2002,0.000194857
Bahrain,2003,0.000135498
Bahrain,2004,0.000126141
Bahrain,2005,7.86E-05
Bahrain,2006,7.37E-05
Bahrain,2007,6.93E-05
Bahrain,2008,3.27E-05
Bahrain,2009,3.10E-05
Bahrain,2010,3.02E-05
Bahrain,2011,3.04E-05
Bahrain,2012,3.01E-05
Bahrain,2013,2.91E-05
Bahrain,2014,0
Bahrain,2015,0
Bahrain,2016,0
Bahrain,2017,2.47E-05
Bahrain,2018,2.45E-05
Bahrain,2019,2.47E-05
Bahrain,2020,2.47E-05
Bahrain,2021,0
Bahrain,2022,0
Bahrain,2023,0
Bangladesh,1850,0.8781145
Bangladesh,1851,0.704589
Bangladesh,1852,0.6893836
Bangladesh,1853,0.6305028
Bangladesh,1854,0.60627246
Bangladesh,1855,0.5981604
Bangladesh,1856,0.58858085
Bangladesh,1857,0.5893932
Bangladesh,1858,0.5796886
Bangladesh,1859,0.5959924
Bangladesh,1860,0.59800977
Bangladesh,1861,0.6040552
Bangladesh,1862,0.6089114
Bangladesh,1863,0.65553087
Bangladesh,1864,0.63218504
Bangladesh,1865,0.6301032
Bangladesh,1866,0.6817616
Bangladesh,1867,0.65001565
Bangladesh,1868,0.6461154
Bangladesh,1869,0.64501244
Bangladesh,1870,0.6439679
Bangladesh,1871,0.6455901
Bangladesh,1872,0.6454159
Bangladesh,1873,0.6546606
Bangladesh,1874,0.64859015
Bangladesh,1875,0.6490599
Bangladesh,1876,0.64900094
Bangladesh,1877,0.6476669
Bangladesh,1878,0.6495467
Bangladesh,1879,0.67114246
Bangladesh,1880,0.73837274
Bangladesh,1881,0.8152166
Bangladesh,1882,0.9143853
Bangladesh,1883,0.8861342
Bangladesh,1884,1.0012754
Bangladesh,1885,1.0431902
Bangladesh,1886,1.0782734
Bangladesh,1887,0.98000336
Bangladesh,1888,0.9759357
Bangladesh,1889,0.9732012
Bangladesh,1890,0.99153924
Bangladesh,1891,0.955252
Bangladesh,1892,0.97629184
Bangladesh,1893,0.9380769
Bangladesh,1894,0.94328296
Bangladesh,1895,0.95186013
Bangladesh,1896,0.92387235
Bangladesh,1897,0.967269
Bangladesh,1898,0.9264569
Bangladesh,1899,0.93205005
Bangladesh,1900,0.9876588
Bangladesh,1901,0.90895665
Bangladesh,1902,0.9026893
Bangladesh,1903,0.8948565
Bangladesh,1904,0.86910903
Bangladesh,1905,0.85181814
Bangladesh,1906,0.8479606
Bangladesh,1907,0.83127576
Bangladesh,1908,0.84687454
Bangladesh,1909,0.8239607
Bangladesh,1910,0.80650336
Bangladesh,1911,0.80988914
Bangladesh,1912,0.7911882
Bangladesh,1913,0.7811917
Bangladesh,1914,0.7731435
Bangladesh,1915,0.7884536
Bangladesh,1916,0.7995385
Bangladesh,1917,0.79168606
Bangladesh,1918,0.7609845
Bangladesh,1919,0.74775445
Bangladesh,1920,0.7101734
Bangladesh,1921,0.67654306
Bangladesh,1922,0.65773356
Bangladesh,1923,0.64611346
Bangladesh,1924,0.6413417
Bangladesh,1925,0.63278073
Bangladesh,1926,0.6304742
Bangladesh,1927,0.6277565
Bangladesh,1928,0.627943
Bangladesh,1929,0.6219471
Bangladesh,1930,0.6113951
Bangladesh,1931,0.6024458
Bangladesh,1932,0.5936655
Bangladesh,1933,0.5948003
Bangladesh,1934,0.5704193
Bangladesh,1935,0.5572874
Bangladesh,1936,0.54797864
Bangladesh,1937,0.53861403
Bangladesh,1938,0.5278341
Bangladesh,1939,0.5215217
Bangladesh,1940,0.5060889
Bangladesh,1941,0.49650684
Bangladesh,1942,0.50918
Bangladesh,1943,0.55751145
Bangladesh,1944,0.57635814
Bangladesh,1945,0.5828994
Bangladesh,1946,0.5204681
Bangladesh,1947,0.5344683
Bangladesh,1948,0.5311559
Bangladesh,1949,0.5113521
Bangladesh,1950,0.6833512
Bangladesh,1951,0.7657958
Bangladesh,1952,0.83418185
Bangladesh,1953,0.88357186
Bangladesh,1954,0.9509412
Bangladesh,1955,1.00638
Bangladesh,1956,1.0619973
Bangladesh,1957,1.0938346
Bangladesh,1958,1.129994
Bangladesh,1959,1.1029252
Bangladesh,1960,1.1524264
Bangladesh,1961,0.940928
Bangladesh,1962,0.7954119
Bangladesh,1963,0.7241482
Bangladesh,1964,0.73424834
Bangladesh,1965,0.64711154
Bangladesh,1966,0.6137031
Bangladesh,1967,0.543311
Bangladesh,1968,0.506845
Bangladesh,1969,0.49845567
Bangladesh,1970,0.46880826
Bangladesh,1971,0.6219852
Bangladesh,1972,0.49588943
Bangladesh,1973,0.37162173
Bangladesh,1974,0.3057671
Bangladesh,1975,0.25418895
Bangladesh,1976,0.21722804
Bangladesh,1977,0.19403702
Bangladesh,1978,0.17286174
Bangladesh,1979,0.1597177
Bangladesh,1980,0.14702351
Bangladesh,1981,0.13800193
Bangladesh,1982,0.11779227
Bangladesh,1983,0.1411973
Bangladesh,1984,0.14022364
Bangladesh,1985,0.1579247
Bangladesh,1986,0.15966332
Bangladesh,1987,0.22666973
Bangladesh,1988,0.18682048
Bangladesh,1989,0.14089693
Bangladesh,1990,0.10901707
Bangladesh,1991,-0.09479762
Bangladesh,1992,-0.05853728
Bangladesh,1993,-0.052305505
Bangladesh,1994,-0.02230068
Bangladesh,1995,-0.01803006
Bangladesh,1996,0.07339261
Bangladesh,1997,0.06405445
Bangladesh,1998,0.06397952
Bangladesh,1999,0.038780294
Bangladesh,2000,0.0429925
Bangladesh,2001,0.03866375
Bangladesh,2002,0.033450637
Bangladesh,2003,0.03571931
Bangladesh,2004,0.0339912
Bangladesh,2005,0.026329825
Bangladesh,2006,0.030205002
Bangladesh,2007,0.03680409
Bangladesh,2008,0.043966517
Bangladesh,2009,0.03742425
Bangladesh,2010,0.021704473
Bangladesh,2011,0.032910414
Bangladesh,2012,0.07377451
Bangladesh,2013,0.06650845
Bangladesh,2014,0.07172321
Bangladesh,2015,0.08128711
Bangladesh,2016,0.07601258
Bangladesh,2017,0.07714511
Bangladesh,2018,0.10890897
Bangladesh,2019,0.09946742
Bangladesh,2020,0.10743428
Bangladesh,2021,0.10799961
Bangladesh,2022,0.10758178
Bangladesh,2023,0.10780883
Barbados,1850,0.44258195
Barbados,1851,0.40880486
Barbados,1852,0.38862002
Barbados,1853,0.37445864
Barbados,1854,0.3631438
Barbados,1855,0.35356545
Barbados,1856,0.34541643
Barbados,1857,0.3381566
Barbados,1858,0.33126086
Barbados,1859,0.3251281
Barbados,1860,0.3211568
Barbados,1861,0.31785396
Barbados,1862,0.31330407
Barbados,1863,0.3112907
Barbados,1864,0.3085878
Barbados,1865,0.30613846
Barbados,1866,0.30370525
Barbados,1867,0.3017504
Barbados,1868,0.29958123
Barbados,1869,0.29740888
Barbados,1870,0.291616
Barbados,1871,0.2885624
Barbados,1872,0.28596702
Barbados,1873,0.28382254
Barbados,1874,0.2816915
Barbados,1875,0.27979693
Barbados,1876,0.27769482
Barbados,1877,0.27582648
Barbados,1878,0.27397054
Barbados,1879,0.26954105
Barbados,1880,0.2617341
Barbados,1881,0.25866073
Barbados,1882,0.25328934
Barbados,1883,0.25047448
Barbados,1884,0.24789217
Barbados,1885,0.24553984
Barbados,1886,0.24361756
Barbados,1887,0.24170938
Barbados,1888,0.23981528
Barbados,1889,0.23810536
Barbados,1890,0.22655988
Barbados,1891,0.22089551
Barbados,1892,0.21704684
Barbados,1893,0.21380056
Barbados,1894,0.21117313
Barbados,1895,0.208765
Barbados,1896,0.20657316
Barbados,1897,0.20459242
Barbados,1898,0.20281774
Barbados,1899,0.20035298
Barbados,1900,0.16667372
Barbados,1901,0.15419273
Barbados,1902,0.14848396
Barbados,1903,0.1440175
Barbados,1904,0.14275992
Barbados,1905,0.1420426
Barbados,1906,0.14128275
Barbados,1907,0.14109264
Barbados,1908,0.1412883
Barbados,1909,0.14156708
Barbados,1910,0.13618761
Barbados,1911,0.13593872
Barbados,1912,0.13577773
Barbados,1913,0.13614868
Barbados,1914,0.13651498
Barbados,1915,0.13687639
Barbados,1916,0.13768336
Barbados,1917,0.13849413
Barbados,1918,0.14045173
Barbados,1919,0.1414271
Barbados,1920,0.146012
Barbados,1921,0.14771406
Barbados,1922,0.14836697
Barbados,1923,0.14866304
Barbados,1924,0.14534788
Barbados,1925,0.14430529
Barbados,1926,0.14326835
Barbados,1927,0.14202057
Barbados,1928,0.14099841
Barbados,1929,0.13932613
Barbados,1930,0.15367766
Barbados,1931,0.15830773
Barbados,1932,0.15950263
Barbados,1933,0.15961318
Barbados,1934,0.15929909
Barbados,1935,0.15877381
Barbados,1936,0.15784588
Barbados,1937,0.15711483
Barbados,1938,0.1559947
Barbados,1939,0.15496321
Barbados,1940,0.19020283
Barbados,1941,0.20196015
Barbados,1942,0.20764057
Barbados,1943,0.21128845
Barbados,1944,0.21339674
Barbados,1945,0.21491332
Barbados,1946,0.21548918
Barbados,1947,0.2158634
Barbados,1948,0.21568462
Barbados,1949,0.21542718
Barbados,1950,0.67613906
Barbados,1951,0.72606826
Barbados,1952,0.6760266
Barbados,1953,0.5830599
Barbados,1954,0.4838203
Barbados,1955,0.38173163
Barbados,1956,0.2938134
Barbados,1957,0.22462
Barbados,1958,0.1801153
Barbados,1959,0.19285813
Barbados,1960,0.14570229
Barbados,1961,0.13077295
Barbados,1962,0.1196459
Barbados,1963,0.11307785
Barbados,1964,0.10079402
Barbados,1965,0.096898824
Barbados,1966,0.09064013
Barbados,1967,0.07934588
Barbados,1968,0.07740627
Barbados,1969,0.08183228
Barbados,1970,0.09360096
Barbados,1971,0.10162744
Barbados,1972,0.10803497
Barbados,1973,0.106723994
Barbados,1974,0.106382065
Barbados,1975,0.10460777
Barbados,1976,0.09807936
Barbados,1977,0.09335422
Barbados,1978,0.1019712
Barbados,1979,0.08634079
Barbados,1980,0.048807293
Barbados,1981,0.032974593
Barbados,1982,0.025483962
Barbados,1983,0.018612094
Barbados,1984,0.011931575
Barbados,1985,0.00171891
Barbados,1986,-0.001285173
Barbados,1987,-0.003418522
Barbados,1988,-0.006112992
Barbados,1989,-0.010364763
Barbados,1990,0.029194543
Barbados,1991,0.036450822
Barbados,1992,0.031540204
Barbados,1993,0.02920059
Barbados,1994,0.023251219
Barbados,1995,0.012586163
Barbados,1996,0.004750349
Barbados,1997,0.020948555
Barbados,1998,-0.120233245
Barbados,1999,-0.10092588
Barbados,2000,-0.001957654
Barbados,2001,-0.1557063
Barbados,2002,-0.06520387
Barbados,2003,-0.21219997
Barbados,2004,-0.1265448
Barbados,2005,-0.0822338
Barbados,2006,-0.028908528
Barbados,2007,-0.019316202
Barbados,2008,0.021230532
Barbados,2009,-0.146383
Barbados,2010,-0.26748416
Barbados,2011,-0.36335567
Barbados,2012,-0.38941845
Barbados,2013,-0.41348267
Barbados,2014,-0.4929183
Barbados,2015,-0.56363773
Barbados,2016,-0.48900342
Barbados,2017,-0.43698773
Barbados,2018,-0.39528394
Barbados,2019,-0.10138611
Barbados,2020,-0.21919945
Barbados,2021,-0.17702365
Barbados,2022,-0.14395455
Barbados,2023,-0.11408549
Belarus,1850,12.945732
Belarus,1851,12.707507
Belarus,1852,12.607922
Belarus,1853,12.380391
Belarus,1854,12.372766
Belarus,1855,12.132633
Belarus,1856,12.141937
Belarus,1857,11.910962
Belarus,1858,11.947983
Belarus,1859,11.786909
Belarus,1860,11.786961
Belarus,1861,11.643188
Belarus,1862,11.575786
Belarus,1863,11.489834
Belarus,1864,11.39496
Belarus,1865,11.34264
Belarus,1866,11.274414
Belarus,1867,11.088047
Belarus,1868,10.997252
Belarus,1869,10.971912
Belarus,1870,11.0788555
Belarus,1871,10.857481
Belarus,1872,10.765755
Belarus,1873,10.581868
Belarus,1874,10.559894
Belarus,1875,10.518528
Belarus,1876,10.398837
Belarus,1877,10.213131
Belarus,1878,10.154496
Belarus,1879,10.056921
Belarus,1880,9.975468
Belarus,1881,10.00867
Belarus,1882,9.941752
Belarus,1883,9.865999
Belarus,1884,9.78409
Belarus,1885,9.696447
Belarus,1886,9.603345
Belarus,1887,9.538952
Belarus,1888,9.457606
Belarus,1889,9.486607
Belarus,1890,9.373786
Belarus,1891,9.190951
Belarus,1892,9.129579
Belarus,1893,8.932931
Belarus,1894,8.904788
Belarus,1895,8.802646
Belarus,1896,8.73756
Belarus,1897,8.615623
Belarus,1898,8.576798
Belarus,1899,8.518061
Belarus,1900,8.590098
Belarus,1901,8.579924
Belarus,1902,8.44923
Belarus,1903,8.34426
Belarus,1904,8.251608
Belarus,1905,8.224264
Belarus,1906,8.10748
Belarus,1907,8.102661
Belarus,1908,8.050434
Belarus,1909,8.002691
Belarus,1910,7.6048193
Belarus,1911,7.4388785
Belarus,1912,7.2837105
Belarus,1913,7.2490587
Belarus,1914,7.1494374
Belarus,1915,7.0579395
Belarus,1916,6.876127
Belarus,1917,6.876724
Belarus,1918,6.846549
Belarus,1919,6.73745
Belarus,1920,6.815235
Belarus,1921,6.729307
Belarus,1922,6.568025
Belarus,1923,6.5205846
Belarus,1924,6.3739705
Belarus,1925,6.3989124
Belarus,1926,6.326938
Belarus,1927,6.3714075
Belarus,1928,6.263949
Belarus,1929,6.2575245
Belarus,1930,6.3097987
Belarus,1931,6.2605968
Belarus,1932,6.2014055
Belarus,1933,6.1113253
Belarus,1934,6.1667647
Belarus,1935,6.0591645
Belarus,1936,6.1006527
Belarus,1937,6.037164
Belarus,1938,6.0292583
Belarus,1939,6.0000677
Belarus,1940,5.528302
Belarus,1941,5.382065
Belarus,1942,5.3114853
Belarus,1943,5.2275677
Belarus,1944,5.094367
Belarus,1945,4.984526
Belarus,1946,4.943786
Belarus,1947,4.8389544
Belarus,1948,4.7156587
Belarus,1949,4.6239977
Belarus,1950,4.1564107
Belarus,1951,3.77495
Belarus,1952,3.524709
Belarus,1953,3.3306308
Belarus,1954,3.4123373
Belarus,1955,3.6289065
Belarus,1956,3.8381796
Belarus,1957,4.021197
Belarus,1958,4.051788
Belarus,1959,4.1011467
Belarus,1960,3.3663564
Belarus,1961,5.291852
Belarus,1962,3.3554468
Belarus,1963,2.9376945
Belarus,1964,2.7734048
Belarus,1965,2.4165473
Belarus,1966,2.346288
Belarus,1967,2.2389417
Belarus,1968,2.312022
Belarus,1969,2.1730042
Belarus,1970,2.9806952
Belarus,1971,2.293658
Belarus,1972,2.1386023
Belarus,1973,2.3102317
Belarus,1974,2.0868351
Belarus,1975,2.0922053
Belarus,1976,2.0626497
Belarus,1977,1.8950793
Belarus,1978,1.8072414
Belarus,1979,1.9297274
Belarus,1980,2.5964842
Belarus,1981,2.122586
Belarus,1982,2.01823
Belarus,1983,1.8842446
Belarus,1984,1.8832865
Belarus,1985,1.8952502
Belarus,1986,1.8714544
Belarus,1987,1.7315278
Belarus,1988,1.5639703
Belarus,1989,1.4776496
Belarus,1990,1.5317442
Belarus,1991,0.6735664
Belarus,1992,0.830198
Belarus,1993,1.0837871
Belarus,1994,1.9233197
Belarus,1995,1.2877475
Belarus,1996,1.0641814
Belarus,1997,1.0874451
Belarus,1998,1.4729818
Belarus,1999,1.504553
Belarus,2000,0.33041173
Belarus,2001,0.054207746
Belarus,2002,0.06494215
Belarus,2003,0.11553633
Belarus,2004,0.25842106
Belarus,2005,0.39759937
Belarus,2006,0.199537
Belarus,2007,0.43492547
Belarus,2008,0.56130135
Belarus,2009,0.4356239
Belarus,2010,0.40883186
Belarus,2011,0.27530628
Belarus,2012,0.2853754
Belarus,2013,0.39140093
Belarus,2014,0.29914522
Belarus,2015,0.3708593
Belarus,2016,0.39952913
Belarus,2017,0.32792088
Belarus,2018,0.21402757
Belarus,2019,0.045907937
Belarus,2020,-0.08880136
Belarus,2021,-0.17562126
Belarus,2022,-0.21628456
Belarus,2023,-0.26574335
Belgium,1850,1.0257586
Belgium,1851,1.0155351
Belgium,1852,0.95404094
Belgium,1853,1.0310411
Belgium,1854,1.0791326
Belgium,1855,0.97431844
Belgium,1856,1.0535768
Belgium,1857,1.0899565
Belgium,1858,1.0199075
Belgium,1859,0.88616765
Belgium,1860,1.074924
Belgium,1861,1.029516
Belgium,1862,0.9305094
Belgium,1863,0.92719215
Belgium,1864,0.926595
Belgium,1865,0.83740526
Belgium,1866,0.80118656
Belgium,1867,0.95941716
Belgium,1868,0.9022162
Belgium,1869,0.9140326
Belgium,1870,1.0912552
Belgium,1871,1.137415
Belgium,1872,1.108794
Belgium,1873,1.2215437
Belgium,1874,1.2883712
Belgium,1875,1.2012981
Belgium,1876,1.2991853
Belgium,1877,1.3437204
Belgium,1878,1.2631152
Belgium,1879,1.1676397
Belgium,1880,1.3522315
Belgium,1881,1.2965487
Belgium,1882,1.2021459
Belgium,1883,1.2122208
Belgium,1884,1.22458
Belgium,1885,1.1168771
Belgium,1886,1.0918633
Belgium,1887,1.2902267
Belgium,1888,1.2377638
Belgium,1889,1.2535536
Belgium,1890,1.3866892
Belgium,1891,1.2935768
Belgium,1892,1.1673878
Belgium,1893,1.2613146
Belgium,1894,1.2495993
Belgium,1895,1.1089131
Belgium,1896,1.1562381
Belgium,1897,1.1383846
Belgium,1898,1.0216211
Belgium,1899,0.9135384
Belgium,1900,1.1233793
Belgium,1901,1.0788473
Belgium,1902,0.9821588
Belgium,1903,0.86640596
Belgium,1904,0.9360172
Belgium,1905,0.9032993
Belgium,1906,0.79158264
Belgium,1907,0.8187891
Belgium,1908,0.788336
Belgium,1909,0.693733
Belgium,1910,0.5844114
Belgium,1911,0.7104944
Belgium,1912,0.62558657
Belgium,1913,0.5254082
Belgium,1914,0.50160307
Belgium,1915,0.47044998
Belgium,1916,0.3971633
Belgium,1917,0.3505029
Belgium,1918,0.42579895
Belgium,1919,0.36359793
Belgium,1920,0.35758197
Belgium,1921,0.4528439
Belgium,1922,0.4877113
Belgium,1923,0.31995708
Belgium,1924,0.250457
Belgium,1925,0.24082415
Belgium,1926,0.2630227
Belgium,1927,0.24857053
Belgium,1928,0.26268333
Belgium,1929,0.28504083
Belgium,1930,0.19844612
Belgium,1931,0.12821096
Belgium,1932,0.1289836
Belgium,1933,0.11265188
Belgium,1934,0.092673235
Belgium,1935,0.014648232
Belgium,1936,-0.002009194
Belgium,1937,-0.05388321
Belgium,1938,-0.02094049
Belgium,1939,-0.08973089
Belgium,1940,-0.10807246
Belgium,1941,-0.118996605
Belgium,1942,-0.15457983
Belgium,1943,-0.14134721
Belgium,1944,-0.16303764
Belgium,1945,-0.19584183
Belgium,1946,-0.21464078
Belgium,1947,-0.22812042
Belgium,1948,-0.24229324
Belgium,1949,-0.23282309
Belgium,1950,-0.28416494
Belgium,1951,-0.32204995
Belgium,1952,-0.31059715
Belgium,1953,-0.31041545
Belgium,1954,-0.33239457
Belgium,1955,-0.3308672
Belgium,1956,-0.35515875
Belgium,1957,-0.3495435
Belgium,1958,-0.3816424
Belgium,1959,-0.35740006
Belgium,1960,-0.3253198
Belgium,1961,-0.33870828
Belgium,1962,-0.32924092
Belgium,1963,-0.32707244
Belgium,1964,-0.30279237
Belgium,1965,-0.31175083
Belgium,1966,-0.30449927
Belgium,1967,-0.27266052
Belgium,1968,-0.27563128
Belgium,1969,-0.27004048
Belgium,1970,-0.256011
Belgium,1971,-0.23464201
Belgium,1972,-0.22946292
Belgium,1973,-0.22669107
Belgium,1974,-0.22066942
Belgium,1975,-0.2083894
Belgium,1976,-0.18869193
Belgium,1977,-0.20212418
Belgium,1978,-0.22723174
Belgium,1979,-0.5988252
Belgium,1980,-0.5651322
Belgium,1981,-0.5427806
Belgium,1982,-0.50175905
Belgium,1983,-0.44606557
Belgium,1984,-0.41145164
Belgium,1985,-0.39298233
Belgium,1986,-0.35121965
Belgium,1987,-0.3332544
Belgium,1988,-0.28307715
Belgium,1989,-0.24208182
Belgium,1990,-0.22205974
Belgium,1991,0.3442264
Belgium,1992,0.15893222
Belgium,1993,0.8313181
Belgium,1994,0.28211054
Belgium,1995,0.18852381
Belgium,1996,0.2620951
Belgium,1997,0.25030878
Belgium,1998,0.27550212
Belgium,1999,0.5471657
Belgium,2000,0.2837975
Belgium,2001,0.2026375
Belgium,2002,0.23121336
Belgium,2003,0.30204445
Belgium,2004,0.3920503
Belgium,2005,0.23420052
Belgium,2006,0.19859813
Belgium,2007,0.20181695
Belgium,2008,0.15000287
Belgium,2009,0.1566188
Belgium,2010,0.11486593
Belgium,2011,0.07849736
Belgium,2012,0.19578978
Belgium,2013,0.16392782
Belgium,2014,0.2403386
Belgium,2015,0.32941383
Belgium,2016,0.2071955
Belgium,2017,0.30061984
Belgium,2018,0.27426708
Belgium,2019,0.2827932
Belgium,2020,0.22806862
Belgium,2021,0.23000552
Belgium,2022,0.22803064
Belgium,2023,0.22619018
Belize,1850,5.8822765
Belize,1851,14.958104
Belize,1852,8.655585
Belize,1853,24.654861
Belize,1854,12.259397
Belize,1855,17.464926
Belize,1856,9.940016
Belize,1857,15.092683
Belize,1858,9.505866
Belize,1859,7.902387
Belize,1860,14.332197
Belize,1861,14.961192
Belize,1862,22.760464
Belize,1863,41.63862
Belize,1864,21.656916
Belize,1865,40.71032
Belize,1866,21.773998
Belize,1867,22.313282
Belize,1868,26.520792
Belize,1869,17.15932
Belize,1870,18.449602
Belize,1871,14.731472
Belize,1872,13.491816
Belize,1873,30.421103
Belize,1874,67.82483
Belize,1875,40.464035
Belize,1876,26.775757
Belize,1877,19.268648
Belize,1878,16.170095
Belize,1879,25.91859
Belize,1880,17.63542
Belize,1881,15.3591385
Belize,1882,14.200806
Belize,1883,48.409054
Belize,1884,34.419506
Belize,1885,40.53544
Belize,1886,47.039955
Belize,1887,25.099413
Belize,1888,19.011747
Belize,1889,16.153358
Belize,1890,35.849377
Belize,1891,27.03816
Belize,1892,29.584837
Belize,1893,34.542496
Belize,1894,20.926542
Belize,1895,16.287495
Belize,1896,28.225382
Belize,1897,55.446774
Belize,1898,34.710102
Belize,1899,27.235743
Belize,1900,18.91998
Belize,1901,22.727629
Belize,1902,16.074402
Belize,1903,21.462303
Belize,1904,56.525803
Belize,1905,27.075022
Belize,1906,21.357353
Belize,1907,16.999308
Belize,1908,35.63027
Belize,1909,23.102417
Belize,1910,27.017418
Belize,1911,50.2807
Belize,1912,27.300987
Belize,1913,29.700459
Belize,1914,47.799862
Belize,1915,31.905098
Belize,1916,36.288025
Belize,1917,29.04982
Belize,1918,49.621273
Belize,1919,55.375065
Belize,1920,29.768429
Belize,1921,21.985243
Belize,1922,17.919498
Belize,1923,22.816828
Belize,1924,23.465061
Belize,1925,20.295593
Belize,1926,21.871721
Belize,1927,15.721474
Belize,1928,36.556805
Belize,1929,21.103096
Belize,1930,29.029001
Belize,1931,39.761246
Belize,1932,24.761854
Belize,1933,26.446991
Belize,1934,25.645382
Belize,1935,20.316015
Belize,1936,17.211891
Belize,1937,33.64428
Belize,1938,20.93203
Belize,1939,44.27818
Belize,1940,28.740683
Belize,1941,39.053314
Belize,1942,38.40077
Belize,1943,30.712994
Belize,1944,34.2934
Belize,1945,23.8609
Belize,1946,46.41063
Belize,1947,37.036568
Belize,1948,25.055534
Belize,1949,30.31498
Belize,1950,22.505648
Belize,1951,44.970974
Belize,1952,49.88741
Belize,1953,35.57409
Belize,1954,36.30778
Belize,1955,39.40225
Belize,1956,46.860027
Belize,1957,27.200443
Belize,1958,37.614082
Belize,1959,73.9517
Belize,1960,36.119453
Belize,1961,21.208923
Belize,1962,17.340828
Belize,1963,20.445871
Belize,1964,12.205398
Belize,1965,17.836674
Belize,1966,18.82795
Belize,1967,10.254812
Belize,1968,9.274457
Belize,1969,14.756718
Belize,1970,10.178065
Belize,1971,7.132809
Belize,1972,8.382097
Belize,1973,15.211961
Belize,1974,9.731821
Belize,1975,19.363722
Belize,1976,19.604755
Belize,1977,28.473898
Belize,1978,15.086778
Belize,1979,20.198885
Belize,1980,21.918718
Belize,1981,20.472664
Belize,1982,11.015616
Belize,1983,17.841906
Belize,1984,14.646522
Belize,1985,11.673366
Belize,1986,34.56114
Belize,1987,66.57119
Belize,1988,65.927185
Belize,1989,77.90258
Belize,1990,54.69508
Belize,1991,64.933846
Belize,1992,69.36065
Belize,1993,53.651886
Belize,1994,33.64232
Belize,1995,27.371449
Belize,1996,21.748552
Belize,1997,22.412188
Belize,1998,24.758333
Belize,1999,21.550055
Belize,2000,19.316698
Belize,2001,22.259783
Belize,2002,23.141264
Belize,2003,16.741209
Belize,2004,12.786895
Belize,2005,11.16028
Belize,2006,13.067084
Belize,2007,11.665511
Belize,2008,11.544234
Belize,2009,17.878426
Belize,2010,15.975553
Belize,2011,14.397681
Belize,2012,12.417736
Belize,2013,10.734917
Belize,2014,17.618
Belize,2015,23.720219
Belize,2016,15.034952
Belize,2017,13.367061
Belize,2018,10.986468
Belize,2019,18.737131
Belize,2020,16.474052
Belize,2021,14.703289
Belize,2022,16.19011
Belize,2023,14.712402
Benin,1850,-6.598659
Benin,1851,-6.5958366
Benin,1852,-6.6057167
Benin,1853,-6.622094
Benin,1854,-6.6383963
Benin,1855,-6.6537476
Benin,1856,-6.6677804
Benin,1857,-6.680302
Benin,1858,-6.6913815
Benin,1859,-6.6953573
Benin,1860,-6.2217174
Benin,1861,-5.7901993
Benin,1862,-5.389728
Benin,1863,-5.0172153
Benin,1864,-4.6746564
Benin,1865,-4.3595176
Benin,1866,-4.069403
Benin,1867,-3.802273
Benin,1868,-3.5560699
Benin,1869,-3.3287556
Benin,1870,-3.074062
Benin,1871,-2.8617237
Benin,1872,-2.670912
Benin,1873,-2.4962766
Benin,1874,-2.3357491
Benin,1875,-2.187926
Benin,1876,-2.051574
Benin,1877,-1.9255356
Benin,1878,-1.8090178
Benin,1879,-1.7020899
Benin,1880,-1.631141
Benin,1881,-1.5539405
Benin,1882,-1.4847184
Benin,1883,-1.4200277
Benin,1884,-1.3598238
Benin,1885,-1.3040823
Benin,1886,-1.2526402
Benin,1887,-1.2048657
Benin,1888,-1.1605816
Benin,1889,-1.1197602
Benin,1890,-1.0620526
Benin,1891,-1.0176482
Benin,1892,-0.9777303
Benin,1893,-0.94076633
Benin,1894,-0.90622485
Benin,1895,-0.8739341
Benin,1896,-0.84378797
Benin,1897,-0.8157161
Benin,1898,-0.78955424
Benin,1899,-0.7647984
Benin,1900,-0.7463314
Benin,1901,-0.72305226
Benin,1902,-0.7000602
Benin,1903,-0.6781667
Benin,1904,-0.65782523
Benin,1905,-0.63896537
Benin,1906,-0.62154895
Benin,1907,-0.60548127
Benin,1908,-0.5906409
Benin,1909,-0.5590818
Benin,1910,-0.36367399
Benin,1911,-0.2654056
Benin,1912,-0.1992335
Benin,1913,-0.14902504
Benin,1914,-0.108785726
Benin,1915,-0.07557953
Benin,1916,-0.04768652
Benin,1917,-0.02405056
Benin,1918,-0.003918446
Benin,1919,0.013231624
Benin,1920,0.09212766
Benin,1921,0.1809624
Benin,1922,0.27545002
Benin,1923,0.38173798
Benin,1924,0.45596272
Benin,1925,0.53049123
Benin,1926,0.5977261
Benin,1927,0.6560853
Benin,1928,0.72113544
Benin,1929,0.75115484
Benin,1930,0.78445244
Benin,1931,0.8281962
Benin,1932,0.84685075
Benin,1933,0.863731
Benin,1934,0.892174
Benin,1935,0.892416
Benin,1936,0.89413387
Benin,1937,0.89460826
Benin,1938,0.8925767
Benin,1939,0.8997029
Benin,1940,1.0443447
Benin,1941,1.1128376
Benin,1942,1.1289117
Benin,1943,1.1592774
Benin,1944,1.1441885
Benin,1945,1.13379
Benin,1946,1.1449214
Benin,1947,1.1181873
Benin,1948,1.148196
Benin,1949,1.1188892
Benin,1950,0.95377415
Benin,1951,0.9779194
Benin,1952,0.9482444
Benin,1953,1.074463
Benin,1954,1.2711368
Benin,1955,1.4865633
Benin,1956,1.6922889
Benin,1957,1.8811985
Benin,1958,2.3132665
Benin,1959,2.4167795
Benin,1960,1.5888052
Benin,1961,2.5752554
Benin,1962,2.9518154
Benin,1963,3.0986512
Benin,1964,3.2008398
Benin,1965,3.8854725
Benin,1966,4.7887588
Benin,1967,4.8955564
Benin,1968,7.750141
Benin,1969,5.1459384
Benin,1970,5.2249737
Benin,1971,4.4984155
Benin,1972,3.7786174
Benin,1973,3.9102492
Benin,1974,4.0885715
Benin,1975,3.881019
Benin,1976,3.972307
Benin,1977,3.562444
Benin,1978,3.3402264
Benin,1979,3.3210478
Benin,1980,3.739904
Benin,1981,3.3321223
Benin,1982,2.6593983
Benin,1983,2.2766252
Benin,1984,2.3678606
Benin,1985,2.5701497
Benin,1986,2.137328
Benin,1987,1.9033375
Benin,1988,1.6348648
Benin,1989,1.8022854
Benin,1990,1.7523538
Benin,1991,1.6526642
Benin,1992,1.8742508
Benin,1993,3.1825657
Benin,1994,4.579698
Benin,1995,7.2295713
Benin,1996,7.8291564
Benin,1997,7.8454185
Benin,1998,5.816198
Benin,1999,5.441181
Benin,2000,4.777599
Benin,2001,4.8415914
Benin,2002,4.7869506
Benin,2003,3.3743784
Benin,2004,3.316097
Benin,2005,1.8064004
Benin,2006,1.5254636
Benin,2007,3.8955667
Benin,2008,3.3347635
Benin,2009,2.272795
Benin,2010,1.810155
Benin,2011,2.4366872
Benin,2012,3.697514
Benin,2013,2.1411262
Benin,2014,1.5777109
Benin,2015,1.2532606
Benin,2016,0.98486185
Benin,2017,0.81366634
Benin,2018,0.5836101
Benin,2019,0.4357313
Benin,2020,0.3439388
Benin,2021,0.30641204
Benin,2022,0.2575233
Benin,2023,0.21088468
Bhutan,1850,1.203089
Bhutan,1851,2.3604033
Bhutan,1852,2.5943158
Bhutan,1853,1.7908591
Bhutan,1854,3.3401322
Bhutan,1855,1.4576645
Bhutan,1856,6.3483715
Bhutan,1857,-1.3681941
Bhutan,1858,3.1651945
Bhutan,1859,-1.6492425
Bhutan,1860,1.8621559
Bhutan,1861,3.604327
Bhutan,1862,2.4513834
Bhutan,1863,4.575194
Bhutan,1864,2.0414402
Bhutan,1865,2.3366969
Bhutan,1866,4.1499147
Bhutan,1867,2.1530669
Bhutan,1868,4.573907
Bhutan,1869,3.7443275
Bhutan,1870,3.2437365
Bhutan,1871,4.76995
Bhutan,1872,3.4763856
Bhutan,1873,4.4951587
Bhutan,1874,2.6275485
Bhutan,1875,4.701151
Bhutan,1876,4.835566
Bhutan,1877,2.195849
Bhutan,1878,5.6007466
Bhutan,1879,4.3078
Bhutan,1880,3.531773
Bhutan,1881,4.8371315
Bhutan,1882,3.9099731
Bhutan,1883,4.8132586
Bhutan,1884,3.2620347
Bhutan,1885,5.4195
Bhutan,1886,3.4221997
Bhutan,1887,5.838113
Bhutan,1888,6.2191963
Bhutan,1889,3.3337345
Bhutan,1890,5.702383
Bhutan,1891,7.1265793
Bhutan,1892,8.925295
Bhutan,1893,6.256353
Bhutan,1894,5.9192715
Bhutan,1895,4.476278
Bhutan,1896,5.8539724
Bhutan,1897,6.477282
Bhutan,1898,5.3407283
Bhutan,1899,6.979738
Bhutan,1900,5.7469225
Bhutan,1901,7.4552927
Bhutan,1902,4.5178366
Bhutan,1903,6.6648917
Bhutan,1904,7.769735
Bhutan,1905,10.324892
Bhutan,1906,5.3322525
Bhutan,1907,4.411449
Bhutan,1908,8.415639
Bhutan,1909,7.6528845
Bhutan,1910,9.84638
Bhutan,1911,10.79421
Bhutan,1912,9.277351
Bhutan,1913,10.5589485
Bhutan,1914,10.015958
Bhutan,1915,10.153749
Bhutan,1916,6.3467813
Bhutan,1917,8.863327
Bhutan,1918,9.283077
Bhutan,1919,12.125483
Bhutan,1920,9.541943
Bhutan,1921,10.464373
Bhutan,1922,9.136819
Bhutan,1923,8.071538
Bhutan,1924,12.18356
Bhutan,1925,10.347933
Bhutan,1926,13.0699215
Bhutan,1927,10.581806
Bhutan,1928,11.151224
Bhutan,1929,13.510972
Bhutan,1930,16.308788
Bhutan,1931,16.879627
Bhutan,1932,17.064938
Bhutan,1933,15.935188
Bhutan,1934,16.893261
Bhutan,1935,17.137356
Bhutan,1936,17.8989
Bhutan,1937,15.947969
Bhutan,1938,19.53445
Bhutan,1939,24.289309
Bhutan,1940,21.71449
Bhutan,1941,18.110016
Bhutan,1942,22.809435
Bhutan,1943,24.701735
Bhutan,1944,26.630081
Bhutan,1945,30.414707
Bhutan,1946,31.300516
Bhutan,1947,30.503185
Bhutan,1948,32.876816
Bhutan,1949,35.11957
Bhutan,1950,64.014946
Bhutan,1951,48.88356
Bhutan,1952,44.95764
Bhutan,1953,45.54434
Bhutan,1954,48.151237
Bhutan,1955,51.103016
Bhutan,1956,45.624943
Bhutan,1957,48.108376
Bhutan,1958,48.166813
Bhutan,1959,83.35623
Bhutan,1960,53.133427
Bhutan,1961,58.59403
Bhutan,1962,45.65678
Bhutan,1963,45.982994
Bhutan,1964,47.097065
Bhutan,1965,44.954952
Bhutan,1966,44.08043
Bhutan,1967,42.172134
Bhutan,1968,39.19779
Bhutan,1969,50.144497
Bhutan,1970,42.956066
Bhutan,1971,41.079742
Bhutan,1972,41.858433
Bhutan,1973,43.21038
Bhutan,1974,39.55042
Bhutan,1975,37.816776
Bhutan,1976,34.22709
Bhutan,1977,34.5532
Bhutan,1978,32.36773
Bhutan,1979,34.068512
Bhutan,1980,32.066193
Bhutan,1981,32.598545
Bhutan,1982,33.975193
Bhutan,1983,35.59789
Bhutan,1984,26.564882
Bhutan,1985,25.1602
Bhutan,1986,30.039751
Bhutan,1987,23.963053
Bhutan,1988,20.632755
Bhutan,1989,22.038158
Bhutan,1990,33.586414
Bhutan,1991,23.227129
Bhutan,1992,21.761003
Bhutan,1993,21.537666
Bhutan,1994,34.070297
Bhutan,1995,22.91248
Bhutan,1996,20.345303
Bhutan,1997,18.126324
Bhutan,1998,20.56839
Bhutan,1999,20.542917
Bhutan,2000,19.910036
Bhutan,2001,16.019144
Bhutan,2002,20.16151
Bhutan,2003,16.1678
Bhutan,2004,15.043795
Bhutan,2005,12.23415
Bhutan,2006,10.399783
Bhutan,2007,11.9024935
Bhutan,2008,15.193189
Bhutan,2009,13.929615
Bhutan,2010,16.449602
Bhutan,2011,14.040194
Bhutan,2012,14.093973
Bhutan,2013,11.582881
Bhutan,2014,9.891824
Bhutan,2015,9.252309
Bhutan,2016,8.377071
Bhutan,2017,9.424007
Bhutan,2018,8.701945
Bhutan,2019,8.301499
Bhutan,2020,8.479346
Bhutan,2021,8.532261
Bhutan,2022,7.2171893
Bhutan,2023,5.920841
Bolivia,1850,18.773907
Bolivia,1851,26.944057
Bolivia,1852,31.64283
Bolivia,1853,34.954727
Bolivia,1854,37.105778
Bolivia,1855,38.871925
Bolivia,1856,40.362743
Bolivia,1857,41.288273
Bolivia,1858,42.442665
Bolivia,1859,43.343075
Bolivia,1860,24.426392
Bolivia,1861,15.500571
Bolivia,1862,10.079794
Bolivia,1863,6.3429356
Bolivia,1864,3.5561776
Bolivia,1865,1.381144
Bolivia,1866,-0.4047705
Bolivia,1867,-1.8745921
Bolivia,1868,-3.1288087
Bolivia,1869,-4.258906
Bolivia,1870,-5.2776756
Bolivia,1871,-6.250822
Bolivia,1872,-7.209214
Bolivia,1873,-8.205101
Bolivia,1874,-9.1873255
Bolivia,1875,-10.181056
Bolivia,1876,-11.137408
Bolivia,1877,-12.11404
Bolivia,1878,-13.094184
Bolivia,1879,-13.930771
Bolivia,1880,2.0751586
Bolivia,1881,9.950563
Bolivia,1882,14.837093
Bolivia,1883,18.092426
Bolivia,1884,20.421303
Bolivia,1885,22.161572
Bolivia,1886,23.451756
Bolivia,1887,24.455927
Bolivia,1888,25.222431
Bolivia,1889,25.840227
Bolivia,1890,26.713331
Bolivia,1891,27.010874
Bolivia,1892,27.065372
Bolivia,1893,26.975624
Bolivia,1894,26.846222
Bolivia,1895,26.573437
Bolivia,1896,26.244783
Bolivia,1897,25.857624
Bolivia,1898,25.451063
Bolivia,1899,25.273464
Bolivia,1900,20.305801
Bolivia,1901,17.770332
Bolivia,1902,16.333023
Bolivia,1903,15.280727
Bolivia,1904,14.712411
Bolivia,1905,14.596477
Bolivia,1906,14.212559
Bolivia,1907,14.141453
Bolivia,1908,14.298851
Bolivia,1909,13.629189
Bolivia,1910,17.423092
Bolivia,1911,19.819761
Bolivia,1912,20.619022
Bolivia,1913,21.381744
Bolivia,1914,21.745293
Bolivia,1915,21.956755
Bolivia,1916,21.927189
Bolivia,1917,22.521978
Bolivia,1918,22.263094
Bolivia,1919,21.972406
Bolivia,1920,21.945007
Bolivia,1921,22.855392
Bolivia,1922,22.697073
Bolivia,1923,21.605381
Bolivia,1924,20.755693
Bolivia,1925,21.626707
Bolivia,1926,21.284992
Bolivia,1927,21.206112
Bolivia,1928,20.670137
Bolivia,1929,20.384882
Bolivia,1930,19.7212
Bolivia,1931,19.455555
Bolivia,1932,20.166183
Bolivia,1933,19.579222
Bolivia,1934,18.899712
Bolivia,1935,19.123295
Bolivia,1936,19.029078
Bolivia,1937,18.945
Bolivia,1938,18.344673
Bolivia,1939,18.293491
Bolivia,1940,16.604326
Bolivia,1941,14.829897
Bolivia,1942,13.268508
Bolivia,1943,11.892964
Bolivia,1944,10.678318
Bolivia,1945,9.580896
Bolivia,1946,8.582595
Bolivia,1947,7.667018
Bolivia,1948,6.820086
Bolivia,1949,5.9617357
Bolivia,1950,7.679664
Bolivia,1951,9.034771
Bolivia,1952,10.137625
Bolivia,1953,11.191433
Bolivia,1954,12.161799
Bolivia,1955,12.997189
Bolivia,1956,13.699947
Bolivia,1957,14.379677
Bolivia,1958,14.99253
Bolivia,1959,15.518904
Bolivia,1960,12.502478
Bolivia,1961,6.6304326
Bolivia,1962,4.2550607
Bolivia,1963,5.023352
Bolivia,1964,4.8021364
Bolivia,1965,4.56416
Bolivia,1966,4.4437037
Bolivia,1967,4.366732
Bolivia,1968,6.078584
Bolivia,1969,4.9420342
Bolivia,1970,8.125804
Bolivia,1971,10.09773
Bolivia,1972,7.116728
Bolivia,1973,9.808144
Bolivia,1974,10.869565
Bolivia,1975,7.5852017
Bolivia,1976,10.005046
Bolivia,1977,7.2966604
Bolivia,1978,9.554271
Bolivia,1979,7.009076
Bolivia,1980,9.347053
Bolivia,1981,6.814844
Bolivia,1982,5.796858
Bolivia,1983,8.611217
Bolivia,1984,4.763269
Bolivia,1985,6.9515605
Bolivia,1986,5.1110578
Bolivia,1987,4.3886323
Bolivia,1988,4.91323
Bolivia,1989,3.1252906
Bolivia,1990,5.380784
Bolivia,1991,4.4137506
Bolivia,1992,9.576457
Bolivia,1993,7.0603437
Bolivia,1994,25.526226
Bolivia,1995,16.834955
Bolivia,1996,17.5648
Bolivia,1997,17.926905
Bolivia,1998,24.39881
Bolivia,1999,17.93297
Bolivia,2000,12.17967
Bolivia,2001,11.533349
Bolivia,2002,12.573835
Bolivia,2003,27.939915
Bolivia,2004,17.668528
Bolivia,2005,12.317961
Bolivia,2006,9.912411
Bolivia,2007,8.587399
Bolivia,2008,9.295481
Bolivia,2009,8.385273
Bolivia,2010,7.682367
Bolivia,2011,6.8201694
Bolivia,2012,6.094515
Bolivia,2013,5.2543187
Bolivia,2014,3.9569886
Bolivia,2015,4.341411
Bolivia,2016,3.1989365
Bolivia,2017,6.6682043
Bolivia,2018,5.6183176
Bolivia,2019,4.0512567
Bolivia,2020,4.7916503
Bolivia,2021,4.982794
Bolivia,2022,4.8511267
Bolivia,2023,4.8604927
Bosnia and Herzegovina,1850,4.4980755
Bosnia and Herzegovina,1851,4.410818
Bosnia and Herzegovina,1852,4.458063
Bosnia and Herzegovina,1853,4.506451
Bosnia and Herzegovina,1854,4.4585238
Bosnia and Herzegovina,1855,4.4410453
Bosnia and Herzegovina,1856,4.478384
Bosnia and Herzegovina,1857,4.5044727
Bosnia and Herzegovina,1858,4.490884
Bosnia and Herzegovina,1859,4.439536
Bosnia and Herzegovina,1860,5.679382
Bosnia and Herzegovina,1861,6.023295
Bosnia and Herzegovina,1862,6.2279453
Bosnia and Herzegovina,1863,6.407983
Bosnia and Herzegovina,1864,6.42645
Bosnia and Herzegovina,1865,6.6985664
Bosnia and Herzegovina,1866,6.8457484
Bosnia and Herzegovina,1867,7.040662
Bosnia and Herzegovina,1868,7.0301466
Bosnia and Herzegovina,1869,7.2059207
Bosnia and Herzegovina,1870,7.3410544
Bosnia and Herzegovina,1871,7.302129
Bosnia and Herzegovina,1872,7.4050827
Bosnia and Herzegovina,1873,7.47526
Bosnia and Herzegovina,1874,7.4066443
Bosnia and Herzegovina,1875,7.361097
Bosnia and Herzegovina,1876,7.3860908
Bosnia and Herzegovina,1877,7.3796463
Bosnia and Herzegovina,1878,7.3123393
Bosnia and Herzegovina,1879,7.1930895
Bosnia and Herzegovina,1880,7.3126316
Bosnia and Herzegovina,1881,7.2601066
Bosnia and Herzegovina,1882,7.2173014
Bosnia and Herzegovina,1883,7.189529
Bosnia and Herzegovina,1884,6.9822016
Bosnia and Herzegovina,1885,7.1082153
Bosnia and Herzegovina,1886,7.089988
Bosnia and Herzegovina,1887,7.108239
Bosnia and Herzegovina,1888,6.9258056
Bosnia and Herzegovina,1889,6.969769
Bosnia and Herzegovina,1890,6.9030485
Bosnia and Herzegovina,1891,6.730841
Bosnia and Herzegovina,1892,6.76194
Bosnia and Herzegovina,1893,6.773226
Bosnia and Herzegovina,1894,6.641209
Bosnia and Herzegovina,1895,6.5593333
Bosnia and Herzegovina,1896,6.547176
Bosnia and Herzegovina,1897,6.508935
Bosnia and Herzegovina,1898,6.396654
Bosnia and Herzegovina,1899,6.255671
Bosnia and Herzegovina,1900,6.240539
Bosnia and Herzegovina,1901,6.157852
Bosnia and Herzegovina,1902,6.0110645
Bosnia and Herzegovina,1903,6.0283794
Bosnia and Herzegovina,1904,6.01757
Bosnia and Herzegovina,1905,5.866645
Bosnia and Herzegovina,1906,5.7687106
Bosnia and Herzegovina,1907,5.747708
Bosnia and Herzegovina,1908,5.696725
Bosnia and Herzegovina,1909,5.576932
Bosnia and Herzegovina,1910,6.006627
Bosnia and Herzegovina,1911,6.256551
Bosnia and Herzegovina,1912,6.284869
Bosnia and Herzegovina,1913,6.325004
Bosnia and Herzegovina,1914,6.365095
Bosnia and Herzegovina,1915,6.226866
Bosnia and Herzegovina,1916,6.428745
Bosnia and Herzegovina,1917,6.4735475
Bosnia and Herzegovina,1918,6.5359507
Bosnia and Herzegovina,1919,6.395183
Bosnia and Herzegovina,1920,6.312406
Bosnia and Herzegovina,1921,6.289841
Bosnia and Herzegovina,1922,6.1238513
Bosnia and Herzegovina,1923,6.04385
Bosnia and Herzegovina,1924,5.8994975
Bosnia and Herzegovina,1925,5.875651
Bosnia and Herzegovina,1926,5.700552
Bosnia and Herzegovina,1927,5.835826
Bosnia and Herzegovina,1928,5.7668986
Bosnia and Herzegovina,1929,5.576117
Bosnia and Herzegovina,1930,5.0695324
Bosnia and Herzegovina,1931,4.920288
Bosnia and Herzegovina,1932,4.7277594
Bosnia and Herzegovina,1933,4.5851097
Bosnia and Herzegovina,1934,4.4439883
Bosnia and Herzegovina,1935,4.4328074
Bosnia and Herzegovina,1936,4.2429237
Bosnia and Herzegovina,1937,4.028473
Bosnia and Herzegovina,1938,4.079227
Bosnia and Herzegovina,1939,4.0008106
Bosnia and Herzegovina,1940,3.1454632
Bosnia and Herzegovina,1941,2.884476
Bosnia and Herzegovina,1942,2.7354171
Bosnia and Herzegovina,1943,2.7392893
Bosnia and Herzegovina,1944,2.3980231
Bosnia and Herzegovina,1945,2.3193212
Bosnia and Herzegovina,1946,2.3370056
Bosnia and Herzegovina,1947,2.0892854
Bosnia and Herzegovina,1948,1.9434863
Bosnia and Herzegovina,1949,1.9043779
Bosnia and Herzegovina,1950,1.7484922
Bosnia and Herzegovina,1951,1.3813407
Bosnia and Herzegovina,1952,1.3916256
Bosnia and Herzegovina,1953,1.0273969
Bosnia and Herzegovina,1954,0.78379774
Bosnia and Herzegovina,1955,0.32790938
Bosnia and Herzegovina,1956,-0.06327978
Bosnia and Herzegovina,1957,-0.50699437
Bosnia and Herzegovina,1958,-1.2649498
Bosnia and Herzegovina,1959,-2.420479
Bosnia and Herzegovina,1960,-2.3254144
Bosnia and Herzegovina,1961,-2.2930663
Bosnia and Herzegovina,1962,-2.309726
Bosnia and Herzegovina,1963,-2.1857674
Bosnia and Herzegovina,1964,-2.1775312
Bosnia and Herzegovina,1965,-2.1442544
Bosnia and Herzegovina,1966,-2.0586295
Bosnia and Herzegovina,1967,-2.0199986
Bosnia and Herzegovina,1968,-1.9700388
Bosnia and Herzegovina,1969,-1.9604009
Bosnia and Herzegovina,1970,-1.9660579
Bosnia and Herzegovina,1971,-1.8631527
Bosnia and Herzegovina,1972,-1.884296
Bosnia and Herzegovina,1973,-1.7876785
Bosnia and Herzegovina,1974,-1.7689557
Bosnia and Herzegovina,1975,-1.7107311
Bosnia and Herzegovina,1976,-1.7368658
Bosnia and Herzegovina,1977,-1.5430439
Bosnia and Herzegovina,1978,-1.5971193
Bosnia and Herzegovina,1979,-1.2330242
Bosnia and Herzegovina,1980,-1.303277
Bosnia and Herzegovina,1981,-1.2941955
Bosnia and Herzegovina,1982,-1.2124021
Bosnia and Herzegovina,1983,-1.122702
Bosnia and Herzegovina,1984,-1.1205356
Bosnia and Herzegovina,1985,-0.9763042
Bosnia and Herzegovina,1986,-0.9892584
Bosnia and Herzegovina,1987,-0.9368552
Bosnia and Herzegovina,1988,-0.8656252
Bosnia and Herzegovina,1989,-0.84673095
Bosnia and Herzegovina,1990,-0.86142546
Bosnia and Herzegovina,1991,-2.3272154
Bosnia and Herzegovina,1992,-2.537371
Bosnia and Herzegovina,1993,-2.6657028
Bosnia and Herzegovina,1994,-2.3898172
Bosnia and Herzegovina,1995,-2.2020133
Bosnia and Herzegovina,1996,-2.2144072
Bosnia and Herzegovina,1997,-1.1134299
Bosnia and Herzegovina,1998,-1.6166179
Bosnia and Herzegovina,1999,-1.3371838
Bosnia and Herzegovina,2000,-1.5796978
Bosnia and Herzegovina,2001,-1.713291
Bosnia and Herzegovina,2002,-0.91232574
Bosnia and Herzegovina,2003,-1.1497642
Bosnia and Herzegovina,2004,-1.390108
Bosnia and Herzegovina,2005,-1.3863487
Bosnia and Herzegovina,2006,-1.4825269
Bosnia and Herzegovina,2007,-1.1613877
Bosnia and Herzegovina,2008,-1.3028806
Bosnia and Herzegovina,2009,-1.0118595
Bosnia and Herzegovina,2010,-1.1321666
Bosnia and Herzegovina,2011,-1.1475891
Bosnia and Herzegovina,2012,-0.7950859
Bosnia and Herzegovina,2013,-1.002634
Bosnia and Herzegovina,2014,-0.62962043
Bosnia and Herzegovina,2015,-0.2833533
Bosnia and Herzegovina,2016,-0.17688313
Bosnia and Herzegovina,2017,-0.67156917
Bosnia and Herzegovina,2018,-0.52326787
Bosnia and Herzegovina,2019,-0.09201947
Bosnia and Herzegovina,2020,-0.16751379
Bosnia and Herzegovina,2021,-0.329683
Bosnia and Herzegovina,2022,-0.3296922
Bosnia and Herzegovina,2023,-0.2971203
Botswana,1850,3.3747559
Botswana,1851,3.3733096
Botswana,1852,3.3538482
Botswana,1853,3.3207977
Botswana,1854,3.285237
Botswana,1855,3.2486765
Botswana,1856,3.2111251
Botswana,1857,3.173648
Botswana,1858,3.1359458
Botswana,1859,3.0986757
Botswana,1860,3.1191506
Botswana,1861,3.112673
Botswana,1862,3.0936534
Botswana,1863,3.0683093
Botswana,1864,3.0393023
Botswana,1865,3.008088
Botswana,1866,2.975912
Botswana,1867,2.9431715
Botswana,1868,2.9101741
Botswana,1869,2.8772397
Botswana,1870,2.9630668
Botswana,1871,2.9985113
Botswana,1872,3.0106375
Botswana,1873,3.0097299
Botswana,1874,3.000758
Botswana,1875,2.986814
Botswana,1876,2.9694834
Botswana,1877,2.9493852
Botswana,1878,2.9277365
Botswana,1879,2.9048629
Botswana,1880,2.9068172
Botswana,1881,2.9006712
Botswana,1882,2.8882604
Botswana,1883,2.8713107
Botswana,1884,2.8512857
Botswana,1885,2.8290758
Botswana,1886,2.805223
Botswana,1887,2.7805417
Botswana,1888,2.7541006
Botswana,1889,2.7308593
Botswana,1890,2.820424
Botswana,1891,2.8578815
Botswana,1892,2.8714907
Botswana,1893,2.8709621
Botswana,1894,2.8621538
Botswana,1895,2.847862
Botswana,1896,2.829639
Botswana,1897,2.8092253
Botswana,1898,2.7871099
Botswana,1899,2.760062
Botswana,1900,2.861999
Botswana,1901,2.9040394
Botswana,1902,2.9136813
Botswana,1903,2.9029922
Botswana,1904,2.8816998
Botswana,1905,2.8537872
Botswana,1906,2.8213875
Botswana,1907,2.7863388
Botswana,1908,2.7491398
Botswana,1909,2.7114046
Botswana,1910,2.8578806
Botswana,1911,2.9238448
Botswana,1912,2.9512136
Botswana,1913,2.956506
Botswana,1914,2.9476504
Botswana,1915,2.9298167
Botswana,1916,2.905657
Botswana,1917,2.8773086
Botswana,1918,2.8458903
Botswana,1919,2.8091614
Botswana,1920,3.0444548
Botswana,1921,3.2006962
Botswana,1922,3.3158216
Botswana,1923,3.4044895
Botswana,1924,3.4770968
Botswana,1925,3.5381396
Botswana,1926,3.5884714
Botswana,1927,3.6320312
Botswana,1928,3.6656976
Botswana,1929,3.6939876
Botswana,1930,4.269183
Botswana,1931,4.6005526
Botswana,1932,4.8063817
Botswana,1933,4.9415965
Botswana,1934,5.0311494
Botswana,1935,5.090143
Botswana,1936,5.128526
Botswana,1937,5.150732
Botswana,1938,5.161979
Botswana,1939,5.1674395
Botswana,1940,7.2725816
Botswana,1941,8.465841
Botswana,1942,9.21798
Botswana,1943,9.704432
Botswana,1944,10.038506
Botswana,1945,10.260248
Botswana,1946,10.417385
Botswana,1947,10.523945
Botswana,1948,10.5960655
Botswana,1949,10.626636
Botswana,1950,10.0925045
Botswana,1951,9.341547
Botswana,1952,8.680448
Botswana,1953,8.177814
Botswana,1954,7.784814
Botswana,1955,7.483033
Botswana,1956,7.3903074
Botswana,1957,7.460531
Botswana,1958,7.5581527
Botswana,1959,7.7059336
Botswana,1960,7.7889223
Botswana,1961,6.736177
Botswana,1962,6.134784
Botswana,1963,5.7020516
Botswana,1964,5.389642
Botswana,1965,5.145953
Botswana,1966,5.3746576
Botswana,1967,5.391207
Botswana,1968,5.28945
Botswana,1969,5.17911
Botswana,1970,5.0275435
Botswana,1971,4.8891006
Botswana,1972,4.4438896
Botswana,1973,4.022648
Botswana,1974,3.6387897
Botswana,1975,3.3439028
Botswana,1976,3.0404713
Botswana,1977,2.75268
Botswana,1978,2.618776
Botswana,1979,2.3753521
Botswana,1980,2.2621741
Botswana,1981,2.2864892
Botswana,1982,2.1235144
Botswana,1983,2.0212498
Botswana,1984,1.9652929
Botswana,1985,1.8800622
Botswana,1986,1.880769
Botswana,1987,1.8061271
Botswana,1988,1.9662656
Botswana,1989,2.051515
Botswana,1990,-0.001824075
Botswana,1991,-0.5520644
Botswana,1992,4.1525936
Botswana,1993,4.235742
Botswana,1994,1.9646031
Botswana,1995,1.8604176
Botswana,1996,0.9257632
Botswana,1997,-0.11931581
Botswana,1998,1.2448667
Botswana,1999,5.129091
Botswana,2000,0.94790554
Botswana,2001,1.6799836
Botswana,2002,0.07146468
Botswana,2003,0.77621895
Botswana,2004,0.19458397
Botswana,2005,-0.08165089
Botswana,2006,0.08264368
Botswana,2007,2.8306015
Botswana,2008,2.7380946
Botswana,2009,1.3585552
Botswana,2010,2.3912017
Botswana,2011,0.7016362
Botswana,2012,1.1393596
Botswana,2013,3.698269
Botswana,2014,0.52233684
Botswana,2015,-0.08732473
Botswana,2016,-0.11963944
Botswana,2017,-0.21697555
Botswana,2018,-0.3138575
Botswana,2019,-0.3154571
Botswana,2020,-0.29245764
Botswana,2021,-0.20123385
Botswana,2022,-0.13961639
Botswana,2023,-0.09355799
Brazil,1850,5.432751
Brazil,1851,6.457114
Brazil,1852,4.650393
Brazil,1853,4.497838
Brazil,1854,4.7392535
Brazil,1855,5.4051194
Brazil,1856,5.868651
Brazil,1857,5.759343
Brazil,1858,5.342846
Brazil,1859,3.9379919
Brazil,1860,4.2405705
Brazil,1861,5.108353
Brazil,1862,5.2440968
Brazil,1863,4.8201704
Brazil,1864,5.0209937
Brazil,1865,3.8066297
Brazil,1866,5.6468363
Brazil,1867,4.394335
Brazil,1868,6.25401
Brazil,1869,5.5495343
Brazil,1870,3.746608
Brazil,1871,5.582064
Brazil,1872,6.42845
Brazil,1873,5.850623
Brazil,1874,5.1467743
Brazil,1875,6.702757
Brazil,1876,4.4512935
Brazil,1877,5.577581
Brazil,1878,5.7612514
Brazil,1879,4.957978
Brazil,1880,7.6317487
Brazil,1881,8.655549
Brazil,1882,9.444044
Brazil,1883,9.929424
Brazil,1884,10.39786
Brazil,1885,9.5940275
Brazil,1886,9.148343
Brazil,1887,10.057629
Brazil,1888,9.1289015
Brazil,1889,9.858197
Brazil,1890,8.719337
Brazil,1891,10.689004
Brazil,1892,7.7777896
Brazil,1893,10.344432
Brazil,1894,7.329545
Brazil,1895,8.261012
Brazil,1896,8.125654
Brazil,1897,8.131898
Brazil,1898,7.1812634
Brazil,1899,7.825885
Brazil,1900,9.268311
Brazil,1901,10.571121
Brazil,1902,10.53869
Brazil,1903,9.703265
Brazil,1904,10.490667
Brazil,1905,10.620208
Brazil,1906,10.305523
Brazil,1907,9.227848
Brazil,1908,10.097543
Brazil,1909,10.034387
Brazil,1910,11.91502
Brazil,1911,14.500059
Brazil,1912,14.059419
Brazil,1913,13.9548645
Brazil,1914,14.009389
Brazil,1915,13.808576
Brazil,1916,14.538278
Brazil,1917,13.866398
Brazil,1918,13.632943
Brazil,1919,13.693405
Brazil,1920,14.896284
Brazil,1921,14.427793
Brazil,1922,15.455235
Brazil,1923,15.509773
Brazil,1924,14.935643
Brazil,1925,15.123553
Brazil,1926,14.66904
Brazil,1927,15.505865
Brazil,1928,14.586178
Brazil,1929,14.308933
Brazil,1930,9.582393
Brazil,1931,7.511222
Brazil,1932,7.385516
Brazil,1933,6.700612
Brazil,1934,6.1317825
Brazil,1935,5.2994246
Brazil,1936,5.2858567
Brazil,1937,4.8061023
Brazil,1938,4.7972045
Brazil,1939,4.4544244
Brazil,1940,7.764373
Brazil,1941,9.116039
Brazil,1942,9.629726
Brazil,1943,9.746507
Brazil,1944,9.914492
Brazil,1945,9.86521
Brazil,1946,9.8962965
Brazil,1947,9.837394
Brazil,1948,9.690071
Brazil,1949,9.623096
Brazil,1950,12.742506
Brazil,1951,13.873814
Brazil,1952,14.326289
Brazil,1953,14.481751
Brazil,1954,14.634065
Brazil,1955,14.53368
Brazil,1956,14.582963
Brazil,1957,14.482062
Brazil,1958,14.48412
Brazil,1959,14.540458
Brazil,1960,14.849957
Brazil,1961,15.025615
Brazil,1962,15.127915
Brazil,1963,14.954665
Brazil,1964,14.72819
Brazil,1965,14.403226
Brazil,1966,14.243932
Brazil,1967,13.691405
Brazil,1968,13.496117
Brazil,1969,13.061609
Brazil,1970,13.072729
Brazil,1971,12.49709
Brazil,1972,12.46443
Brazil,1973,12.187071
Brazil,1974,12.017439
Brazil,1975,11.998612
Brazil,1976,11.976133
Brazil,1977,11.930309
Brazil,1978,11.982172
Brazil,1979,12.024808
Brazil,1980,12.272274
Brazil,1981,11.978493
Brazil,1982,12.208234
Brazil,1983,11.74664
Brazil,1984,14.67146
Brazil,1985,10.319316
Brazil,1986,11.284711
Brazil,1987,10.810933
Brazil,1988,10.270292
Brazil,1989,9.771026
Brazil,1990,9.825766
Brazil,1991,9.64061
Brazil,1992,10.011584
Brazil,1993,9.273934
Brazil,1994,11.577545
Brazil,1995,10.986108
Brazil,1996,10.29039
Brazil,1997,10.692304
Brazil,1998,11.944521
Brazil,1999,11.957981
Brazil,2000,10.651141
Brazil,2001,9.919036
Brazil,2002,10.613101
Brazil,2003,15.530925
Brazil,2004,12.040709
Brazil,2005,10.36985
Brazil,2006,9.22935
Brazil,2007,8.039873
Brazil,2008,7.0727005
Brazil,2009,5.884126
Brazil,2010,5.178006
Brazil,2011,5.121176
Brazil,2012,5.839473
Brazil,2013,6.1093097
Brazil,2014,6.1543355
Brazil,2015,6.191605
Brazil,2016,5.656705
Brazil,2017,5.0017433
Brazil,2018,5.139924
Brazil,2019,5.3983164
Brazil,2020,5.9390097
Brazil,2021,7.0702605
Brazil,2022,6.3132224
Brazil,2023,6.1681423
Brunei,1850,10.553156
Brunei,1851,7.305835
Brunei,1852,11.295038
Brunei,1853,31.025082
Brunei,1854,22.097649
Brunei,1855,61.620396
Brunei,1856,-28.222391
Brunei,1857,1.5776912
Brunei,1858,12.409492
Brunei,1859,7.476375
Brunei,1860,64.64015
Brunei,1861,8.576934
Brunei,1862,48.42823
Brunei,1863,11.969331
Brunei,1864,14.0249405
Brunei,1865,4.826676
Brunei,1866,33.464577
Brunei,1867,-4.266301
Brunei,1868,6.850719
Brunei,1869,-4.460275
Brunei,1870,20.581049
Brunei,1871,0.78004193
Brunei,1872,6.7302313
Brunei,1873,9.191086
Brunei,1874,16.403345
Brunei,1875,3.7379808
Brunei,1876,19.924206
Brunei,1877,5.9151206
Brunei,1878,6.2472105
Brunei,1879,10.008267
Brunei,1880,10.536533
Brunei,1881,16.369871
Brunei,1882,-10.566026
Brunei,1883,31.86397
Brunei,1884,11.523314
Brunei,1885,15.282487
Brunei,1886,21.673647
Brunei,1887,8.660124
Brunei,1888,16.092775
Brunei,1889,14.373893
Brunei,1890,19.713833
Brunei,1891,1.1539475
Brunei,1892,13.1633005
Brunei,1893,5.6636047
Brunei,1894,2.5182133
Brunei,1895,5.4414086
Brunei,1896,-0.8086509
Brunei,1897,20.080624
Brunei,1898,12.268608
Brunei,1899,22.073175
Brunei,1900,18.868155
Brunei,1901,15.729714
Brunei,1902,12.296239
Brunei,1903,13.284666
Brunei,1904,1.5631399
Brunei,1905,16.967344
Brunei,1906,31.02097
Brunei,1907,11.863332
Brunei,1908,4.68175
Brunei,1909,16.599426
Brunei,1910,16.68707
Brunei,1911,20.419184
Brunei,1912,16.36253
Brunei,1913,19.343891
Brunei,1914,35.626102
Brunei,1915,15.070559
Brunei,1916,18.7858
Brunei,1917,9.068007
Brunei,1918,15.156446
Brunei,1919,36.082443
Brunei,1920,13.4061365
Brunei,1921,-2.4551542
Brunei,1922,11.380126
Brunei,1923,19.320053
Brunei,1924,15.499518
Brunei,1925,15.340024
Brunei,1926,15.020047
Brunei,1927,14.957181
Brunei,1928,23.24542
Brunei,1929,20.433207
Brunei,1930,18.500338
Brunei,1931,18.829645
Brunei,1932,18.001038
Brunei,1933,22.300005
Brunei,1934,17.620129
Brunei,1935,16.994955
Brunei,1936,6.5134964
Brunei,1937,11.829405
Brunei,1938,15.039046
Brunei,1939,17.481987
Brunei,1940,27.211138
Brunei,1941,14.284274
Brunei,1942,23.941591
Brunei,1943,15.468196
Brunei,1944,15.241172
Brunei,1945,16.212614
Brunei,1946,7.742897
Brunei,1947,15.067231
Brunei,1948,19.637789
Brunei,1949,13.4019375
Brunei,1950,13.912378
Brunei,1951,10.782326
Brunei,1952,14.620851
Brunei,1953,15.781729
Brunei,1954,17.490595
Brunei,1955,13.424773
Brunei,1956,13.576813
Brunei,1957,11.063902
Brunei,1958,13.180654
Brunei,1959,0.37028646
Brunei,1960,-0.15806337
Brunei,1961,2.57911
Brunei,1962,2.4918263
Brunei,1963,14.7799015
Brunei,1964,7.9710855
Brunei,1965,3.9013407
Brunei,1966,7.244508
Brunei,1967,7.397166
Brunei,1968,7.0791087
Brunei,1969,7.1796665
Brunei,1970,3.0843174
Brunei,1971,2.3952036
Brunei,1972,5.8348613
Brunei,1973,1.2195097
Brunei,1974,4.5810804
Brunei,1975,3.6879263
Brunei,1976,4.3995957
Brunei,1977,4.7278466
Brunei,1978,5.867957
Brunei,1979,4.1221857
Brunei,1980,5.4331656
Brunei,1981,3.8220792
Brunei,1982,4.292759
Brunei,1983,5.120758
Brunei,1984,4.797242
Brunei,1985,8.4337
Brunei,1986,8.702066
Brunei,1987,8.226298
Brunei,1988,9.378461
Brunei,1989,5.695672
Brunei,1990,4.7185183
Brunei,1991,4.071065
Brunei,1992,4.6798506
Brunei,1993,5.7880273
Brunei,1994,3.5425901
Brunei,1995,2.651992
Brunei,1996,4.2235346
Brunei,1997,4.6377544
Brunei,1998,7.1775723
Brunei,1999,3.092486
Brunei,2000,3.1774724
Brunei,2001,3.0466187
Brunei,2002,2.8983676
Brunei,2003,2.9729824
Brunei,2004,2.0305715
Brunei,2005,2.0455952
Brunei,2006,1.9571453
Brunei,2007,2.7902114
Brunei,2008,3.2472649
Brunei,2009,4.307509
Brunei,2010,3.7124383
Brunei,2011,4.150497
Brunei,2012,3.4578226
Brunei,2013,2.5044057
Brunei,2014,5.3275137
Brunei,2015,3.2530913
Brunei,2016,3.0056248
Brunei,2017,2.7591994
Brunei,2018,2.018663
Brunei,2019,0.99563956
Brunei,2020,1.6241947
Brunei,2021,1.659636
Brunei,2022,1.6151097
Brunei,2023,1.6085639
Bulgaria,1850,1.6918502
Bulgaria,1851,1.531133
Bulgaria,1852,1.4242345
Bulgaria,1853,1.3409187
Bulgaria,1854,1.2606035
Bulgaria,1855,1.1903453
Bulgaria,1856,1.1290964
Bulgaria,1857,1.0826476
Bulgaria,1858,1.0318027
Bulgaria,1859,0.9849548
Bulgaria,1860,0.9434564
Bulgaria,1861,0.9064487
Bulgaria,1862,0.86888754
Bulgaria,1863,0.83754575
Bulgaria,1864,0.8083765
Bulgaria,1865,0.7897111
Bulgaria,1866,0.7636592
Bulgaria,1867,0.7456987
Bulgaria,1868,0.7221982
Bulgaria,1869,0.6967023
Bulgaria,1870,1.9821784
Bulgaria,1871,2.457479
Bulgaria,1872,2.7550557
Bulgaria,1873,2.9886775
Bulgaria,1874,3.17297
Bulgaria,1875,3.3263483
Bulgaria,1876,3.4543874
Bulgaria,1877,3.5660527
Bulgaria,1878,3.651716
Bulgaria,1879,3.7167659
Bulgaria,1880,3.7353234
Bulgaria,1881,3.7647724
Bulgaria,1882,3.78433
Bulgaria,1883,3.7977314
Bulgaria,1884,3.8057523
Bulgaria,1885,3.8123271
Bulgaria,1886,3.8053348
Bulgaria,1887,3.798355
Bulgaria,1888,3.7827754
Bulgaria,1889,3.7585216
Bulgaria,1890,2.6265533
Bulgaria,1891,2.1282372
Bulgaria,1892,1.7696003
Bulgaria,1893,1.472207
Bulgaria,1894,1.2045046
Bulgaria,1895,0.96654904
Bulgaria,1896,0.75832963
Bulgaria,1897,0.57865113
Bulgaria,1898,0.41119298
Bulgaria,1899,0.2590919
Bulgaria,1900,1.2082043
Bulgaria,1901,1.547277
Bulgaria,1902,1.7624521
Bulgaria,1903,1.9348787
Bulgaria,1904,2.0838246
Bulgaria,1905,2.2034128
Bulgaria,1906,2.3043497
Bulgaria,1907,2.3936157
Bulgaria,1908,2.4751859
Bulgaria,1909,2.5391521
Bulgaria,1910,2.3745906
Bulgaria,1911,2.3407636
Bulgaria,1912,2.3282068
Bulgaria,1913,2.3153062
Bulgaria,1914,2.3045871
Bulgaria,1915,2.2959852
Bulgaria,1916,2.291497
Bulgaria,1917,2.279541
Bulgaria,1918,2.2715063
Bulgaria,1919,2.256626
Bulgaria,1920,2.7833662
Bulgaria,1921,2.978698
Bulgaria,1922,3.099483
Bulgaria,1923,3.184982
Bulgaria,1924,3.255009
Bulgaria,1925,3.3084219
Bulgaria,1926,3.3499076
Bulgaria,1927,3.3849163
Bulgaria,1928,3.4039004
Bulgaria,1929,3.4214408
Bulgaria,1930,3.1676583
Bulgaria,1931,3.083516
Bulgaria,1932,3.032711
Bulgaria,1933,2.9951298
Bulgaria,1934,2.9707234
Bulgaria,1935,2.9368567
Bulgaria,1936,2.9117863
Bulgaria,1937,2.8857355
Bulgaria,1938,2.8581939
Bulgaria,1939,2.834411
Bulgaria,1940,2.6231923
Bulgaria,1941,2.5305152
Bulgaria,1942,2.4620783
Bulgaria,1943,2.4070497
Bulgaria,1944,2.3498945
Bulgaria,1945,2.3010974
Bulgaria,1946,2.2593095
Bulgaria,1947,2.2144647
Bulgaria,1948,2.164736
Bulgaria,1949,2.136445
Bulgaria,1950,2.0605092
Bulgaria,1951,2.030081
Bulgaria,1952,2.0158246
Bulgaria,1953,1.9472268
Bulgaria,1954,1.8960646
Bulgaria,1955,1.8450307
Bulgaria,1956,1.7983983
Bulgaria,1957,1.7591846
Bulgaria,1958,1.7154956
Bulgaria,1959,1.7762396
Bulgaria,1960,1.6692435
Bulgaria,1961,1.2155789
Bulgaria,1962,1.1873035
Bulgaria,1963,1.9473963
Bulgaria,1964,1.4360617
Bulgaria,1965,1.2271835
Bulgaria,1966,1.5872386
Bulgaria,1967,1.2972002
Bulgaria,1968,2.369164
Bulgaria,1969,1.2626884
Bulgaria,1970,0.9847012
Bulgaria,1971,0.97368264
Bulgaria,1972,0.7452688
Bulgaria,1973,1.1275581
Bulgaria,1974,0.37407556
Bulgaria,1975,2.3480535
Bulgaria,1976,1.0054667
Bulgaria,1977,0.67996246
Bulgaria,1978,0.47771275
Bulgaria,1979,0.23937984
Bulgaria,1980,0.22679642
Bulgaria,1981,0.22844987
Bulgaria,1982,0.1816196
Bulgaria,1983,0.17057396
Bulgaria,1984,0.15766247
Bulgaria,1985,0.15037093
Bulgaria,1986,0.1466144
Bulgaria,1987,0.123861834
Bulgaria,1988,0.12579812
Bulgaria,1989,0.11022748
Bulgaria,1990,0.12646197
Bulgaria,1991,0.83289737
Bulgaria,1992,0.36591864
Bulgaria,1993,0.3252752
Bulgaria,1994,0.49241224
Bulgaria,1995,0.92509675
Bulgaria,1996,1.8299909
Bulgaria,1997,-0.9117082
Bulgaria,1998,-0.5812638
Bulgaria,1999,-0.9690639
Bulgaria,2000,-1.17285
Bulgaria,2001,-1.5404325
Bulgaria,2002,-1.3619374
Bulgaria,2003,-1.2773974
Bulgaria,2004,-1.8349261
Bulgaria,2005,-1.8595834
Bulgaria,2006,-1.9223591
Bulgaria,2007,-1.8324958
Bulgaria,2008,-1.703504
Bulgaria,2009,-1.3514682
Bulgaria,2010,-1.0601869
Bulgaria,2011,-0.3864988
Bulgaria,2012,-0.5637282
Bulgaria,2013,-0.93497473
Bulgaria,2014,-0.6745226
Bulgaria,2015,-0.82768285
Bulgaria,2016,-0.83543587
Bulgaria,2017,-0.86553866
Bulgaria,2018,-0.85184366
Bulgaria,2019,-0.7902365
Bulgaria,2020,-0.88492155
Bulgaria,2021,-0.8579842
Bulgaria,2022,-0.8270899
Bulgaria,2023,-0.7866775
Burkina Faso,1850,0.2631748
Burkina Faso,1851,0.27105975
Burkina Faso,1852,0.2678172
Burkina Faso,1853,0.2597694
Burkina Faso,1854,0.24969226
Burkina Faso,1855,0.23908615
Burkina Faso,1856,0.22861674
Burkina Faso,1857,0.21867113
Burkina Faso,1858,0.2093805
Burkina Faso,1859,0.20075846
Burkina Faso,1860,0.18141764
Burkina Faso,1861,0.16701749
Burkina Faso,1862,0.15554681
Burkina Faso,1863,0.14627545
Burkina Faso,1864,0.13872878
Burkina Faso,1865,0.13243714
Burkina Faso,1866,0.12714428
Burkina Faso,1867,0.12255914
Burkina Faso,1868,0.11850667
Burkina Faso,1869,0.114842616
Burkina Faso,1870,0.11705331
Burkina Faso,1871,0.11929169
Burkina Faso,1872,0.12044415
Burkina Faso,1873,0.12074423
Burkina Faso,1874,0.12048901
Burkina Faso,1875,0.119868815
Burkina Faso,1876,0.118961625
Burkina Faso,1877,0.117843755
Burkina Faso,1878,0.11657229
Burkina Faso,1879,0.11516744
Burkina Faso,1880,0.13493356
Burkina Faso,1881,0.14143552
Burkina Faso,1882,0.14448754
Burkina Faso,1883,0.14612116
Burkina Faso,1884,0.14691538
Burkina Faso,1885,0.14712536
Burkina Faso,1886,0.14693241
Burkina Faso,1887,0.1463939
Burkina Faso,1888,0.14558338
Burkina Faso,1889,0.14452691
Burkina Faso,1890,0.15717351
Burkina Faso,1891,0.17354299
Burkina Faso,1892,0.18513454
Burkina Faso,1893,0.19280317
Burkina Faso,1894,0.19792505
Burkina Faso,1895,0.20131786
Burkina Faso,1896,0.203535
Burkina Faso,1897,0.20487341
Burkina Faso,1898,0.20554216
Burkina Faso,1899,0.20545003
Burkina Faso,1900,0.2334512
Burkina Faso,1901,0.25206444
Burkina Faso,1902,0.263397
Burkina Faso,1903,0.26997426
Burkina Faso,1904,0.27373773
Burkina Faso,1905,0.27564234
Burkina Faso,1906,0.27624312
Burkina Faso,1907,0.27587923
Burkina Faso,1908,0.27478766
Burkina Faso,1909,0.2732745
Burkina Faso,1910,0.31155366
Burkina Faso,1911,0.3356844
Burkina Faso,1912,0.35098317
Burkina Faso,1913,0.36093372
Burkina Faso,1914,0.36733478
Burkina Faso,1915,0.37132457
Burkina Faso,1916,0.37357157
Burkina Faso,1917,0.3745345
Burkina Faso,1918,0.37481046
Burkina Faso,1919,0.3738661
Burkina Faso,1920,0.43227857
Burkina Faso,1921,0.4990718
Burkina Faso,1922,0.5610821
Burkina Faso,1923,0.61728317
Burkina Faso,1924,0.66836834
Burkina Faso,1925,0.71446884
Burkina Faso,1926,0.75568974
Burkina Faso,1927,0.79219466
Burkina Faso,1928,0.8242022
Burkina Faso,1929,0.85215455
Burkina Faso,1930,0.9819891
Burkina Faso,1931,1.0895387
Burkina Faso,1932,1.166974
Burkina Faso,1933,1.2235057
Burkina Faso,1934,1.265959
Burkina Faso,1935,1.2986885
Burkina Faso,1936,1.324336
Burkina Faso,1937,1.3451103
Burkina Faso,1938,1.3603687
Burkina Faso,1939,1.3719472
Burkina Faso,1940,1.794866
Burkina Faso,1941,2.097934
Burkina Faso,1942,2.2959123
Burkina Faso,1943,2.4265802
Burkina Faso,1944,2.5164044
Burkina Faso,1945,2.5792305
Burkina Faso,1946,2.6236513
Burkina Faso,1947,2.6538029
Burkina Faso,1948,2.6734893
Burkina Faso,1949,2.685555
Burkina Faso,1950,2.4318404
Burkina Faso,1951,2.1946754
Burkina Faso,1952,2.0858085
Burkina Faso,1953,2.027657
Burkina Faso,1954,1.999355
Burkina Faso,1955,2.0070095
Burkina Faso,1956,1.9938254
Burkina Faso,1957,1.9708068
Burkina Faso,1958,2.0374234
Burkina Faso,1959,1.9765409
Burkina Faso,1960,1.6130403
Burkina Faso,1961,1.5714643
Burkina Faso,1962,1.3995147
Burkina Faso,1963,1.3308907
Burkina Faso,1964,1.2245327
Burkina Faso,1965,1.1321754
Burkina Faso,1966,1.0472894
Burkina Faso,1967,1.0557919
Burkina Faso,1968,1.0311488
Burkina Faso,1969,0.9506509
Burkina Faso,1970,0.6937115
Burkina Faso,1971,1.4475048
Burkina Faso,1972,1.7770989
Burkina Faso,1973,1.988002
Burkina Faso,1974,2.1561754
Burkina Faso,1975,1.9132626
Burkina Faso,1976,1.766295
Burkina Faso,1977,1.6815636
Burkina Faso,1978,1.6574929
Burkina Faso,1979,1.5672171
Burkina Faso,1980,1.5377258
Burkina Faso,1981,1.5155457
Burkina Faso,1982,1.4601884
Burkina Faso,1983,1.4398943
Burkina Faso,1984,1.3959912
Burkina Faso,1985,1.351504
Burkina Faso,1986,1.3294067
Burkina Faso,1987,3.9490197
Burkina Faso,1988,2.562338
Burkina Faso,1989,1.6625683
Burkina Faso,1990,1.1572988
Burkina Faso,1991,0.8334126
Burkina Faso,1992,0.6236184
Burkina Faso,1993,0.40584108
Burkina Faso,1994,0.49141642
Burkina Faso,1995,1.0698698
Burkina Faso,1996,2.3367212
Burkina Faso,1997,1.9889606
Burkina Faso,1998,1.7036003
Burkina Faso,1999,1.3940021
Burkina Faso,2000,1.2823007
Burkina Faso,2001,1.2542557
Burkina Faso,2002,1.1727966
Burkina Faso,2003,1.1867707
Burkina Faso,2004,1.2387866
Burkina Faso,2005,1.4328834
Burkina Faso,2006,2.0940304
Burkina Faso,2007,1.6166362
Burkina Faso,2008,1.5616211
Burkina Faso,2009,1.5169005
Burkina Faso,2010,1.6736121
Burkina Faso,2011,1.529567
Burkina Faso,2012,1.6056364
Burkina Faso,2013,1.4531704
Burkina Faso,2014,1.416809
Burkina Faso,2015,1.2724704
Burkina Faso,2016,1.1727018
Burkina Faso,2017,1.3538482
Burkina Faso,2018,1.1751677
Burkina Faso,2019,1.0472754
Burkina Faso,2020,1.0467455
Burkina Faso,2021,1.0312893
Burkina Faso,2022,1.0136434
Burkina Faso,2023,0.9879784
Burundi,1850,0.95926076
Burundi,1851,0.94884187
Burundi,1852,0.94372815
Burundi,1853,0.93831205
Burundi,1854,0.9337179
Burundi,1855,0.93381673
Burundi,1856,0.9265966
Burundi,1857,0.92151165
Burundi,1858,0.9168306
Burundi,1859,0.9124731
Burundi,1860,0.92481595
Burundi,1861,0.91773576
Burundi,1862,0.9158337
Burundi,1863,0.9139062
Burundi,1864,0.9121476
Burundi,1865,0.9092985
Burundi,1866,0.9079985
Burundi,1867,0.90580475
Burundi,1868,0.90218174
Burundi,1869,0.89996064
Burundi,1870,0.8978917
Burundi,1871,0.9087556
Burundi,1872,0.90530187
Burundi,1873,0.90319246
Burundi,1874,0.8999708
Burundi,1875,0.8846748
Burundi,1876,0.890288
Burundi,1877,0.87975305
Burundi,1878,0.88299525
Burundi,1879,0.86733466
Burundi,1880,0.8834619
Burundi,1881,0.8719845
Burundi,1882,0.8689107
Burundi,1883,0.8645275
Burundi,1884,0.86093223
Burundi,1885,0.8591733
Burundi,1886,0.85518605
Burundi,1887,0.8520117
Burundi,1888,0.8485269
Burundi,1889,0.8482512
Burundi,1890,0.85163605
Burundi,1891,0.85701054
Burundi,1892,0.8804608
Burundi,1893,0.8777181
Burundi,1894,0.9071601
Burundi,1895,0.8974304
Burundi,1896,0.8994602
Burundi,1897,0.9256214
Burundi,1898,0.9175807
Burundi,1899,0.92049026
Burundi,1900,0.97581065
Burundi,1901,0.9847261
Burundi,1902,0.9989968
Burundi,1903,1.0147586
Burundi,1904,1.0307534
Burundi,1905,1.0440886
Burundi,1906,1.0579895
Burundi,1907,1.0689912
Burundi,1908,1.0789695
Burundi,1909,1.096605
Burundi,1910,1.1194563
Burundi,1911,1.1399922
Burundi,1912,1.1571044
Burundi,1913,1.1717522
Burundi,1914,1.1849633
Burundi,1915,1.1970935
Burundi,1916,1.2079214
Burundi,1917,1.2183974
Burundi,1918,1.2244217
Burundi,1919,1.3624138
Burundi,1920,1.3432544
Burundi,1921,1.368873
Burundi,1922,1.3931568
Burundi,1923,1.4036733
Burundi,1924,1.4060779
Burundi,1925,1.3889551
Burundi,1926,1.3562224
Burundi,1927,1.3568457
Burundi,1928,1.3077366
Burundi,1929,1.2772683
Burundi,1930,1.357508
Burundi,1931,1.386402
Burundi,1932,1.4047699
Burundi,1933,1.54341
Burundi,1934,1.4397162
Burundi,1935,1.5493332
Burundi,1936,1.4239645
Burundi,1937,1.378309
Burundi,1938,1.463283
Burundi,1939,1.3538188
Burundi,1940,1.9117813
Burundi,1941,2.165415
Burundi,1942,2.2989016
Burundi,1943,2.3685248
Burundi,1944,2.364514
Burundi,1945,2.4044063
Burundi,1946,2.3763134
Burundi,1947,2.3799493
Burundi,1948,2.3614028
Burundi,1949,2.3707786
Burundi,1950,2.2013671
Burundi,1951,2.014176
Burundi,1952,1.966368
Burundi,1953,1.9098306
Burundi,1954,1.8473834
Burundi,1955,1.8058082
Burundi,1956,1.7808928
Burundi,1957,1.6855402
Burundi,1958,2.0242393
Burundi,1959,2.7098
Burundi,1960,3.7457683
Burundi,1961,3.2373772
Burundi,1962,3.030505
Burundi,1963,2.7971232
Burundi,1964,2.4954865
Burundi,1965,1.9842755
Burundi,1966,2.2050393
Burundi,1967,1.938808
Burundi,1968,3.7161355
Burundi,1969,2.2354136
Burundi,1970,1.6132938
Burundi,1971,1.1085835
Burundi,1972,1.5636299
Burundi,1973,1.2693046
Burundi,1974,1.0329086
Burundi,1975,0.8672318
Burundi,1976,0.968929
Burundi,1977,0.98757446
Burundi,1978,0.87344366
Burundi,1979,0.8108774
Burundi,1980,0.7358068
Burundi,1981,0.6617079
Burundi,1982,0.60602176
Burundi,1983,0.5354477
Burundi,1984,0.5138512
Burundi,1985,0.5511575
Burundi,1986,0.58150387
Burundi,1987,0.56180936
Burundi,1988,0.46794894
Burundi,1989,0.4264226
Burundi,1990,0.38762125
Burundi,1991,0.4308552
Burundi,1992,0.36495167
Burundi,1993,0.33889788
Burundi,1994,0.4298513
Burundi,1995,0.50621456
Burundi,1996,0.53821695
Burundi,1997,0.5340694
Burundi,1998,0.609554
Burundi,1999,0.5426705
Burundi,2000,0.68840253
Burundi,2001,0.67465365
Burundi,2002,0.49111155
Burundi,2003,0.4783158
Burundi,2004,0.24583359
Burundi,2005,0.22503325
Burundi,2006,0.26142013
Burundi,2007,0.27310425
Burundi,2008,0.2886282
Burundi,2009,0.26163858
Burundi,2010,0.2947841
Burundi,2011,0.37366083
Burundi,2012,0.40094516
Burundi,2013,0.4133617
Burundi,2014,0.4229475
Burundi,2015,0.41821378
Burundi,2016,0.42178935
Burundi,2017,0.41783732
Burundi,2018,0.40429664
Burundi,2019,0.39161867
Burundi,2020,0.38074604
Burundi,2021,0.36966854
Burundi,2022,0.35795707
Burundi,2023,0.34513217
Cambodia,1850,0.5454693
Cambodia,1851,0.504132
Cambodia,1852,0.47299585
Cambodia,1853,0.47772262
Cambodia,1854,0.45792648
Cambodia,1855,0.44351166
Cambodia,1856,0.45161352
Cambodia,1857,0.44574457
Cambodia,1858,0.44623107
Cambodia,1859,0.46774843
Cambodia,1860,0.46656287
Cambodia,1861,0.47425318
Cambodia,1862,0.48274082
Cambodia,1863,0.4916544
Cambodia,1864,0.554695
Cambodia,1865,0.523582
Cambodia,1866,0.5165781
Cambodia,1867,0.5302134
Cambodia,1868,0.52800375
Cambodia,1869,0.5583601
Cambodia,1870,0.9752845
Cambodia,1871,1.1883534
Cambodia,1872,1.2792679
Cambodia,1873,1.4473462
Cambodia,1874,1.373581
Cambodia,1875,1.4501054
Cambodia,1876,1.4391539
Cambodia,1877,1.5631933
Cambodia,1878,1.4555719
Cambodia,1879,1.5551168
Cambodia,1880,2.001191
Cambodia,1881,2.195092
Cambodia,1882,2.2747803
Cambodia,1883,2.6007173
Cambodia,1884,2.549888
Cambodia,1885,2.4255219
Cambodia,1886,2.464139
Cambodia,1887,2.531874
Cambodia,1888,2.398309
Cambodia,1889,2.6073673
Cambodia,1890,2.5980315
Cambodia,1891,2.763573
Cambodia,1892,2.7721117
Cambodia,1893,2.6721735
Cambodia,1894,2.8503165
Cambodia,1895,2.7494407
Cambodia,1896,2.5560374
Cambodia,1897,2.7685597
Cambodia,1898,2.9286294
Cambodia,1899,2.60694
Cambodia,1900,2.5948296
Cambodia,1901,2.9061007
Cambodia,1902,2.8854427
Cambodia,1903,2.722373
Cambodia,1904,2.9050655
Cambodia,1905,2.9505708
Cambodia,1906,2.9765613
Cambodia,1907,2.9437006
Cambodia,1908,2.7695649
Cambodia,1909,2.827792
Cambodia,1910,2.964873
Cambodia,1911,3.0358753
Cambodia,1912,3.249319
Cambodia,1913,3.233361
Cambodia,1914,3.2401783
Cambodia,1915,3.5100627
Cambodia,1916,3.3256986
Cambodia,1917,3.253007
Cambodia,1918,3.3949718
Cambodia,1919,3.3170743
Cambodia,1920,6.199624
Cambodia,1921,7.71785
Cambodia,1922,8.644177
Cambodia,1923,9.395786
Cambodia,1924,10.062114
Cambodia,1925,9.982603
Cambodia,1926,10.368624
Cambodia,1927,10.933493
Cambodia,1928,11.038807
Cambodia,1929,11.009348
Cambodia,1930,12.293214
Cambodia,1931,13.099183
Cambodia,1932,12.564894
Cambodia,1933,13.18535
Cambodia,1934,13.391135
Cambodia,1935,13.506018
Cambodia,1936,13.047434
Cambodia,1937,13.280558
Cambodia,1938,13.796459
Cambodia,1939,13.539936
Cambodia,1940,13.402574
Cambodia,1941,13.775611
Cambodia,1942,14.214567
Cambodia,1943,13.258649
Cambodia,1944,12.832304
Cambodia,1945,12.455848
Cambodia,1946,12.916284
Cambodia,1947,12.003902
Cambodia,1948,11.450076
Cambodia,1949,14.316733
Cambodia,1950,17.321398
Cambodia,1951,18.610748
Cambodia,1952,20.094376
Cambodia,1953,19.906553
Cambodia,1954,19.366941
Cambodia,1955,18.644451
Cambodia,1956,18.82128
Cambodia,1957,18.940756
Cambodia,1958,18.883125
Cambodia,1959,21.576492
Cambodia,1960,13.745091
Cambodia,1961,10.560793
Cambodia,1962,8.772741
Cambodia,1963,9.732113
Cambodia,1964,8.894926
Cambodia,1965,7.1564965
Cambodia,1966,6.1266356
Cambodia,1967,5.0652328
Cambodia,1968,4.0624533
Cambodia,1969,3.4586916
Cambodia,1970,-0.9785859
Cambodia,1971,-0.7893767
Cambodia,1972,-0.51067203
Cambodia,1973,1.2376624
Cambodia,1974,0.5354045
Cambodia,1975,1.8932246
Cambodia,1976,1.0688105
Cambodia,1977,2.5815594
Cambodia,1978,1.5084479
Cambodia,1979,3.0493171
Cambodia,1980,1.5271132
Cambodia,1981,1.909925
Cambodia,1982,1.3876164
Cambodia,1983,0.98720413
Cambodia,1984,11.111075
Cambodia,1985,15.051753
Cambodia,1986,20.60995
Cambodia,1987,24.030678
Cambodia,1988,20.486044
Cambodia,1989,12.360008
Cambodia,1990,9.22974
Cambodia,1991,6.6060247
Cambodia,1992,5.3702354
Cambodia,1993,4.691507
Cambodia,1994,4.3537393
Cambodia,1995,3.5416193
Cambodia,1996,2.9054422
Cambodia,1997,3.08029
Cambodia,1998,2.8376002
Cambodia,1999,3.8579278
Cambodia,2000,4.34077
Cambodia,2001,4.147316
Cambodia,2002,3.9087837
Cambodia,2003,4.1330247
Cambodia,2004,4.1931252
Cambodia,2005,2.7305746
Cambodia,2006,2.0618
Cambodia,2007,1.8972458
Cambodia,2008,1.8724595
Cambodia,2009,2.2477834
Cambodia,2010,2.238149
Cambodia,2011,2.6424859
Cambodia,2012,2.315573
Cambodia,2013,2.0563383
Cambodia,2014,2.4388473
Cambodia,2015,2.3565688
Cambodia,2016,2.7395487
Cambodia,2017,2.660451
Cambodia,2018,2.8965604
Cambodia,2019,2.955031
Cambodia,2020,2.4846568
Cambodia,2021,2.5803287
Cambodia,2022,2.544387
Cambodia,2023,2.5318828
Cameroon,1850,0.81328017
Cameroon,1851,2.4868987
Cameroon,1852,-0.35534465
Cameroon,1853,0.5163764
Cameroon,1854,0.4793593
Cameroon,1855,-1.8239062
Cameroon,1856,-0.11739137
Cameroon,1857,1.4008896
Cameroon,1858,0.6821317
Cameroon,1859,4.831955
Cameroon,1860,2.2514305
Cameroon,1861,-0.21349783
Cameroon,1862,-1.5101657
Cameroon,1863,2.3182712
Cameroon,1864,0.9114625
Cameroon,1865,1.6988652
Cameroon,1866,1.5223113
Cameroon,1867,-0.30094087
Cameroon,1868,-2.4335783
Cameroon,1869,2.5863235
Cameroon,1870,0.4963124
Cameroon,1871,1.6344721
Cameroon,1872,2.055955
Cameroon,1873,1.6774325
Cameroon,1874,0.6143676
Cameroon,1875,-1.0797904
Cameroon,1876,1.2018262
Cameroon,1877,0.39921176
Cameroon,1878,0.19650912
Cameroon,1879,0.92883396
Cameroon,1880,-0.000206729
Cameroon,1881,-0.776096
Cameroon,1882,3.0089493
Cameroon,1883,2.3631957
Cameroon,1884,1.1415886
Cameroon,1885,2.6471927
Cameroon,1886,1.4733186
Cameroon,1887,1.1792742
Cameroon,1888,1.5051777
Cameroon,1889,1.2370358
Cameroon,1890,-0.25595376
Cameroon,1891,4.005248
Cameroon,1892,-0.84966457
Cameroon,1893,1.1476866
Cameroon,1894,0.25334665
Cameroon,1895,-0.2636936
Cameroon,1896,3.8252413
Cameroon,1897,0.7075814
Cameroon,1898,1.1971681
Cameroon,1899,1.8312987
Cameroon,1900,3.5608134
Cameroon,1901,1.0023925
Cameroon,1902,0.94611233
Cameroon,1903,1.045957
Cameroon,1904,2.037435
Cameroon,1905,1.820273
Cameroon,1906,0.8277761
Cameroon,1907,0.48704514
Cameroon,1908,1.4698523
Cameroon,1909,1.9232397
Cameroon,1910,1.6537833
Cameroon,1911,2.6467412
Cameroon,1912,3.0159109
Cameroon,1913,1.4673469
Cameroon,1914,2.1798112
Cameroon,1915,8.096616
Cameroon,1916,4.3234
Cameroon,1917,3.4969234
Cameroon,1918,1.6294833
Cameroon,1919,1.1419392
Cameroon,1920,1.9634695
Cameroon,1921,0.47568792
Cameroon,1922,3.6009626
Cameroon,1923,2.1845417
Cameroon,1924,3.406247
Cameroon,1925,3.792403
Cameroon,1926,3.4059975
Cameroon,1927,4.6062446
Cameroon,1928,1.8344827
Cameroon,1929,1.4816276
Cameroon,1930,4.0027485
Cameroon,1931,6.3920426
Cameroon,1932,7.8598905
Cameroon,1933,7.4022036
Cameroon,1934,5.8976727
Cameroon,1935,7.028697
Cameroon,1936,5.8150997
Cameroon,1937,4.138
Cameroon,1938,9.1890545
Cameroon,1939,7.1042094
Cameroon,1940,8.168667
Cameroon,1941,11.699749
Cameroon,1942,12.71383
Cameroon,1943,14.491148
Cameroon,1944,12.744294
Cameroon,1945,14.142402
Cameroon,1946,14.438787
Cameroon,1947,12.409672
Cameroon,1948,14.202423
Cameroon,1949,14.963837
Cameroon,1950,11.412892
Cameroon,1951,13.07319
Cameroon,1952,10.129412
Cameroon,1953,9.792669
Cameroon,1954,10.572016
Cameroon,1955,11.35698
Cameroon,1956,10.2700815
Cameroon,1957,10.6555605
Cameroon,1958,11.339839
Cameroon,1959,13.089455
Cameroon,1960,9.021072
Cameroon,1961,8.069292
Cameroon,1962,7.680415
Cameroon,1963,6.6461005
Cameroon,1964,9.096375
Cameroon,1965,6.980638
Cameroon,1966,5.6105533
Cameroon,1967,7.787128
Cameroon,1968,5.6980762
Cameroon,1969,5.4689736
Cameroon,1970,4.541824
Cameroon,1971,5.3587418
Cameroon,1972,5.0323553
Cameroon,1973,6.195764
Cameroon,1974,6.5064683
Cameroon,1975,7.2768106
Cameroon,1976,6.7922344
Cameroon,1977,5.861177
Cameroon,1978,7.501773
Cameroon,1979,6.021722
Cameroon,1980,3.7613497
Cameroon,1981,4.1575985
Cameroon,1982,3.4945028
Cameroon,1983,3.0577374
Cameroon,1984,2.5200024
Cameroon,1985,3.6505685
Cameroon,1986,2.0655525
Cameroon,1987,2.0736418
Cameroon,1988,1.9592274
Cameroon,1989,1.750163
Cameroon,1990,1.978833
Cameroon,1991,1.3498734
Cameroon,1992,0.97806007
Cameroon,1993,0.767973
Cameroon,1994,1.9686736
Cameroon,1995,1.2081308
Cameroon,1996,1.2941498
Cameroon,1997,2.0677714
Cameroon,1998,2.752578
Cameroon,1999,2.7101574
Cameroon,2000,2.1579154
Cameroon,2001,1.8286662
Cameroon,2002,1.2344047
Cameroon,2003,1.3608128
Cameroon,2004,1.5022764
Cameroon,2005,1.1967508
Cameroon,2006,1.4481581
Cameroon,2007,1.5440302
Cameroon,2008,2.7952595
Cameroon,2009,3.7574422
Cameroon,2010,2.2566352
Cameroon,2011,1.9142678
Cameroon,2012,1.651257
Cameroon,2013,1.9415871
Cameroon,2014,0.90339977
Cameroon,2015,1.5456536
Cameroon,2016,1.2435292
Cameroon,2017,1.4532793
Cameroon,2018,1.108635
Cameroon,2019,0.86828136
Cameroon,2020,0.8648646
Cameroon,2021,0.9505567
Cameroon,2022,0.7954657
Cameroon,2023,0.73647815
Canada,1850,28.60831
Canada,1851,38.30023
Canada,1852,42.377388
Canada,1853,31.932405
Canada,1854,26.47868
Canada,1855,24.70335
Canada,1856,25.631664
Canada,1857,31.114424
Canada,1858,34.768448
Canada,1859,37.85398
Canada,1860,37.42375
Canada,1861,34.69481
Canada,1862,29.16191
Canada,1863,34.079693
Canada,1864,37.346107
Canada,1865,31.968115
Canada,1866,39.137417
Canada,1867,41.340298
Canada,1868,39.022507
Canada,1869,49.13911
Canada,1870,41.535385
Canada,1871,20.294119
Canada,1872,34.5727
Canada,1873,24.620802
Canada,1874,32.73838
Canada,1875,33.13692
Canada,1876,31.397194
Canada,1877,24.945118
Canada,1878,24.601421
Canada,1879,19.793589
Canada,1880,30.554579
Canada,1881,26.168415
Canada,1882,35.08658
Canada,1883,34.027164
Canada,1884,31.247534
Canada,1885,39.787476
Canada,1886,35.01471
Canada,1887,29.63345
Canada,1888,30.255093
Canada,1889,35.63055
Canada,1890,28.88295
Canada,1891,23.005892
Canada,1892,21.190184
Canada,1893,29.814821
Canada,1894,30.152332
Canada,1895,35.12698
Canada,1896,23.676521
Canada,1897,28.217854
Canada,1898,21.157043
Canada,1899,21.028446
Canada,1900,40.78457
Canada,1901,40.76651
Canada,1902,38.947327
Canada,1903,39.85778
Canada,1904,39.41513
Canada,1905,44.28615
Canada,1906,44.713814
Canada,1907,43.78581
Canada,1908,42.02334
Canada,1909,47.853947
Canada,1910,45.883553
Canada,1911,45.346718
Canada,1912,48.483807
Canada,1913,43.743195
Canada,1914,44.275192
Canada,1915,48.673534
Canada,1916,46.22135
Canada,1917,51.352726
Canada,1918,50.913837
Canada,1919,49.36479
Canada,1920,42.615585
Canada,1921,41.105972
Canada,1922,40.490276
Canada,1923,37.5934
Canada,1924,37.974075
Canada,1925,36.659294
Canada,1926,37.99147
Canada,1927,35.058758
Canada,1928,30.551668
Canada,1929,30.673225
Canada,1930,33.689217
Canada,1931,33.96744
Canada,1932,31.461782
Canada,1933,32.775066
Canada,1934,33.533543
Canada,1935,33.433598
Canada,1936,31.285484
Canada,1937,30.473886
Canada,1938,30.815113
Canada,1939,30.82611
Canada,1940,26.721813
Canada,1941,28.727177
Canada,1942,27.881613
Canada,1943,25.747772
Canada,1944,25.691332
Canada,1945,26.436787
Canada,1946,23.454933
Canada,1947,25.472826
Canada,1948,24.31778
Canada,1949,21.987452
Canada,1950,26.250832
Canada,1951,27.18623
Canada,1952,24.29092
Canada,1953,26.636196
Canada,1954,26.008802
Canada,1955,25.187748
Canada,1956,25.884521
Canada,1957,23.502623
Canada,1958,24.82271
Canada,1959,24.19136
Canada,1960,20.122396
Canada,1961,19.665993
Canada,1962,18.953638
Canada,1963,17.653276
Canada,1964,17.595966
Canada,1965,18.621696
Canada,1966,14.453536
Canada,1967,13.610491
Canada,1968,12.784019
Canada,1969,12.2797165
Canada,1970,12.07478
Canada,1971,11.534902
Canada,1972,11.297401
Canada,1973,11.159686
Canada,1974,10.300665
Canada,1975,9.98041
Canada,1976,10.7635975
Canada,1977,10.573189
Canada,1978,10.7196455
Canada,1979,9.359992
Canada,1980,11.245767
Canada,1981,10.922499
Canada,1982,8.929389
Canada,1983,9.026611
Canada,1984,9.815286
Canada,1985,10.111831
Canada,1986,9.720778
Canada,1987,9.1635275
Canada,1988,9.846892
Canada,1989,8.762155
Canada,1990,9.373222
Canada,1991,8.190431
Canada,1992,7.9869585
Canada,1993,7.342888
Canada,1994,8.1550045
Canada,1995,6.944694
Canada,1996,7.884802
Canada,1997,6.76031
Canada,1998,7.4317484
Canada,1999,7.8893914
Canada,2000,7.1599956
Canada,2001,8.422043
Canada,2002,6.801854
Canada,2003,6.722189
Canada,2004,7.236597
Canada,2005,7.107988
Canada,2006,6.0270624
Canada,2007,5.3674126
Canada,2008,4.1082153
Canada,2009,3.2789488
Canada,2010,2.5038035
Canada,2011,3.9775188
Canada,2012,3.1225336
Canada,2013,3.4223626
Canada,2014,4.6076097
Canada,2015,3.9724886
Canada,2016,3.661224
Canada,2017,3.905135
Canada,2018,2.7239313
Canada,2019,2.6274393
Canada,2020,2.3369484
Canada,2021,2.2293205
Canada,2022,2.7599103
Canada,2023,2.6648095
Cape Verde,1850,0.31287983
Cape Verde,1851,0.31423265
Cape Verde,1852,0.31315842
Cape Verde,1853,0.31022027
Cape Verde,1854,0.3068517
Cape Verde,1855,0.30352294
Cape Verde,1856,0.29978946
Cape Verde,1857,0.29566973
Cape Verde,1858,0.2916105
Cape Verde,1859,0.28803104
Cape Verde,1860,0.30076894
Cape Verde,1861,0.30405444
Cape Verde,1862,0.30313858
Cape Verde,1863,0.30019337
Cape Verde,1864,0.29648358
Cape Verde,1865,0.29282406
Cape Verde,1866,0.28844044
Cape Verde,1867,0.28412792
Cape Verde,1868,0.27988294
Cape Verde,1869,0.27570212
Cape Verde,1870,0.27885652
Cape Verde,1871,0.278293
Cape Verde,1872,0.27663243
Cape Verde,1873,0.27392238
Cape Verde,1874,0.2708949
Cape Verde,1875,0.2675593
Cape Verde,1876,0.26460433
Cape Verde,1877,0.26102042
Cape Verde,1878,0.2578147
Cape Verde,1879,0.25432834
Cape Verde,1880,0.25913832
Cape Verde,1881,0.25970504
Cape Verde,1882,0.25836074
Cape Verde,1883,0.25639838
Cape Verde,1884,0.25384364
Cape Verde,1885,0.25101778
Cape Verde,1886,0.24793106
Cape Verde,1887,0.24517238
Cape Verde,1888,0.24187826
Cape Verde,1889,0.2389083
Cape Verde,1890,0.24345608
Cape Verde,1891,0.24374202
Cape Verde,1892,0.24290074
Cape Verde,1893,0.24097563
Cape Verde,1894,0.2385372
Cape Verde,1895,0.2361215
Cape Verde,1896,0.23321798
Cape Verde,1897,0.23060511
Cape Verde,1898,0.22777377
Cape Verde,1899,0.22497796
Cape Verde,1900,0.22536594
Cape Verde,1901,0.22451125
Cape Verde,1902,0.22340457
Cape Verde,1903,0.22182526
Cape Verde,1904,0.21979
Cape Verde,1905,0.21777184
Cape Verde,1906,0.21577117
Cape Verde,1907,0.21356528
Cape Verde,1908,0.21138337
Cape Verde,1909,0.2099874
Cape Verde,1910,0.21879306
Cape Verde,1911,0.2236242
Cape Verde,1912,0.22735368
Cape Verde,1913,0.23089828
Cape Verde,1914,0.23427194
Cape Verde,1915,0.23702404
Cape Verde,1916,0.2398088
Cape Verde,1917,0.242628
Cape Verde,1918,0.24592608
Cape Verde,1919,0.24773638
Cape Verde,1920,0.25680724
Cape Verde,1921,0.26032504
Cape Verde,1922,0.26035184
Cape Verde,1923,0.25832874
Cape Verde,1924,0.25564137
Cape Verde,1925,0.25254124
Cape Verde,1926,0.24947858
Cape Verde,1927,0.24645215
Cape Verde,1928,0.24325013
Cape Verde,1929,0.23968853
Cape Verde,1930,0.24271917
Cape Verde,1931,0.24177626
Cape Verde,1932,0.23902893
Cape Verde,1933,0.23516051
Cape Verde,1934,0.23078337
Cape Verde,1935,0.22648643
Cape Verde,1936,0.22190839
Cape Verde,1937,0.21759701
Cape Verde,1938,0.21302524
Cape Verde,1939,0.21060295
Cape Verde,1940,0.21642643
Cape Verde,1941,0.220879
Cape Verde,1942,0.2257778
Cape Verde,1943,0.23197308
Cape Verde,1944,0.23797327
Cape Verde,1945,0.2439419
Cape Verde,1946,0.2498705
Cape Verde,1947,0.25575158
Cape Verde,1948,0.26176876
Cape Verde,1949,0.26505715
Cape Verde,1950,0.8196199
Cape Verde,1951,0.90875655
Cape Verde,1952,0.7391918
Cape Verde,1953,0.5496497
Cape Verde,1954,0.38018158
Cape Verde,1955,0.25816405
Cape Verde,1956,0.18819664
Cape Verde,1957,0.17290615
Cape Verde,1958,0.2114769
Cape Verde,1959,0.29960003
Cape Verde,1960,0.18181717
Cape Verde,1961,0.12523088
Cape Verde,1962,0.09247312
Cape Verde,1963,0.071576856
Cape Verde,1964,0.0576723
Cape Verde,1965,0.04759219
Cape Verde,1966,0.040124927
Cape Verde,1967,0.03420683
Cape Verde,1968,0.029298978
Cape Verde,1969,0.024802333
Cape Verde,1970,0.020875389
Cape Verde,1971,0.018070318
Cape Verde,1972,0.018730406
Cape Verde,1973,0.03177225
Cape Verde,1974,0.028462343
Cape Verde,1975,0.013538864
Cape Verde,1976,0.007341855
Cape Verde,1977,0.004216921
Cape Verde,1978,0.00254995
Cape Verde,1979,0.001605815
Cape Verde,1980,0.000113344
Cape Verde,1981,0.000447076
Cape Verde,1982,0.001431732
Cape Verde,1983,0.00238755
Cape Verde,1984,0.003316699
Cape Verde,1985,0.002953776
Cape Verde,1986,0.004472567
Cape Verde,1987,0.43577048
Cape Verde,1988,0.21400107
Cape Verde,1989,0.329276
Cape Verde,1990,0.1790074
Cape Verde,1991,0.305751
Cape Verde,1992,0.16504672
Cape Verde,1993,0.12798822
Cape Verde,1994,0.2690492
Cape Verde,1995,0.20096186
Cape Verde,1996,0.47838137
Cape Verde,1997,0.27423716
Cape Verde,1998,0.15814473
Cape Verde,1999,0.1498488
Cape Verde,2000,0.4305919
Cape Verde,2001,0.38354903
Cape Verde,2002,0.22375762
Cape Verde,2003,0.28958276
Cape Verde,2004,0.17535271
Cape Verde,2005,0.10559666
Cape Verde,2006,0.10991679
Cape Verde,2007,0.37138554
Cape Verde,2008,0.1973374
Cape Verde,2009,0.119021684
Cape Verde,2010,0.29930094
Cape Verde,2011,0.14959665
Cape Verde,2012,0.19403663
Cape Verde,2013,0.09128112
Cape Verde,2014,0.06165304
Cape Verde,2015,0.028819704
Cape Verde,2016,0.076710306
Cape Verde,2017,0.05751256
Cape Verde,2018,0.01891371
Cape Verde,2019,0.003064808
Cape Verde,2020,-0.002634271
Cape Verde,2021,0.010354891
Cape Verde,2022,0.01586318
Cape Verde,2023,0.018239677
Central African Republic,1850,1.2157968
Central African Republic,1851,0.9224883
Central African Republic,1852,0.858757
Central African Republic,1853,0.77253675
Central African Republic,1854,0.8491762
Central African Republic,1855,0.80435365
Central African Republic,1856,0.81549937
Central African Republic,1857,0.8285047
Central African Republic,1858,0.8463426
Central African Republic,1859,0.7744056
Central African Republic,1860,0.74209136
Central African Republic,1861,0.87214184
Central African Republic,1862,0.8037926
Central African Republic,1863,0.79612947
Central African Republic,1864,0.75539356
Central African Republic,1865,0.7566993
Central African Republic,1866,0.74648196
Central African Republic,1867,0.7068561
Central African Republic,1868,0.7055056
Central African Republic,1869,0.699788
Central African Republic,1870,0.73365027
Central African Republic,1871,0.83198553
Central African Republic,1872,0.708594
Central African Republic,1873,0.80215085
Central African Republic,1874,0.80749446
Central African Republic,1875,0.79413086
Central African Republic,1876,0.8484043
Central African Republic,1877,0.82644767
Central African Republic,1878,0.8563213
Central African Republic,1879,0.79162174
Central African Republic,1880,0.91693676
Central African Republic,1881,1.0224984
Central African Republic,1882,0.9057881
Central African Republic,1883,0.98809236
Central African Republic,1884,0.939877
Central African Republic,1885,0.917419
Central African Republic,1886,0.93243414
Central African Republic,1887,1.0059861
Central African Republic,1888,0.95213807
Central African Republic,1889,0.938057
Central African Republic,1890,1.0342767
Central African Republic,1891,1.0825828
Central African Republic,1892,1.0906236
Central African Republic,1893,1.075495
Central African Republic,1894,1.1620815
Central African Republic,1895,1.288077
Central African Republic,1896,1.1795498
Central African Republic,1897,1.1092799
Central African Republic,1898,1.1628798
Central African Republic,1899,1.3048772
Central African Republic,1900,1.3439276
Central African Republic,1901,1.3896947
Central African Republic,1902,1.4407073
Central African Republic,1903,1.4502597
Central African Republic,1904,1.4794946
Central African Republic,1905,1.4974494
Central African Republic,1906,1.7700883
Central African Republic,1907,1.5575948
Central African Republic,1908,1.8860403
Central African Republic,1909,1.7490218
Central African Republic,1910,1.9222727
Central African Republic,1911,2.2648025
Central African Republic,1912,2.2955542
Central African Republic,1913,2.2785988
Central African Republic,1914,2.369574
Central African Republic,1915,2.1649506
Central African Republic,1916,2.4499316
Central African Republic,1917,2.4794593
Central African Republic,1918,2.22947
Central African Republic,1919,2.3086264
Central African Republic,1920,2.7560425
Central African Republic,1921,3.2359672
Central African Republic,1922,3.3411522
Central African Republic,1923,3.7816217
Central African Republic,1924,3.7864647
Central African Republic,1925,3.8824663
Central African Republic,1926,3.4748745
Central African Republic,1927,3.6665237
Central African Republic,1928,3.5877209
Central African Republic,1929,3.711496
Central African Republic,1930,4.283435
Central African Republic,1931,4.995202
Central African Republic,1932,5.360562
Central African Republic,1933,5.6892653
Central African Republic,1934,5.7807045
Central African Republic,1935,6.4019756
Central African Republic,1936,6.0819883
Central African Republic,1937,6.032137
Central African Republic,1938,5.8258553
Central African Republic,1939,5.6570225
Central African Republic,1940,9.649927
Central African Republic,1941,12.8021555
Central African Republic,1942,13.879324
Central African Republic,1943,14.922639
Central African Republic,1944,15.247127
Central African Republic,1945,15.6400385
Central African Republic,1946,15.844083
Central African Republic,1947,15.508878
Central African Republic,1948,15.531447
Central African Republic,1949,15.678991
Central African Republic,1950,12.683473
Central African Republic,1951,9.498251
Central African Republic,1952,8.275171
Central African Republic,1953,7.382553
Central African Republic,1954,6.8675127
Central African Republic,1955,6.713305
Central African Republic,1956,6.779186
Central African Republic,1957,6.9180546
Central African Republic,1958,7.1337895
Central African Republic,1959,7.1192517
Central African Republic,1960,5.3407264
Central African Republic,1961,4.5718727
Central African Republic,1962,4.069773
Central African Republic,1963,3.9960482
Central African Republic,1964,3.6406343
Central African Republic,1965,3.45722
Central African Republic,1966,3.283027
Central African Republic,1967,3.214278
Central African Republic,1968,3.044833
Central African Republic,1969,3.0314186
Central African Republic,1970,2.9694152
Central African Republic,1971,2.949011
Central African Republic,1972,2.9159892
Central African Republic,1973,2.9299285
Central African Republic,1974,3.2733326
Central African Republic,1975,3.022871
Central African Republic,1976,2.9022465
Central African Republic,1977,2.7843058
Central African Republic,1978,2.737881
Central African Republic,1979,2.8939888
Central African Republic,1980,2.3517327
Central African Republic,1981,2.262087
Central African Republic,1982,2.014372
Central African Republic,1983,1.950478
Central African Republic,1984,1.960182
Central African Republic,1985,1.927348
Central African Republic,1986,1.8998609
Central African Republic,1987,1.8357763
Central African Republic,1988,1.7304927
Central African Republic,1989,1.6564617
Central African Republic,1990,1.6418561
Central African Republic,1991,1.5607386
Central African Republic,1992,1.6091307
Central African Republic,1993,1.5594956
Central African Republic,1994,1.6081064
Central African Republic,1995,1.5036814
Central African Republic,1996,1.4115107
Central African Republic,1997,1.6118637
Central African Republic,1998,2.1350436
Central African Republic,1999,1.9764515
Central African Republic,2000,2.1402502
Central African Republic,2001,1.8992215
Central African Republic,2002,1.4995196
Central African Republic,2003,1.4559063
Central African Republic,2004,1.305938
Central African Republic,2005,1.162387
Central African Republic,2006,1.0089058
Central African Republic,2007,1.0309657
Central African Republic,2008,2.684889
Central African Republic,2009,1.3727473
Central African Republic,2010,1.0335962
Central African Republic,2011,1.0537825
Central African Republic,2012,0.9352138
Central African Republic,2013,1.264417
Central African Republic,2014,0.79471344
Central African Republic,2015,0.7388978
Central African Republic,2016,0.8322338
Central African Republic,2017,1.2546667
Central African Republic,2018,0.7618857
Central African Republic,2019,0.6378097
Central African Republic,2020,0.5822504
Central African Republic,2021,0.7271167
Central African Republic,2022,0.80955344
Central African Republic,2023,0.7925173
Chad,1850,4.753705
Chad,1851,7.530341
Chad,1852,9.372775
Chad,1853,10.69545
Chad,1854,11.718154
Chad,1855,12.526407
Chad,1856,13.178822
Chad,1857,13.702927
Chad,1858,14.17091
Chad,1859,14.5244
Chad,1860,10.234244
Chad,1861,7.849171
Chad,1862,6.3145323
Chad,1863,5.2536654
Chad,1864,4.467866
Chad,1865,3.853351
Chad,1866,3.3578944
Chad,1867,2.9513698
Chad,1868,2.599909
Chad,1869,2.2995636
Chad,1870,2.0670896
Chad,1871,1.8480707
Chad,1872,1.6537461
Chad,1873,1.4826044
Chad,1874,1.3395724
Chad,1875,1.2013259
Chad,1876,1.0843048
Chad,1877,0.9780851
Chad,1878,0.8851248
Chad,1879,0.8029932
Chad,1880,0.73322254
Chad,1881,0.6838412
Chad,1882,0.63817656
Chad,1883,0.5951618
Chad,1884,0.5552389
Chad,1885,0.51859736
Chad,1886,0.48517522
Chad,1887,0.45479673
Chad,1888,0.42719257
Chad,1889,0.40294105
Chad,1890,0.43905523
Chad,1891,0.4374341
Chad,1892,0.42237875
Chad,1893,0.41043186
Chad,1894,0.3997436
Chad,1895,0.39012885
Chad,1896,0.38141552
Chad,1897,0.3741654
Chad,1898,0.36712548
Chad,1899,0.3593067
Chad,1900,0.39273635
Chad,1901,0.4192013
Chad,1902,0.44075215
Chad,1903,0.45339075
Chad,1904,0.45775977
Chad,1905,0.45969915
Chad,1906,0.46544653
Chad,1907,0.46209398
Chad,1908,0.4616344
Chad,1909,0.4610813
Chad,1910,0.51688963
Chad,1911,0.56403625
Chad,1912,0.60289544
Chad,1913,0.62295413
Chad,1914,0.6505369
Chad,1915,0.6610422
Chad,1916,0.6742097
Chad,1917,0.6960595
Chad,1918,0.68220294
Chad,1919,0.67820346
Chad,1920,0.76548606
Chad,1921,0.89203477
Chad,1922,0.9968935
Chad,1923,1.0729032
Chad,1924,1.1364706
Chad,1925,1.194708
Chad,1926,1.2333126
Chad,1927,1.2682205
Chad,1928,1.303
Chad,1929,1.348764
Chad,1930,1.5620906
Chad,1931,1.7912986
Chad,1932,1.8842988
Chad,1933,1.9889631
Chad,1934,2.062735
Chad,1935,2.0879502
Chad,1936,2.1272683
Chad,1937,2.1456273
Chad,1938,2.1744142
Chad,1939,2.166819
Chad,1940,2.867673
Chad,1941,3.521388
Chad,1942,3.9581823
Chad,1943,4.226109
Chad,1944,4.401061
Chad,1945,4.4987907
Chad,1946,4.5648546
Chad,1947,4.6292396
Chad,1948,4.601323
Chad,1949,4.645009
Chad,1950,4.3466215
Chad,1951,4.16004
Chad,1952,4.252042
Chad,1953,4.068218
Chad,1954,4.208769
Chad,1955,4.170002
Chad,1956,4.2016172
Chad,1957,4.135847
Chad,1958,4.1663094
Chad,1959,4.143699
Chad,1960,4.0949697
Chad,1961,3.1721814
Chad,1962,2.5148678
Chad,1963,1.9331719
Chad,1964,1.611358
Chad,1965,1.4898393
Chad,1966,1.1809628
Chad,1967,1.0886604
Chad,1968,0.9596977
Chad,1969,0.8783699
Chad,1970,0.82278425
Chad,1971,0.583531
Chad,1972,0.7529205
Chad,1973,0.87975746
Chad,1974,2.0103896
Chad,1975,2.7792246
Chad,1976,1.8566387
Chad,1977,1.9468129
Chad,1978,1.442327
Chad,1979,1.0936675
Chad,1980,0.92568535
Chad,1981,0.77507836
Chad,1982,0.7046255
Chad,1983,0.55645
Chad,1984,0.540772
Chad,1985,1.0810045
Chad,1986,0.78673315
Chad,1987,0.901119
Chad,1988,0.81722283
Chad,1989,1.1645824
Chad,1990,1.3228581
Chad,1991,0.99383795
Chad,1992,1.0568289
Chad,1993,0.94721454
Chad,1994,0.9218866
Chad,1995,0.6870002
Chad,1996,2.1955287
Chad,1997,1.4052298
Chad,1998,0.8264778
Chad,1999,0.8367086
Chad,2000,1.1990252
Chad,2001,0.8702432
Chad,2002,1.4052758
Chad,2003,1.9089599
Chad,2004,1.5743423
Chad,2005,0.99178016
Chad,2006,0.6780483
Chad,2007,0.46776998
Chad,2008,0.98309046
Chad,2009,1.7061335
Chad,2010,1.4669975
Chad,2011,2.49598
Chad,2012,3.0229783
Chad,2013,2.64812
Chad,2014,1.6451389
Chad,2015,1.5668359
Chad,2016,1.0170429
Chad,2017,0.7694939
Chad,2018,0.5636963
Chad,2019,0.4703704
Chad,2020,0.4265688
Chad,2021,0.38219962
Chad,2022,0.33436912
Chad,2023,0.28871006
Chile,1850,7.246844
Chile,1851,6.6769104
Chile,1852,6.7593136
Chile,1853,6.7978435
Chile,1854,7.723742
Chile,1855,5.844098
Chile,1856,6.6631675
Chile,1857,6.7209096
Chile,1858,8.270453
Chile,1859,7.6360803
Chile,1860,7.125583
Chile,1861,7.195186
Chile,1862,7.179823
Chile,1863,7.425823
Chile,1864,6.909321
Chile,1865,6.8860784
Chile,1866,7.6291857
Chile,1867,7.584767
Chile,1868,7.08385
Chile,1869,6.5210576
Chile,1870,7.5684037
Chile,1871,7.486057
Chile,1872,7.4458294
Chile,1873,7.506907
Chile,1874,7.4356556
Chile,1875,7.0216603
Chile,1876,5.744885
Chile,1877,6.53726
Chile,1878,7.3197584
Chile,1879,7.389403
Chile,1880,7.6416516
Chile,1881,7.6597586
Chile,1882,7.906864
Chile,1883,8.182791
Chile,1884,7.5175066
Chile,1885,7.741989
Chile,1886,7.4616456
Chile,1887,8.00263
Chile,1888,7.356304
Chile,1889,6.9214215
Chile,1890,7.3385396
Chile,1891,7.459169
Chile,1892,7.696727
Chile,1893,8.12945
Chile,1894,8.359849
Chile,1895,6.9581494
Chile,1896,7.235014
Chile,1897,7.8300576
Chile,1898,7.6652994
Chile,1899,7.7589617
Chile,1900,7.924331
Chile,1901,8.286038
Chile,1902,8.059032
Chile,1903,8.1206455
Chile,1904,8.494994
Chile,1905,8.672481
Chile,1906,8.652188
Chile,1907,8.742832
Chile,1908,8.803595
Chile,1909,9.676869
Chile,1910,9.713767
Chile,1911,10.139669
Chile,1912,9.591248
Chile,1913,8.256646
Chile,1914,7.622846
Chile,1915,7.834917
Chile,1916,10.151943
Chile,1917,9.884983
Chile,1918,9.479179
Chile,1919,9.150272
Chile,1920,9.333133
Chile,1921,8.2103815
Chile,1922,8.746134
Chile,1923,8.742183
Chile,1924,8.70607
Chile,1925,9.357716
Chile,1926,9.327085
Chile,1927,8.89823
Chile,1928,8.400065
Chile,1929,8.792806
Chile,1930,9.173967
Chile,1931,8.243384
Chile,1932,8.731706
Chile,1933,8.44887
Chile,1934,8.226782
Chile,1935,8.633036
Chile,1936,8.192213
Chile,1937,8.681555
Chile,1938,7.7592697
Chile,1939,7.811962
Chile,1940,7.520448
Chile,1941,7.459347
Chile,1942,7.327389
Chile,1943,7.330648
Chile,1944,6.7898955
Chile,1945,6.550231
Chile,1946,6.3338943
Chile,1947,5.551764
Chile,1948,5.883799
Chile,1949,5.776369
Chile,1950,5.162828
Chile,1951,4.668754
Chile,1952,4.822919
Chile,1953,5.049575
Chile,1954,5.297373
Chile,1955,5.558967
Chile,1956,5.686097
Chile,1957,5.6533995
Chile,1958,5.166998
Chile,1959,5.6513677
Chile,1960,5.7487493
Chile,1961,4.436574
Chile,1962,4.30666
Chile,1963,3.8746257
Chile,1964,3.6518934
Chile,1965,3.4091206
Chile,1966,3.2534995
Chile,1967,3.3370588
Chile,1968,3.0425196
Chile,1969,4.326702
Chile,1970,4.047907
Chile,1971,4.0316343
Chile,1972,4.5728464
Chile,1973,4.536182
Chile,1974,3.9205139
Chile,1975,5.030478
Chile,1976,2.992742
Chile,1977,2.4880424
Chile,1978,1.9073182
Chile,1979,1.6320094
Chile,1980,1.4954755
Chile,1981,1.2782071
Chile,1982,1.0550634
Chile,1983,0.9681887
Chile,1984,0.82956284
Chile,1985,0.70517474
Chile,1986,0.24467152
Chile,1987,0.28039563
Chile,1988,0.5214825
Chile,1989,0.14994578
Chile,1990,0.018929247
Chile,1991,-0.076922245
Chile,1992,-0.06408591
Chile,1993,0.49200815
Chile,1994,0.28370503
Chile,1995,0.54456097
Chile,1996,0.42357808
Chile,1997,0.9811351
Chile,1998,0.7087006
Chile,1999,0.8084798
Chile,2000,1.3643664
Chile,2001,1.4845829
Chile,2002,1.1318097
Chile,2003,1.8154414
Chile,2004,1.4609467
Chile,2005,1.6177739
Chile,2006,1.3261949
Chile,2007,1.5974265
Chile,2008,1.7153828
Chile,2009,1.65159
Chile,2010,1.563706
Chile,2011,1.6597818
Chile,2012,1.6497704
Chile,2013,1.6608025
Chile,2014,1.5808463
Chile,2015,1.594379
Chile,2016,1.5242189
Chile,2017,1.4635357
Chile,2018,1.3598123
Chile,2019,1.2614105
Chile,2020,1.165383
Chile,2021,1.0218924
Chile,2022,0.83671486
Chile,2023,0.65930146
China,1850,0.5984269
China,1851,0.59410906
China,1852,0.56642854
China,1853,0.6018072
China,1854,0.54909027
China,1855,0.5489591
China,1856,0.5323807
China,1857,0.5116002
China,1858,0.525911
China,1859,0.50334805
China,1860,0.44124565
China,1861,0.3577745
China,1862,0.30414012
China,1863,0.2789653
China,1864,0.20610635
China,1865,0.14371377
China,1866,0.10703927
China,1867,0.05389459
China,1868,0.006940888
China,1869,-0.039427385
China,1870,-0.043030914
China,1871,-0.013912973
China,1872,-0.03927766
China,1873,-0.07235503
China,1874,-0.059158772
China,1875,-0.084713414
China,1876,-0.077686705
China,1877,-0.081105664
China,1878,-0.07875102
China,1879,-0.09657132
China,1880,-0.024215272
China,1881,0.021160882
China,1882,0.014354258
China,1883,0.0207519
China,1884,0.063622154
China,1885,0.036189552
China,1886,0.061633185
China,1887,0.120923854
China,1888,0.10053839
China,1889,0.11799129
China,1890,0.19551554
China,1891,0.19741644
China,1892,0.2238303
China,1893,0.20201024
China,1894,0.21967557
China,1895,0.2465169
China,1896,0.26335666
China,1897,0.2733449
China,1898,0.27957532
China,1899,0.28097704
China,1900,0.33033654
China,1901,0.37490517
China,1902,0.41380918
China,1903,0.44820645
China,1904,0.43225896
China,1905,0.4378999
China,1906,0.4640791
China,1907,0.47193232
China,1908,0.4801213
China,1909,0.47670886
China,1910,0.5461329
China,1911,0.58547294
China,1912,0.5958687
China,1913,0.63015634
China,1914,0.6600961
China,1915,0.6549051
China,1916,0.6534737
China,1917,0.6733512
China,1918,0.6868788
China,1919,0.6607762
China,1920,0.5949708
China,1921,0.59333026
China,1922,0.5764014
China,1923,0.5899369
China,1924,0.5632581
China,1925,0.5773466
China,1926,0.5898714
China,1927,0.58281463
China,1928,0.5954038
China,1929,0.5969157
China,1930,0.72733086
China,1931,0.7752081
China,1932,0.82083267
China,1933,0.8551176
China,1934,0.88818216
China,1935,0.8990985
China,1936,0.9118884
China,1937,0.94704854
China,1938,0.94223213
China,1939,0.9679105
China,1940,1.0900205
China,1941,1.1344709
China,1942,1.1777449
China,1943,1.21652
China,1944,1.2410978
China,1945,1.2626979
China,1946,1.2998244
China,1947,1.2979302
China,1948,1.3001846
China,1949,1.3292581
China,1950,1.8745337
China,1951,2.3522556
China,1952,1.6833229
China,1953,1.5096333
China,1954,1.9434303
China,1955,1.7945336
China,1956,1.4718515
China,1957,1.3655828
China,1958,0.8868857
China,1959,0.86256176
China,1960,0.6344019
China,1961,1.4118994
China,1962,1.5104012
China,1963,1.6530172
China,1964,1.3981427
China,1965,1.7920325
China,1966,1.3719621
China,1967,0.95353633
China,1968,1.0623128
China,1969,1.901219
China,1970,1.5565667
China,1971,0.9837534
China,1972,1.73066
China,1973,1.5384289
China,1974,1.475585
China,1975,1.2633748
China,1976,1.0495824
China,1977,1.6412612
China,1978,1.8910342
China,1979,1.1217004
China,1980,1.077663
China,1981,0.9923928
China,1982,0.93225646
China,1983,0.86930144
China,1984,0.8183838
China,1985,0.7287937
China,1986,0.6973718
China,1987,0.6538861
China,1988,0.65358263
China,1989,0.66305435
China,1990,0.6653569
China,1991,0.6185618
China,1992,0.6738356
China,1993,0.65236694
China,1994,0.7391277
China,1995,0.65461373
China,1996,0.6783747
China,1997,0.6999458
China,1998,0.6808848
China,1999,0.6208297
China,2000,0.48060557
China,2001,0.38528052
China,2002,0.29967707
China,2003,0.27144998
China,2004,0.27832213
China,2005,0.2485871
China,2006,0.25018778
China,2007,0.23473237
China,2008,0.23488833
China,2009,0.23899576
China,2010,-0.03051221
China,2011,0.012504302
China,2012,0.01178926
China,2013,0.012520764
China,2014,-0.09416094
China,2015,-0.024702277
China,2016,-0.10240076
China,2017,-0.12713955
China,2018,-0.12425517
China,2019,-0.15859373
China,2020,-0.17673177
China,2021,-0.19536674
China,2022,-0.20073223
China,2023,-0.20847516
Colombia,1850,20.609585
Colombia,1851,19.589874
Colombia,1852,14.451439
Colombia,1853,15.835003
Colombia,1854,13.418628
Colombia,1855,13.298819
Colombia,1856,12.307695
Colombia,1857,12.273958
Colombia,1858,9.620332
Colombia,1859,10.511954
Colombia,1860,9.6398945
Colombia,1861,10.058976
Colombia,1862,10.358538
Colombia,1863,9.372694
Colombia,1864,11.027948
Colombia,1865,11.565686
Colombia,1866,9.702531
Colombia,1867,10.68181
Colombia,1868,9.625853
Colombia,1869,8.659845
Colombia,1870,17.249165
Colombia,1871,21.847029
Colombia,1872,21.676056
Colombia,1873,24.048433
Colombia,1874,24.3375
Colombia,1875,23.646654
Colombia,1876,24.227383
Colombia,1877,22.93438
Colombia,1878,23.908287
Colombia,1879,21.515045
Colombia,1880,24.707645
Colombia,1881,22.950096
Colombia,1882,23.939472
Colombia,1883,24.10015
Colombia,1884,23.959175
Colombia,1885,22.506947
Colombia,1886,23.529646
Colombia,1887,23.678488
Colombia,1888,20.651789
Colombia,1889,21.503363
Colombia,1890,22.516336
Colombia,1891,23.556051
Colombia,1892,24.241268
Colombia,1893,22.846218
Colombia,1894,23.08011
Colombia,1895,23.85477
Colombia,1896,23.592567
Colombia,1897,22.58806
Colombia,1898,22.249752
Colombia,1899,22.186201
Colombia,1900,25.568094
Colombia,1901,26.488726
Colombia,1902,26.272638
Colombia,1903,27.89215
Colombia,1904,27.331533
Colombia,1905,26.53172
Colombia,1906,26.502079
Colombia,1907,26.36673
Colombia,1908,25.637197
Colombia,1909,25.70844
Colombia,1910,27.495981
Colombia,1911,29.765835
Colombia,1912,31.8226
Colombia,1913,29.881697
Colombia,1914,31.518795
Colombia,1915,30.039206
Colombia,1916,29.882925
Colombia,1917,29.057844
Colombia,1918,29.99137
Colombia,1919,28.068512
Colombia,1920,30.552576
Colombia,1921,31.555382
Colombia,1922,31.513916
Colombia,1923,30.841707
Colombia,1924,30.546844
Colombia,1925,30.70748
Colombia,1926,30.562256
Colombia,1927,29.845356
Colombia,1928,29.2228
Colombia,1929,28.041348
Colombia,1930,24.340317
Colombia,1931,21.751692
Colombia,1932,21.034782
Colombia,1933,20.000458
Colombia,1934,19.435347
Colombia,1935,19.348621
Colombia,1936,18.877733
Colombia,1937,17.941658
Colombia,1938,17.156868
Colombia,1939,15.912388
Colombia,1940,24.352867
Colombia,1941,27.010984
Colombia,1942,28.35227
Colombia,1943,29.249226
Colombia,1944,28.199091
Colombia,1945,27.939724
Colombia,1946,27.549095
Colombia,1947,26.749382
Colombia,1948,25.833395
Colombia,1949,25.227936
Colombia,1950,27.006481
Colombia,1951,26.900051
Colombia,1952,26.383545
Colombia,1953,26.118437
Colombia,1954,24.839571
Colombia,1955,25.183245
Colombia,1956,25.140606
Colombia,1957,25.366646
Colombia,1958,26.483778
Colombia,1959,29.011076
Colombia,1960,16.548025
Colombia,1961,23.09001
Colombia,1962,18.070112
Colombia,1963,15.248139
Colombia,1964,19.527784
Colombia,1965,10.055877
Colombia,1966,6.96332
Colombia,1967,5.2305913
Colombia,1968,4.1549215
Colombia,1969,3.2965055
Colombia,1970,19.495338
Colombia,1971,8.294483
Colombia,1972,5.3430214
Colombia,1973,4.144226
Colombia,1974,3.3198216
Colombia,1975,2.8123772
Colombia,1976,3.605328
Colombia,1977,2.3646488
Colombia,1978,2.0842583
Colombia,1979,1.8209437
Colombia,1980,1.7472997
Colombia,1981,1.5502275
Colombia,1982,1.4809978
Colombia,1983,1.272607
Colombia,1984,1.3983253
Colombia,1985,1.1442251
Colombia,1986,0.98864394
Colombia,1987,0.7106325
Colombia,1988,0.5071213
Colombia,1989,0.3495304
Colombia,1990,0.079826355
Colombia,1991,0.74345434
Colombia,1992,0.6426226
Colombia,1993,0.75549096
Colombia,1994,0.40585002
Colombia,1995,1.6946657
Colombia,1996,1.9958165
Colombia,1997,3.335026
Colombia,1998,3.6136456
Colombia,1999,2.4766939
Colombia,2000,-0.009989094
Colombia,2001,-0.74962175
Colombia,2002,0.6833293
Colombia,2003,3.3355634
Colombia,2004,0.7174442
Colombia,2005,-0.064479515
Colombia,2006,0.8134031
Colombia,2007,0.48348925
Colombia,2008,-0.07887957
Colombia,2009,0.090566516
Colombia,2010,-0.257714
Colombia,2011,2.0330937
Colombia,2012,6.054838
Colombia,2013,2.5891526
Colombia,2014,1.7100455
Colombia,2015,1.509825
Colombia,2016,0.7407977
Colombia,2017,2.8399565
Colombia,2018,2.0173438
Colombia,2019,0.83458453
Colombia,2020,0.19006215
Colombia,2021,0.20004714
Colombia,2022,0.104704455
Colombia,2023,0.0563097
Comoros,1850,0.6598893
Comoros,1851,0.6562443
Comoros,1852,0.6491244
Comoros,1853,0.64161116
Comoros,1854,0.63417095
Comoros,1855,0.6268036
Comoros,1856,0.6206795
Comoros,1857,0.61402947
Comoros,1858,0.60860723
Comoros,1859,0.60264856
Comoros,1860,0.61724335
Comoros,1861,0.6197327
Comoros,1862,0.61879
Comoros,1863,0.61615914
Comoros,1864,0.6124294
Comoros,1865,0.6087146
Comoros,1866,0.6044871
Comoros,1867,0.6002824
Comoros,1868,0.5961182
Comoros,1869,0.5919769
Comoros,1870,0.607507
Comoros,1871,0.6206951
Comoros,1872,0.6289522
Comoros,1873,0.63394785
Comoros,1874,0.63626534
Comoros,1875,0.63697654
Comoros,1876,0.6371421
Comoros,1877,0.6362674
Comoros,1878,0.63536996
Comoros,1879,0.6334613
Comoros,1880,0.65185326
Comoros,1881,0.6556999
Comoros,1882,0.65555054
Comoros,1883,0.65440696
Comoros,1884,0.6517996
Comoros,1885,0.6487242
Comoros,1886,0.6456576
Comoros,1887,0.6421283
Comoros,1888,0.638623
Comoros,1889,0.6346764
Comoros,1890,0.652
Comoros,1891,0.6502459
Comoros,1892,0.6452935
Comoros,1893,0.63947237
Comoros,1894,0.6337079
Comoros,1895,0.6279918
Comoros,1896,0.62232417
Comoros,1897,0.61714476
Comoros,1898,0.61200726
Comoros,1899,0.60511905
Comoros,1900,0.61706233
Comoros,1901,0.61456466
Comoros,1902,0.60651726
Comoros,1903,0.59566724
Comoros,1904,0.58421797
Comoros,1905,0.57260287
Comoros,1906,0.56083566
Comoros,1907,0.54931253
Comoros,1908,0.537665
Comoros,1909,0.5266165
Comoros,1910,0.53283924
Comoros,1911,0.53175455
Comoros,1912,0.52647984
Comoros,1913,0.5198828
Comoros,1914,0.51173544
Comoros,1915,0.50338596
Comoros,1916,0.4945524
Comoros,1917,0.48556367
Comoros,1918,0.47699472
Comoros,1919,0.46986184
Comoros,1920,0.47912318
Comoros,1921,0.47751662
Comoros,1922,0.4740614
Comoros,1923,0.47130725
Comoros,1924,0.46801868
Comoros,1925,0.46502367
Comoros,1926,0.46150586
Comoros,1927,0.45828506
Comoros,1928,0.4548226
Comoros,1929,0.45164663
Comoros,1930,0.4632088
Comoros,1931,0.46832538
Comoros,1932,0.46997944
Comoros,1933,0.47004375
Comoros,1934,0.4693178
Comoros,1935,0.4678181
Comoros,1936,0.4658129
Comoros,1937,0.4638133
Comoros,1938,0.46157113
Comoros,1939,0.4593352
Comoros,1940,0.47180697
Comoros,1941,0.47435302
Comoros,1942,0.47369835
Comoros,1943,0.47183174
Comoros,1944,0.46973136
Comoros,1945,0.4671629
Comoros,1946,0.46437132
Comoros,1947,0.46136463
Comoros,1948,0.45860803
Comoros,1949,0.45432484
Comoros,1950,0.96790886
Comoros,1951,1.0905658
Comoros,1952,1.111072
Comoros,1953,1.0911232
Comoros,1954,1.0897443
Comoros,1955,1.0784694
Comoros,1956,1.0670366
Comoros,1957,1.0394549
Comoros,1958,0.9865333
Comoros,1959,0.48211023
Comoros,1960,0.015385144
Comoros,1961,-0.14552836
Comoros,1962,-0.2126777
Comoros,1963,-0.24080248
Comoros,1964,-0.24986424
Comoros,1965,-0.24922967
Comoros,1966,-0.24167007
Comoros,1967,-0.23213081
Comoros,1968,-0.22043525
Comoros,1969,-0.20797448
Comoros,1970,-0.19479862
Comoros,1971,-0.182442
Comoros,1972,-0.17076921
Comoros,1973,-0.15949282
Comoros,1974,-0.14877863
Comoros,1975,-0.13807093
Comoros,1976,-0.12833022
Comoros,1977,1.0261306
Comoros,1978,0.42518142
Comoros,1979,0.20065963
Comoros,1980,0.09515785
Comoros,1981,0.040611606
Comoros,1982,0.011081421
Comoros,1983,1.9422961
Comoros,1984,0.89057946
Comoros,1985,0.4917779
Comoros,1986,0.839741
Comoros,1987,0.6213953
Comoros,1988,0.35549787
Comoros,1989,0.22979532
Comoros,1990,0.32333097
Comoros,1991,0.1932862
Comoros,1992,0.607732
Comoros,1993,0.6270746
Comoros,1994,0.6553606
Comoros,1995,0.66132814
Comoros,1996,0.6611174
Comoros,1997,0.37395632
Comoros,1998,0.36749092
Comoros,1999,0.33626696
Comoros,2000,0.46480462
Comoros,2001,0.3748574
Comoros,2002,0.35356593
Comoros,2003,0.3381964
Comoros,2004,0.2003434
Comoros,2005,0.13484341
Comoros,2006,0.09749161
Comoros,2007,0.07400665
Comoros,2008,0.06573758
Comoros,2009,0.049203508
Comoros,2010,0.061944067
Comoros,2011,0.06532436
Comoros,2012,0.113264605
Comoros,2013,0.056421295
Comoros,2014,0.03841869
Comoros,2015,0.021934746
Comoros,2016,0.013832137
Comoros,2017,0.04411564
Comoros,2018,0.046206743
Comoros,2019,0.030978404
Comoros,2020,0.02000723
Comoros,2021,0.020332342
Comoros,2022,0.023763828
Comoros,2023,0.026111873
Congo,1850,7.5701265
Congo,1851,6.2727103
Congo,1852,10.268149
Congo,1853,0.27749166
Congo,1854,4.9084783
Congo,1855,4.6205683
Congo,1856,6.3441534
Congo,1857,3.9855225
Congo,1858,3.7491994
Congo,1859,8.949436
Congo,1860,3.836602
Congo,1861,3.5648842
Congo,1862,6.199209
Congo,1863,10.801801
Congo,1864,9.222943
Congo,1865,6.7720733
Congo,1866,4.6042347
Congo,1867,3.8835351
Congo,1868,5.0692353
Congo,1869,5.110238
Congo,1870,9.10409
Congo,1871,9.4885025
Congo,1872,4.1919155
Congo,1873,5.222726
Congo,1874,6.2345133
Congo,1875,7.875615
Congo,1876,3.4744928
Congo,1877,3.9839215
Congo,1878,6.1410484
Congo,1879,7.551588
Congo,1880,3.9153607
Congo,1881,8.170514
Congo,1882,10.494159
Congo,1883,7.745051
Congo,1884,6.119379
Congo,1885,7.5844135
Congo,1886,7.9624834
Congo,1887,6.020365
Congo,1888,7.8416843
Congo,1889,8.488489
Congo,1890,10.99039
Congo,1891,8.989833
Congo,1892,7.1998343
Congo,1893,8.419614
Congo,1894,9.2014065
Congo,1895,7.3204365
Congo,1896,7.652695
Congo,1897,8.810886
Congo,1898,9.91617
Congo,1899,10.926846
Congo,1900,13.498166
Congo,1901,11.304096
Congo,1902,12.874479
Congo,1903,11.534476
Congo,1904,13.146597
Congo,1905,12.389283
Congo,1906,15.34633
Congo,1907,10.396786
Congo,1908,13.819735
Congo,1909,15.152618
Congo,1910,16.048912
Congo,1911,20.583908
Congo,1912,15.057372
Congo,1913,15.9493475
Congo,1914,17.716526
Congo,1915,20.913082
Congo,1916,19.537561
Congo,1917,21.146334
Congo,1918,18.017647
Congo,1919,18.34058
Congo,1920,20.131233
Congo,1921,29.247486
Congo,1922,28.440357
Congo,1923,27.823143
Congo,1924,27.489794
Congo,1925,32.879425
Congo,1926,26.699778
Congo,1927,26.943651
Congo,1928,22.234703
Congo,1929,26.586306
Congo,1930,37.648933
Congo,1931,43.22178
Congo,1932,44.49274
Congo,1933,47.22078
Congo,1934,41.12192
Congo,1935,41.989235
Congo,1936,44.603054
Congo,1937,44.585197
Congo,1938,44.317986
Congo,1939,44.786472
Congo,1940,78.26791
Congo,1941,91.078
Congo,1942,96.819954
Congo,1943,102.24515
Congo,1944,100.25304
Congo,1945,102.48478
Congo,1946,101.124565
Congo,1947,102.59131
Congo,1948,102.256874
Congo,1949,98.33489
Congo,1950,91.9375
Congo,1951,91.31153
Congo,1952,92.95024
Congo,1953,92.90523
Congo,1954,89.85606
Congo,1955,91.37164
Congo,1956,95.05141
Congo,1957,94.714035
Congo,1958,95.34397
Congo,1959,97.411446
Congo,1960,56.677937
Congo,1961,36.471928
Congo,1962,27.916975
Congo,1963,21.626896
Congo,1964,18.952297
Congo,1965,15.544118
Congo,1966,11.89095
Congo,1967,11.308735
Congo,1968,8.971599
Congo,1969,9.100548
Congo,1970,7.140771
Congo,1971,7.724687
Congo,1972,7.414047
Congo,1973,7.1335373
Congo,1974,5.986803
Congo,1975,6.0663366
Congo,1976,5.250179
Congo,1977,4.257149
Congo,1978,2.7427037
Congo,1979,1.9499828
Congo,1980,3.051669
Congo,1981,7.0351324
Congo,1982,5.6057997
Congo,1983,3.4031622
Congo,1984,3.8478103
Congo,1985,2.7740715
Congo,1986,2.8153672
Congo,1987,2.452657
Congo,1988,2.1883187
Congo,1989,1.0849388
Congo,1990,2.0316982
Congo,1991,2.3308682
Congo,1992,2.9819844
Congo,1993,0.62010956
Congo,1994,3.3828733
Congo,1995,4.1089907
Congo,1996,5.152892
Congo,1997,10.20872
Congo,1998,12.020511
Congo,1999,12.233049
Congo,2000,9.46895
Congo,2001,6.479308
Congo,2002,4.707818
Congo,2003,5.865033
Congo,2004,4.730852
Congo,2005,4.1950274
Congo,2006,3.1062083
Congo,2007,4.6117716
Congo,2008,4.643496
Congo,2009,5.145041
Congo,2010,5.772756
Congo,2011,6.119334
Congo,2012,5.5432405
Congo,2013,5.078941
Congo,2014,3.3558154
Congo,2015,4.327173
Congo,2016,3.8890076
Congo,2017,4.152146
Congo,2018,2.4735503
Congo,2019,1.6277426
Congo,2020,3.1236992
Congo,2021,2.6612446
Congo,2022,2.5939236
Congo,2023,2.4685183
Cook Islands,1850,0
Cook Islands,1900,0
Cook Islands,1902,0
Cook Islands,1906,0
Cook Islands,1911,0
Cook Islands,1916,0
Cook Islands,1921,0
Cook Islands,1926,0
Cook Islands,1936,0
Cook Islands,1945,0
Cook Islands,1950,0
Cook Islands,1951,0
Cook Islands,1952,0
Cook Islands,1953,0
Cook Islands,1954,0
Cook Islands,1955,0
Cook Islands,1956,0
Cook Islands,1957,0
Cook Islands,1958,0
Cook Islands,1959,0
Cook Islands,1960,0
Cook Islands,1961,0
Cook Islands,1962,0
Cook Islands,1963,0
Cook Islands,1964,0
Cook Islands,1965,0
Cook Islands,1966,0
Cook Islands,1967,0
Cook Islands,1968,0
Cook Islands,1969,0
Cook Islands,1970,0
Cook Islands,1971,0
Cook Islands,1972,0
Cook Islands,1973,0
Cook Islands,1974,0
Cook Islands,1975,0
Cook Islands,1976,0
Cook Islands,1977,0
Cook Islands,1978,0
Cook Islands,1979,0
Cook Islands,1980,0
Cook Islands,1981,0
Cook Islands,1982,0
Cook Islands,1983,0
Cook Islands,1984,0
Cook Islands,1985,0
Cook Islands,1986,0
Cook Islands,1987,0
Cook Islands,1988,0
Cook Islands,1989,0
Cook Islands,1990,0
Cook Islands,1991,0
Cook Islands,1992,0
Cook Islands,1993,0
Cook Islands,1994,0
Cook Islands,1995,0
Cook Islands,1996,0
Cook Islands,1997,0
Cook Islands,1998,0
Cook Islands,1999,0
Cook Islands,2000,0
Cook Islands,2001,0
Cook Islands,2002,0
Cook Islands,2003,0
Cook Islands,2004,0
Cook Islands,2005,0
Cook Islands,2006,0
Cook Islands,2007,0
Cook Islands,2008,0
Cook Islands,2009,0
Cook Islands,2010,0
Cook Islands,2011,0
Cook Islands,2012,0
Cook Islands,2013,0
Cook Islands,2014,0
Cook Islands,2015,0
Cook Islands,2016,0
Cook Islands,2017,0
Cook Islands,2018,0
Cook Islands,2019,0
Cook Islands,2020,0
Cook Islands,2021,0
Cook Islands,2022,0
Cook Islands,2023,0
Costa Rica,1850,25.804508
Costa Rica,1851,22.734657
Costa Rica,1852,24.821985
Costa Rica,1853,20.075443
Costa Rica,1854,19.853569
Costa Rica,1855,20.023277
Costa Rica,1856,19.640446
Costa Rica,1857,18.581268
Costa Rica,1858,22.03651
Costa Rica,1859,19.629152
Costa Rica,1860,24.199432
Costa Rica,1861,26.898863
Costa Rica,1862,25.360842
Costa Rica,1863,29.087523
Costa Rica,1864,28.767546
Costa Rica,1865,28.853718
Costa Rica,1866,26.43766
Costa Rica,1867,28.018375
Costa Rica,1868,30.085302
Costa Rica,1869,27.96112
Costa Rica,1870,29.529009
Costa Rica,1871,30.240364
Costa Rica,1872,31.581743
Costa Rica,1873,30.868818
Costa Rica,1874,31.6701
Costa Rica,1875,30.027374
Costa Rica,1876,29.545454
Costa Rica,1877,28.445513
Costa Rica,1878,28.735617
Costa Rica,1879,27.185621
Costa Rica,1880,24.464222
Costa Rica,1881,25.63883
Costa Rica,1882,24.855917
Costa Rica,1883,23.190292
Costa Rica,1884,21.872007
Costa Rica,1885,21.347017
Costa Rica,1886,21.992226
Costa Rica,1887,20.915684
Costa Rica,1888,19.386673
Costa Rica,1889,18.384192
Costa Rica,1890,21.598038
Costa Rica,1891,25.055696
Costa Rica,1892,24.447445
Costa Rica,1893,23.79455
Costa Rica,1894,24.365013
Costa Rica,1895,25.219072
Costa Rica,1896,24.006544
Costa Rica,1897,23.090143
Costa Rica,1898,24.347239
Costa Rica,1899,23.625237
Costa Rica,1900,23.616554
Costa Rica,1901,23.05059
Costa Rica,1902,22.323357
Costa Rica,1903,20.818285
Costa Rica,1904,24.969807
Costa Rica,1905,21.49813
Costa Rica,1906,23.14593
Costa Rica,1907,18.327759
Costa Rica,1908,18.18606
Costa Rica,1909,22.537592
Costa Rica,1910,20.383413
Costa Rica,1911,24.662973
Costa Rica,1912,18.132336
Costa Rica,1913,19.362173
Costa Rica,1914,23.90638
Costa Rica,1915,20.40776
Costa Rica,1916,19.107088
Costa Rica,1917,19.499302
Costa Rica,1918,21.552698
Costa Rica,1919,18.83856
Costa Rica,1920,19.824232
Costa Rica,1921,14.591921
Costa Rica,1922,14.539716
Costa Rica,1923,12.4470415
Costa Rica,1924,13.298744
Costa Rica,1925,14.304524
Costa Rica,1926,11.532454
Costa Rica,1927,13.516665
Costa Rica,1928,13.049561
Costa Rica,1929,12.642003
Costa Rica,1930,18.229593
Costa Rica,1931,23.850693
Costa Rica,1932,31.401726
Costa Rica,1933,26.328491
Costa Rica,1934,28.1865
Costa Rica,1935,33.373623
Costa Rica,1936,32.51493
Costa Rica,1937,28.021519
Costa Rica,1938,34.624546
Costa Rica,1939,29.042366
Costa Rica,1940,37.302017
Costa Rica,1941,43.689472
Costa Rica,1942,41.712124
Costa Rica,1943,42.74633
Costa Rica,1944,38.781803
Costa Rica,1945,34.341595
Costa Rica,1946,37.476833
Costa Rica,1947,33.52706
Costa Rica,1948,30.014608
Costa Rica,1949,31.138199
Costa Rica,1950,30.644072
Costa Rica,1951,26.908243
Costa Rica,1952,25.877487
Costa Rica,1953,28.623543
Costa Rica,1954,29.209936
Costa Rica,1955,29.448893
Costa Rica,1956,28.877962
Costa Rica,1957,29.969297
Costa Rica,1958,29.244244
Costa Rica,1959,34.424786
Costa Rica,1960,19.302736
Costa Rica,1961,17.452257
Costa Rica,1962,13.25828
Costa Rica,1963,19.016033
Costa Rica,1964,20.610935
Costa Rica,1965,23.007622
Costa Rica,1966,12.050951
Costa Rica,1967,20.114895
Costa Rica,1968,20.485075
Costa Rica,1969,19.980518
Costa Rica,1970,15.361808
Costa Rica,1971,9.540007
Costa Rica,1972,29.474905
Costa Rica,1973,11.837855
Costa Rica,1974,18.726658
Costa Rica,1975,21.405977
Costa Rica,1976,23.086067
Costa Rica,1977,21.589586
Costa Rica,1978,22.970839
Costa Rica,1979,21.94846
Costa Rica,1980,23.532383
Costa Rica,1981,22.206438
Costa Rica,1982,10.3472185
Costa Rica,1983,17.07439
Costa Rica,1984,7.8486147
Costa Rica,1985,5.5714793
Costa Rica,1986,4.390308
Costa Rica,1987,3.3998764
Costa Rica,1988,1.6953733
Costa Rica,1989,0.54687196
Costa Rica,1990,1.5056235
Costa Rica,1991,0.5598971
Costa Rica,1992,0.6015976
Costa Rica,1993,0.5659236
Costa Rica,1994,2.1427267
Costa Rica,1995,0.7005491
Costa Rica,1996,0.89662844
Costa Rica,1997,0.20056842
Costa Rica,1998,0.39945963
Costa Rica,1999,-0.17667961
Costa Rica,2000,0.6568288
Costa Rica,2001,0.85098416
Costa Rica,2002,1.2423302
Costa Rica,2003,0.8021631
Costa Rica,2004,-0.006804521
Costa Rica,2005,0.24625368
Costa Rica,2006,0.14304806
Costa Rica,2007,0.39706588
Costa Rica,2008,1.1942718
Costa Rica,2009,1.1386082
Costa Rica,2010,0.5032615
Costa Rica,2011,0.017454518
Costa Rica,2012,0.44706723
Costa Rica,2013,0.5473351
Costa Rica,2014,0.9936679
Costa Rica,2015,0.5777763
Costa Rica,2016,0.69022673
Costa Rica,2017,0.44040704
Costa Rica,2018,0.21482497
Costa Rica,2019,0.84161675
Costa Rica,2020,1.7216299
Costa Rica,2021,1.0904588
Costa Rica,2022,1.0037702
Costa Rica,2023,0.97081697
Cote d'Ivoire,1850,126.284744
Cote d'Ivoire,1851,169.7094
Cote d'Ivoire,1852,194.90215
Cote d'Ivoire,1853,212.94333
Cote d'Ivoire,1854,220.51079
Cote d'Ivoire,1855,226.76376
Cote d'Ivoire,1856,230.66176
Cote d'Ivoire,1857,234.66835
Cote d'Ivoire,1858,237.7322
Cote d'Ivoire,1859,238.14291
Cote d'Ivoire,1860,128.87845
Cote d'Ivoire,1861,86.822
Cote d'Ivoire,1862,64.233086
Cote d'Ivoire,1863,50.038395
Cote d'Ivoire,1864,40.357864
Cote d'Ivoire,1865,33.226437
Cote d'Ivoire,1866,28.020077
Cote d'Ivoire,1867,23.958849
Cote d'Ivoire,1868,20.768936
Cote d'Ivoire,1869,18.311491
Cote d'Ivoire,1870,16.51435
Cote d'Ivoire,1871,15.123604
Cote d'Ivoire,1872,13.886834
Cote d'Ivoire,1873,12.50065
Cote d'Ivoire,1874,11.464862
Cote d'Ivoire,1875,10.578613
Cote d'Ivoire,1876,9.962184
Cote d'Ivoire,1877,9.292182
Cote d'Ivoire,1878,8.890545
Cote d'Ivoire,1879,8.342257
Cote d'Ivoire,1880,8.521242
Cote d'Ivoire,1881,8.389738
Cote d'Ivoire,1882,8.249346
Cote d'Ivoire,1883,7.9426713
Cote d'Ivoire,1884,7.804391
Cote d'Ivoire,1885,8.290862
Cote d'Ivoire,1886,7.7351294
Cote d'Ivoire,1887,7.426504
Cote d'Ivoire,1888,7.4015737
Cote d'Ivoire,1889,7.149499
Cote d'Ivoire,1890,8.023943
Cote d'Ivoire,1891,7.8378687
Cote d'Ivoire,1892,7.722735
Cote d'Ivoire,1893,7.8816824
Cote d'Ivoire,1894,7.7198625
Cote d'Ivoire,1895,7.656795
Cote d'Ivoire,1896,7.766853
Cote d'Ivoire,1897,7.6130037
Cote d'Ivoire,1898,7.4894023
Cote d'Ivoire,1899,7.4408617
Cote d'Ivoire,1900,8.15212
Cote d'Ivoire,1901,8.332064
Cote d'Ivoire,1902,8.750553
Cote d'Ivoire,1903,8.723427
Cote d'Ivoire,1904,8.761499
Cote d'Ivoire,1905,8.817296
Cote d'Ivoire,1906,8.745175
Cote d'Ivoire,1907,8.945368
Cote d'Ivoire,1908,8.584565
Cote d'Ivoire,1909,8.843419
Cote d'Ivoire,1910,9.931672
Cote d'Ivoire,1911,10.086453
Cote d'Ivoire,1912,10.756478
Cote d'Ivoire,1913,10.4602165
Cote d'Ivoire,1914,10.719242
Cote d'Ivoire,1915,10.629904
Cote d'Ivoire,1916,10.753341
Cote d'Ivoire,1917,10.827311
Cote d'Ivoire,1918,10.606557
Cote d'Ivoire,1919,10.520621
Cote d'Ivoire,1920,12.099427
Cote d'Ivoire,1921,12.9813175
Cote d'Ivoire,1922,13.716644
Cote d'Ivoire,1923,14.199737
Cote d'Ivoire,1924,13.520269
Cote d'Ivoire,1925,13.893059
Cote d'Ivoire,1926,13.786221
Cote d'Ivoire,1927,13.807241
Cote d'Ivoire,1928,13.567977
Cote d'Ivoire,1929,14.030049
Cote d'Ivoire,1930,17.646955
Cote d'Ivoire,1931,19.325481
Cote d'Ivoire,1932,19.84282
Cote d'Ivoire,1933,20.512733
Cote d'Ivoire,1934,20.929192
Cote d'Ivoire,1935,21.170855
Cote d'Ivoire,1936,21.103207
Cote d'Ivoire,1937,21.115923
Cote d'Ivoire,1938,20.928759
Cote d'Ivoire,1939,20.201916
Cote d'Ivoire,1940,32.84958
Cote d'Ivoire,1941,38.55796
Cote d'Ivoire,1942,41.549026
Cote d'Ivoire,1943,42.215004
Cote d'Ivoire,1944,43.316387
Cote d'Ivoire,1945,43.29845
Cote d'Ivoire,1946,44.473892
Cote d'Ivoire,1947,43.217022
Cote d'Ivoire,1948,43.151005
Cote d'Ivoire,1949,43.34578
Cote d'Ivoire,1950,49.610893
Cote d'Ivoire,1951,56.800045
Cote d'Ivoire,1952,61.06218
Cote d'Ivoire,1953,65.30802
Cote d'Ivoire,1954,68.23911
Cote d'Ivoire,1955,70.072685
Cote d'Ivoire,1956,71.55234
Cote d'Ivoire,1957,73.77664
Cote d'Ivoire,1958,76.932846
Cote d'Ivoire,1959,78.61208
Cote d'Ivoire,1960,45.151768
Cote d'Ivoire,1961,45.26716
Cote d'Ivoire,1962,36.407608
Cote d'Ivoire,1963,30.484133
Cote d'Ivoire,1964,29.636497
Cote d'Ivoire,1965,22.570936
Cote d'Ivoire,1966,20.27184
Cote d'Ivoire,1967,16.541662
Cote d'Ivoire,1968,15.207881
Cote d'Ivoire,1969,12.317922
Cote d'Ivoire,1970,15.254769
Cote d'Ivoire,1971,13.000563
Cote d'Ivoire,1972,15.114347
Cote d'Ivoire,1973,21.506542
Cote d'Ivoire,1974,19.27659
Cote d'Ivoire,1975,17.932081
Cote d'Ivoire,1976,23.696896
Cote d'Ivoire,1977,22.462093
Cote d'Ivoire,1978,15.429185
Cote d'Ivoire,1979,10.922261
Cote d'Ivoire,1980,11.860277
Cote d'Ivoire,1981,13.072715
Cote d'Ivoire,1982,11.712919
Cote d'Ivoire,1983,16.156834
Cote d'Ivoire,1984,17.246315
Cote d'Ivoire,1985,13.675248
Cote d'Ivoire,1986,10.790355
Cote d'Ivoire,1987,13.206421
Cote d'Ivoire,1988,10.631845
Cote d'Ivoire,1989,8.332647
Cote d'Ivoire,1990,6.1944666
Cote d'Ivoire,1991,7.70662
Cote d'Ivoire,1992,10.441737
Cote d'Ivoire,1993,9.791238
Cote d'Ivoire,1994,8.220978
Cote d'Ivoire,1995,5.50911
Cote d'Ivoire,1996,4.027682
Cote d'Ivoire,1997,3.2208133
Cote d'Ivoire,1998,2.370434
Cote d'Ivoire,1999,2.1846204
Cote d'Ivoire,2000,1.8601776
Cote d'Ivoire,2001,1.4890033
Cote d'Ivoire,2002,2.082984
Cote d'Ivoire,2003,4.3373775
Cote d'Ivoire,2004,3.552276
Cote d'Ivoire,2005,3.8830624
Cote d'Ivoire,2006,3.585976
Cote d'Ivoire,2007,2.2591374
Cote d'Ivoire,2008,1.5730867
Cote d'Ivoire,2009,1.2521808
Cote d'Ivoire,2010,0.9552542
Cote d'Ivoire,2011,1.0912597
Cote d'Ivoire,2012,2.882584
Cote d'Ivoire,2013,2.4713151
Cote d'Ivoire,2014,6.13349
Cote d'Ivoire,2015,2.5457675
Cote d'Ivoire,2016,2.3128862
Cote d'Ivoire,2017,9.243253
Cote d'Ivoire,2018,5.1134114
Cote d'Ivoire,2019,3.660524
Cote d'Ivoire,2020,3.7976239
Cote d'Ivoire,2021,4.388035
Cote d'Ivoire,2022,4.622739
Cote d'Ivoire,2023,4.7411776
Croatia,1850,2.0970776
Croatia,1851,2.060367
Croatia,1852,2.1162834
Croatia,1853,2.1193419
Croatia,1854,2.065647
Croatia,1855,2.088625
Croatia,1856,2.1162744
Croatia,1857,2.1546273
Croatia,1858,2.138988
Croatia,1859,2.0784652
Croatia,1860,2.5015259
Croatia,1861,2.5388541
Croatia,1862,2.6028855
Croatia,1863,2.6245959
Croatia,1864,2.602686
Croatia,1865,2.720709
Croatia,1866,2.7837996
Croatia,1867,2.854075
Croatia,1868,2.828013
Croatia,1869,2.9471393
Croatia,1870,2.9912744
Croatia,1871,3.017632
Croatia,1872,3.1334455
Croatia,1873,3.1923547
Croatia,1874,3.176449
Croatia,1875,3.2320158
Croatia,1876,3.2974844
Croatia,1877,3.3676724
Croatia,1878,3.3611126
Croatia,1879,3.313299
Croatia,1880,3.4865484
Croatia,1881,3.4512725
Croatia,1882,3.5038645
Croatia,1883,3.5094473
Croatia,1884,3.4493415
Croatia,1885,3.573242
Croatia,1886,3.6252396
Croatia,1887,3.6563656
Croatia,1888,3.58961
Croatia,1889,3.6920006
Croatia,1890,3.7109709
Croatia,1891,3.6879315
Croatia,1892,3.784129
Croatia,1893,3.8080692
Croatia,1894,3.7378964
Croatia,1895,3.7576823
Croatia,1896,3.7871342
Croatia,1897,3.8244941
Croatia,1898,3.764517
Croatia,1899,3.6699533
Croatia,1900,3.828726
Croatia,1901,3.7962894
Croatia,1902,3.7392507
Croatia,1903,3.8145556
Croatia,1904,3.819986
Croatia,1905,3.7317684
Croatia,1906,3.7340083
Croatia,1907,3.7554264
Croatia,1908,3.7761717
Croatia,1909,3.6990337
Croatia,1910,3.8492544
Croatia,1911,4.0572987
Croatia,1912,4.0087357
Croatia,1913,4.0627537
Croatia,1914,4.059723
Croatia,1915,3.983064
Croatia,1916,4.118876
Croatia,1917,4.177034
Croatia,1918,4.1906576
Croatia,1919,4.1039515
Croatia,1920,4.2640104
Croatia,1921,4.304969
Croatia,1922,4.2809906
Croatia,1923,4.197812
Croatia,1924,4.083752
Croatia,1925,4.0720325
Croatia,1926,3.9820485
Croatia,1927,4.1366763
Croatia,1928,4.0308895
Croatia,1929,3.9749372
Croatia,1930,3.869697
Croatia,1931,3.9549465
Croatia,1932,3.827882
Croatia,1933,3.787461
Croatia,1934,3.7035167
Croatia,1935,3.8320427
Croatia,1936,3.6724176
Croatia,1937,3.5229738
Croatia,1938,3.651727
Croatia,1939,3.552702
Croatia,1940,3.4122949
Croatia,1941,3.4364688
Croatia,1942,3.5305395
Croatia,1943,3.6202228
Croatia,1944,3.4936643
Croatia,1945,3.5297189
Croatia,1946,3.6094627
Croatia,1947,3.4236016
Croatia,1948,3.2570736
Croatia,1949,3.4104133
Croatia,1950,3.229303
Croatia,1951,2.7767475
Croatia,1952,2.8436153
Croatia,1953,2.6003833
Croatia,1954,2.448037
Croatia,1955,2.296271
Croatia,1956,2.210504
Croatia,1957,2.257556
Croatia,1958,2.0972242
Croatia,1959,2.092615
Croatia,1960,1.814039
Croatia,1961,1.5714312
Croatia,1962,1.3689005
Croatia,1963,1.3030239
Croatia,1964,1.1643462
Croatia,1965,1.0079197
Croatia,1966,0.9317951
Croatia,1967,0.85866433
Croatia,1968,0.75405574
Croatia,1969,0.6205648
Croatia,1970,0.49808463
Croatia,1971,0.47481886
Croatia,1972,0.24282865
Croatia,1973,0.22998828
Croatia,1974,0.10590609
Croatia,1975,0.042244054
Croatia,1976,-0.048511926
Croatia,1977,0.044968054
Croatia,1978,-0.09825061
Croatia,1979,0.13779694
Croatia,1980,-0.055135332
Croatia,1981,-0.12914526
Croatia,1982,-0.10410412
Croatia,1983,-0.07132349
Croatia,1984,-0.13809562
Croatia,1985,-0.041437205
Croatia,1986,-0.11543155
Croatia,1987,-0.12846532
Croatia,1988,-0.10121383
Croatia,1989,-0.11883518
Croatia,1990,-0.16280648
Croatia,1991,3.9818819
Croatia,1992,1.2763572
Croatia,1993,1.2570122
Croatia,1994,2.2460465
Croatia,1995,-0.543463
Croatia,1996,-0.5499728
Croatia,1997,1.7005574
Croatia,1998,1.8258342
Croatia,1999,-2.8234742
Croatia,2000,-2.9771435
Croatia,2001,-3.1247878
Croatia,2002,-2.9338865
Croatia,2003,-3.0824952
Croatia,2004,-2.6172273
Croatia,2005,-2.6099167
Croatia,2006,-2.6549826
Croatia,2007,-1.0691029
Croatia,2008,-1.9720134
Croatia,2009,-1.5558921
Croatia,2010,-1.9135464
Croatia,2011,-1.6053519
Croatia,2012,2.2543437
Croatia,2013,-0.40931126
Croatia,2014,-0.19330603
Croatia,2015,-0.28059235
Croatia,2016,-0.83217967
Croatia,2017,-0.94399947
Croatia,2018,-0.68576765
Croatia,2019,-0.2906444
Croatia,2020,-0.6527537
Croatia,2021,-0.8067963
Croatia,2022,-0.8135005
Croatia,2023,-0.79342705
Cuba,1850,4.5230665
Cuba,1851,3.7444289
Cuba,1852,3.3388865
Cuba,1853,3.071423
Cuba,1854,2.8695219
Cuba,1855,2.7152364
Cuba,1856,2.5867682
Cuba,1857,2.4793444
Cuba,1858,2.3822343
Cuba,1859,2.3055794
Cuba,1860,2.238689
Cuba,1861,2.1857018
Cuba,1862,2.1583514
Cuba,1863,2.1351118
Cuba,1864,2.1382394
Cuba,1865,2.1248193
Cuba,1866,2.1302876
Cuba,1867,2.11272
Cuba,1868,2.1019385
Cuba,1869,2.1105375
Cuba,1870,2.284557
Cuba,1871,2.3264327
Cuba,1872,2.3286386
Cuba,1873,2.3266091
Cuba,1874,2.308383
Cuba,1875,2.2868319
Cuba,1876,2.2639294
Cuba,1877,2.2420926
Cuba,1878,2.2163951
Cuba,1879,2.1909251
Cuba,1880,2.2280629
Cuba,1881,2.2343776
Cuba,1882,2.236964
Cuba,1883,2.226285
Cuba,1884,2.2196836
Cuba,1885,2.2123957
Cuba,1886,2.1841319
Cuba,1887,2.1890833
Cuba,1888,2.1801865
Cuba,1889,2.1699088
Cuba,1890,2.2110329
Cuba,1891,2.2145977
Cuba,1892,2.2268157
Cuba,1893,2.2375019
Cuba,1894,2.2390153
Cuba,1895,2.2398787
Cuba,1896,2.240645
Cuba,1897,2.2392628
Cuba,1898,2.2477977
Cuba,1899,2.2308855
Cuba,1900,5.4127684
Cuba,1901,6.5289826
Cuba,1902,7.0311275
Cuba,1903,7.2503524
Cuba,1904,7.3221865
Cuba,1905,7.331399
Cuba,1906,7.292896
Cuba,1907,7.2165127
Cuba,1908,7.119412
Cuba,1909,7.0094423
Cuba,1910,8.635118
Cuba,1911,9.112638
Cuba,1912,9.253824
Cuba,1913,9.247349
Cuba,1914,9.174309
Cuba,1915,9.050025
Cuba,1916,8.902266
Cuba,1917,8.739151
Cuba,1918,8.564901
Cuba,1919,8.39447
Cuba,1920,8.616349
Cuba,1921,8.575876
Cuba,1922,8.471297
Cuba,1923,8.3405285
Cuba,1924,8.196413
Cuba,1925,8.032267
Cuba,1926,7.8698864
Cuba,1927,7.703357
Cuba,1928,7.5355434
Cuba,1929,7.3790603
Cuba,1930,5.5030465
Cuba,1931,4.746037
Cuba,1932,4.3149576
Cuba,1933,4.024414
Cuba,1934,3.806237
Cuba,1935,3.6273339
Cuba,1936,3.4831736
Cuba,1937,3.356672
Cuba,1938,3.2434325
Cuba,1939,3.138788
Cuba,1940,6.40886
Cuba,1941,7.516852
Cuba,1942,8.001125
Cuba,1943,8.212343
Cuba,1944,8.289386
Cuba,1945,8.286835
Cuba,1946,8.235571
Cuba,1947,8.152855
Cuba,1948,8.049204
Cuba,1949,7.93624
Cuba,1950,12.19908
Cuba,1951,11.501213
Cuba,1952,23.459923
Cuba,1953,11.0747175
Cuba,1954,8.756266
Cuba,1955,5.684725
Cuba,1956,4.097964
Cuba,1957,3.0943394
Cuba,1958,3.197027
Cuba,1959,2.35468
Cuba,1960,1.6142356
Cuba,1961,9.031636
Cuba,1962,11.581044
Cuba,1963,26.81243
Cuba,1964,10.768153
Cuba,1965,5.5651383
Cuba,1966,8.235896
Cuba,1967,9.644177
Cuba,1968,7.17149
Cuba,1969,12.967161
Cuba,1970,7.698432
Cuba,1971,18.523615
Cuba,1972,15.726086
Cuba,1973,7.2252073
Cuba,1974,9.025438
Cuba,1975,9.681181
Cuba,1976,5.8267126
Cuba,1977,3.47209
Cuba,1978,2.2636497
Cuba,1979,2.9914303
Cuba,1980,2.0693624
Cuba,1981,4.329796
Cuba,1982,4.280209
Cuba,1983,2.7081332
Cuba,1984,3.487089
Cuba,1985,6.4523168
Cuba,1986,8.489587
Cuba,1987,5.515576
Cuba,1988,3.18134
Cuba,1989,2.3302398
Cuba,1990,2.122403
Cuba,1991,3.4146066
Cuba,1992,2.0550482
Cuba,1993,1.5283127
Cuba,1994,1.5191311
Cuba,1995,0.4984135
Cuba,1996,2.7361772
Cuba,1997,1.1243918
Cuba,1998,1.4292217
Cuba,1999,0.45291957
Cuba,2000,3.0309556
Cuba,2001,1.2439073
Cuba,2002,0.42363557
Cuba,2003,0.09668177
Cuba,2004,1.0636965
Cuba,2005,0.2892224
Cuba,2006,-0.2095319
Cuba,2007,-0.43322754
Cuba,2008,-0.62782127
Cuba,2009,-0.75243497
Cuba,2010,-0.82846487
Cuba,2011,-1.6883705
Cuba,2012,-0.85465246
Cuba,2013,-0.955118
Cuba,2014,-0.8405447
Cuba,2015,-0.9919009
Cuba,2016,0.48958194
Cuba,2017,-0.15894476
Cuba,2018,0.60071045
Cuba,2019,-0.08558208
Cuba,2020,-0.2998426
Cuba,2021,0.12707894
Cuba,2022,0.30599007
Cuba,2023,0.42429048
Cyprus,1850,2.236207
Cyprus,1851,2.4410067
Cyprus,1852,2.5746567
Cyprus,1853,2.6845806
Cyprus,1854,2.7796586
Cyprus,1855,2.8630831
Cyprus,1856,2.9364235
Cyprus,1857,3.0010474
Cyprus,1858,3.0579755
Cyprus,1859,3.1085768
Cyprus,1860,3.20261
Cyprus,1861,3.2553704
Cyprus,1862,3.2966697
Cyprus,1863,3.3322198
Cyprus,1864,3.3632417
Cyprus,1865,3.3901136
Cyprus,1866,3.4138043
Cyprus,1867,3.4345496
Cyprus,1868,3.4527073
Cyprus,1869,3.4687097
Cyprus,1870,3.9294791
Cyprus,1871,4.0569644
Cyprus,1872,4.121292
Cyprus,1873,4.165875
Cyprus,1874,4.198786
Cyprus,1875,4.2228346
Cyprus,1876,4.2397757
Cyprus,1877,4.250378
Cyprus,1878,4.255872
Cyprus,1879,4.2473397
Cyprus,1880,3.8081071
Cyprus,1881,3.6705177
Cyprus,1882,3.5814648
Cyprus,1883,3.5007014
Cyprus,1884,3.428856
Cyprus,1885,3.3641458
Cyprus,1886,3.3049142
Cyprus,1887,3.2504017
Cyprus,1888,3.1999617
Cyprus,1889,3.152491
Cyprus,1890,3.063516
Cyprus,1891,3.0096705
Cyprus,1892,2.9641807
Cyprus,1893,2.9220643
Cyprus,1894,2.882862
Cyprus,1895,2.8458383
Cyprus,1896,2.8106027
Cyprus,1897,2.7769206
Cyprus,1898,2.7442737
Cyprus,1899,2.711872
Cyprus,1900,3.658226
Cyprus,1901,3.9520268
Cyprus,1902,4.1156936
Cyprus,1903,4.2333775
Cyprus,1904,4.323443
Cyprus,1905,4.3914423
Cyprus,1906,4.4411135
Cyprus,1907,4.4754257
Cyprus,1908,4.4966507
Cyprus,1909,4.508263
Cyprus,1910,4.499539
Cyprus,1911,4.4981036
Cyprus,1912,4.493617
Cyprus,1913,4.485337
Cyprus,1914,4.472224
Cyprus,1915,4.454702
Cyprus,1916,4.433811
Cyprus,1917,4.410165
Cyprus,1918,4.3835063
Cyprus,1919,4.3557005
Cyprus,1920,4.3378077
Cyprus,1921,4.3097215
Cyprus,1922,4.2795424
Cyprus,1923,4.2491975
Cyprus,1924,4.2176337
Cyprus,1925,4.1852384
Cyprus,1926,4.152161
Cyprus,1927,4.118316
Cyprus,1928,4.0839453
Cyprus,1929,4.0369525
Cyprus,1930,3.9970112
Cyprus,1931,3.9328942
Cyprus,1932,3.8559341
Cyprus,1933,3.7687342
Cyprus,1934,3.6825306
Cyprus,1935,3.5975246
Cyprus,1936,3.5138338
Cyprus,1937,3.4314525
Cyprus,1938,3.3503919
Cyprus,1939,3.2820337
Cyprus,1940,5.219708
Cyprus,1941,5.8406143
Cyprus,1942,6.217895
Cyprus,1943,6.525628
Cyprus,1944,6.7783113
Cyprus,1945,6.9870534
Cyprus,1946,7.1587315
Cyprus,1947,7.298762
Cyprus,1948,7.411608
Cyprus,1949,7.4926524
Cyprus,1950,6.3951616
Cyprus,1951,5.984368
Cyprus,1952,5.869995
Cyprus,1953,5.925327
Cyprus,1954,6.066076
Cyprus,1955,6.1905417
Cyprus,1956,6.265816
Cyprus,1957,6.162421
Cyprus,1958,5.781298
Cyprus,1959,5.1804237
Cyprus,1960,3.8096871
Cyprus,1961,3.0410323
Cyprus,1962,3.4921756
Cyprus,1963,2.5438132
Cyprus,1964,2.1248972
Cyprus,1965,1.799616
Cyprus,1966,1.8782448
Cyprus,1967,1.5573449
Cyprus,1968,1.2686663
Cyprus,1969,1.0732805
Cyprus,1970,0.8706696
Cyprus,1971,0.6906062
Cyprus,1972,0.6270719
Cyprus,1973,-3.143604
Cyprus,1974,-6.7716966
Cyprus,1975,-6.6165853
Cyprus,1976,-6.3605194
Cyprus,1977,-6.0988483
Cyprus,1978,-5.8693027
Cyprus,1979,-5.6465416
Cyprus,1980,-4.6351185
Cyprus,1981,-3.8127415
Cyprus,1982,-4.065552
Cyprus,1983,-4.097057
Cyprus,1984,-4.5721617
Cyprus,1985,-4.27228
Cyprus,1986,-4.1179547
Cyprus,1987,-3.9449492
Cyprus,1988,-3.73171
Cyprus,1989,-3.5015986
Cyprus,1990,-3.3897393
Cyprus,1991,-3.1282158
Cyprus,1992,-3.0545352
Cyprus,1993,-2.5965254
Cyprus,1994,-2.9004948
Cyprus,1995,-2.4847388
Cyprus,1996,-2.3802068
Cyprus,1997,-1.7789055
Cyprus,1998,-2.1215873
Cyprus,1999,-1.4303937
Cyprus,2000,-1.5168021
Cyprus,2001,-1.774996
Cyprus,2002,0.3465388
Cyprus,2003,-0.12514539
Cyprus,2004,0.5909852
Cyprus,2005,-0.7116105
Cyprus,2006,-0.5816557
Cyprus,2007,-0.9143656
Cyprus,2008,-0.4359582
Cyprus,2009,-1.3689837
Cyprus,2010,-1.3769107
Cyprus,2011,-1.4476414
Cyprus,2012,-1.6221018
Cyprus,2013,-1.5829349
Cyprus,2014,0.38732642
Cyprus,2015,-1.0968413
Cyprus,2016,-0.015075812
Cyprus,2017,0.36998948
Cyprus,2018,-0.6408756
Cyprus,2019,-0.6419187
Cyprus,2020,-0.42785057
Cyprus,2021,-0.40662932
Cyprus,2022,-0.34225708
Cyprus,2023,-0.27264705
Czechia,1850,1.5477494
Czechia,1851,1.5786436
Czechia,1852,1.5889758
Czechia,1853,1.5817313
Czechia,1854,1.5806981
Czechia,1855,1.5759858
Czechia,1856,1.5607476
Czechia,1857,1.55147
Czechia,1858,1.5365255
Czechia,1859,1.529912
Czechia,1860,1.567518
Czechia,1861,1.5629075
Czechia,1862,1.5635412
Czechia,1863,1.5635293
Czechia,1864,1.5508868
Czechia,1865,1.5485281
Czechia,1866,1.5402234
Czechia,1867,1.5610039
Czechia,1868,1.533758
Czechia,1869,1.5254099
Czechia,1870,1.4417415
Czechia,1871,1.4149568
Czechia,1872,1.3933104
Czechia,1873,1.3723696
Czechia,1874,1.3584311
Czechia,1875,1.3428468
Czechia,1876,1.3151246
Czechia,1877,1.2978995
Czechia,1878,1.2792312
Czechia,1879,1.2604173
Czechia,1880,1.1057595
Czechia,1881,1.0330398
Czechia,1882,0.98890984
Czechia,1883,0.9533268
Czechia,1884,0.9109463
Czechia,1885,0.88174456
Czechia,1886,0.84995747
Czechia,1887,0.8516607
Czechia,1888,0.80505246
Czechia,1889,0.7846365
Czechia,1890,0.9105232
Czechia,1891,0.95582604
Czechia,1892,0.9822656
Czechia,1893,0.99520135
Czechia,1894,1.0098822
Czechia,1895,1.0193588
Czechia,1896,1.016628
Czechia,1897,1.0164275
Czechia,1898,1.0119649
Czechia,1899,1.0151166
Czechia,1900,1.0665994
Czechia,1901,1.0698762
Czechia,1902,1.0754603
Czechia,1903,1.077381
Czechia,1904,1.0808096
Czechia,1905,1.0863259
Czechia,1906,1.083562
Czechia,1907,1.0725732
Czechia,1908,1.0687475
Czechia,1909,1.0647441
Czechia,1910,0.74497557
Czechia,1911,0.60546887
Czechia,1912,0.4749095
Czechia,1913,0.37536553
Czechia,1914,0.28006458
Czechia,1915,0.18343867
Czechia,1916,0.10999885
Czechia,1917,0.037667427
Czechia,1918,-0.01469409
Czechia,1919,-0.09760819
Czechia,1920,-0.0317341
Czechia,1921,0.007037136
Czechia,1922,0.030995276
Czechia,1923,0.060816363
Czechia,1924,0.07392525
Czechia,1925,0.09669851
Czechia,1926,0.11426712
Czechia,1927,0.13245696
Czechia,1928,0.15790385
Czechia,1929,0.1725067
Czechia,1930,-0.054870535
Czechia,1931,-0.25154307
Czechia,1932,-0.40817642
Czechia,1933,-0.5639253
Czechia,1934,-0.70021117
Czechia,1935,-0.8479157
Czechia,1936,-0.97745866
Czechia,1937,-1.1049304
Czechia,1938,-1.221823
Czechia,1939,-1.3130257
Czechia,1940,-1.3605753
Czechia,1941,-1.4170221
Czechia,1942,-1.469624
Czechia,1943,-1.5140008
Czechia,1944,-1.5606054
Czechia,1945,-1.666433
Czechia,1946,-1.9261913
Czechia,1947,-2.1390653
Czechia,1948,-2.1642244
Czechia,1949,-2.2019713
Czechia,1950,-0.37550327
Czechia,1951,-1.3671354
Czechia,1952,-1.4501818
Czechia,1953,-1.4199791
Czechia,1954,-1.3968017
Czechia,1955,-1.3768965
Czechia,1956,-1.3606833
Czechia,1957,-1.3385
Czechia,1958,-1.3334157
Czechia,1959,0.2221056
Czechia,1960,0.15565237
Czechia,1961,-0.7378373
Czechia,1962,-0.9217254
Czechia,1963,-0.9904651
Czechia,1964,-1.0265545
Czechia,1965,-1.0455127
Czechia,1966,-1.0431242
Czechia,1967,-1.0368937
Czechia,1968,-1.0374354
Czechia,1969,-0.99712557
Czechia,1970,-0.9610835
Czechia,1971,-0.95090514
Czechia,1972,-0.9429628
Czechia,1973,-0.9328953
Czechia,1974,-0.92963326
Czechia,1975,-0.88170254
Czechia,1976,-0.83749384
Czechia,1977,-0.8172317
Czechia,1978,-0.81204826
Czechia,1979,-0.8223606
Czechia,1980,-0.7546585
Czechia,1981,-0.7404153
Czechia,1982,-0.70827603
Czechia,1983,-0.6764012
Czechia,1984,-0.68004555
Czechia,1985,-0.65534735
Czechia,1986,-0.6397789
Czechia,1987,-0.6272207
Czechia,1988,-0.6127161
Czechia,1989,-0.52744144
Czechia,1990,-0.6088174
Czechia,1991,-0.61300147
Czechia,1992,-0.6265149
Czechia,1993,-0.59177965
Czechia,1994,-0.47907552
Czechia,1995,-0.5346637
Czechia,1996,-0.476017
Czechia,1997,-0.41654846
Czechia,1998,-0.3245973
Czechia,1999,-0.37001225
Czechia,2000,-0.3596011
Czechia,2001,-1.5255349
Czechia,2002,-1.341686
Czechia,2003,-1.3873315
Czechia,2004,-1.3582466
Czechia,2005,-1.3851492
Czechia,2006,-1.1079105
Czechia,2007,-1.1480464
Czechia,2008,-1.1319965
Czechia,2009,-1.121773
Czechia,2010,-1.0518892
Czechia,2011,-0.8678992
Czechia,2012,-0.9108803
Czechia,2013,-0.8194984
Czechia,2014,-0.7002244
Czechia,2015,-0.5771921
Czechia,2016,-0.47669697
Czechia,2017,-0.61095047
Czechia,2018,-0.6535291
Czechia,2019,-0.65644175
Czechia,2020,-0.64425117
Czechia,2021,-0.65057755
Czechia,2022,-0.63536596
Czechia,2023,-0.61810595
Democratic Republic of Congo,1850,3.4405951
Democratic Republic of Congo,1851,2.774689
Democratic Republic of Congo,1852,2.9887865
Democratic Republic of Congo,1853,0.70138
Democratic Republic of Congo,1854,1.5481774
Democratic Republic of Congo,1855,1.5928175
Democratic Republic of Congo,1856,1.628478
Democratic Republic of Congo,1857,0.88934624
Democratic Republic of Congo,1858,0.86623955
Democratic Republic of Congo,1859,2.3953075
Democratic Republic of Congo,1860,1.105259
Democratic Republic of Congo,1861,1.1009921
Democratic Republic of Congo,1862,1.7537528
Democratic Republic of Congo,1863,2.1817222
Democratic Republic of Congo,1864,1.7017946
Democratic Republic of Congo,1865,1.6942297
Democratic Republic of Congo,1866,1.391703
Democratic Republic of Congo,1867,1.3398379
Democratic Republic of Congo,1868,1.1059637
Democratic Republic of Congo,1869,1.1374484
Democratic Republic of Congo,1870,2.0987446
Democratic Republic of Congo,1871,1.8779235
Democratic Republic of Congo,1872,0.8745961
Democratic Republic of Congo,1873,1.2560369
Democratic Republic of Congo,1874,1.4441861
Democratic Republic of Congo,1875,1.6763265
Democratic Republic of Congo,1876,0.67649674
Democratic Republic of Congo,1877,0.9478432
Democratic Republic of Congo,1878,1.2232375
Democratic Republic of Congo,1879,1.9985405
Democratic Republic of Congo,1880,0.7365566
Democratic Republic of Congo,1881,1.4444616
Democratic Republic of Congo,1882,2.3553472
Democratic Republic of Congo,1883,1.5171262
Democratic Republic of Congo,1884,1.3380462
Democratic Republic of Congo,1885,1.4855742
Democratic Republic of Congo,1886,1.7565596
Democratic Republic of Congo,1887,1.46622
Democratic Republic of Congo,1888,1.5277182
Democratic Republic of Congo,1889,1.7406181
Democratic Republic of Congo,1890,2.2535324
Democratic Republic of Congo,1891,1.9720044
Democratic Republic of Congo,1892,1.5980891
Democratic Republic of Congo,1893,1.8171871
Democratic Republic of Congo,1894,1.7911776
Democratic Republic of Congo,1895,1.5116364
Democratic Republic of Congo,1896,1.5187857
Democratic Republic of Congo,1897,2.0467887
Democratic Republic of Congo,1898,2.0652797
Democratic Republic of Congo,1899,2.412109
Democratic Republic of Congo,1900,2.9852102
Democratic Republic of Congo,1901,2.5105872
Democratic Republic of Congo,1902,3.1119251
Democratic Republic of Congo,1903,1.9607797
Democratic Republic of Congo,1904,2.437972
Democratic Republic of Congo,1905,2.6984744
Democratic Republic of Congo,1906,2.8445654
Democratic Republic of Congo,1907,2.3922493
Democratic Republic of Congo,1908,3.1463442
Democratic Republic of Congo,1909,3.1419683
Democratic Republic of Congo,1910,3.3313615
Democratic Republic of Congo,1911,4.040036
Democratic Republic of Congo,1912,2.9477663
Democratic Republic of Congo,1913,2.9358878
Democratic Republic of Congo,1914,3.400628
Democratic Republic of Congo,1915,4.211969
Democratic Republic of Congo,1916,3.7302215
Democratic Republic of Congo,1917,4.541454
Democratic Republic of Congo,1918,4.0248876
Democratic Republic of Congo,1919,4.2540536
Democratic Republic of Congo,1920,3.5101128
Democratic Republic of Congo,1921,5.6610947
Democratic Republic of Congo,1922,5.988557
Democratic Republic of Congo,1923,5.8205376
Democratic Republic of Congo,1924,5.7292175
Democratic Republic of Congo,1925,7.100393
Democratic Republic of Congo,1926,5.80889
Democratic Republic of Congo,1927,5.7629933
Democratic Republic of Congo,1928,4.927745
Democratic Republic of Congo,1929,6.1509466
Democratic Republic of Congo,1930,7.4306965
Democratic Republic of Congo,1931,8.391535
Democratic Republic of Congo,1932,9.314092
Democratic Republic of Congo,1933,9.989177
Democratic Republic of Congo,1934,8.145898
Democratic Republic of Congo,1935,9.390977
Democratic Republic of Congo,1936,9.292112
Democratic Republic of Congo,1937,9.107707
Democratic Republic of Congo,1938,9.298396
Democratic Republic of Congo,1939,9.735637
Democratic Republic of Congo,1940,13.560666
Democratic Republic of Congo,1941,16.757168
Democratic Republic of Congo,1942,19.064423
Democratic Republic of Congo,1943,19.669724
Democratic Republic of Congo,1944,19.554493
Democratic Republic of Congo,1945,20.066227
Democratic Republic of Congo,1946,19.427925
Democratic Republic of Congo,1947,20.613857
Democratic Republic of Congo,1948,20.78141
Democratic Republic of Congo,1949,19.952333
Democratic Republic of Congo,1950,21.924955
Democratic Republic of Congo,1951,22.959528
Democratic Republic of Congo,1952,24.44681
Democratic Republic of Congo,1953,25.575068
Democratic Republic of Congo,1954,26.343662
Democratic Republic of Congo,1955,27.063013
Democratic Republic of Congo,1956,27.986712
Democratic Republic of Congo,1957,29.041225
Democratic Republic of Congo,1958,29.886654
Democratic Republic of Congo,1959,30.421444
Democratic Republic of Congo,1960,37.97055
Democratic Republic of Congo,1961,24.836937
Democratic Republic of Congo,1962,18.497093
Democratic Republic of Congo,1963,13.149738
Democratic Republic of Congo,1964,10.173311
Democratic Republic of Congo,1965,8.401771
Democratic Republic of Congo,1966,6.9364276
Democratic Republic of Congo,1967,6.5958986
Democratic Republic of Congo,1968,5.829151
Democratic Republic of Congo,1969,5.6395264
Democratic Republic of Congo,1970,5.3683085
Democratic Republic of Congo,1971,5.345079
Democratic Republic of Congo,1972,5.0974836
Democratic Republic of Congo,1973,4.649071
Democratic Republic of Congo,1974,3.7410007
Democratic Republic of Congo,1975,3.788124
Democratic Republic of Congo,1976,3.6989048
Democratic Republic of Congo,1977,3.5816727
Democratic Republic of Congo,1978,2.841875
Democratic Republic of Congo,1979,2.9265838
Democratic Republic of Congo,1980,3.3457992
Democratic Republic of Congo,1981,3.220548
Democratic Republic of Congo,1982,3.1623125
Democratic Republic of Congo,1983,3.0413654
Democratic Republic of Congo,1984,3.1468515
Democratic Republic of Congo,1985,3.0466123
Democratic Republic of Congo,1986,2.800916
Democratic Republic of Congo,1987,2.5071368
Democratic Republic of Congo,1988,2.2324855
Democratic Republic of Congo,1989,2.195976
Democratic Republic of Congo,1990,2.243184
Democratic Republic of Congo,1991,2.3147097
Democratic Republic of Congo,1992,2.1683848
Democratic Republic of Congo,1993,2.5250683
Democratic Republic of Congo,1994,2.6317942
Democratic Republic of Congo,1995,2.8149781
Democratic Republic of Congo,1996,2.6897705
Democratic Republic of Congo,1997,3.606255
Democratic Republic of Congo,1998,3.6298242
Democratic Republic of Congo,1999,3.6741962
Democratic Republic of Congo,2000,3.6263416
Democratic Republic of Congo,2001,2.7839556
Democratic Republic of Congo,2002,2.428378
Democratic Republic of Congo,2003,2.9863343
Democratic Republic of Congo,2004,2.4179041
Democratic Republic of Congo,2005,2.3788307
Democratic Republic of Congo,2006,2.326132
Democratic Republic of Congo,2007,2.2842615
Democratic Republic of Congo,2008,6.97153
Democratic Republic of Congo,2009,11.151556
Democratic Republic of Congo,2010,12.693593
Democratic Republic of Congo,2011,14.172243
Democratic Republic of Congo,2012,12.810767
Democratic Republic of Congo,2013,12.6695795
Democratic Republic of Congo,2014,10.090389
Democratic Republic of Congo,2015,7.6912184
Democratic Republic of Congo,2016,7.8676147
Democratic Republic of Congo,2017,7.6554413
Democratic Republic of Congo,2018,5.934528
Democratic Republic of Congo,2019,4.84445
Democratic Republic of Congo,2020,3.7833579
Democratic Republic of Congo,2021,3.8192072
Democratic Republic of Congo,2022,4.0592093
Democratic Republic of Congo,2023,4.0079856
Denmark,1850,5.5708632
Denmark,1851,5.7397923
Denmark,1852,5.87216
Denmark,1853,5.9545717
Denmark,1854,6.0704985
Denmark,1855,6.0359845
Denmark,1856,6.097182
Denmark,1857,6.1028047
Denmark,1858,6.052885
Denmark,1859,6.1314692
Denmark,1860,6.1585193
Denmark,1861,5.762618
Denmark,1862,6.011013
Denmark,1863,5.959791
Denmark,1864,5.839012
Denmark,1865,5.702553
Denmark,1866,5.6760006
Denmark,1867,5.7718377
Denmark,1868,5.6422296
Denmark,1869,5.533655
Denmark,1870,5.4629164
Denmark,1871,5.428464
Denmark,1872,5.388762
Denmark,1873,5.360414
Denmark,1874,5.35964
Denmark,1875,5.26265
Denmark,1876,5.2174897
Denmark,1877,5.1584196
Denmark,1878,5.041892
Denmark,1879,5.0441585
Denmark,1880,5.213208
Denmark,1881,4.853852
Denmark,1882,5.1034303
Denmark,1883,5.03859
Denmark,1884,4.9192014
Denmark,1885,4.7726355
Denmark,1886,4.748102
Denmark,1887,4.824599
Denmark,1888,4.703902
Denmark,1889,4.584877
Denmark,1890,4.7933826
Denmark,1891,4.870779
Denmark,1892,4.898715
Denmark,1893,4.934042
Denmark,1894,4.9821877
Denmark,1895,4.947853
Denmark,1896,4.941403
Denmark,1897,4.9233336
Denmark,1898,4.8281546
Denmark,1899,4.8777924
Denmark,1900,5.226671
Denmark,1901,5.0345273
Denmark,1902,5.0637755
Denmark,1903,5.060946
Denmark,1904,5.087998
Denmark,1905,5.1173368
Denmark,1906,5.0707836
Denmark,1907,5.0553455
Denmark,1908,5.024451
Denmark,1909,4.9089766
Denmark,1910,5.390255
Denmark,1911,5.7411036
Denmark,1912,5.4668775
Denmark,1913,5.853759
Denmark,1914,5.8519826
Denmark,1915,5.8124986
Denmark,1916,5.703707
Denmark,1917,5.754799
Denmark,1918,5.8789663
Denmark,1919,5.7980604
Denmark,1920,5.1828904
Denmark,1921,5.3259797
Denmark,1922,4.8835897
Denmark,1923,4.8150883
Denmark,1924,4.6329293
Denmark,1925,4.8855743
Denmark,1926,4.6253114
Denmark,1927,4.357863
Denmark,1928,4.5566096
Denmark,1929,4.506388
Denmark,1930,4.152862
Denmark,1931,3.8640563
Denmark,1932,4.0931735
Denmark,1933,4.0134835
Denmark,1934,3.899252
Denmark,1935,3.6119683
Denmark,1936,3.5265799
Denmark,1937,3.4211159
Denmark,1938,3.6534457
Denmark,1939,3.5273697
Denmark,1940,3.045441
Denmark,1941,2.8046165
Denmark,1942,2.5373917
Denmark,1943,2.638432
Denmark,1944,2.357332
Denmark,1945,2.111984
Denmark,1946,1.8151308
Denmark,1947,1.987389
Denmark,1948,1.8435361
Denmark,1949,1.7717419
Denmark,1950,1.9565465
Denmark,1951,2.0304651
Denmark,1952,2.0685902
Denmark,1953,2.0560832
Denmark,1954,1.8127663
Denmark,1955,1.8840705
Denmark,1956,1.7555356
Denmark,1957,1.748394
Denmark,1958,1.5732657
Denmark,1959,1.8130351
Denmark,1960,4.378429
Denmark,1961,1.9115033
Denmark,1962,1.1791555
Denmark,1963,0.9424429
Denmark,1964,0.75932497
Denmark,1965,0.62624097
Denmark,1966,0.5665996
Denmark,1967,0.5723508
Denmark,1968,0.42035452
Denmark,1969,0.3543819
Denmark,1970,0.22705278
Denmark,1971,0.39745787
Denmark,1972,0.8190168
Denmark,1973,0.30052048
Denmark,1974,0.353112
Denmark,1975,0.31279442
Denmark,1976,0.23403643
Denmark,1977,0.18382187
Denmark,1978,0.17347004
Denmark,1979,0.07828097
Denmark,1980,0.037855674
Denmark,1981,0.007640536
Denmark,1982,-0.070432805
Denmark,1983,0.16425028
Denmark,1984,-0.04175937
Denmark,1985,-0.14124155
Denmark,1986,-0.1892377
Denmark,1987,-0.2899274
Denmark,1988,-0.30401498
Denmark,1989,0.06474693
Denmark,1990,-0.20108987
Denmark,1991,-0.26914707
Denmark,1992,-0.057163645
Denmark,1993,-0.77183163
Denmark,1994,-0.31361288
Denmark,1995,-0.48871845
Denmark,1996,-0.42411876
Denmark,1997,-0.4126432
Denmark,1998,-0.72758853
Denmark,1999,-0.6380138
Denmark,2000,-0.08302236
Denmark,2001,-0.44161275
Denmark,2002,-0.49001288
Denmark,2003,-0.42958128
Denmark,2004,0.60942703
Denmark,2005,0.33139235
Denmark,2006,-0.038052533
Denmark,2007,0.4486318
Denmark,2008,0.2804833
Denmark,2009,0.23250605
Denmark,2010,1.3332945
Denmark,2011,0.27555633
Denmark,2012,0.40175223
Denmark,2013,0.75676197
Denmark,2014,0.22958826
Denmark,2015,0.28237918
Denmark,2016,0.32659793
Denmark,2017,0.44771144
Denmark,2018,0.29877314
Denmark,2019,0.21371253
Denmark,2020,0.18875168
Denmark,2021,0.19239877
Denmark,2022,0.19094512
Denmark,2023,0.19153206
Djibouti,1850,0.39518133
Djibouti,1851,0.39134604
Djibouti,1852,0.38899624
Djibouti,1853,0.3881183
Djibouti,1854,0.38814712
Djibouti,1855,0.38726896
Djibouti,1856,0.38729775
Djibouti,1857,0.38642898
Djibouti,1858,0.38645768
Djibouti,1859,0.3855792
Djibouti,1860,0.3865151
Djibouti,1861,0.3865438
Djibouti,1862,0.38657254
Djibouti,1863,0.38660127
Djibouti,1864,0.38663
Djibouti,1865,0.3866683
Djibouti,1866,0.38669705
Djibouti,1867,0.38672578
Djibouti,1868,0.38675454
Djibouti,1869,0.38670662
Djibouti,1870,0.38385972
Djibouti,1871,0.38275316
Djibouti,1872,0.38157225
Djibouti,1873,0.38030842
Djibouti,1874,0.3790563
Djibouti,1875,0.37871033
Djibouti,1876,0.3774527
Djibouti,1877,0.3771088
Djibouti,1878,0.37585497
Djibouti,1879,0.37551317
Djibouti,1880,0.37426314
Djibouti,1881,0.37302455
Djibouti,1882,0.3717791
Djibouti,1883,0.3714332
Djibouti,1884,0.3702006
Djibouti,1885,0.36985675
Djibouti,1886,0.36861888
Djibouti,1887,0.36828613
Djibouti,1888,0.36705193
Djibouti,1889,0.36656055
Djibouti,1890,0.3668274
Djibouti,1891,0.36693305
Djibouti,1892,0.36689627
Djibouti,1893,0.36582562
Djibouti,1894,0.3647612
Djibouti,1895,0.36370298
Djibouti,1896,0.3626422
Djibouti,1897,0.36157894
Djibouti,1898,0.3605305
Djibouti,1899,0.35861126
Djibouti,1900,0.36016637
Djibouti,1901,0.35997736
Djibouti,1902,0.35892877
Djibouti,1903,0.35788625
Djibouti,1904,0.35684144
Djibouti,1905,0.3558027
Djibouti,1906,0.35391104
Djibouti,1907,0.35287866
Djibouti,1908,0.35185227
Djibouti,1909,0.35005295
Djibouti,1910,0.3458112
Djibouti,1911,0.3433321
Djibouti,1912,0.34176445
Djibouti,1913,0.34027335
Djibouti,1914,0.33878797
Djibouti,1915,0.3381334
Djibouti,1916,0.33665773
Djibouti,1917,0.3360098
Djibouti,1918,0.33534157
Djibouti,1919,0.33330843
Djibouti,1920,0.33075556
Djibouti,1921,0.33177918
Djibouti,1922,0.33466354
Djibouti,1923,0.33695447
Djibouti,1924,0.34074876
Djibouti,1925,0.34365445
Djibouti,1926,0.3464665
Djibouti,1927,0.3491868
Djibouti,1928,0.3518244
Djibouti,1929,0.35451248
Djibouti,1930,0.35726655
Djibouti,1931,0.3600801
Djibouti,1932,0.3629614
Djibouti,1933,0.36518273
Djibouti,1934,0.36734727
Djibouti,1935,0.3687387
Djibouti,1936,0.37007946
Djibouti,1937,0.3713776
Djibouti,1938,0.37193346
Djibouti,1939,0.37193036
Djibouti,1940,0.37892798
Djibouti,1941,0.38112274
Djibouti,1942,0.3813461
Djibouti,1943,0.3803278
Djibouti,1944,0.37860233
Djibouti,1945,0.3762083
Djibouti,1946,0.37380037
Djibouti,1947,0.3707597
Djibouti,1948,0.36833963
Djibouti,1949,0.3634444
Djibouti,1950,0.3492828
Djibouti,1951,0.33341733
Djibouti,1952,0.3281095
Djibouti,1953,0.30932477
Djibouti,1954,0.30845678
Djibouti,1955,0.28866997
Djibouti,1956,0.27712274
Djibouti,1957,0.24616821
Djibouti,1958,0.2223561
Djibouti,1959,0.15394588
Djibouti,1960,0.18278459
Djibouti,1961,0.20459652
Djibouti,1962,0.21570969
Djibouti,1963,0.21906933
Djibouti,1964,0.21805297
Djibouti,1965,0.21197249
Djibouti,1966,0.33322096
Djibouti,1967,0.37839973
Djibouti,1968,0.3971955
Djibouti,1969,0.39966896
Djibouti,1970,0.3935415
Djibouti,1971,0.38196194
Djibouti,1972,0.363929
Djibouti,1973,0.34604207
Djibouti,1974,0.3341045
Djibouti,1975,0.3123253
Djibouti,1976,0.29175287
Djibouti,1977,0.27474642
Djibouti,1978,0.26053286
Djibouti,1979,0.2530681
Djibouti,1980,0.24854784
Djibouti,1981,0.24759933
Djibouti,1982,0.2479644
Djibouti,1983,0.25036806
Djibouti,1984,0.2536964
Djibouti,1985,0.25534433
Djibouti,1986,0.25742108
Djibouti,1987,0.25594914
Djibouti,1988,0.25388038
Djibouti,1989,0.24792615
Djibouti,1990,0.25113818
Djibouti,1991,0.22127306
Djibouti,1992,0.21797678
Djibouti,1993,0.21911184
Djibouti,1994,0.21136203
Djibouti,1995,0.20188443
Djibouti,1996,0.19283408
Djibouti,1997,0.18495297
Djibouti,1998,0.17054434
Djibouti,1999,0.15365686
Djibouti,2000,0.13743542
Djibouti,2001,0.12408599
Djibouti,2002,0.11841269
Djibouti,2003,0.11260126
Djibouti,2004,0.10862085
Djibouti,2005,0.114095286
Djibouti,2006,0.11188355
Djibouti,2007,0.09984485
Djibouti,2008,0.09953198
Djibouti,2009,0.10395318
Djibouti,2010,0.10938325
Djibouti,2011,0.09823211
Djibouti,2012,0.09077497
Djibouti,2013,0.08505286
Djibouti,2014,0.08061204
Djibouti,2015,0.07846862
Djibouti,2016,0.07560231
Djibouti,2017,0.072599374
Djibouti,2018,0.07243573
Djibouti,2019,0.088280156
Djibouti,2020,0.07738176
Djibouti,2021,0.07516213
Djibouti,2022,0.07408224
Djibouti,2023,0.07360339
Dominica,1850,3.0136256
Dominica,1851,3.2411172
Dominica,1852,3.3376455
Dominica,1853,3.4114056
Dominica,1854,3.4446297
Dominica,1855,3.4650443
Dominica,1856,3.4897392
Dominica,1857,3.50351
Dominica,1858,3.5005896
Dominica,1859,3.4567435
Dominica,1860,2.6269133
Dominica,1861,2.3579333
Dominica,1862,2.099227
Dominica,1863,2.0321949
Dominica,1864,1.9360218
Dominica,1865,1.8723862
Dominica,1866,1.8109311
Dominica,1867,1.7712108
Dominica,1868,1.7292846
Dominica,1869,1.69337
Dominica,1870,1.1376666
Dominica,1871,0.92323834
Dominica,1872,0.78898084
Dominica,1873,0.696975
Dominica,1874,0.61904675
Dominica,1875,0.5551107
Dominica,1876,0.49155965
Dominica,1877,0.4417845
Dominica,1878,0.40034965
Dominica,1879,0.17717859
Dominica,1880,-0.24772055
Dominica,1881,-0.5893548
Dominica,1882,-1.1323414
Dominica,1883,-1.4926612
Dominica,1884,-1.8276197
Dominica,1885,-2.132845
Dominica,1886,-2.4229171
Dominica,1887,-2.6878974
Dominica,1888,-2.940078
Dominica,1889,-3.1708088
Dominica,1890,-0.32112664
Dominica,1891,0.8091111
Dominica,1892,1.4895306
Dominica,1893,1.9872726
Dominica,1894,2.3774047
Dominica,1895,2.6981444
Dominica,1896,2.9666512
Dominica,1897,3.1880925
Dominica,1898,3.3880348
Dominica,1899,3.438529
Dominica,1900,2.7224967
Dominica,1901,2.4386888
Dominica,1902,2.3352334
Dominica,1903,2.1773417
Dominica,1904,2.184002
Dominica,1905,2.1995237
Dominica,1906,2.1787665
Dominica,1907,2.1719975
Dominica,1908,2.1603289
Dominica,1909,2.1574786
Dominica,1910,1.2127002
Dominica,1911,0.9642395
Dominica,1912,0.8331728
Dominica,1913,0.75523007
Dominica,1914,0.7031107
Dominica,1915,0.66560185
Dominica,1916,0.6423629
Dominica,1917,0.6278273
Dominica,1918,0.6806513
Dominica,1919,0.69353074
Dominica,1920,0.07417416
Dominica,1921,-0.18364154
Dominica,1922,-0.32267985
Dominica,1923,-0.40366596
Dominica,1924,-0.6349038
Dominica,1925,-0.72193784
Dominica,1926,-0.79972327
Dominica,1927,-0.86398643
Dominica,1928,-0.9117038
Dominica,1929,-0.9791117
Dominica,1930,2.4512892
Dominica,1931,3.6909347
Dominica,1932,4.305436
Dominica,1933,4.684675
Dominica,1934,4.948446
Dominica,1935,5.136014
Dominica,1936,5.2704406
Dominica,1937,5.3737254
Dominica,1938,5.446041
Dominica,1939,5.50153
Dominica,1940,2.362574
Dominica,1941,1.2576535
Dominica,1942,0.65929973
Dominica,1943,0.26113656
Dominica,1944,-0.030601548
Dominica,1945,-0.2568029
Dominica,1946,-0.440664
Dominica,1947,-0.59275657
Dominica,1948,-0.71819794
Dominica,1949,-0.8196819
Dominica,1950,-0.5893188
Dominica,1951,-0.59079194
Dominica,1952,-0.34249055
Dominica,1953,-0.345344
Dominica,1954,-0.05911834
Dominica,1955,-0.01799811
Dominica,1956,0.17791022
Dominica,1957,0.2849475
Dominica,1958,0.31872702
Dominica,1959,0.8781941
Dominica,1960,0.087680615
Dominica,1961,7.0826373
Dominica,1962,2.180802
Dominica,1963,1.0507923
Dominica,1964,0.4323131
Dominica,1965,7.840544
Dominica,1966,2.5325408
Dominica,1967,0.86177576
Dominica,1968,0.30764523
Dominica,1969,0.06798575
Dominica,1970,-0.0686232
Dominica,1971,-0.241448
Dominica,1972,-0.3039991
Dominica,1973,-0.3395862
Dominica,1974,-0.20110051
Dominica,1975,-0.36516568
Dominica,1976,-0.41631737
Dominica,1977,-0.41558707
Dominica,1978,-0.070565246
Dominica,1979,-0.40141174
Dominica,1980,-0.42378962
Dominica,1981,-0.42688745
Dominica,1982,-0.3096409
Dominica,1983,-0.25783908
Dominica,1984,-0.24771535
Dominica,1985,-0.421995
Dominica,1986,-0.33825645
Dominica,1987,-0.49337766
Dominica,1988,-0.47347087
Dominica,1989,-0.45195866
Dominica,1990,-0.43642864
Dominica,1991,-0.41837716
Dominica,1992,-0.39501905
Dominica,1993,-0.2407331
Dominica,1994,-0.8278706
Dominica,1995,-0.7687968
Dominica,1996,-0.7055599
Dominica,1997,-0.6817802
Dominica,1998,2.8893943
Dominica,1999,1.5172614
Dominica,2000,-0.617444
Dominica,2001,-1.1401855
Dominica,2002,-1.3018119
Dominica,2003,-1.3436058
Dominica,2004,-1.3407809
Dominica,2005,-1.3151234
Dominica,2006,-0.45228648
Dominica,2007,-1.2299948
Dominica,2008,-1.1835154
Dominica,2009,-3.0076938
Dominica,2010,-2.809207
Dominica,2011,-2.6226783
Dominica,2012,-1.8781857
Dominica,2013,-2.0867124
Dominica,2014,-2.0263526
Dominica,2015,-1.9426676
Dominica,2016,-1.8862928
Dominica,2017,-1.7749314
Dominica,2018,-1.7497294
Dominica,2019,-1.6678596
Dominica,2020,-1.5917698
Dominica,2021,-1.5337573
Dominica,2022,-1.4705144
Dominica,2023,-1.4104179
Dominican Republic,1850,4.1165257
Dominican Republic,1851,3.683527
Dominican Republic,1852,3.7671344
Dominican Republic,1853,3.8743794
Dominican Republic,1854,3.7534533
Dominican Republic,1855,3.75518
Dominican Republic,1856,3.6495981
Dominican Republic,1857,3.678334
Dominican Republic,1858,3.6231427
Dominican Republic,1859,3.5723722
Dominican Republic,1860,9.069197
Dominican Republic,1861,10.838576
Dominican Republic,1862,11.771196
Dominican Republic,1863,12.036852
Dominican Republic,1864,12.418511
Dominican Republic,1865,12.402969
Dominican Republic,1866,12.647662
Dominican Republic,1867,12.31177
Dominican Republic,1868,12.048636
Dominican Republic,1869,12.109317
Dominican Republic,1870,13.48649
Dominican Republic,1871,13.641805
Dominican Republic,1872,13.604341
Dominican Republic,1873,13.635539
Dominican Republic,1874,13.48365
Dominican Republic,1875,13.368979
Dominican Republic,1876,13.09155
Dominican Republic,1877,13.017931
Dominican Republic,1878,12.619566
Dominican Republic,1879,12.340154
Dominican Republic,1880,14.32575
Dominican Republic,1881,14.964705
Dominican Republic,1882,15.144356
Dominican Republic,1883,15.063049
Dominican Republic,1884,14.841111
Dominican Republic,1885,14.723681
Dominican Republic,1886,14.242642
Dominican Republic,1887,14.207466
Dominican Republic,1888,13.852925
Dominican Republic,1889,13.69198
Dominican Republic,1890,14.712717
Dominican Republic,1891,14.954249
Dominican Republic,1892,14.846328
Dominican Republic,1893,14.727842
Dominican Republic,1894,14.439406
Dominican Republic,1895,14.29589
Dominican Republic,1896,13.899646
Dominican Republic,1897,13.641501
Dominican Republic,1898,13.428551
Dominican Republic,1899,13.081837
Dominican Republic,1900,13.444936
Dominican Republic,1901,13.222613
Dominican Republic,1902,12.972327
Dominican Republic,1903,12.871474
Dominican Republic,1904,12.428961
Dominican Republic,1905,12.11094
Dominican Republic,1906,11.870279
Dominican Republic,1907,11.54456
Dominican Republic,1908,11.333238
Dominican Republic,1909,10.997244
Dominican Republic,1910,13.0465
Dominican Republic,1911,13.727145
Dominican Republic,1912,13.904017
Dominican Republic,1913,13.77863
Dominican Republic,1914,13.8001175
Dominican Republic,1915,13.636379
Dominican Republic,1916,13.321717
Dominican Republic,1917,13.221851
Dominican Republic,1918,12.865441
Dominican Republic,1919,12.706698
Dominican Republic,1920,14.3149395
Dominican Republic,1921,14.73701
Dominican Republic,1922,14.558211
Dominican Republic,1923,14.43274
Dominican Republic,1924,14.025281
Dominican Republic,1925,13.755392
Dominican Republic,1926,13.259675
Dominican Republic,1927,13.004872
Dominican Republic,1928,12.485311
Dominican Republic,1929,12.246463
Dominican Republic,1930,10.689653
Dominican Republic,1931,9.953691
Dominican Republic,1932,9.631428
Dominican Republic,1933,9.128295
Dominican Republic,1934,8.755511
Dominican Republic,1935,8.424277
Dominican Republic,1936,8.157527
Dominican Republic,1937,7.89265
Dominican Republic,1938,7.8002353
Dominican Republic,1939,7.462551
Dominican Republic,1940,10.209031
Dominican Republic,1941,10.923854
Dominican Republic,1942,11.169476
Dominican Republic,1943,11.244201
Dominican Republic,1944,11.01231
Dominican Republic,1945,10.790007
Dominican Republic,1946,10.681542
Dominican Republic,1947,10.313979
Dominican Republic,1948,10.011245
Dominican Republic,1949,9.732202
Dominican Republic,1950,8.151136
Dominican Republic,1951,7.979755
Dominican Republic,1952,7.856083
Dominican Republic,1953,7.6658735
Dominican Republic,1954,7.7936587
Dominican Republic,1955,7.7471757
Dominican Republic,1956,7.746205
Dominican Republic,1957,7.942157
Dominican Republic,1958,7.880849
Dominican Republic,1959,31.538027
Dominican Republic,1960,13.097853
Dominican Republic,1961,8.844244
Dominican Republic,1962,6.8791504
Dominican Republic,1963,5.917526
Dominican Republic,1964,5.074025
Dominican Republic,1965,4.5264916
Dominican Republic,1966,4.0625243
Dominican Republic,1967,3.2994611
Dominican Republic,1968,5.1851087
Dominican Republic,1969,3.241172
Dominican Republic,1970,2.720942
Dominican Republic,1971,3.5042145
Dominican Republic,1972,4.317261
Dominican Republic,1973,3.6654227
Dominican Republic,1974,3.9579825
Dominican Republic,1975,5.5890145
Dominican Republic,1976,4.668805
Dominican Republic,1977,3.9791377
Dominican Republic,1978,3.7659876
Dominican Republic,1979,3.7986977
Dominican Republic,1980,2.3423336
Dominican Republic,1981,1.8093462
Dominican Republic,1982,1.2380053
Dominican Republic,1983,0.9588377
Dominican Republic,1984,0.7867138
Dominican Republic,1985,0.99598384
Dominican Republic,1986,0.6879354
Dominican Republic,1987,0.55546653
Dominican Republic,1988,0.6538422
Dominican Republic,1989,-0.2697045
Dominican Republic,1990,-0.044422247
Dominican Republic,1991,0.009762577
Dominican Republic,1992,0.051702373
Dominican Republic,1993,0.1911627
Dominican Republic,1994,1.2402388
Dominican Republic,1995,0.86219823
Dominican Republic,1996,-0.08067066
Dominican Republic,1997,0.3966152
Dominican Republic,1998,-0.090419285
Dominican Republic,1999,1.3885472
Dominican Republic,2000,0.7184076
Dominican Republic,2001,0.59884185
Dominican Republic,2002,-0.2586228
Dominican Republic,2003,-0.075731434
Dominican Republic,2004,-0.007171182
Dominican Republic,2005,-0.006287397
Dominican Republic,2006,0.07118436
Dominican Republic,2007,-0.07457719
Dominican Republic,2008,0.17604479
Dominican Republic,2009,0.106251754
Dominican Republic,2010,0.09909452
Dominican Republic,2011,-0.28906906
Dominican Republic,2012,-0.123210594
Dominican Republic,2013,-0.05690572
Dominican Republic,2014,1.7316799
Dominican Republic,2015,0.6063236
Dominican Republic,2016,0.29459217
Dominican Republic,2017,0.19441855
Dominican Republic,2018,0.06597716
Dominican Republic,2019,0.03198184
Dominican Republic,2020,0.009565856
Dominican Republic,2021,0.002816325
Dominican Republic,2022,-0.002792691
Dominican Republic,2023,-0.008914886
East Timor,1850,13.543068
East Timor,1851,8.977742
East Timor,1852,8.694872
East Timor,1853,7.437115
East Timor,1854,6.939843
East Timor,1855,9.562429
East Timor,1856,8.495087
East Timor,1857,7.117376
East Timor,1858,6.6229367
East Timor,1859,6.3631983
East Timor,1860,9.067147
East Timor,1861,7.859453
East Timor,1862,5.350595
East Timor,1863,4.463742
East Timor,1864,4.0110354
East Timor,1865,3.7305422
East Timor,1866,3.5377913
East Timor,1867,3.3958902
East Timor,1868,3.2851105
East Timor,1869,3.1946776
East Timor,1870,4.205575
East Timor,1871,3.402672
East Timor,1872,3.146513
East Timor,1873,3.0154421
East Timor,1874,6.0456667
East Timor,1875,3.8637352
East Timor,1876,3.2532039
East Timor,1877,2.9923434
East Timor,1878,4.0225296
East Timor,1879,3.1313753
East Timor,1880,3.046254
East Timor,1881,2.9869375
East Timor,1882,2.9482
East Timor,1883,4.173646
East Timor,1884,3.307857
East Timor,1885,3.0679212
East Timor,1886,5.328656
East Timor,1887,3.6750257
East Timor,1888,4.5476503
East Timor,1889,3.4546623
East Timor,1890,3.231449
East Timor,1891,3.122896
East Timor,1892,4.4743695
East Timor,1893,3.4758346
East Timor,1894,3.1957061
East Timor,1895,3.077294
East Timor,1896,4.522552
East Timor,1897,3.4550824
East Timor,1898,3.1545105
East Timor,1899,3.026369
East Timor,1900,4.601344
East Timor,1901,3.4875877
East Timor,1902,3.1812098
East Timor,1903,5.241077
East Timor,1904,3.6941338
East Timor,1905,3.2614655
East Timor,1906,3.0813665
East Timor,1907,4.6509895
East Timor,1908,5.10049
East Timor,1909,3.6540923
East Timor,1910,5.491148
East Timor,1911,3.7599478
East Timor,1912,3.2500887
East Timor,1913,3.0310812
East Timor,1914,2.9125519
East Timor,1915,4.921226
East Timor,1916,3.4667623
East Timor,1917,3.060864
East Timor,1918,4.571125
East Timor,1919,3.3285668
East Timor,1920,3.1315887
East Timor,1921,3.0633323
East Timor,1922,3.050563
East Timor,1923,3.0642502
East Timor,1924,3.0964174
East Timor,1925,3.1386366
East Timor,1926,3.1862388
East Timor,1927,5.310958
East Timor,1928,3.9505444
East Timor,1929,5.1826563
East Timor,1930,4.3307395
East Timor,1931,5.5799923
East Timor,1932,4.65066
East Timor,1933,4.4915156
East Timor,1934,4.5101304
East Timor,1935,4.5908303
East Timor,1936,4.7006965
East Timor,1937,4.8269286
East Timor,1938,6.528173
East Timor,1939,5.6107855
East Timor,1940,5.259997
East Timor,1941,5.179328
East Timor,1942,5.18574
East Timor,1943,6.9188848
East Timor,1944,5.8371162
East Timor,1945,5.6044235
East Timor,1946,5.5641775
East Timor,1947,5.586496
East Timor,1948,5.637347
East Timor,1949,3.8421502
East Timor,1950,2.9942064
East Timor,1951,2.6033945
East Timor,1952,2.4527931
East Timor,1953,2.3901398
East Timor,1954,2.5506146
East Timor,1955,5.1871295
East Timor,1956,4.0590076
East Timor,1957,3.7536883
East Timor,1958,7.135045
East Timor,1959,-3.5305104
East Timor,1960,-3.8396668
East Timor,1961,-3.590104
East Timor,1962,-3.2746868
East Timor,1963,-2.9093533
East Timor,1964,-2.570634
East Timor,1965,-2.1934178
East Timor,1966,-0.4279039
East Timor,1967,0.008381164
East Timor,1968,2.0737278
East Timor,1969,9.687214
East Timor,1970,6.7948213
East Timor,1971,7.3669486
East Timor,1972,9.741134
East Timor,1973,7.6022663
East Timor,1974,8.979881
East Timor,1975,8.399181
East Timor,1976,8.18095
East Timor,1977,10.879467
East Timor,1978,9.360513
East Timor,1979,8.024956
East Timor,1980,7.531309
East Timor,1981,6.5684414
East Timor,1982,6.701006
East Timor,1983,6.368333
East Timor,1984,6.728068
East Timor,1985,6.442589
East Timor,1986,6.880081
East Timor,1987,6.6984353
East Timor,1988,5.6133633
East Timor,1989,10.252034
East Timor,1990,10.754703
East Timor,1991,6.772564
East Timor,1992,7.382533
East Timor,1993,7.316456
East Timor,1994,5.3637342
East Timor,1995,4.731975
East Timor,1996,3.8971596
East Timor,1997,2.7090774
East Timor,1998,3.35075
East Timor,1999,3.7108135
East Timor,2000,3.4748337
East Timor,2001,2.9261062
East Timor,2002,2.391139
East Timor,2003,2.4089344
East Timor,2004,2.1865249
East Timor,2005,1.8660024
East Timor,2006,1.7513261
East Timor,2007,2.7951057
East Timor,2008,2.3204489
East Timor,2009,2.7778194
East Timor,2010,3.2613142
East Timor,2011,2.4122498
East Timor,2012,2.384928
East Timor,2013,2.4865193
East Timor,2014,2.849537
East Timor,2015,2.3397055
East Timor,2016,2.1854582
East Timor,2017,3.233097
East Timor,2018,2.378297
East Timor,2019,3.3738918
East Timor,2020,3.2733896
East Timor,2021,3.0397234
East Timor,2022,2.7792346
East Timor,2023,2.7164602
Ecuador,1850,12.403683
Ecuador,1851,1.3304507
Ecuador,1852,10.539388
Ecuador,1853,16.74713
Ecuador,1854,-6.84178
Ecuador,1855,20.347364
Ecuador,1856,3.4808996
Ecuador,1857,11.90807
Ecuador,1858,10.314751
Ecuador,1859,-3.8954787
Ecuador,1860,-12.025327
Ecuador,1861,30.579762
Ecuador,1862,18.786486
Ecuador,1863,-4.3918276
Ecuador,1864,7.573454
Ecuador,1865,15.511697
Ecuador,1866,-7.164857
Ecuador,1867,3.3462644
Ecuador,1868,11.860209
Ecuador,1869,1.6831301
Ecuador,1870,13.849226
Ecuador,1871,19.915195
Ecuador,1872,0.69586813
Ecuador,1873,11.648501
Ecuador,1874,7.162413
Ecuador,1875,19.459045
Ecuador,1876,26.802876
Ecuador,1877,3.4359424
Ecuador,1878,10.445018
Ecuador,1879,-8.418963
Ecuador,1880,6.8448744
Ecuador,1881,5.435295
Ecuador,1882,7.1965613
Ecuador,1883,15.346372
Ecuador,1884,4.860019
Ecuador,1885,12.522969
Ecuador,1886,12.409212
Ecuador,1887,27.77062
Ecuador,1888,5.7812862
Ecuador,1889,11.854781
Ecuador,1890,-0.8740021
Ecuador,1891,2.6105795
Ecuador,1892,8.82374
Ecuador,1893,-3.2656908
Ecuador,1894,8.165414
Ecuador,1895,5.4909225
Ecuador,1896,0.7889544
Ecuador,1897,8.016763
Ecuador,1898,8.501816
Ecuador,1899,13.751866
Ecuador,1900,7.1774697
Ecuador,1901,5.7495174
Ecuador,1902,16.538273
Ecuador,1903,12.00191
Ecuador,1904,11.933772
Ecuador,1905,18.052532
Ecuador,1906,7.9917493
Ecuador,1907,9.57554
Ecuador,1908,11.966887
Ecuador,1909,16.355074
Ecuador,1910,10.808919
Ecuador,1911,12.06661
Ecuador,1912,7.800089
Ecuador,1913,8.467338
Ecuador,1914,5.254662
Ecuador,1915,7.4670815
Ecuador,1916,2.8498375
Ecuador,1917,7.7228403
Ecuador,1918,6.6717143
Ecuador,1919,10.022096
Ecuador,1920,4.0868454
Ecuador,1921,7.5923557
Ecuador,1922,-0.54416066
Ecuador,1923,11.455999
Ecuador,1924,11.546974
Ecuador,1925,3.4881663
Ecuador,1926,5.404653
Ecuador,1927,10.17072
Ecuador,1928,7.9823384
Ecuador,1929,-0.47328106
Ecuador,1930,8.942136
Ecuador,1931,19.907715
Ecuador,1932,24.827269
Ecuador,1933,26.661491
Ecuador,1934,22.083866
Ecuador,1935,24.685328
Ecuador,1936,27.184376
Ecuador,1937,25.61065
Ecuador,1938,23.166374
Ecuador,1939,17.781939
Ecuador,1940,21.323872
Ecuador,1941,18.639603
Ecuador,1942,23.474226
Ecuador,1943,22.174757
Ecuador,1944,20.29192
Ecuador,1945,14.279598
Ecuador,1946,15.713508
Ecuador,1947,14.211228
Ecuador,1948,15.311864
Ecuador,1949,13.4087515
Ecuador,1950,14.031303
Ecuador,1951,15.611055
Ecuador,1952,17.046316
Ecuador,1953,14.4393
Ecuador,1954,12.526349
Ecuador,1955,15.103097
Ecuador,1956,14.128276
Ecuador,1957,12.921957
Ecuador,1958,14.085695
Ecuador,1959,14.312049
Ecuador,1960,23.086098
Ecuador,1961,12.408378
Ecuador,1962,9.384147
Ecuador,1963,7.4507055
Ecuador,1964,6.8297434
Ecuador,1965,5.1568575
Ecuador,1966,6.445589
Ecuador,1967,5.2130723
Ecuador,1968,5.6605477
Ecuador,1969,4.664169
Ecuador,1970,5.789628
Ecuador,1971,6.2986755
Ecuador,1972,5.1982656
Ecuador,1973,6.300175
Ecuador,1974,9.13092
Ecuador,1975,7.27114
Ecuador,1976,9.731509
Ecuador,1977,7.0827436
Ecuador,1978,7.258469
Ecuador,1979,9.725675
Ecuador,1980,10.643802
Ecuador,1981,8.512686
Ecuador,1982,7.092772
Ecuador,1983,8.303794
Ecuador,1984,9.570669
Ecuador,1985,8.195509
Ecuador,1986,6.596936
Ecuador,1987,4.752172
Ecuador,1988,3.6518626
Ecuador,1989,4.5591626
Ecuador,1990,4.1835504
Ecuador,1991,4.087516
Ecuador,1992,2.797543
Ecuador,1993,4.9146934
Ecuador,1994,2.935272
Ecuador,1995,2.0058935
Ecuador,1996,2.9491036
Ecuador,1997,2.9951084
Ecuador,1998,2.648435
Ecuador,1999,2.2500587
Ecuador,2000,0.83268976
Ecuador,2001,0.08671385
Ecuador,2002,-0.25225505
Ecuador,2003,4.591574
Ecuador,2004,0.7035739
Ecuador,2005,0.17909686
Ecuador,2006,0.39957
Ecuador,2007,0.94248044
Ecuador,2008,0.61793864
Ecuador,2009,0.34664375
Ecuador,2010,0.36297953
Ecuador,2011,1.9038693
Ecuador,2012,1.8866979
Ecuador,2013,0.5004287
Ecuador,2014,3.1979523
Ecuador,2015,0.56892085
Ecuador,2016,0.56561357
Ecuador,2017,-0.10633153
Ecuador,2018,0.18036447
Ecuador,2019,1.5105323
Ecuador,2020,0.7703189
Ecuador,2021,0.5426232
Ecuador,2022,0.7560206
Ecuador,2023,0.7543668
Egypt,1850,0.016180368
Egypt,1851,-0.002727004
Egypt,1852,-0.017970664
Egypt,1853,-0.030844798
Egypt,1854,-0.04196421
Egypt,1855,-0.05170741
Egypt,1856,-0.060317617
Egypt,1857,-0.06795717
Egypt,1858,-0.074747
Egypt,1859,-0.08078615
Egypt,1860,-0.050797988
Egypt,1861,-0.032082412
Egypt,1862,-0.018884236
Egypt,1863,-0.008865509
Egypt,1864,-0.000845404
Egypt,1865,0.005788796
Egypt,1866,0.011411847
Egypt,1867,0.016237075
Egypt,1868,0.02039968
Egypt,1869,0.023997888
Egypt,1870,0.03126094
Egypt,1871,0.03622244
Egypt,1872,0.039948497
Egypt,1873,0.04287118
Egypt,1874,0.04521215
Egypt,1875,0.04709881
Egypt,1876,0.04861884
Egypt,1877,0.049821973
Egypt,1878,0.05074641
Egypt,1879,0.05139224
Egypt,1880,0.10834096
Egypt,1881,0.13911729
Egypt,1882,0.1582088
Egypt,1883,0.17095669
Egypt,1884,0.17998357
Egypt,1885,0.18658699
Egypt,1886,0.19150008
Egypt,1887,0.1951291
Egypt,1888,0.1977302
Egypt,1889,0.19942541
Egypt,1890,0.18452486
Egypt,1891,0.1764268
Egypt,1892,0.1709479
Egypt,1893,0.16663232
Egypt,1894,0.16287304
Egypt,1895,0.15936026
Egypt,1896,0.15594897
Egypt,1897,0.1525558
Egypt,1898,0.14916259
Egypt,1899,0.14577024
Egypt,1900,0.14080925
Egypt,1901,0.13615876
Egypt,1902,0.13181087
Egypt,1903,0.12767304
Egypt,1904,0.1236922
Egypt,1905,0.11983292
Egypt,1906,0.116081975
Egypt,1907,0.11242339
Egypt,1908,0.10884854
Egypt,1909,0.105409354
Egypt,1910,0.108242214
Egypt,1911,0.10724162
Egypt,1912,0.10501946
Egypt,1913,0.10233276
Egypt,1914,0.09943709
Egypt,1915,0.09646812
Egypt,1916,0.09349253
Egypt,1917,0.09054125
Egypt,1918,0.08758456
Egypt,1919,0.08467582
Egypt,1920,0.065579295
Egypt,1921,0.061092302
Egypt,1922,0.06276218
Egypt,1923,0.067622185
Egypt,1924,0.074203156
Egypt,1925,0.08168146
Egypt,1926,0.08954308
Egypt,1927,0.09747435
Egypt,1928,0.105275154
Egypt,1929,0.11275941
Egypt,1930,0.12992702
Egypt,1931,0.14074792
Egypt,1932,0.14884293
Egypt,1933,0.15541673
Egypt,1934,0.16106449
Egypt,1935,0.16603379
Egypt,1936,0.17044356
Egypt,1937,0.1743625
Egypt,1938,0.17783074
Egypt,1939,0.1803995
Egypt,1940,0.20440122
Egypt,1941,0.21742418
Egypt,1942,0.22489214
Egypt,1943,0.22884771
Egypt,1944,0.23086455
Egypt,1945,0.23151286
Egypt,1946,0.23114222
Egypt,1947,0.22997597
Egypt,1948,0.22815816
Egypt,1949,0.22588879
Egypt,1950,0.23322429
Egypt,1951,0.24197197
Egypt,1952,0.24304675
Egypt,1953,0.24562968
Egypt,1954,0.24923548
Egypt,1955,0.25109637
Egypt,1956,0.25089824
Egypt,1957,0.2538772
Egypt,1958,0.256002
Egypt,1959,0.25690225
Egypt,1960,0.26181734
Egypt,1961,0.18270981
Egypt,1962,0.14929618
Egypt,1963,0.14465536
Egypt,1964,0.2574481
Egypt,1965,0.2634961
Egypt,1966,0.19911472
Egypt,1967,0.14909975
Egypt,1968,0.14350642
Egypt,1969,0.11725774
Egypt,1970,0.10141206
Egypt,1971,0.08610471
Egypt,1972,0.07391606
Egypt,1973,0.06024833
Egypt,1974,0.04813041
Egypt,1975,0.014143175
Egypt,1976,-0.012803352
Egypt,1977,-0.033515554
Egypt,1978,-0.048447248
Egypt,1979,-0.034625176
Egypt,1980,-0.012014817
Egypt,1981,-0.015045657
Egypt,1982,-0.013271941
Egypt,1983,0.003813795
Egypt,1984,0.020403463
Egypt,1985,0.04435155
Egypt,1986,0.023043241
Egypt,1987,0.032392383
Egypt,1988,0.021773158
Egypt,1989,0.049388863
Egypt,1990,0.031832237
Egypt,1991,0.15913866
Egypt,1992,0.100369245
Egypt,1993,0.06615808
Egypt,1994,0.14235932
Egypt,1995,0.068319626
Egypt,1996,0.06812357
Egypt,1997,0.048013113
Egypt,1998,0.10782734
Egypt,1999,0.035256334
Egypt,2000,0.035595573
Egypt,2001,0.048372347
Egypt,2002,0.028110385
Egypt,2003,0.035574738
Egypt,2004,0.03615438
Egypt,2005,0.028399955
Egypt,2006,0.022807084
Egypt,2007,0.013744972
Egypt,2008,0.047223564
Egypt,2009,0.030983478
Egypt,2010,0.011111617
Egypt,2011,0.020283462
Egypt,2012,0.021982988
Egypt,2013,0.009946974
Egypt,2014,0.019493902
Egypt,2015,0.00528241
Egypt,2016,0.020069996
Egypt,2017,0.015011318
Egypt,2018,0.02092926
Egypt,2019,0.022378882
Egypt,2020,0.025526479
Egypt,2021,0.025836928
Egypt,2022,0.026400289
Egypt,2023,0.026679356
El Salvador,1850,9.126856
El Salvador,1851,9.009825
El Salvador,1852,11.49478
El Salvador,1853,11.237301
El Salvador,1854,9.273029
El Salvador,1855,8.085878
El Salvador,1856,7.7404747
El Salvador,1857,7.35512
El Salvador,1858,8.8299465
El Salvador,1859,11.315316
El Salvador,1860,8.251361
El Salvador,1861,5.4946065
El Salvador,1862,7.937875
El Salvador,1863,5.4707794
El Salvador,1864,6.287822
El Salvador,1865,5.397132
El Salvador,1866,5.7525787
El Salvador,1867,7.0390916
El Salvador,1868,5.7665176
El Salvador,1869,6.0403666
El Salvador,1870,6.6331816
El Salvador,1871,5.986742
El Salvador,1872,7.0323396
El Salvador,1873,5.75709
El Salvador,1874,7.5195193
El Salvador,1875,8.470755
El Salvador,1876,5.886892
El Salvador,1877,5.469279
El Salvador,1878,5.443328
El Salvador,1879,5.744124
El Salvador,1880,5.0244694
El Salvador,1881,5.3476014
El Salvador,1882,6.1479936
El Salvador,1883,4.8471537
El Salvador,1884,4.3475766
El Salvador,1885,5.232349
El Salvador,1886,3.929344
El Salvador,1887,4.513515
El Salvador,1888,6.5652075
El Salvador,1889,4.152505
El Salvador,1890,3.452405
El Salvador,1891,3.3151927
El Salvador,1892,3.6788893
El Salvador,1893,4.006838
El Salvador,1894,2.9991746
El Salvador,1895,3.4139717
El Salvador,1896,2.8859987
El Salvador,1897,2.4830527
El Salvador,1898,3.6832638
El Salvador,1899,2.7343018
El Salvador,1900,3.8135593
El Salvador,1901,5.987198
El Salvador,1902,6.5221386
El Salvador,1903,7.036551
El Salvador,1904,6.147318
El Salvador,1905,7.179413
El Salvador,1906,7.514926
El Salvador,1907,6.6401596
El Salvador,1908,7.2322226
El Salvador,1909,6.5182176
El Salvador,1910,6.185304
El Salvador,1911,10.760306
El Salvador,1912,8.20188
El Salvador,1913,9.437944
El Salvador,1914,10.244724
El Salvador,1915,7.9881897
El Salvador,1916,9.202415
El Salvador,1917,7.692279
El Salvador,1918,8.490996
El Salvador,1919,7.6727986
El Salvador,1920,6.0559964
El Salvador,1921,4.04354
El Salvador,1922,2.9919899
El Salvador,1923,2.3581855
El Salvador,1924,2.0697596
El Salvador,1925,1.9555335
El Salvador,1926,1.5175368
El Salvador,1927,1.265748
El Salvador,1928,1.2276788
El Salvador,1929,1.1736153
El Salvador,1930,1.4201989
El Salvador,1931,1.6607043
El Salvador,1932,2.7138174
El Salvador,1933,2.1402872
El Salvador,1934,2.7773619
El Salvador,1935,2.5231605
El Salvador,1936,2.3317013
El Salvador,1937,2.351766
El Salvador,1938,2.4016356
El Salvador,1939,2.3811955
El Salvador,1940,2.3307095
El Salvador,1941,2.351484
El Salvador,1942,2.3372352
El Salvador,1943,2.535232
El Salvador,1944,2.319525
El Salvador,1945,2.1837227
El Salvador,1946,2.1966028
El Salvador,1947,2.4408855
El Salvador,1948,2.2338872
El Salvador,1949,2.0973885
El Salvador,1950,2.070055
El Salvador,1951,2.013015
El Salvador,1952,1.9951259
El Salvador,1953,2.1591687
El Salvador,1954,1.9861504
El Salvador,1955,1.9779952
El Salvador,1956,1.9234579
El Salvador,1957,1.944346
El Salvador,1958,1.892932
El Salvador,1959,2.2571487
El Salvador,1960,1.5976158
El Salvador,1961,1.4741777
El Salvador,1962,1.4858326
El Salvador,1963,1.253206
El Salvador,1964,1.0962641
El Salvador,1965,0.9419182
El Salvador,1966,0.85467684
El Salvador,1967,0.6480723
El Salvador,1968,0.5569281
El Salvador,1969,0.5177834
El Salvador,1970,1.2290962
El Salvador,1971,0.8952192
El Salvador,1972,0.759873
El Salvador,1973,0.63820994
El Salvador,1974,0.715401
El Salvador,1975,0.9580427
El Salvador,1976,1.1514692
El Salvador,1977,1.7129562
El Salvador,1978,2.1312714
El Salvador,1979,1.8616785
El Salvador,1980,1.0644219
El Salvador,1981,0.6855492
El Salvador,1982,0.566512
El Salvador,1983,1.1890179
El Salvador,1984,0.73767227
El Salvador,1985,0.8501739
El Salvador,1986,0.6048975
El Salvador,1987,1.1251525
El Salvador,1988,0.6401769
El Salvador,1989,0.638446
El Salvador,1990,0.7106953
El Salvador,1991,0.9278426
El Salvador,1992,0.8467752
El Salvador,1993,0.5556937
El Salvador,1994,0.49117014
El Salvador,1995,0.31413817
El Salvador,1996,0.2815078
El Salvador,1997,0.68642926
El Salvador,1998,0.8321832
El Salvador,1999,0.4686184
El Salvador,2000,0.44616082
El Salvador,2001,0.32668343
El Salvador,2002,0.136992
El Salvador,2003,0.2654661
El Salvador,2004,-0.17044592
El Salvador,2005,-0.22243196
El Salvador,2006,0.1002884
El Salvador,2007,-0.028538845
El Salvador,2008,-0.06716351
El Salvador,2009,-0.12335838
El Salvador,2010,-0.074219495
El Salvador,2011,-0.12578376
El Salvador,2012,-0.117298566
El Salvador,2013,-0.20054483
El Salvador,2014,-0.026313677
El Salvador,2015,-0.09120269
El Salvador,2016,-0.0872988
El Salvador,2017,-0.06695875
El Salvador,2018,-0.06662635
El Salvador,2019,-0.05873808
El Salvador,2020,-0.07391316
El Salvador,2021,-0.066266365
El Salvador,2022,-0.06440896
El Salvador,2023,-0.06116563
Equatorial Guinea,1850,0.07830291
Equatorial Guinea,1851,8.989067
Equatorial Guinea,1852,-9.961307
Equatorial Guinea,1853,-4.5350757
Equatorial Guinea,1854,-1.040422
Equatorial Guinea,1855,-20.691557
Equatorial Guinea,1856,-6.7975235
Equatorial Guinea,1857,3.2900472
Equatorial Guinea,1858,-2.330438
Equatorial Guinea,1859,30.051445
Equatorial Guinea,1860,9.701186
Equatorial Guinea,1861,-8.771865
Equatorial Guinea,1862,-19.040447
Equatorial Guinea,1863,9.083811
Equatorial Guinea,1864,1.1754626
Equatorial Guinea,1865,5.2487044
Equatorial Guinea,1866,6.4884386
Equatorial Guinea,1867,-10.638998
Equatorial Guinea,1868,-23.964867
Equatorial Guinea,1869,9.800668
Equatorial Guinea,1870,-1.0436217
Equatorial Guinea,1871,5.558403
Equatorial Guinea,1872,9.779697
Equatorial Guinea,1873,4.571795
Equatorial Guinea,1874,0.8210701
Equatorial Guinea,1875,-11.687848
Equatorial Guinea,1876,2.0014307
Equatorial Guinea,1877,-2.9282303
Equatorial Guinea,1878,-3.8234415
Equatorial Guinea,1879,0.51914394
Equatorial Guinea,1880,-6.274624
Equatorial Guinea,1881,-11.322349
Equatorial Guinea,1882,14.297856
Equatorial Guinea,1883,9.597308
Equatorial Guinea,1884,1.7443515
Equatorial Guinea,1885,11.701062
Equatorial Guinea,1886,4.0454283
Equatorial Guinea,1887,1.5828261
Equatorial Guinea,1888,3.0901017
Equatorial Guinea,1889,1.0054294
Equatorial Guinea,1890,-6.5592885
Equatorial Guinea,1891,22.543139
Equatorial Guinea,1892,-12.848745
Equatorial Guinea,1893,-0.09071572
Equatorial Guinea,1894,-6.0430584
Equatorial Guinea,1895,-11.442742
Equatorial Guinea,1896,18.11133
Equatorial Guinea,1897,-2.3847876
Equatorial Guinea,1898,0.4879302
Equatorial Guinea,1899,5.0151696
Equatorial Guinea,1900,17.4035
Equatorial Guinea,1901,-0.7100299
Equatorial Guinea,1902,-4.0118217
Equatorial Guinea,1903,0.34549767
Equatorial Guinea,1904,7.4933386
Equatorial Guinea,1905,7.4146843
Equatorial Guinea,1906,-3.1810808
Equatorial Guinea,1907,-3.0508506
Equatorial Guinea,1908,2.8555315
Equatorial Guinea,1909,5.9077
Equatorial Guinea,1910,0.7763379
Equatorial Guinea,1911,6.111306
Equatorial Guinea,1912,9.673341
Equatorial Guinea,1913,-4.0902667
Equatorial Guinea,1914,3.7422519
Equatorial Guinea,1915,42.290897
Equatorial Guinea,1916,17.147839
Equatorial Guinea,1917,10.312294
Equatorial Guinea,1918,-0.9826593
Equatorial Guinea,1919,-6.866913
Equatorial Guinea,1920,-2.287133
Equatorial Guinea,1921,-14.612297
Equatorial Guinea,1922,8.196931
Equatorial Guinea,1923,-4.4634943
Equatorial Guinea,1924,2.8714395
Equatorial Guinea,1925,4.801113
Equatorial Guinea,1926,-0.39106423
Equatorial Guinea,1927,9.927988
Equatorial Guinea,1928,-7.4069505
Equatorial Guinea,1929,-14.368804
Equatorial Guinea,1930,-0.97880954
Equatorial Guinea,1931,13.255181
Equatorial Guinea,1932,21.492788
Equatorial Guinea,1933,16.153702
Equatorial Guinea,1934,4.9914956
Equatorial Guinea,1935,8.345397
Equatorial Guinea,1936,3.6556084
Equatorial Guinea,1937,-11.795075
Equatorial Guinea,1938,27.638264
Equatorial Guinea,1939,9.581954
Equatorial Guinea,1940,-2.8800192
Equatorial Guinea,1941,7.4763722
Equatorial Guinea,1942,7.108074
Equatorial Guinea,1943,13.242021
Equatorial Guinea,1944,2.691995
Equatorial Guinea,1945,7.0859594
Equatorial Guinea,1946,10.567577
Equatorial Guinea,1947,-4.727818
Equatorial Guinea,1948,9.319104
Equatorial Guinea,1949,12.460349
Equatorial Guinea,1950,6.305729
Equatorial Guinea,1951,16.922773
Equatorial Guinea,1952,3.3291063
Equatorial Guinea,1953,1.3676257
Equatorial Guinea,1954,7.499958
Equatorial Guinea,1955,8.87746
Equatorial Guinea,1956,3.050189
Equatorial Guinea,1957,-0.008591259
Equatorial Guinea,1958,7.258759
Equatorial Guinea,1959,9.98037
Equatorial Guinea,1960,2.5467272
Equatorial Guinea,1961,0.68318665
Equatorial Guinea,1962,1.0605625
Equatorial Guinea,1963,-4.800586
Equatorial Guinea,1964,10.453868
Equatorial Guinea,1965,0.88552225
Equatorial Guinea,1966,-8.15284
Equatorial Guinea,1967,5.160949
Equatorial Guinea,1968,-1.5561266
Equatorial Guinea,1969,4.272078
Equatorial Guinea,1970,-0.97263324
Equatorial Guinea,1971,1.0136216
Equatorial Guinea,1972,-1.1134284
Equatorial Guinea,1973,-1.7728056
Equatorial Guinea,1974,-3.3429492
Equatorial Guinea,1975,2.999569
Equatorial Guinea,1976,-3.5619543
Equatorial Guinea,1977,3.630583
Equatorial Guinea,1978,-3.412998
Equatorial Guinea,1979,-0.1754714
Equatorial Guinea,1980,-7.539075
Equatorial Guinea,1981,-0.312489
Equatorial Guinea,1982,-3.2643085
Equatorial Guinea,1983,-4.4928784
Equatorial Guinea,1984,-6.3269787
Equatorial Guinea,1985,1.5502775
Equatorial Guinea,1986,-3.473869
Equatorial Guinea,1987,-0.122543834
Equatorial Guinea,1988,1.2017691
Equatorial Guinea,1989,0.93874675
Equatorial Guinea,1990,3.3599517
Equatorial Guinea,1991,-0.46856678
Equatorial Guinea,1992,-3.0224369
Equatorial Guinea,1993,-3.8438408
Equatorial Guinea,1994,1.126325
Equatorial Guinea,1995,-2.185275
Equatorial Guinea,1996,-1.0943552
Equatorial Guinea,1997,3.3627741
Equatorial Guinea,1998,4.7090535
Equatorial Guinea,1999,5.7688193
Equatorial Guinea,2000,3.9578943
Equatorial Guinea,2001,3.09665
Equatorial Guinea,2002,-0.000642876
Equatorial Guinea,2003,-0.6317853
Equatorial Guinea,2004,1.5111554
Equatorial Guinea,2005,0.62457
Equatorial Guinea,2006,2.1588178
Equatorial Guinea,2007,1.4559165
Equatorial Guinea,2008,1.2444854
Equatorial Guinea,2009,0.8749252
Equatorial Guinea,2010,-0.93254364
Equatorial Guinea,2011,0.38484251
Equatorial Guinea,2012,0.7492102
Equatorial Guinea,2013,2.704097
Equatorial Guinea,2014,-0.70786667
Equatorial Guinea,2015,2.1153538
Equatorial Guinea,2016,1.0270293
Equatorial Guinea,2017,1.480837
Equatorial Guinea,2018,1.484487
Equatorial Guinea,2019,0.9411522
Equatorial Guinea,2020,1.1975853
Equatorial Guinea,2021,1.4588069
Equatorial Guinea,2022,0.86822873
Equatorial Guinea,2023,0.8547874
Eritrea,1850,0.3438942
Eritrea,1851,0.36512524
Eritrea,1852,0.33409533
Eritrea,1853,0.31894398
Eritrea,1854,0.32866257
Eritrea,1855,0.34273842
Eritrea,1856,0.36219382
Eritrea,1857,0.33025175
Eritrea,1858,0.33309978
Eritrea,1859,0.4494675
Eritrea,1860,0.37495834
Eritrea,1861,0.37124148
Eritrea,1862,0.3651238
Eritrea,1863,0.35513407
Eritrea,1864,0.38645697
Eritrea,1865,0.3842886
Eritrea,1866,0.3508664
Eritrea,1867,0.3538118
Eritrea,1868,0.36549857
Eritrea,1869,0.36539516
Eritrea,1870,0.36213598
Eritrea,1871,0.3729332
Eritrea,1872,0.46554214
Eritrea,1873,0.48393378
Eritrea,1874,0.45593274
Eritrea,1875,0.40847665
Eritrea,1876,0.41840696
Eritrea,1877,0.39688957
Eritrea,1878,0.40903518
Eritrea,1879,0.41850063
Eritrea,1880,0.41553658
Eritrea,1881,0.42046693
Eritrea,1882,0.4260354
Eritrea,1883,0.5296267
Eritrea,1884,0.47614124
Eritrea,1885,0.4572899
Eritrea,1886,0.5829346
Eritrea,1887,0.5237384
Eritrea,1888,0.50865614
Eritrea,1889,0.5143344
Eritrea,1890,0.5319018
Eritrea,1891,0.558594
Eritrea,1892,0.5590923
Eritrea,1893,0.54948735
Eritrea,1894,0.69017947
Eritrea,1895,0.60061246
Eritrea,1896,0.5890541
Eritrea,1897,0.59511435
Eritrea,1898,0.5810237
Eritrea,1899,0.627207
Eritrea,1900,0.7580982
Eritrea,1901,0.70166713
Eritrea,1902,0.7104812
Eritrea,1903,0.70764524
Eritrea,1904,0.701514
Eritrea,1905,0.7633679
Eritrea,1906,0.7279711
Eritrea,1907,0.78608346
Eritrea,1908,0.77875
Eritrea,1909,0.74325275
Eritrea,1910,0.82413214
Eritrea,1911,0.8456495
Eritrea,1912,0.98015887
Eritrea,1913,0.9468654
Eritrea,1914,0.9488661
Eritrea,1915,0.940459
Eritrea,1916,0.9409437
Eritrea,1917,0.9815619
Eritrea,1918,0.9483575
Eritrea,1919,0.9426914
Eritrea,1920,1.1738743
Eritrea,1921,1.3654822
Eritrea,1922,1.2885854
Eritrea,1923,1.2628016
Eritrea,1924,1.2573445
Eritrea,1925,1.2722636
Eritrea,1926,1.3270859
Eritrea,1927,1.276224
Eritrea,1928,1.4400609
Eritrea,1929,1.3310256
Eritrea,1930,1.6621041
Eritrea,1931,1.8792663
Eritrea,1932,1.9433897
Eritrea,1933,2.2168653
Eritrea,1934,2.149481
Eritrea,1935,2.116747
Eritrea,1936,2.1447694
Eritrea,1937,2.2991822
Eritrea,1938,2.2536554
Eritrea,1939,2.2237298
Eritrea,1940,4.21318
Eritrea,1941,5.3612013
Eritrea,1942,5.9589443
Eritrea,1943,6.3285804
Eritrea,1944,6.539997
Eritrea,1945,6.8222055
Eritrea,1946,6.821304
Eritrea,1947,6.9103127
Eritrea,1948,6.8801446
Eritrea,1949,6.9277825
Eritrea,1950,5.279066
Eritrea,1951,4.4578614
Eritrea,1952,3.9979882
Eritrea,1953,3.9693215
Eritrea,1954,3.810794
Eritrea,1955,3.8101962
Eritrea,1956,3.8176022
Eritrea,1957,3.7221286
Eritrea,1958,3.8197625
Eritrea,1959,3.6967077
Eritrea,1960,2.5784743
Eritrea,1961,3.434394
Eritrea,1962,2.8893692
Eritrea,1963,2.0106177
Eritrea,1964,2.722141
Eritrea,1965,2.259141
Eritrea,1966,1.940769
Eritrea,1967,1.8820571
Eritrea,1968,2.275681
Eritrea,1969,1.5728235
Eritrea,1970,1.8684778
Eritrea,1971,1.9109126
Eritrea,1972,1.2824811
Eritrea,1973,0.94719476
Eritrea,1974,0.74566835
Eritrea,1975,0.60895765
Eritrea,1976,0.56542623
Eritrea,1977,0.5113717
Eritrea,1978,0.48357975
Eritrea,1979,0.29116678
Eritrea,1980,0.121893056
Eritrea,1981,-0.03471007
Eritrea,1982,-0.16880392
Eritrea,1983,-0.42574316
Eritrea,1984,-0.4680056
Eritrea,1985,-0.5577148
Eritrea,1986,-0.65949625
Eritrea,1987,-0.6878397
Eritrea,1988,-0.70666647
Eritrea,1989,-0.6974053
Eritrea,1990,-0.6670441
Eritrea,1991,-0.62689024
Eritrea,1992,-1.3979425
Eritrea,1993,-1.8502837
Eritrea,1994,-1.5262343
Eritrea,1995,-1.9613577
Eritrea,1996,-1.0755707
Eritrea,1997,1.7343822
Eritrea,1998,0.40169245
Eritrea,1999,1.57624
Eritrea,2000,0.6172411
Eritrea,2001,0.18180233
Eritrea,2002,0.97626287
Eritrea,2003,0.53961086
Eritrea,2004,0.7594433
Eritrea,2005,1.5332096
Eritrea,2006,0.8573535
Eritrea,2007,0.5528622
Eritrea,2008,0.77554214
Eritrea,2009,0.485888
Eritrea,2010,0.36538798
Eritrea,2011,0.24453957
Eritrea,2012,0.16835093
Eritrea,2013,0.12943013
Eritrea,2014,0.106802374
Eritrea,2015,0.7328328
Eritrea,2016,1.3424855
Eritrea,2017,1.584901
Eritrea,2018,1.6721723
Eritrea,2019,1.859545
Eritrea,2020,1.9226397
Eritrea,2021,1.9563619
Eritrea,2022,1.9491787
Eritrea,2023,1.9245918
Estonia,1850,30.379448
Estonia,1851,29.937521
Estonia,1852,29.486868
Estonia,1853,29.222101
Estonia,1854,29.166899
Estonia,1855,28.863356
Estonia,1856,28.603308
Estonia,1857,28.394932
Estonia,1858,28.310583
Estonia,1859,28.212955
Estonia,1860,22.314354
Estonia,1861,20.220354
Estonia,1862,19.155062
Estonia,1863,18.074627
Estonia,1864,17.045275
Estonia,1865,16.140533
Estonia,1866,15.470314
Estonia,1867,14.730439
Estonia,1868,13.899726
Estonia,1869,13.463359
Estonia,1870,12.930495
Estonia,1871,12.218858
Estonia,1872,11.415908
Estonia,1873,10.873946
Estonia,1874,10.62079
Estonia,1875,10.243413
Estonia,1876,9.810079
Estonia,1877,9.322315
Estonia,1878,9.081708
Estonia,1879,8.820748
Estonia,1880,8.478045
Estonia,1881,8.067977
Estonia,1882,7.8576574
Estonia,1883,7.5086713
Estonia,1884,7.2020016
Estonia,1885,7.0030403
Estonia,1886,6.7090964
Estonia,1887,6.5472283
Estonia,1888,6.207899
Estonia,1889,6.024657
Estonia,1890,5.9809847
Estonia,1891,5.6712446
Estonia,1892,5.084651
Estonia,1893,4.862252
Estonia,1894,5.0134783
Estonia,1895,4.695098
Estonia,1896,4.4913845
Estonia,1897,4.250114
Estonia,1898,4.178874
Estonia,1899,4.1001987
Estonia,1900,3.9258177
Estonia,1901,3.9823203
Estonia,1902,3.6046758
Estonia,1903,3.63889
Estonia,1904,3.4514987
Estonia,1905,3.3876095
Estonia,1906,3.3584046
Estonia,1907,3.1092927
Estonia,1908,2.92136
Estonia,1909,2.8780706
Estonia,1910,2.843795
Estonia,1911,2.811394
Estonia,1912,2.386361
Estonia,1913,2.4870012
Estonia,1914,2.3984997
Estonia,1915,2.3462214
Estonia,1916,2.1170568
Estonia,1917,2.2457008
Estonia,1918,2.3340068
Estonia,1919,2.024523
Estonia,1920,1.799735
Estonia,1921,1.9414979
Estonia,1922,1.7135799
Estonia,1923,1.9869502
Estonia,1924,1.7305114
Estonia,1925,1.6346813
Estonia,1926,1.5986814
Estonia,1927,1.4825555
Estonia,1928,1.5942492
Estonia,1929,1.338497
Estonia,1930,1.4341539
Estonia,1931,1.2518604
Estonia,1932,1.2406346
Estonia,1933,1.2198515
Estonia,1934,0.99910843
Estonia,1935,1.0026189
Estonia,1936,0.9429541
Estonia,1937,0.83475703
Estonia,1938,0.8572361
Estonia,1939,0.76465833
Estonia,1940,0.4936087
Estonia,1941,0.16632436
Estonia,1942,0.09356026
Estonia,1943,0.034456365
Estonia,1944,-0.25167513
Estonia,1945,-0.41074935
Estonia,1946,-0.6160663
Estonia,1947,-0.7635287
Estonia,1948,-0.84858656
Estonia,1949,-1.185631
Estonia,1950,-1.0515509
Estonia,1951,-0.9476629
Estonia,1952,-1.0417055
Estonia,1953,-1.1966192
Estonia,1954,-1.51689
Estonia,1955,-2.0154605
Estonia,1956,-2.3962748
Estonia,1957,-3.1875355
Estonia,1958,-4.103657
Estonia,1959,-7.4238605
Estonia,1960,-7.0624075
Estonia,1961,-5.9609766
Estonia,1962,-6.348214
Estonia,1963,-6.0626
Estonia,1964,-5.7061057
Estonia,1965,-5.6384516
Estonia,1966,-5.2679377
Estonia,1967,-4.874804
Estonia,1968,-4.506648
Estonia,1969,-4.2959976
Estonia,1970,-3.9260066
Estonia,1971,-3.8852112
Estonia,1972,-3.56922
Estonia,1973,-3.1650562
Estonia,1974,-2.9812732
Estonia,1975,-2.9709089
Estonia,1976,-2.847809
Estonia,1977,-2.5397081
Estonia,1978,-2.5387175
Estonia,1979,-2.3148115
Estonia,1980,-1.9198278
Estonia,1981,-1.905552
Estonia,1982,-1.7337087
Estonia,1983,-1.6920838
Estonia,1984,-1.5933809
Estonia,1985,-1.4075067
Estonia,1986,-1.3111492
Estonia,1987,-1.2419407
Estonia,1988,-1.2846328
Estonia,1989,-1.165299
Estonia,1990,-1.2300415
Estonia,1991,-0.8218254
Estonia,1992,-1.4629127
Estonia,1993,-3.668445
Estonia,1994,-4.6523376
Estonia,1995,-3.7984304
Estonia,1996,-3.4721067
Estonia,1997,-2.2873578
Estonia,1998,-3.1496403
Estonia,1999,-2.186512
Estonia,2000,-5.068469
Estonia,2001,-6.675073
Estonia,2002,-2.3299782
Estonia,2003,-5.3790646
Estonia,2004,-0.15915787
Estonia,2005,-2.4504032
Estonia,2006,-2.4088278
Estonia,2007,-3.2060053
Estonia,2008,-2.193113
Estonia,2009,-1.281987
Estonia,2010,-2.1480842
Estonia,2011,-2.0694342
Estonia,2012,-1.6480618
Estonia,2013,-1.4303777
Estonia,2014,-0.60027736
Estonia,2015,-0.45608443
Estonia,2016,-1.3033384
Estonia,2017,-1.0344121
Estonia,2018,-0.8809667
Estonia,2019,-1.060561
Estonia,2020,-0.83072686
Estonia,2021,-0.88090694
Estonia,2022,-0.81580055
Estonia,2023,-0.75303805
Eswatini,1850,8.141674
Eswatini,1851,8.0847645
Eswatini,1852,7.9139752
Eswatini,1853,7.7079134
Eswatini,1854,7.421561
Eswatini,1855,7.1474686
Eswatini,1856,7.063371
Eswatini,1857,6.9739313
Eswatini,1858,6.8212166
Eswatini,1859,6.894088
Eswatini,1860,7.0993447
Eswatini,1861,7.0485787
Eswatini,1862,7.2114944
Eswatini,1863,7.279912
Eswatini,1864,7.1488214
Eswatini,1865,7.0528703
Eswatini,1866,6.9751787
Eswatini,1867,7.100939
Eswatini,1868,7.3911757
Eswatini,1869,7.2191305
Eswatini,1870,7.8025846
Eswatini,1871,7.784859
Eswatini,1872,7.8468504
Eswatini,1873,7.6975164
Eswatini,1874,8.04612
Eswatini,1875,7.816337
Eswatini,1876,7.701908
Eswatini,1877,7.730494
Eswatini,1878,7.516984
Eswatini,1879,7.6819715
Eswatini,1880,7.2923937
Eswatini,1881,7.1434197
Eswatini,1882,7.1091275
Eswatini,1883,6.98549
Eswatini,1884,7.092722
Eswatini,1885,6.8958964
Eswatini,1886,7.0563602
Eswatini,1887,7.031195
Eswatini,1888,6.758939
Eswatini,1889,7.1043377
Eswatini,1890,7.5412626
Eswatini,1891,7.629401
Eswatini,1892,7.789431
Eswatini,1893,8.1714945
Eswatini,1894,7.9759526
Eswatini,1895,7.8093433
Eswatini,1896,7.711136
Eswatini,1897,7.6426826
Eswatini,1898,7.806574
Eswatini,1899,7.7743053
Eswatini,1900,8.230028
Eswatini,1901,8.244696
Eswatini,1902,8.680265
Eswatini,1903,8.271167
Eswatini,1904,8.144679
Eswatini,1905,8.083189
Eswatini,1906,8.061399
Eswatini,1907,8.191448
Eswatini,1908,7.7678947
Eswatini,1909,7.7300205
Eswatini,1910,7.4372997
Eswatini,1911,7.2440615
Eswatini,1912,7.1408916
Eswatini,1913,7.009737
Eswatini,1914,7.011482
Eswatini,1915,7.112017
Eswatini,1916,6.931828
Eswatini,1917,6.8286753
Eswatini,1918,6.574946
Eswatini,1919,6.5332565
Eswatini,1920,7.059765
Eswatini,1921,7.1899395
Eswatini,1922,7.3654737
Eswatini,1923,7.368955
Eswatini,1924,7.322748
Eswatini,1925,7.321881
Eswatini,1926,7.0888815
Eswatini,1927,6.9440374
Eswatini,1928,6.899617
Eswatini,1929,6.9099154
Eswatini,1930,6.968681
Eswatini,1931,6.751093
Eswatini,1932,6.8143954
Eswatini,1933,6.7301993
Eswatini,1934,6.597775
Eswatini,1935,6.451332
Eswatini,1936,6.4741707
Eswatini,1937,6.3417253
Eswatini,1938,6.2153997
Eswatini,1939,6.3411045
Eswatini,1940,18.133602
Eswatini,1941,23.83408
Eswatini,1942,26.691982
Eswatini,1943,28.366625
Eswatini,1944,29.25698
Eswatini,1945,29.725586
Eswatini,1946,29.938099
Eswatini,1947,30.191652
Eswatini,1948,30.003849
Eswatini,1949,29.839136
Eswatini,1950,23.578344
Eswatini,1951,22.072702
Eswatini,1952,21.370073
Eswatini,1953,20.162127
Eswatini,1954,19.947325
Eswatini,1955,19.70676
Eswatini,1956,19.867496
Eswatini,1957,19.05953
Eswatini,1958,18.585531
Eswatini,1959,21.034765
Eswatini,1960,14.263933
Eswatini,1961,12.901329
Eswatini,1962,8.804961
Eswatini,1963,7.475385
Eswatini,1964,7.9599953
Eswatini,1965,8.886916
Eswatini,1966,7.8463283
Eswatini,1967,5.6972346
Eswatini,1968,4.201489
Eswatini,1969,3.5664074
Eswatini,1970,3.6757684
Eswatini,1971,6.9935627
Eswatini,1972,6.0515594
Eswatini,1973,3.139872
Eswatini,1974,2.7118416
Eswatini,1975,1.8500267
Eswatini,1976,0.75437975
Eswatini,1977,6.7293425
Eswatini,1978,3.1302416
Eswatini,1979,1.566444
Eswatini,1980,-3.0109632
Eswatini,1981,-1.1022831
Eswatini,1982,-0.52890164
Eswatini,1983,3.6661909
Eswatini,1984,1.0456915
Eswatini,1985,2.5371451
Eswatini,1986,3.3579211
Eswatini,1987,3.3974087
Eswatini,1988,4.191184
Eswatini,1989,2.7296388
Eswatini,1990,2.5387232
Eswatini,1991,1.9960594
Eswatini,1992,1.7140213
Eswatini,1993,1.4956473
Eswatini,1994,1.367957
Eswatini,1995,1.3046513
Eswatini,1996,1.2346817
Eswatini,1997,1.0262883
Eswatini,1998,0.82615274
Eswatini,1999,0.87240213
Eswatini,2000,0.8289737
Eswatini,2001,0.83639485
Eswatini,2002,0.73549354
Eswatini,2003,0.7127413
Eswatini,2004,0.70721227
Eswatini,2005,0.49300447
Eswatini,2006,0.51419175
Eswatini,2007,0.49863714
Eswatini,2008,0.45437247
Eswatini,2009,0.43605274
Eswatini,2010,0.42230538
Eswatini,2011,0.45201787
Eswatini,2012,0.3443547
Eswatini,2013,0.31460053
Eswatini,2014,0.21953173
Eswatini,2015,0.19875458
Eswatini,2016,0.40890217
Eswatini,2017,0.44380176
Eswatini,2018,0.46414104
Eswatini,2019,0.51607424
Eswatini,2020,0.22708572
Eswatini,2021,0.1375046
Eswatini,2022,0.09592323
Eswatini,2023,0.06792261
Ethiopia,1850,2.078339
Ethiopia,1851,2.0365083
Ethiopia,1852,2.009529
Ethiopia,1853,2.0802686
Ethiopia,1854,2.0007422
Ethiopia,1855,2.0505216
Ethiopia,1856,1.9880197
Ethiopia,1857,2.0042548
Ethiopia,1858,2.0210426
Ethiopia,1859,2.014002
Ethiopia,1860,2.06504
Ethiopia,1861,2.0199165
Ethiopia,1862,2.034023
Ethiopia,1863,2.0337832
Ethiopia,1864,2.0369568
Ethiopia,1865,1.9956278
Ethiopia,1866,2.0292714
Ethiopia,1867,2.0350716
Ethiopia,1868,2.063292
Ethiopia,1869,2.06423
Ethiopia,1870,2.0147605
Ethiopia,1871,2.004692
Ethiopia,1872,1.9966681
Ethiopia,1873,1.9831799
Ethiopia,1874,2.055617
Ethiopia,1875,2.0311682
Ethiopia,1876,2.0536635
Ethiopia,1877,2.0197685
Ethiopia,1878,2.0110621
Ethiopia,1879,2.0534632
Ethiopia,1880,2.0104256
Ethiopia,1881,1.9897854
Ethiopia,1882,2.0785375
Ethiopia,1883,2.056813
Ethiopia,1884,2.0405495
Ethiopia,1885,1.9931666
Ethiopia,1886,2.001128
Ethiopia,1887,2.0182183
Ethiopia,1888,2.0554266
Ethiopia,1889,2.0490725
Ethiopia,1890,2.012518
Ethiopia,1891,2.0109127
Ethiopia,1892,1.9987671
Ethiopia,1893,2.012761
Ethiopia,1894,2.065288
Ethiopia,1895,2.0648713
Ethiopia,1896,2.0560114
Ethiopia,1897,2.0357199
Ethiopia,1898,2.051652
Ethiopia,1899,2.1020207
Ethiopia,1900,2.0191145
Ethiopia,1901,2.0027506
Ethiopia,1902,1.971168
Ethiopia,1903,2.0092459
Ethiopia,1904,2.0009723
Ethiopia,1905,1.9789768
Ethiopia,1906,1.9493984
Ethiopia,1907,1.9729879
Ethiopia,1908,2.0083055
Ethiopia,1909,1.9512596
Ethiopia,1910,1.9212413
Ethiopia,1911,1.8986498
Ethiopia,1912,1.9925388
Ethiopia,1913,1.9457675
Ethiopia,1914,1.969754
Ethiopia,1915,1.9872075
Ethiopia,1916,1.995824
Ethiopia,1917,1.9637543
Ethiopia,1918,1.9431138
Ethiopia,1919,1.9700252
Ethiopia,1920,1.9692389
Ethiopia,1921,2.0116982
Ethiopia,1922,1.9887304
Ethiopia,1923,1.9277942
Ethiopia,1924,2.0675588
Ethiopia,1925,2.0201998
Ethiopia,1926,2.0746808
Ethiopia,1927,2.1551318
Ethiopia,1928,2.1867898
Ethiopia,1929,2.256582
Ethiopia,1930,2.321445
Ethiopia,1931,2.3338544
Ethiopia,1932,2.3680117
Ethiopia,1933,2.4253502
Ethiopia,1934,2.4429822
Ethiopia,1935,2.5723877
Ethiopia,1936,2.5394213
Ethiopia,1937,2.5609908
Ethiopia,1938,2.6456769
Ethiopia,1939,2.7176514
Ethiopia,1940,2.7577963
Ethiopia,1941,2.8074405
Ethiopia,1942,2.8618252
Ethiopia,1943,2.8797126
Ethiopia,1944,2.9531465
Ethiopia,1945,3.063484
Ethiopia,1946,2.9730303
Ethiopia,1947,2.9751878
Ethiopia,1948,3.0020297
Ethiopia,1949,3.0312605
Ethiopia,1950,5.7659383
Ethiopia,1951,5.560961
Ethiopia,1952,5.184291
Ethiopia,1953,5.1078954
Ethiopia,1954,5.06441
Ethiopia,1955,5.0719204
Ethiopia,1956,5.1288085
Ethiopia,1957,5.222718
Ethiopia,1958,5.3897395
Ethiopia,1959,5.5642247
Ethiopia,1960,5.6790705
Ethiopia,1961,6.174325
Ethiopia,1962,5.5163617
Ethiopia,1963,4.382927
Ethiopia,1964,4.957681
Ethiopia,1965,4.510044
Ethiopia,1966,4.0787888
Ethiopia,1967,3.9301872
Ethiopia,1968,4.144261
Ethiopia,1969,3.443266
Ethiopia,1970,3.4979277
Ethiopia,1971,3.4957664
Ethiopia,1972,2.872476
Ethiopia,1973,2.4648612
Ethiopia,1974,2.1588516
Ethiopia,1975,1.917583
Ethiopia,1976,1.7579349
Ethiopia,1977,1.599215
Ethiopia,1978,1.489726
Ethiopia,1979,1.2137516
Ethiopia,1980,0.9462322
Ethiopia,1981,0.7010522
Ethiopia,1982,0.4889327
Ethiopia,1983,0.1789314
Ethiopia,1984,0.037382834
Ethiopia,1985,-0.12031894
Ethiopia,1986,-0.2791588
Ethiopia,1987,-0.37077
Ethiopia,1988,-0.46764505
Ethiopia,1989,-0.5042768
Ethiopia,1990,-0.511016
Ethiopia,1991,-0.46705854
Ethiopia,1992,-0.6465223
Ethiopia,1993,-0.46673375
Ethiopia,1994,-0.41719615
Ethiopia,1995,-0.4197509
Ethiopia,1996,-0.09469978
Ethiopia,1997,-0.23271203
Ethiopia,1998,-0.16777956
Ethiopia,1999,-0.19789506
Ethiopia,2000,0.30855748
Ethiopia,2001,0.038720828
Ethiopia,2002,1.6906501
Ethiopia,2003,2.6418662
Ethiopia,2004,2.195313
Ethiopia,2005,2.0997298
Ethiopia,2006,2.085009
Ethiopia,2007,1.4293684
Ethiopia,2008,1.4985785
Ethiopia,2009,1.5958571
Ethiopia,2010,1.5079551
Ethiopia,2011,1.1181085
Ethiopia,2012,1.007776
Ethiopia,2013,0.9206219
Ethiopia,2014,0.7979087
Ethiopia,2015,1.2826762
Ethiopia,2016,1.7358491
Ethiopia,2017,1.9551948
Ethiopia,2018,1.9551631
Ethiopia,2019,2.0392694
Ethiopia,2020,1.9549553
Ethiopia,2021,1.9206451
Ethiopia,2022,1.8504134
Ethiopia,2023,1.7637094
Europe,1850,3.7781255
Europe,1851,4.019058
Europe,1852,3.9445093
Europe,1853,3.9393709
Europe,1854,4.0378504
Europe,1855,3.7813947
Europe,1856,4.019268
Europe,1857,3.7373781
Europe,1858,3.7105825
Europe,1859,3.6347218
Europe,1860,3.408374
Europe,1861,3.7334208
Europe,1862,3.7293756
Europe,1863,3.615548
Europe,1864,3.5247846
Europe,1865,3.5143201
Europe,1866,3.5846212
Europe,1867,3.4391806
Europe,1868,3.4184318
Europe,1869,3.3699143
Europe,1870,3.6954665
Europe,1871,3.4770734
Europe,1872,3.8113246
Europe,1873,3.5828452
Europe,1874,3.9133797
Europe,1875,3.92239
Europe,1876,3.8580756
Europe,1877,3.7834213
Europe,1878,3.7681086
Europe,1879,3.6717978
Europe,1880,3.9204104
Europe,1881,3.8439963
Europe,1882,3.997657
Europe,1883,3.660699
Europe,1884,4.075999
Europe,1885,3.9629982
Europe,1886,3.7688127
Europe,1887,3.9284773
Europe,1888,3.7279623
Europe,1889,3.8270752
Europe,1890,4.0891542
Europe,1891,4.2452292
Europe,1892,4.225473
Europe,1893,4.316347
Europe,1894,4.2814064
Europe,1895,4.1941843
Europe,1896,4.010323
Europe,1897,4.1569486
Europe,1898,4.1372104
Europe,1899,4.085494
Europe,1900,4.4380307
Europe,1901,4.465331
Europe,1902,4.672478
Europe,1903,4.653798
Europe,1904,4.7248707
Europe,1905,4.8839035
Europe,1906,4.9366837
Europe,1907,4.767022
Europe,1908,4.8647695
Europe,1909,4.946654
Europe,1910,4.1071825
Europe,1911,3.6770208
Europe,1912,3.3030555
Europe,1913,2.983204
Europe,1914,2.8631327
Europe,1915,2.6476502
Europe,1916,2.576605
Europe,1917,2.3892925
Europe,1918,2.2431622
Europe,1919,2.1104925
Europe,1920,2.3993278
Europe,1921,2.6660502
Europe,1922,2.5987008
Europe,1923,2.7056715
Europe,1924,2.7935307
Europe,1925,2.638936
Europe,1926,2.63644
Europe,1927,2.732372
Europe,1928,2.736152
Europe,1929,2.6962101
Europe,1930,3.010541
Europe,1931,3.3185494
Europe,1932,3.390437
Europe,1933,3.4057448
Europe,1934,3.5288532
Europe,1935,3.4571872
Europe,1936,3.5844207
Europe,1937,3.6681266
Europe,1938,3.6904275
Europe,1939,3.669192
Europe,1940,2.673183
Europe,1941,2.3877318
Europe,1942,2.0361154
Europe,1943,1.7097179
Europe,1944,1.5356793
Europe,1945,1.3340131
Europe,1946,1.0593497
Europe,1947,0.9012692
Europe,1948,0.6160045
Europe,1949,0.43174782
Europe,1950,0.8936283
Europe,1951,1.0602807
Europe,1952,1.2115186
Europe,1953,1.3186122
Europe,1954,1.456876
Europe,1955,1.5574061
Europe,1956,1.6182843
Europe,1957,1.6796389
Europe,1958,1.3328241
Europe,1959,2.1871955
Europe,1960,1.4394602
Europe,1961,1.6058153
Europe,1962,0.91529375
Europe,1963,0.76532596
Europe,1964,0.6504184
Europe,1965,0.59189063
Europe,1966,0.5810766
Europe,1967,0.5567388
Europe,1968,0.6136394
Europe,1969,0.46516946
Europe,1970,0.73009783
Europe,1971,0.3748809
Europe,1972,0.2887406
Europe,1973,0.45283926
Europe,1974,0.3343703
Europe,1975,0.28587005
Europe,1976,0.37634623
Europe,1977,0.3978847
Europe,1978,0.37503105
Europe,1979,0.27913126
Europe,1980,0.5112779
Europe,1981,0.38291535
Europe,1982,0.28730953
Europe,1983,0.35819596
Europe,1984,0.36053836
Europe,1985,0.3606929
Europe,1986,0.36730486
Europe,1987,0.39096475
Europe,1988,0.37509862
Europe,1989,0.2579207
Europe,1990,0.2674532
Europe,1991,0.33730724
Europe,1992,0.100642435
Europe,1993,-0.054866005
Europe,1994,-0.010662391
Europe,1995,-0.14939603
Europe,1996,0.5080313
Europe,1997,-0.065637425
Europe,1998,-0.14013152
Europe,1999,-0.08001841
Europe,2000,-0.26126525
Europe,2001,-0.4109612
Europe,2002,-0.4277521
Europe,2003,-0.309515
Europe,2004,-0.23021372
Europe,2005,-0.30540517
Europe,2006,-0.28627092
Europe,2007,-0.12872899
Europe,2008,-0.18947478
Europe,2009,0.042336907
Europe,2010,0.2860885
Europe,2011,-0.0836663
Europe,2012,0.33251712
Europe,2013,0.112430096
Europe,2014,-0.06276623
Europe,2015,0.36306658
Europe,2016,0.36919126
Europe,2017,0.34825915
Europe,2018,0.4086016
Europe,2019,0.13465784
Europe,2020,0.23163635
Europe,2021,0.26824403
Europe,2022,0.3611933
Europe,2023,0.3634732
Europe (excl. EU-27),1850,7.298474
Europe (excl. EU-27),1851,8.094208
Europe (excl. EU-27),1852,7.913895
Europe (excl. EU-27),1853,7.94438
Europe (excl. EU-27),1854,8.274853
Europe (excl. EU-27),1855,7.5836406
Europe (excl. EU-27),1856,8.305509
Europe (excl. EU-27),1857,7.5302777
Europe (excl. EU-27),1858,7.500074
Europe (excl. EU-27),1859,7.3407307
Europe (excl. EU-27),1860,6.77827
Europe (excl. EU-27),1861,7.803181
Europe (excl. EU-27),1862,7.8539367
Europe (excl. EU-27),1863,7.587066
Europe (excl. EU-27),1864,7.382543
Europe (excl. EU-27),1865,7.407205
Europe (excl. EU-27),1866,7.6570945
Europe (excl. EU-27),1867,7.203248
Europe (excl. EU-27),1868,7.2008195
Europe (excl. EU-27),1869,7.1009464
Europe (excl. EU-27),1870,7.920985
Europe (excl. EU-27),1871,7.2564874
Europe (excl. EU-27),1872,8.162274
Europe (excl. EU-27),1873,7.4945164
Europe (excl. EU-27),1874,8.422553
Europe (excl. EU-27),1875,8.432843
Europe (excl. EU-27),1876,8.243421
Europe (excl. EU-27),1877,8.0301695
Europe (excl. EU-27),1878,7.9893856
Europe (excl. EU-27),1879,7.746921
Europe (excl. EU-27),1880,8.457602
Europe (excl. EU-27),1881,8.30228
Europe (excl. EU-27),1882,8.747479
Europe (excl. EU-27),1883,7.846422
Europe (excl. EU-27),1884,9.05206
Europe (excl. EU-27),1885,8.751376
Europe (excl. EU-27),1886,8.244491
Europe (excl. EU-27),1887,8.644784
Europe (excl. EU-27),1888,8.128628
Europe (excl. EU-27),1889,8.427562
Europe (excl. EU-27),1890,9.156225
Europe (excl. EU-27),1891,9.59626
Europe (excl. EU-27),1892,9.534673
Europe (excl. EU-27),1893,9.798287
Europe (excl. EU-27),1894,9.714797
Europe (excl. EU-27),1895,9.493524
Europe (excl. EU-27),1896,8.998531
Europe (excl. EU-27),1897,9.421334
Europe (excl. EU-27),1898,9.385778
Europe (excl. EU-27),1899,9.277693
Europe (excl. EU-27),1900,10.128588
Europe (excl. EU-27),1901,10.201623
Europe (excl. EU-27),1902,10.75882
Europe (excl. EU-27),1903,10.694994
Europe (excl. EU-27),1904,10.868806
Europe (excl. EU-27),1905,11.323438
Europe (excl. EU-27),1906,11.468137
Europe (excl. EU-27),1907,10.997682
Europe (excl. EU-27),1908,11.284298
Europe (excl. EU-27),1909,11.509493
Europe (excl. EU-27),1910,9.418585
Europe (excl. EU-27),1911,8.30702
Europe (excl. EU-27),1912,7.3819613
Europe (excl. EU-27),1913,6.554469
Europe (excl. EU-27),1914,6.286315
Europe (excl. EU-27),1915,5.752942
Europe (excl. EU-27),1916,5.59075
Europe (excl. EU-27),1917,5.1339946
Europe (excl. EU-27),1918,4.740791
Europe (excl. EU-27),1919,4.4558372
Europe (excl. EU-27),1920,5.003302
Europe (excl. EU-27),1921,5.562745
Europe (excl. EU-27),1922,5.2872143
Europe (excl. EU-27),1923,5.544099
Europe (excl. EU-27),1924,5.7711525
Europe (excl. EU-27),1925,5.320116
Europe (excl. EU-27),1926,5.306678
Europe (excl. EU-27),1927,5.5577407
Europe (excl. EU-27),1928,5.53511
Europe (excl. EU-27),1929,5.423588
Europe (excl. EU-27),1930,6.465382
Europe (excl. EU-27),1931,7.382934
Europe (excl. EU-27),1932,7.624659
Europe (excl. EU-27),1933,7.7188406
Europe (excl. EU-27),1934,8.097609
Europe (excl. EU-27),1935,7.94905
Europe (excl. EU-27),1936,8.329701
Europe (excl. EU-27),1937,8.601284
Europe (excl. EU-27),1938,8.643498
Europe (excl. EU-27),1939,8.636131
Europe (excl. EU-27),1940,6.2401023
Europe (excl. EU-27),1941,5.5856085
Europe (excl. EU-27),1942,4.71348
Europe (excl. EU-27),1943,3.869544
Europe (excl. EU-27),1944,3.4654212
Europe (excl. EU-27),1945,2.991117
Europe (excl. EU-27),1946,2.3266168
Europe (excl. EU-27),1947,1.9684561
Europe (excl. EU-27),1948,1.2993097
Europe (excl. EU-27),1949,0.83825594
Europe (excl. EU-27),1950,1.8580537
Europe (excl. EU-27),1951,2.3334153
Europe (excl. EU-27),1952,2.583663
Europe (excl. EU-27),1953,2.9341922
Europe (excl. EU-27),1954,3.3332324
Europe (excl. EU-27),1955,3.6001325
Europe (excl. EU-27),1956,3.7934217
Europe (excl. EU-27),1957,3.9701312
Europe (excl. EU-27),1958,3.2114933
Europe (excl. EU-27),1959,5.4753475
Europe (excl. EU-27),1960,3.7149065
Europe (excl. EU-27),1961,4.1540065
Europe (excl. EU-27),1962,2.55021
Europe (excl. EU-27),1963,2.265128
Europe (excl. EU-27),1964,2.0064325
Europe (excl. EU-27),1965,1.8864338
Europe (excl. EU-27),1966,1.7935346
Europe (excl. EU-27),1967,1.7804888
Europe (excl. EU-27),1968,1.8073243
Europe (excl. EU-27),1969,1.6499298
Europe (excl. EU-27),1970,2.295141
Europe (excl. EU-27),1971,1.5260773
Europe (excl. EU-27),1972,1.373508
Europe (excl. EU-27),1973,1.7220671
Europe (excl. EU-27),1974,1.4601511
Europe (excl. EU-27),1975,1.2935448
Europe (excl. EU-27),1976,1.5220078
Europe (excl. EU-27),1977,1.522622
Europe (excl. EU-27),1978,1.5023409
Europe (excl. EU-27),1979,1.2704674
Europe (excl. EU-27),1980,1.8213786
Europe (excl. EU-27),1981,1.4822371
Europe (excl. EU-27),1982,1.2385538
Europe (excl. EU-27),1983,1.3223395
Europe (excl. EU-27),1984,1.3484153
Europe (excl. EU-27),1985,1.3196151
Europe (excl. EU-27),1986,1.2923486
Europe (excl. EU-27),1987,1.3866495
Europe (excl. EU-27),1988,1.3461964
Europe (excl. EU-27),1989,1.0257262
Europe (excl. EU-27),1990,1.11081
Europe (excl. EU-27),1991,1.2207518
Europe (excl. EU-27),1992,0.6633813
Europe (excl. EU-27),1993,0.27732274
Europe (excl. EU-27),1994,0.4341529
Europe (excl. EU-27),1995,0.06336706
Europe (excl. EU-27),1996,1.656802
Europe (excl. EU-27),1997,0.29559222
Europe (excl. EU-27),1998,-0.03678919
Europe (excl. EU-27),1999,0.20735073
Europe (excl. EU-27),2000,-0.009255731
Europe (excl. EU-27),2001,-0.26120412
Europe (excl. EU-27),2002,-0.3309792
Europe (excl. EU-27),2003,-0.087706625
Europe (excl. EU-27),2004,0.045668222
Europe (excl. EU-27),2005,-0.08080428
Europe (excl. EU-27),2006,0.095606
Europe (excl. EU-27),2007,0.15662245
Europe (excl. EU-27),2008,0.14351729
Europe (excl. EU-27),2009,0.64414173
Europe (excl. EU-27),2010,1.2797749
Europe (excl. EU-27),2011,0.24898632
Europe (excl. EU-27),2012,1.3009181
Europe (excl. EU-27),2013,0.8069835
Europe (excl. EU-27),2014,0.3469046
Europe (excl. EU-27),2015,1.3952104
Europe (excl. EU-27),2016,1.398075
Europe (excl. EU-27),2017,1.2503041
Europe (excl. EU-27),2018,1.2473462
Europe (excl. EU-27),2019,0.7187884
Europe (excl. EU-27),2020,0.99677265
Europe (excl. EU-27),2021,1.0925661
Europe (excl. EU-27),2022,1.3269681
Europe (excl. EU-27),2023,1.3339599
Europe (excl. EU-28),1850,10.090425
Europe (excl. EU-28),1851,11.232267
Europe (excl. EU-28),1852,11.015133
Europe (excl. EU-28),1853,11.063818
Europe (excl. EU-28),1854,11.523571
Europe (excl. EU-28),1855,10.586433
Europe (excl. EU-28),1856,11.625275
Europe (excl. EU-28),1857,10.55916
Europe (excl. EU-28),1858,10.529967
Europe (excl. EU-28),1859,10.325539
Europe (excl. EU-28),1860,9.394201
Europe (excl. EU-28),1861,10.726863
Europe (excl. EU-28),1862,10.686432
Europe (excl. EU-28),1863,10.218177
Europe (excl. EU-28),1864,9.859081
Europe (excl. EU-28),1865,9.837512
Europe (excl. EU-28),1866,10.117949
Europe (excl. EU-28),1867,9.444869
Europe (excl. EU-28),1868,9.422638
Europe (excl. EU-28),1869,9.294955
Europe (excl. EU-28),1870,10.439629
Europe (excl. EU-28),1871,9.563922
Europe (excl. EU-28),1872,10.865391
Europe (excl. EU-28),1873,9.9333515
Europe (excl. EU-28),1874,11.207473
Europe (excl. EU-28),1875,11.251394
Europe (excl. EU-28),1876,11.031741
Europe (excl. EU-28),1877,10.743479
Europe (excl. EU-28),1878,10.701709
Europe (excl. EU-28),1879,10.381858
Europe (excl. EU-28),1880,11.331871
Europe (excl. EU-28),1881,11.1722
Europe (excl. EU-28),1882,11.7717285
Europe (excl. EU-28),1883,10.50959
Europe (excl. EU-28),1884,12.18929
Europe (excl. EU-28),1885,11.793912
Europe (excl. EU-28),1886,11.083955
Europe (excl. EU-28),1887,11.630526
Europe (excl. EU-28),1888,10.910886
Europe (excl. EU-28),1889,11.350334
Europe (excl. EU-28),1890,12.334186
Europe (excl. EU-28),1891,12.956028
Europe (excl. EU-28),1892,12.889734
Europe (excl. EU-28),1893,13.233097
Europe (excl. EU-28),1894,13.097352
Europe (excl. EU-28),1895,12.8047495
Europe (excl. EU-28),1896,12.145362
Europe (excl. EU-28),1897,12.728889
Europe (excl. EU-28),1898,12.687084
Europe (excl. EU-28),1899,12.544959
Europe (excl. EU-28),1900,13.686257
Europe (excl. EU-28),1901,13.802932
Europe (excl. EU-28),1902,14.586086
Europe (excl. EU-28),1903,14.513768
Europe (excl. EU-28),1904,14.730638
Europe (excl. EU-28),1905,15.341542
Europe (excl. EU-28),1906,15.553978
Europe (excl. EU-28),1907,14.924267
Europe (excl. EU-28),1908,15.316457
Europe (excl. EU-28),1909,15.628363
Europe (excl. EU-28),1910,12.735883
Europe (excl. EU-28),1911,11.166445
Europe (excl. EU-28),1912,9.921511
Europe (excl. EU-28),1913,8.758577
Europe (excl. EU-28),1914,8.377011
Europe (excl. EU-28),1915,7.640166
Europe (excl. EU-28),1916,7.425889
Europe (excl. EU-28),1917,6.7977333
Europe (excl. EU-28),1918,6.270956
Europe (excl. EU-28),1919,5.900785
Europe (excl. EU-28),1920,6.687002
Europe (excl. EU-28),1921,7.420623
Europe (excl. EU-28),1922,7.061246
Europe (excl. EU-28),1923,7.409791
Europe (excl. EU-28),1924,7.71171
Europe (excl. EU-28),1925,7.080956
Europe (excl. EU-28),1926,7.0449657
Europe (excl. EU-28),1927,7.371953
Europe (excl. EU-28),1928,7.3144717
Europe (excl. EU-28),1929,7.139344
Europe (excl. EU-28),1930,8.519862
Europe (excl. EU-28),1931,9.724629
Europe (excl. EU-28),1932,10.02284
Europe (excl. EU-28),1933,10.122883
Europe (excl. EU-28),1934,10.613979
Europe (excl. EU-28),1935,10.410667
Europe (excl. EU-28),1936,10.904242
Europe (excl. EU-28),1937,11.244682
Europe (excl. EU-28),1938,11.277228
Europe (excl. EU-28),1939,11.260794
Europe (excl. EU-28),1940,8.08999
Europe (excl. EU-28),1941,7.2143216
Europe (excl. EU-28),1942,6.0579634
Europe (excl. EU-28),1943,4.9366403
Europe (excl. EU-28),1944,4.3980694
Europe (excl. EU-28),1945,3.7726192
Europe (excl. EU-28),1946,2.9034922
Europe (excl. EU-28),1947,2.4256952
Europe (excl. EU-28),1948,1.550115
Europe (excl. EU-28),1949,0.9432238
Europe (excl. EU-28),1950,2.2868726
Europe (excl. EU-28),1951,2.9017158
Europe (excl. EU-28),1952,3.2116237
Europe (excl. EU-28),1953,3.6531396
Europe (excl. EU-28),1954,4.1611094
Europe (excl. EU-28),1955,4.483712
Europe (excl. EU-28),1956,4.719618
Europe (excl. EU-28),1957,4.928815
Europe (excl. EU-28),1958,3.9585238
Europe (excl. EU-28),1959,6.7796865
Europe (excl. EU-28),1960,4.5850096
Europe (excl. EU-28),1961,5.13609
Europe (excl. EU-28),1962,3.1134253
Europe (excl. EU-28),1963,2.7566566
Europe (excl. EU-28),1964,2.4390461
Europe (excl. EU-28),1965,2.295703
Europe (excl. EU-28),1966,2.179238
Europe (excl. EU-28),1967,2.1729965
Europe (excl. EU-28),1968,2.2142866
Europe (excl. EU-28),1969,2.0533392
Europe (excl. EU-28),1970,2.8569973
Europe (excl. EU-28),1971,1.8940326
Europe (excl. EU-28),1972,1.7044003
Europe (excl. EU-28),1973,2.141577
Europe (excl. EU-28),1974,1.8128664
Europe (excl. EU-28),1975,1.6011924
Europe (excl. EU-28),1976,1.8842845
Europe (excl. EU-28),1977,1.8831325
Europe (excl. EU-28),1978,1.8547449
Europe (excl. EU-28),1979,1.5541366
Europe (excl. EU-28),1980,2.2518237
Europe (excl. EU-28),1981,1.8294315
Europe (excl. EU-28),1982,1.5278217
Europe (excl. EU-28),1983,1.6242948
Europe (excl. EU-28),1984,1.6465266
Europe (excl. EU-28),1985,1.6196715
Europe (excl. EU-28),1986,1.5838373
Europe (excl. EU-28),1987,1.6212504
Europe (excl. EU-28),1988,1.6254238
Europe (excl. EU-28),1989,1.241611
Europe (excl. EU-28),1990,1.351531
Europe (excl. EU-28),1991,1.4926921
Europe (excl. EU-28),1992,0.8550961
Europe (excl. EU-28),1993,0.37424332
Europe (excl. EU-28),1994,0.5515902
Europe (excl. EU-28),1995,0.047848452
Europe (excl. EU-28),1996,1.9950126
Europe (excl. EU-28),1997,0.33975518
Europe (excl. EU-28),1998,-0.025914673
Europe (excl. EU-28),1999,0.2801362
Europe (excl. EU-28),2000,-0.014809593
Europe (excl. EU-28),2001,-0.32566464
Europe (excl. EU-28),2002,-0.42097482
Europe (excl. EU-28),2003,-0.12825876
Europe (excl. EU-28),2004,0.029140053
Europe (excl. EU-28),2005,-0.2852972
Europe (excl. EU-28),2006,0.02613729
Europe (excl. EU-28),2007,0.12013029
Europe (excl. EU-28),2008,0.1335816
Europe (excl. EU-28),2009,0.7826537
Europe (excl. EU-28),2010,1.5932484
Europe (excl. EU-28),2011,0.27079773
Europe (excl. EU-28),2012,1.5821177
Europe (excl. EU-28),2013,0.96004206
Europe (excl. EU-28),2014,0.39133304
Europe (excl. EU-28),2015,1.6976037
Europe (excl. EU-28),2016,1.7072167
Europe (excl. EU-28),2017,1.5439421
Europe (excl. EU-28),2018,1.5200584
Europe (excl. EU-28),2019,0.8744748
Europe (excl. EU-28),2020,1.2433853
Europe (excl. EU-28),2021,1.3662025
Europe (excl. EU-28),2022,1.6769015
Europe (excl. EU-28),2023,1.6952114
European Union (27),1850,1.9572595
European Union (27),1851,1.9072444
European Union (27),1852,1.8828878
European Union (27),1853,1.8539538
European Union (27),1854,1.8260661
European Union (27),1855,1.7915938
European Union (27),1856,1.7706151
European Union (27),1857,1.7426441
European Union (27),1858,1.7127765
European Union (27),1859,1.676231
European Union (27),1860,1.6231866
European Union (27),1861,1.5725183
European Union (27),1862,1.5342777
European Union (27),1863,1.4970458
European Union (27),1864,1.4622656
European Union (27),1865,1.4282929
European Union (27),1866,1.3974293
European Union (27),1867,1.4130805
European Union (27),1868,1.3779187
European Union (27),1869,1.3526503
European Union (27),1870,1.4056867
European Union (27),1871,1.4257975
European Union (27),1872,1.4448457
European Union (27),1873,1.4508395
European Union (27),1874,1.4506167
European Union (27),1875,1.4538648
European Union (27),1876,1.45313
European Union (27),1877,1.4497797
European Union (27),1878,1.4438217
European Union (27),1879,1.423756
European Union (27),1880,1.4128497
European Union (27),1881,1.3761351
European Union (27),1882,1.3643428
European Union (27),1883,1.3367919
European Union (27),1884,1.3093863
European Union (27),1885,1.2970164
European Union (27),1886,1.2734967
European Union (27),1887,1.2954326
European Union (27),1888,1.267844
European Union (27),1889,1.2515266
European Union (27),1890,1.2477319
European Union (27),1891,1.2399677
European Union (27),1892,1.2385588
European Union (27),1893,1.2266172
European Union (27),1894,1.2135124
European Union (27),1895,1.1966469
European Union (27),1896,1.1838065
European Union (27),1897,1.1687515
European Union (27),1898,1.1528757
European Union (27),1899,1.1287771
European Union (27),1900,1.1930221
European Union (27),1901,1.191118
European Union (27),1902,1.1955036
European Union (27),1903,1.2003905
European Union (27),1904,1.2105366
European Union (27),1905,1.198255
European Union (27),1906,1.1962202
European Union (27),1907,1.1968087
European Union (27),1908,1.1843176
European Union (27),1909,1.1760623
European Union (27),1910,1.04405
European Union (27),1911,0.99365795
European Union (27),1912,0.9230428
European Union (27),1913,0.88208246
European Union (27),1914,0.83247244
European Union (27),1915,0.7900128
European Union (27),1916,0.75791144
European Union (27),1917,0.7187543
European Union (27),1918,0.7095781
European Union (27),1919,0.6608631
European Union (27),1920,0.7830588
European Union (27),1921,0.8643934
European Union (27),1922,0.9267535
European Union (27),1923,0.9440586
European Union (27),1924,0.94925094
European Union (27),1925,0.9816978
European Union (27),1926,0.98928446
European Union (27),1927,0.9929272
European Union (27),1928,1.016349
European Union (27),1929,1.0223596
European Union (27),1930,0.89082646
European Union (27),1931,0.8243246
European Union (27),1932,0.7890804
European Union (27),1933,0.7509097
European Union (27),1934,0.71129346
European Union (27),1935,0.68172294
European Union (27),1936,0.6466969
European Union (27),1937,0.60817
European Union (27),1938,0.61192185
European Union (27),1939,0.57525206
European Union (27),1940,0.44283834
European Union (27),1941,0.37869808
European Union (27),1942,0.34416065
European Union (27),1943,0.33577475
European Union (27),1944,0.30037558
European Union (27),1945,0.2650081
European Union (27),1946,0.2336243
European Union (27),1947,0.1998525
European Union (27),1948,0.16414438
European Union (27),1949,0.16153091
European Union (27),1950,0.24406631
European Union (27),1951,0.19930743
European Union (27),1952,0.27990058
European Union (27),1953,0.2174323
European Union (27),1954,0.17278855
European Union (27),1955,0.1531533
European Union (27),1956,0.11555158
European Union (27),1957,0.08944512
European Union (27),1958,0.022676596
European Union (27),1959,-0.115327716
European Union (27),1960,-0.16036555
European Union (27),1961,-0.19364977
European Union (27),1962,-0.24338251
European Union (27),1963,-0.30015662
European Union (27),1964,-0.3142228
European Union (27),1965,-0.3293846
European Union (27),1966,-0.2818031
European Union (27),1967,-0.31436595
European Union (27),1968,-0.2358779
European Union (27),1969,-0.37702087
European Union (27),1970,-0.3814917
European Union (27),1971,-0.44212478
European Union (27),1972,-0.4801319
European Union (27),1973,-0.44565257
European Union (27),1974,-0.46189433
European Union (27),1975,-0.42701516
European Union (27),1976,-0.4345727
European Union (27),1977,-0.3983996
European Union (27),1978,-0.42340446
European Union (27),1979,-0.42315808
European Union (27),1980,-0.4164922
European Union (27),1981,-0.3956986
European Union (27),1982,-0.3874348
European Union (27),1983,-0.32770067
European Union (27),1984,-0.34482792
European Union (27),1985,-0.32641435
European Union (27),1986,-0.29793334
European Union (27),1987,-0.32777148
European Union (27),1988,-0.32802886
European Union (27),1989,-0.2987923
European Union (27),1990,-0.34425858
European Union (27),1991,-0.3032707
European Union (27),1992,-0.30559957
European Union (27),1993,-0.29331577
European Union (27),1994,-0.32894582
European Union (27),1995,-0.30132824
European Union (27),1996,-0.31076625
European Union (27),1997,-0.32248574
European Union (27),1998,-0.21347806
European Union (27),1999,-0.28334972
European Union (27),2000,-0.43875283
European Union (27),2001,-0.51589805
European Union (27),2002,-0.4952633
European Union (27),2003,-0.4635331
European Union (27),2004,-0.42061967
European Union (27),2005,-0.4595311
European Union (27),2006,-0.5472315
European Union (27),2007,-0.32308814
European Union (27),2008,-0.41556662
European Union (27),2009,-0.3655633
European Union (27),2010,-0.3867136
European Union (27),2011,-0.30877227
European Union (27),2012,-0.3231906
European Union (27),2013,-0.35841525
European Union (27),2014,-0.34070608
European Union (27),2015,-0.3372448
European Union (27),2016,-0.32914534
European Union (27),2017,-0.26423752
European Union (27),2018,-0.16052899
European Union (27),2019,-0.26105237
European Union (27),2020,-0.28558126
European Union (27),2021,-0.2875515
European Union (27),2022,-0.28139043
European Union (27),2023,-0.2738026
European Union (28),1850,1.7456772
European Union (28),1851,1.6889049
European Union (28),1852,1.652912
European Union (28),1853,1.6229018
European Union (28),1854,1.5961298
European Union (28),1855,1.5546405
European Union (28),1856,1.5225452
European Union (28),1857,1.4910351
European Union (28),1858,1.4580009
European Union (28),1859,1.4181575
European Union (28),1860,1.4198257
European Union (28),1861,1.4044455
European Union (28),1862,1.4071271
European Union (28),1863,1.4069195
European Union (28),1864,1.40143
European Union (28),1865,1.3902208
European Union (28),1866,1.3853278
European Union (28),1867,1.4132822
European Union (28),1868,1.3888212
European Union (28),1869,1.3631202
European Union (28),1870,1.40678
European Union (28),1871,1.4094983
European Union (28),1872,1.4113377
European Union (28),1873,1.4189824
European Union (28),1874,1.4243025
European Union (28),1875,1.4177159
European Union (28),1876,1.4029139
European Union (28),1877,1.3979286
European Union (28),1878,1.3882902
European Union (28),1879,1.3653135
European Union (28),1880,1.3686955
European Union (28),1881,1.3172603
European Union (28),1882,1.312872
European Union (28),1883,1.2915194
European Union (28),1884,1.2648467
European Union (28),1885,1.2452933
European Union (28),1886,1.2260348
European Union (28),1887,1.24696
European Union (28),1888,1.2232518
European Union (28),1889,1.199526
European Union (28),1890,1.2045608
European Union (28),1891,1.1932342
European Union (28),1892,1.184944
European Union (28),1893,1.182192
European Union (28),1894,1.17777
European Union (28),1895,1.1581035
European Union (28),1896,1.1374738
European Union (28),1897,1.1251829
European Union (28),1898,1.1086849
European Union (28),1899,1.084897
European Union (28),1900,1.1531818
European Union (28),1901,1.1456585
European Union (28),1902,1.1447358
European Union (28),1903,1.1423461
European Union (28),1904,1.158713
European Union (28),1905,1.1538446
European Union (28),1906,1.146834
European Union (28),1907,1.1387461
European Union (28),1908,1.1286443
European Union (28),1909,1.1191266
European Union (28),1910,1.0022407
European Union (28),1911,0.9676365
European Union (28),1912,0.89102715
European Union (28),1913,0.8594082
European Union (28),1914,0.8172474
European Union (28),1915,0.7782793
European Union (28),1916,0.7439662
European Union (28),1917,0.70766413
European Union (28),1918,0.6921762
European Union (28),1919,0.6392193
European Union (28),1920,0.724196
European Union (28),1921,0.79931307
European Union (28),1922,0.84038335
European Union (28),1923,0.8477954
European Union (28),1924,0.846581
European Union (28),1925,0.87651604
European Union (28),1926,0.8833352
European Union (28),1927,0.8831589
European Union (28),1928,0.90724766
European Union (28),1929,0.9170219
European Union (28),1930,0.79836583
European Union (28),1931,0.73974186
European Union (28),1932,0.7127678
European Union (28),1933,0.6854703
European Union (28),1934,0.65064645
European Union (28),1935,0.62365377
European Union (28),1936,0.592273
European Union (28),1937,0.56133944
European Union (28),1938,0.56949353
European Union (28),1939,0.5354831
European Union (28),1940,0.42597842
European Union (28),1941,0.37381178
European Union (28),1942,0.34630173
European Union (28),1943,0.34348547
European Union (28),1944,0.31483394
European Union (28),1945,0.28491452
European Union (28),1946,0.25755504
European Union (28),1947,0.232199
European Union (28),1948,0.2030609
European Union (28),1949,0.20417395
European Union (28),1950,0.26419744
European Union (28),1951,0.22297002
European Union (28),1952,0.29572165
European Union (28),1953,0.24279308
European Union (28),1954,0.20230022
European Union (28),1955,0.1897875
European Union (28),1956,0.15754534
European Union (28),1957,0.13758363
European Union (28),1958,0.07769533
European Union (28),1959,-0.022308733
European Union (28),1960,-0.0830727
European Union (28),1961,-0.11349096
European Union (28),1962,-0.1604636
European Union (28),1963,-0.21264543
European Union (28),1964,-0.23008673
European Union (28),1965,-0.24783152
European Union (28),1966,-0.20721567
European Union (28),1967,-0.24124934
European Union (28),1968,-0.17710072
European Union (28),1969,-0.31933093
European Union (28),1970,-0.32042393
European Union (28),1971,-0.3753698
European Union (28),1972,-0.41034988
European Union (28),1973,-0.3813714
European Union (28),1974,-0.396741
European Union (28),1975,-0.36600667
European Union (28),1976,-0.37289292
European Union (28),1977,-0.3417655
European Union (28),1978,-0.36352083
European Union (28),1979,-0.35834894
European Union (28),1980,-0.35988015
European Union (28),1981,-0.34234118
European Union (28),1982,-0.33664706
European Union (28),1983,-0.28143105
European Union (28),1984,-0.2921877
European Union (28),1985,-0.28106704
European Union (28),1986,-0.2556516
European Union (28),1987,-0.24208355
European Union (28),1988,-0.27085233
European Union (28),1989,-0.25132605
European Union (28),1990,-0.294084
European Union (28),1991,-0.26094872
European Union (28),1992,-0.28797382
European Union (28),1993,-0.2743925
European Union (28),1994,-0.2971885
European Union (28),1995,-0.24962313
European Union (28),1996,-0.24536164
European Union (28),1997,-0.27031374
European Union (28),1998,-0.19760422
European Union (28),1999,-0.26034442
European Union (28),2000,-0.38387194
European Union (28),2001,-0.45310056
European Union (28),2002,-0.4310805
European Union (28),2003,-0.39797908
European Union (28),2004,-0.3557368
European Union (28),2005,-0.31505427
European Union (28),2006,-0.43512377
European Union (28),2007,-0.246592
European Union (28),2008,-0.3416103
European Union (28),2009,-0.30484706
European Union (28),2010,-0.32469538
European Union (28),2011,-0.24878101
European Union (28),2012,-0.24866384
European Union (28),2013,-0.28147706
European Union (28),2014,-0.27349374
European Union (28),2015,-0.2548486
European Union (28),2016,-0.24921328
European Union (28),2017,-0.20346865
European Union (28),2018,-0.102938704
European Union (28),2019,-0.20463888
European Union (28),2020,-0.23058152
European Union (28),2021,-0.23068634
European Union (28),2022,-0.22542962
European Union (28),2023,-0.21924506
Fiji,1850,3.379619
Fiji,1851,9.211103
Fiji,1852,0.65982
Fiji,1853,-1.0221379
Fiji,1854,1.4128444
Fiji,1855,-2.532392
Fiji,1856,7.279921
Fiji,1857,7.0227613
Fiji,1858,-2.589965
Fiji,1859,0.6889443
Fiji,1860,-6.617523
Fiji,1861,1.7460588
Fiji,1862,0.0652001
Fiji,1863,10.57807
Fiji,1864,-0.6051742
Fiji,1865,3.5545797
Fiji,1866,-2.0025399
Fiji,1867,1.6479995
Fiji,1868,-1.6399925
Fiji,1869,0.5748977
Fiji,1870,0.83959466
Fiji,1871,7.740603
Fiji,1872,2.3455102
Fiji,1873,1.2775031
Fiji,1874,1.5921723
Fiji,1875,2.891113
Fiji,1876,0.8242995
Fiji,1877,0.76945764
Fiji,1878,4.0907226
Fiji,1879,3.5407166
Fiji,1880,-2.3606021
Fiji,1881,0.62061495
Fiji,1882,-5.870164
Fiji,1883,0.2793624
Fiji,1884,3.768451
Fiji,1885,1.892908
Fiji,1886,-0.042898253
Fiji,1887,-3.4400678
Fiji,1888,5.09063
Fiji,1889,-1.0058975
Fiji,1890,-0.008755217
Fiji,1891,-1.4463311
Fiji,1892,7.837658
Fiji,1893,-0.32646638
Fiji,1894,-4.2524786
Fiji,1895,2.9620903
Fiji,1896,1.3988239
Fiji,1897,-3.8995342
Fiji,1898,-4.48742
Fiji,1899,3.2286792
Fiji,1900,2.9720867
Fiji,1901,5.0601916
Fiji,1902,12.216731
Fiji,1903,3.1820786
Fiji,1904,3.6270335
Fiji,1905,-3.0306861
Fiji,1906,-8.656394
Fiji,1907,0.23332426
Fiji,1908,0.19001885
Fiji,1909,1.1767561
Fiji,1910,1.8376688
Fiji,1911,4.2330327
Fiji,1912,-1.148282
Fiji,1913,1.6457859
Fiji,1914,1.9262537
Fiji,1915,4.713459
Fiji,1916,2.3602731
Fiji,1917,-5.273519
Fiji,1918,5.303612
Fiji,1919,3.233419
Fiji,1920,5.9894223
Fiji,1921,1.9449354
Fiji,1922,2.0806448
Fiji,1923,-0.46708012
Fiji,1924,-0.98642296
Fiji,1925,3.9940808
Fiji,1926,8.95903
Fiji,1927,4.585876
Fiji,1928,-0.4838075
Fiji,1929,-1.2129316
Fiji,1930,5.4598093
Fiji,1931,5.8632493
Fiji,1932,6.8337173
Fiji,1933,6.29245
Fiji,1934,3.025729
Fiji,1935,2.7871237
Fiji,1936,3.7317352
Fiji,1937,3.7977207
Fiji,1938,3.725152
Fiji,1939,3.521576
Fiji,1940,2.2637684
Fiji,1941,2.889243
Fiji,1942,3.6450973
Fiji,1943,2.7946374
Fiji,1944,1.4510587
Fiji,1945,2.8366525
Fiji,1946,2.8855073
Fiji,1947,2.996883
Fiji,1948,2.9999838
Fiji,1949,2.9756088
Fiji,1950,3.1797657
Fiji,1951,3.5504131
Fiji,1952,6.6892624
Fiji,1953,-0.997061
Fiji,1954,1.8316709
Fiji,1955,2.938649
Fiji,1956,4.171445
Fiji,1957,4.6707044
Fiji,1958,2.533346
Fiji,1959,3.1949303
Fiji,1960,2.397083
Fiji,1961,2.3169017
Fiji,1962,1.845022
Fiji,1963,1.3043063
Fiji,1964,0.97027194
Fiji,1965,0.7385565
Fiji,1966,0.19079489
Fiji,1967,0.13272461
Fiji,1968,2.172115
Fiji,1969,0.647726
Fiji,1970,0.37940603
Fiji,1971,1.9095105
Fiji,1972,1.5004658
Fiji,1973,0.5065637
Fiji,1974,2.7256413
Fiji,1975,3.5276115
Fiji,1976,2.9368045
Fiji,1977,3.476246
Fiji,1978,0.8300238
Fiji,1979,0.44225705
Fiji,1980,2.0321944
Fiji,1981,2.3513165
Fiji,1982,2.7400312
Fiji,1983,2.5571735
Fiji,1984,2.7894063
Fiji,1985,2.1326728
Fiji,1986,2.6290343
Fiji,1987,3.4348521
Fiji,1988,3.7236745
Fiji,1989,4.289887
Fiji,1990,3.1485968
Fiji,1991,1.8274577
Fiji,1992,1.7092446
Fiji,1993,1.0181628
Fiji,1994,0.75444114
Fiji,1995,0.6050845
Fiji,1996,0.31514016
Fiji,1997,0.100522995
Fiji,1998,0.24901797
Fiji,1999,0.1288458
Fiji,2000,-0.09786854
Fiji,2001,-0.2321586
Fiji,2002,-0.4329252
Fiji,2003,-0.4643366
Fiji,2004,-0.5656168
Fiji,2005,-0.46882948
Fiji,2006,-1.5842205
Fiji,2007,-0.37758553
Fiji,2008,-0.8174914
Fiji,2009,-0.77722853
Fiji,2010,-0.49705178
Fiji,2011,-0.61023724
Fiji,2012,-0.61515754
Fiji,2013,-0.2081291
Fiji,2014,-0.5882085
Fiji,2015,-0.22422022
Fiji,2016,-0.45512828
Fiji,2017,-0.40858936
Fiji,2018,-0.42914778
Fiji,2019,-0.40743196
Fiji,2020,-0.57507807
Fiji,2021,-0.65731996
Fiji,2022,0.2610772
Fiji,2023,0.27222857
Finland,1850,11.343131
Finland,1851,10.627664
Finland,1852,10.768479
Finland,1853,10.814891
Finland,1854,10.927562
Finland,1855,10.856964
Finland,1856,11.035247
Finland,1857,10.924298
Finland,1858,10.82308
Finland,1859,10.480536
Finland,1860,11.031359
Finland,1861,11.128278
Finland,1862,10.5690975
Finland,1863,11.229422
Finland,1864,11.214047
Finland,1865,10.842003
Finland,1866,10.873257
Finland,1867,11.509181
Finland,1868,11.574893
Finland,1869,11.085695
Finland,1870,11.468855
Finland,1871,11.23858
Finland,1872,11.694068
Finland,1873,11.409884
Finland,1874,10.994333
Finland,1875,11.613577
Finland,1876,11.14762
Finland,1877,11.185327
Finland,1878,11.340984
Finland,1879,10.712998
Finland,1880,11.565877
Finland,1881,10.992866
Finland,1882,11.48217
Finland,1883,11.473845
Finland,1884,11.108305
Finland,1885,11.470625
Finland,1886,11.392303
Finland,1887,11.662521
Finland,1888,11.670911
Finland,1889,11.619954
Finland,1890,11.445137
Finland,1891,10.978828
Finland,1892,11.392524
Finland,1893,11.477885
Finland,1894,11.532705
Finland,1895,11.714387
Finland,1896,11.154757
Finland,1897,11.3459635
Finland,1898,11.786112
Finland,1899,11.631794
Finland,1900,11.419336
Finland,1901,11.733289
Finland,1902,11.965554
Finland,1903,12.162786
Finland,1904,12.787327
Finland,1905,12.537747
Finland,1906,12.827289
Finland,1907,12.855568
Finland,1908,12.592916
Finland,1909,12.798403
Finland,1910,12.846495
Finland,1911,12.45473
Finland,1912,12.090576
Finland,1913,12.419561
Finland,1914,12.995139
Finland,1915,13.769395
Finland,1916,14.6227665
Finland,1917,14.761576
Finland,1918,14.949105
Finland,1919,15.054297
Finland,1920,14.576485
Finland,1921,13.79246
Finland,1922,13.975394
Finland,1923,13.551489
Finland,1924,13.013841
Finland,1925,12.423163
Finland,1926,11.371026
Finland,1927,9.776357
Finland,1928,8.969578
Finland,1929,8.149562
Finland,1930,7.213268
Finland,1931,6.269634
Finland,1932,5.887578
Finland,1933,5.543712
Finland,1934,5.0487494
Finland,1935,4.8123565
Finland,1936,4.453266
Finland,1937,4.138221
Finland,1938,3.8946316
Finland,1939,3.7263858
Finland,1940,3.8417213
Finland,1941,3.728989
Finland,1942,3.7021928
Finland,1943,3.6192052
Finland,1944,3.5608861
Finland,1945,3.5128086
Finland,1946,3.4745848
Finland,1947,3.3856678
Finland,1948,3.3798661
Finland,1949,3.266971
Finland,1950,3.3989255
Finland,1951,3.5572176
Finland,1952,3.6265922
Finland,1953,3.59116
Finland,1954,3.568554
Finland,1955,3.504355
Finland,1956,3.509053
Finland,1957,3.4069998
Finland,1958,3.4150472
Finland,1959,3.9893982
Finland,1960,3.5895145
Finland,1961,3.6645722
Finland,1962,3.609634
Finland,1963,3.498421
Finland,1964,3.4763966
Finland,1965,3.3823817
Finland,1966,3.3003838
Finland,1967,2.8478942
Finland,1968,2.5246809
Finland,1969,2.382678
Finland,1970,2.274349
Finland,1971,1.8488173
Finland,1972,1.9796263
Finland,1973,2.0902038
Finland,1974,1.8573443
Finland,1975,1.636462
Finland,1976,1.2804905
Finland,1977,1.0176319
Finland,1978,1.1049757
Finland,1979,1.1680456
Finland,1980,1.2024107
Finland,1981,1.1423843
Finland,1982,0.9746546
Finland,1983,1.0080674
Finland,1984,0.8616056
Finland,1985,0.8290571
Finland,1986,1.1749794
Finland,1987,0.99995774
Finland,1988,1.3466258
Finland,1989,1.3840756
Finland,1990,1.8365446
Finland,1991,1.0703909
Finland,1992,1.0106977
Finland,1993,1.7548853
Finland,1994,1.0670471
Finland,1995,1.1650723
Finland,1996,1.2001193
Finland,1997,1.838146
Finland,1998,1.9452274
Finland,1999,2.2262537
Finland,2000,2.142792
Finland,2001,2.3226357
Finland,2002,2.627463
Finland,2003,2.771457
Finland,2004,2.9272013
Finland,2005,3.195794
Finland,2006,2.7394989
Finland,2007,2.9859917
Finland,2008,2.797967
Finland,2009,2.5346715
Finland,2010,2.6594775
Finland,2011,2.7120347
Finland,2012,2.6777217
Finland,2013,3.0710354
Finland,2014,3.1774175
Finland,2015,3.344862
Finland,2016,3.416466
Finland,2017,3.8647263
Finland,2018,3.993769
Finland,2019,4.084325
Finland,2020,4.030105
Finland,2021,4.40472
Finland,2022,4.564015
Finland,2023,4.6592727
France,1850,1.1501516
France,1851,0.9893075
France,1852,0.8916832
France,1853,0.7925848
France,1854,0.729344
France,1855,0.64621615
France,1856,0.5654806
France,1857,0.49285445
France,1858,0.43679327
France,1859,0.35339308
France,1860,0.3283532
France,1861,0.26820678
France,1862,0.22019231
France,1863,0.1607183
France,1864,0.12191157
France,1865,0.08285505
France,1866,0.020276561
France,1867,0.04938697
France,1868,0.009174272
France,1869,-0.007490442
France,1870,0.009108432
France,1871,0.012786445
France,1872,0.028588088
France,1873,0.02564754
France,1874,0.045325853
France,1875,0.04537486
France,1876,0.03896869
France,1877,0.032906555
France,1878,0.032330427
France,1879,0.010987014
France,1880,0.007521817
France,1881,-0.025662638
France,1882,-0.05376052
France,1883,-0.086295195
France,1884,-0.10950804
France,1885,-0.12940572
France,1886,-0.17404564
France,1887,-0.13569787
France,1888,-0.16303165
France,1889,-0.16949847
France,1890,-0.21099336
France,1891,-0.24807821
France,1892,-0.283241
France,1893,-0.33016914
France,1894,-0.35098886
France,1895,-0.38272908
France,1896,-0.42282307
France,1897,-0.45969892
France,1898,-0.49012065
France,1899,-0.5297064
France,1900,-0.5242599
France,1901,-0.55766344
France,1902,-0.55679613
France,1903,-0.5711341
France,1904,-0.59538454
France,1905,-0.6012069
France,1906,-0.61639845
France,1907,-0.6380097
France,1908,-0.6621793
France,1909,-0.67871886
France,1910,-0.8435556
France,1911,-0.9663316
France,1912,-1.1007705
France,1913,-1.2366241
France,1914,-1.3702089
France,1915,-1.4958743
France,1916,-1.6083516
France,1917,-1.7444093
France,1918,-1.8246717
France,1919,-1.950374
France,1920,-1.8254981
France,1921,-1.71154
France,1922,-1.6298251
France,1923,-1.5586767
France,1924,-1.4949554
France,1925,-1.4180899
France,1926,-1.3268723
France,1927,-1.2748046
France,1928,-1.2013901
France,1929,-1.1397791
France,1930,-1.2047724
France,1931,-1.2489799
France,1932,-1.2650869
France,1933,-1.2843344
France,1934,-1.3080908
France,1935,-1.3358554
France,1936,-1.3586005
France,1937,-1.3850057
France,1938,-1.394501
France,1939,-1.429867
France,1940,-1.4081053
France,1941,-1.382315
France,1942,-1.3608027
France,1943,-1.3261182
France,1944,-1.3078759
France,1945,-1.2910144
France,1946,-1.2797381
France,1947,-1.2562121
France,1948,-1.2392696
France,1949,-1.2006912
France,1950,-1.1440508
France,1951,-1.0287285
France,1952,-0.86316115
France,1953,-0.7160002
France,1954,-0.58211565
France,1955,-0.47199598
France,1956,-0.36670348
France,1957,-0.22920911
France,1958,-0.1112293
France,1959,-0.65102416
France,1960,-0.7012592
France,1961,-0.70826286
France,1962,-0.7338087
France,1963,-0.8647262
France,1964,-0.9050927
France,1965,-0.97972125
France,1966,-0.99680907
France,1967,-1.1307133
France,1968,-1.059832
France,1969,-1.2294686
France,1970,-1.071012
France,1971,-1.1232646
France,1972,-1.0497335
France,1973,-0.8856644
France,1974,-0.8401234
France,1975,-0.9410893
France,1976,-0.8894005
France,1977,-0.74978787
France,1978,-0.8097821
France,1979,-0.8074895
France,1980,-0.7427788
France,1981,-0.678432
France,1982,-0.6953607
France,1983,-0.60421455
France,1984,-0.56768763
France,1985,-0.54147595
France,1986,-0.45668834
France,1987,-0.6295935
France,1988,-0.47471535
France,1989,-0.35273597
France,1990,-0.24505323
France,1991,-0.19265784
France,1992,-0.080402
France,1993,-0.14666598
France,1994,-0.16191395
France,1995,-0.19739848
France,1996,-0.2052974
France,1997,-0.24152131
France,1998,-0.24237204
France,1999,-0.29684618
France,2000,-0.31467247
France,2001,-0.36526123
France,2002,-0.38591
France,2003,-0.36480707
France,2004,-0.39881858
France,2005,-0.3925954
France,2006,-0.3725961
France,2007,-0.41543874
France,2008,-0.44781014
France,2009,-0.4432282
France,2010,-0.44915712
France,2011,-0.42651293
France,2012,-0.37087616
France,2013,-0.32805046
France,2014,-0.3174912
France,2015,-0.21891731
France,2016,-0.28308138
France,2017,0.12265036
France,2018,-0.28830963
France,2019,-0.34794158
France,2020,-0.34083453
France,2021,-0.36029443
France,2022,-0.3735593
France,2023,-0.38381606
Gabon,1850,5.213777
Gabon,1851,4.856214
Gabon,1852,-1.2081074
Gabon,1853,0.99215275
Gabon,1854,1.3548117
Gabon,1855,-4.7276263
Gabon,1856,-0.17933556
Gabon,1857,1.5356064
Gabon,1858,1.2716051
Gabon,1859,18.118057
Gabon,1860,6.3415294
Gabon,1861,-0.3220373
Gabon,1862,-7.591489
Gabon,1863,9.815863
Gabon,1864,1.1565046
Gabon,1865,6.04062
Gabon,1866,5.761172
Gabon,1867,-6.3890944
Gabon,1868,-8.048994
Gabon,1869,9.945862
Gabon,1870,2.381829
Gabon,1871,4.617162
Gabon,1872,6.5846376
Gabon,1873,7.038689
Gabon,1874,4.019834
Gabon,1875,-2.1575103
Gabon,1876,0.22046304
Gabon,1877,3.177893
Gabon,1878,-1.8120922
Gabon,1879,0.60360086
Gabon,1880,0.79888517
Gabon,1881,-1.9805596
Gabon,1882,9.800527
Gabon,1883,5.709032
Gabon,1884,4.8928275
Gabon,1885,9.780601
Gabon,1886,8.756548
Gabon,1887,1.9356142
Gabon,1888,2.2568243
Gabon,1889,6.036959
Gabon,1890,-1.572964
Gabon,1891,14.659264
Gabon,1892,-2.803393
Gabon,1893,3.9626617
Gabon,1894,2.3415444
Gabon,1895,-1.6768116
Gabon,1896,11.187451
Gabon,1897,3.0316222
Gabon,1898,4.9722676
Gabon,1899,5.679436
Gabon,1900,11.586042
Gabon,1901,2.051768
Gabon,1902,3.0968761
Gabon,1903,2.68442
Gabon,1904,7.2442365
Gabon,1905,7.209354
Gabon,1906,1.8657843
Gabon,1907,3.151432
Gabon,1908,5.1867294
Gabon,1909,4.4793477
Gabon,1910,8.841318
Gabon,1911,8.685565
Gabon,1912,8.4739685
Gabon,1913,5.542962
Gabon,1914,9.729922
Gabon,1915,30.043194
Gabon,1916,12.732838
Gabon,1917,11.443949
Gabon,1918,4.6238475
Gabon,1919,4.717217
Gabon,1920,6.571374
Gabon,1921,-0.09171337
Gabon,1922,11.730327
Gabon,1923,10.290348
Gabon,1924,12.941938
Gabon,1925,11.620533
Gabon,1926,10.370496
Gabon,1927,14.099697
Gabon,1928,5.209335
Gabon,1929,2.5986662
Gabon,1930,13.071662
Gabon,1931,20.486225
Gabon,1932,26.091831
Gabon,1933,24.04655
Gabon,1934,19.646664
Gabon,1935,19.777458
Gabon,1936,18.191662
Gabon,1937,10.73152
Gabon,1938,30.911163
Gabon,1939,20.08243
Gabon,1940,26.614143
Gabon,1941,37.33235
Gabon,1942,37.05524
Gabon,1943,41.994972
Gabon,1944,39.88316
Gabon,1945,38.537235
Gabon,1946,43.667057
Gabon,1947,35.283916
Gabon,1948,43.59726
Gabon,1949,45.516582
Gabon,1950,29.123575
Gabon,1951,28.174711
Gabon,1952,16.999002
Gabon,1953,14.88067
Gabon,1954,17.258831
Gabon,1955,18.323635
Gabon,1956,16.140461
Gabon,1957,12.124502
Gabon,1958,17.877928
Gabon,1959,23.993938
Gabon,1960,13.6962185
Gabon,1961,18.303915
Gabon,1962,22.168535
Gabon,1963,20.907555
Gabon,1964,33.519093
Gabon,1965,28.316473
Gabon,1966,19.091831
Gabon,1967,27.79785
Gabon,1968,25.647278
Gabon,1969,29.217678
Gabon,1970,25.315283
Gabon,1971,29.101248
Gabon,1972,29.626488
Gabon,1973,29.87086
Gabon,1974,26.16105
Gabon,1975,37.50083
Gabon,1976,34.594486
Gabon,1977,34.161755
Gabon,1978,21.463861
Gabon,1979,15.666665
Gabon,1980,8.399072
Gabon,1981,9.504491
Gabon,1982,7.780979
Gabon,1983,4.9247375
Gabon,1984,4.0120997
Gabon,1985,8.0420475
Gabon,1986,4.152898
Gabon,1987,4.6736803
Gabon,1988,5.0938764
Gabon,1989,5.653305
Gabon,1990,7.7984653
Gabon,1991,5.5852623
Gabon,1992,4.032056
Gabon,1993,5.7276845
Gabon,1994,10.698725
Gabon,1995,5.613227
Gabon,1996,7.406193
Gabon,1997,14.801798
Gabon,1998,16.024675
Gabon,1999,15.579145
Gabon,2000,11.912445
Gabon,2001,11.335975
Gabon,2002,7.524035
Gabon,2003,7.444051
Gabon,2004,7.1205683
Gabon,2005,6.531735
Gabon,2006,7.6993065
Gabon,2007,8.358291
Gabon,2008,7.7468004
Gabon,2009,5.8067255
Gabon,2010,4.9281893
Gabon,2011,4.9049587
Gabon,2012,5.8789196
Gabon,2013,6.7881017
Gabon,2014,2.0837636
Gabon,2015,6.2381897
Gabon,2016,3.8228967
Gabon,2017,5.9522595
Gabon,2018,3.7872427
Gabon,2019,2.1356664
Gabon,2020,2.6633704
Gabon,2021,3.3596425
Gabon,2022,2.9311976
Gabon,2023,2.9439538
Gambia,1850,1.2605116
Gambia,1851,1.3239424
Gambia,1852,1.3576943
Gambia,1853,1.3763278
Gambia,1854,1.38606
Gambia,1855,1.3905436
Gambia,1856,1.3901951
Gambia,1857,1.3841729
Gambia,1858,1.3791014
Gambia,1859,1.3740269
Gambia,1860,1.7552114
Gambia,1861,1.926997
Gambia,1862,2.0281892
Gambia,1863,2.095266
Gambia,1864,2.1423013
Gambia,1865,2.1761968
Gambia,1866,2.2007182
Gambia,1867,2.239132
Gambia,1868,2.2363274
Gambia,1869,2.237289
Gambia,1870,2.5107527
Gambia,1871,2.6292973
Gambia,1872,2.7168016
Gambia,1873,2.7376857
Gambia,1874,2.7529633
Gambia,1875,2.7600784
Gambia,1876,2.7600107
Gambia,1877,2.7790134
Gambia,1878,2.7512178
Gambia,1879,2.8212113
Gambia,1880,3.1138
Gambia,1881,3.281937
Gambia,1882,3.53573
Gambia,1883,3.491945
Gambia,1884,3.496516
Gambia,1885,3.638461
Gambia,1886,3.5757732
Gambia,1887,3.525432
Gambia,1888,3.499331
Gambia,1889,3.625144
Gambia,1890,4.436568
Gambia,1891,4.746345
Gambia,1892,5.073152
Gambia,1893,5.071363
Gambia,1894,5.53944
Gambia,1895,5.8680406
Gambia,1896,5.396421
Gambia,1897,5.7425017
Gambia,1898,5.950342
Gambia,1899,5.535891
Gambia,1900,7.1660876
Gambia,1901,7.774153
Gambia,1902,8.458426
Gambia,1903,8.804946
Gambia,1904,8.81619
Gambia,1905,8.721748
Gambia,1906,9.573096
Gambia,1907,9.224378
Gambia,1908,8.919038
Gambia,1909,9.157848
Gambia,1910,7.7483354
Gambia,1911,6.282038
Gambia,1912,5.565344
Gambia,1913,5.955485
Gambia,1914,5.0826335
Gambia,1915,5.4357343
Gambia,1916,5.566797
Gambia,1917,4.664833
Gambia,1918,4.310997
Gambia,1919,4.949788
Gambia,1920,5.8811803
Gambia,1921,6.4275007
Gambia,1922,7.254738
Gambia,1923,6.9381804
Gambia,1924,8.435221
Gambia,1925,8.92391
Gambia,1926,7.6382165
Gambia,1927,7.8378916
Gambia,1928,7.1937265
Gambia,1929,8.670739
Gambia,1930,6.974742
Gambia,1931,7.1592736
Gambia,1932,6.864736
Gambia,1933,6.9714
Gambia,1934,6.656449
Gambia,1935,6.815172
Gambia,1936,6.0222144
Gambia,1937,6.798674
Gambia,1938,5.924555
Gambia,1939,6.6028147
Gambia,1940,6.2096086
Gambia,1941,7.948041
Gambia,1942,6.6901503
Gambia,1943,7.9932237
Gambia,1944,6.6831665
Gambia,1945,7.848001
Gambia,1946,6.756843
Gambia,1947,7.2438326
Gambia,1948,7.0962753
Gambia,1949,6.4876823
Gambia,1950,6.517511
Gambia,1951,5.7917886
Gambia,1952,3.6966312
Gambia,1953,3.0269184
Gambia,1954,3.0506463
Gambia,1955,2.7955103
Gambia,1956,2.4899778
Gambia,1957,2.1541915
Gambia,1958,1.730941
Gambia,1959,1.2501031
Gambia,1960,0.9336052
Gambia,1961,0.8849601
Gambia,1962,1.336174
Gambia,1963,0.93543524
Gambia,1964,1.3504728
Gambia,1965,0.8731865
Gambia,1966,1.3341355
Gambia,1967,1.6008276
Gambia,1968,0.6587685
Gambia,1969,0.41444775
Gambia,1970,0.7982939
Gambia,1971,1.074714
Gambia,1972,1.4165518
Gambia,1973,4.0080476
Gambia,1974,1.835782
Gambia,1975,1.0275065
Gambia,1976,0.91162664
Gambia,1977,1.1266618
Gambia,1978,0.31484023
Gambia,1979,-0.058009066
Gambia,1980,1.421466
Gambia,1981,1.9742016
Gambia,1982,0.5695721
Gambia,1983,-0.105611116
Gambia,1984,-0.21222726
Gambia,1985,0.30401433
Gambia,1986,0.4197743
Gambia,1987,0.9089371
Gambia,1988,0.11251219
Gambia,1989,0.21712545
Gambia,1990,0.31468508
Gambia,1991,-0.44744515
Gambia,1992,-0.50808305
Gambia,1993,0.4926864
Gambia,1994,0.18893509
Gambia,1995,0.21686545
Gambia,1996,0.23565744
Gambia,1997,0.14129475
Gambia,1998,1.4352672
Gambia,1999,0.8530705
Gambia,2000,0.5947819
Gambia,2001,0.52206063
Gambia,2002,0.49174485
Gambia,2003,0.5487958
Gambia,2004,0.55629385
Gambia,2005,0.3698972
Gambia,2006,0.6324703
Gambia,2007,2.7852926
Gambia,2008,2.6539018
Gambia,2009,1.7955809
Gambia,2010,1.0288442
Gambia,2011,0.6520531
Gambia,2012,0.52790594
Gambia,2013,0.34398955
Gambia,2014,0.50631076
Gambia,2015,0.3116359
Gambia,2016,0.1273563
Gambia,2017,0.09738203
Gambia,2018,0.0842408
Gambia,2019,0.06720131
Gambia,2020,0.054937556
Gambia,2021,0.022288688
Gambia,2022,0.002598855
Gambia,2023,-0.011082464
Georgia,1850,6.522899
Georgia,1851,6.402037
Georgia,1852,6.2861185
Georgia,1853,6.234144
Georgia,1854,6.121064
Georgia,1855,6.02054
Georgia,1856,6.0221586
Georgia,1857,5.913028
Georgia,1858,5.83594
Georgia,1859,5.8054004
Georgia,1860,5.7187996
Georgia,1861,5.5672874
Georgia,1862,5.530212
Georgia,1863,5.4450974
Georgia,1864,5.4251337
Georgia,1865,5.4791884
Georgia,1866,5.295399
Georgia,1867,5.298158
Georgia,1868,5.252663
Georgia,1869,5.21108
Georgia,1870,5.0346518
Georgia,1871,5.0058837
Georgia,1872,4.9029813
Georgia,1873,4.913397
Georgia,1874,4.7876887
Georgia,1875,4.7811794
Georgia,1876,4.714152
Georgia,1877,4.7166123
Georgia,1878,4.6920257
Georgia,1879,4.618955
Georgia,1880,4.4571753
Georgia,1881,4.396973
Georgia,1882,4.2783213
Georgia,1883,4.2345366
Georgia,1884,4.153792
Georgia,1885,4.1617546
Georgia,1886,4.0977597
Georgia,1887,4.118391
Georgia,1888,4.0377436
Georgia,1889,3.967461
Georgia,1890,3.7464573
Georgia,1891,3.6109474
Georgia,1892,3.532012
Georgia,1893,3.4788108
Georgia,1894,3.341287
Georgia,1895,3.3820562
Georgia,1896,3.3513894
Georgia,1897,3.1697814
Georgia,1898,3.3004498
Georgia,1899,3.1222906
Georgia,1900,3.0649087
Georgia,1901,3.0032873
Georgia,1902,2.830256
Georgia,1903,2.7898679
Georgia,1904,2.799877
Georgia,1905,2.703184
Georgia,1906,2.6663742
Georgia,1907,2.6491213
Georgia,1908,2.609308
Georgia,1909,2.550041
Georgia,1910,1.9900818
Georgia,1911,1.8438572
Georgia,1912,1.7580324
Georgia,1913,1.6135986
Georgia,1914,1.4690428
Georgia,1915,1.4359965
Georgia,1916,1.4523605
Georgia,1917,1.3683872
Georgia,1918,1.3026092
Georgia,1919,1.2461365
Georgia,1920,1.077518
Georgia,1921,0.8393758
Georgia,1922,0.74836075
Georgia,1923,0.6673011
Georgia,1924,0.56578565
Georgia,1925,0.50621766
Georgia,1926,0.46308696
Georgia,1927,0.4630978
Georgia,1928,0.3547869
Georgia,1929,0.32677704
Georgia,1930,2.1147802
Georgia,1931,2.6220694
Georgia,1932,2.9390142
Georgia,1933,3.3496249
Georgia,1934,3.5225596
Georgia,1935,3.6899126
Georgia,1936,3.835094
Georgia,1937,3.9724042
Georgia,1938,3.9556184
Georgia,1939,3.9176018
Georgia,1940,1.8067721
Georgia,1941,0.8254723
Georgia,1942,0.018957805
Georgia,1943,-0.68139535
Georgia,1944,-1.3729478
Georgia,1945,-1.9485567
Georgia,1946,-2.4856238
Georgia,1947,-2.951567
Georgia,1948,-3.4286008
Georgia,1949,-3.8091097
Georgia,1950,-4.071288
Georgia,1951,-4.294716
Georgia,1952,-4.514453
Georgia,1953,-4.785773
Georgia,1954,-5.085244
Georgia,1955,-5.3606033
Georgia,1956,-5.7778583
Georgia,1957,-6.200828
Georgia,1958,-6.6829476
Georgia,1959,-7.426081
Georgia,1960,-6.951494
Georgia,1961,-6.134619
Georgia,1962,-5.9823513
Georgia,1963,-5.687378
Georgia,1964,-5.3584943
Georgia,1965,-5.0841007
Georgia,1966,-4.8040166
Georgia,1967,-4.5368385
Georgia,1968,-4.172059
Georgia,1969,-4.0247936
Georgia,1970,-3.5155482
Georgia,1971,-3.4955919
Georgia,1972,-3.36609
Georgia,1973,-3.1766195
Georgia,1974,-3.0139856
Georgia,1975,-2.8770852
Georgia,1976,-2.7217305
Georgia,1977,-2.6266134
Georgia,1978,-2.4874406
Georgia,1979,-2.3774831
Georgia,1980,-1.9566808
Georgia,1981,-2.0851643
Georgia,1982,-1.9559898
Georgia,1983,-1.8585355
Georgia,1984,-1.7698735
Georgia,1985,-1.6782968
Georgia,1986,-1.5989108
Georgia,1987,-1.5411435
Georgia,1988,-1.49479
Georgia,1989,-1.4517776
Georgia,1990,-1.425903
Georgia,1991,-1.2701654
Georgia,1992,-1.4785793
Georgia,1993,-1.4840693
Georgia,1994,-1.6751069
Georgia,1995,-1.764597
Georgia,1996,-1.6241984
Georgia,1997,-1.5007987
Georgia,1998,-1.627104
Georgia,1999,-1.6102548
Georgia,2000,-1.5899644
Georgia,2001,-1.5323634
Georgia,2002,1.3308134
Georgia,2003,-2.8654487
Georgia,2004,-2.563751
Georgia,2005,-2.7481914
Georgia,2006,-2.757104
Georgia,2007,-2.784067
Georgia,2008,-2.6618173
Georgia,2009,-2.7690728
Georgia,2010,-2.7498138
Georgia,2011,-2.6954796
Georgia,2012,-1.8146327
Georgia,2013,-2.5353556
Georgia,2014,-2.4826856
Georgia,2015,-2.6323195
Georgia,2016,-2.6121855
Georgia,2017,-2.6495886
Georgia,2018,-2.5934827
Georgia,2019,-2.438455
Georgia,2020,-2.0571883
Georgia,2021,-2.141202
Georgia,2022,-2.096045
Georgia,2023,-2.0192516
Germany,1850,0.74754024
Germany,1851,0.7038997
Germany,1852,0.6972274
Germany,1853,0.6829977
Germany,1854,0.6613835
Germany,1855,0.62749445
Germany,1856,0.6207742
Germany,1857,0.59629625
Germany,1858,0.5758039
Germany,1859,0.5608299
Germany,1860,0.5915549
Germany,1861,0.57447994
Germany,1862,0.5556401
Germany,1863,0.5336037
Germany,1864,0.52803993
Germany,1865,0.51774204
Germany,1866,0.50327647
Germany,1867,0.51438755
Germany,1868,0.494958
Germany,1869,0.48869267
Germany,1870,0.47965008
Germany,1871,0.4770542
Germany,1872,0.4846402
Germany,1873,0.4810016
Germany,1874,0.47579205
Germany,1875,0.4613499
Germany,1876,0.46187514
Germany,1877,0.45077968
Germany,1878,0.4440991
Germany,1879,0.4364672
Germany,1880,0.4226324
Germany,1881,0.39971125
Germany,1882,0.38062063
Germany,1883,0.3582843
Germany,1884,0.34630924
Germany,1885,0.3347884
Germany,1886,0.31856495
Germany,1887,0.32161096
Germany,1888,0.30270666
Germany,1889,0.29583985
Germany,1890,0.3030216
Germany,1891,0.32097477
Germany,1892,0.3379594
Germany,1893,0.34520802
Germany,1894,0.351604
Germany,1895,0.34939644
Germany,1896,0.3587732
Germany,1897,0.3572414
Germany,1898,0.3562283
Germany,1899,0.35881618
Germany,1900,0.5312746
Germany,1901,0.5503907
Germany,1902,0.5552899
Germany,1903,0.5764339
Germany,1904,0.58979625
Germany,1905,0.59454435
Germany,1906,0.5948286
Germany,1907,0.6043909
Germany,1908,0.5994074
Germany,1909,0.6001104
Germany,1910,0.42820835
Germany,1911,0.37970275
Germany,1912,0.32494196
Germany,1913,0.28349727
Germany,1914,0.2400347
Germany,1915,0.21037003
Germany,1916,0.17984296
Germany,1917,0.14834608
Germany,1918,0.13506283
Germany,1919,0.10362413
Germany,1920,0.13643348
Germany,1921,0.15641713
Germany,1922,0.149287
Germany,1923,0.15805551
Germany,1924,0.15051287
Germany,1925,0.16767292
Germany,1926,0.16530323
Germany,1927,0.16361308
Germany,1928,0.17772382
Germany,1929,0.1798764
Germany,1930,0.2001577
Germany,1931,0.19610788
Germany,1932,0.21624872
Germany,1933,0.22142601
Germany,1934,0.23196514
Germany,1935,0.22432818
Germany,1936,0.22664998
Germany,1937,0.23009177
Germany,1938,0.2447176
Germany,1939,0.23818523
Germany,1940,0.18283615
Germany,1941,0.16547233
Germany,1942,0.15521802
Germany,1943,0.15165028
Germany,1944,0.13640131
Germany,1945,0.121443875
Germany,1946,0.10728165
Germany,1947,0.10470064
Germany,1948,0.097142704
Germany,1949,0.09267533
Germany,1950,-0.04042649
Germany,1951,-0.15608309
Germany,1952,-0.26304105
Germany,1953,-0.36639756
Germany,1954,-0.47570926
Germany,1955,-0.5685969
Germany,1956,-0.6617157
Germany,1957,-0.7375728
Germany,1958,-0.82635885
Germany,1959,-0.88974106
Germany,1960,-0.8563131
Germany,1961,-0.81766814
Germany,1962,-0.7767519
Germany,1963,-0.697474
Germany,1964,-0.62546897
Germany,1965,-0.61561304
Germany,1966,-0.620759
Germany,1967,-0.60994315
Germany,1968,-0.58653486
Germany,1969,-0.60153794
Germany,1970,-0.5787471
Germany,1971,-0.5291014
Germany,1972,-0.5185504
Germany,1973,-0.49952504
Germany,1974,-0.4693667
Germany,1975,-0.4445168
Germany,1976,-0.43577754
Germany,1977,-0.42081574
Germany,1978,-0.4181315
Germany,1979,-0.41171885
Germany,1980,-0.40580425
Germany,1981,-0.39798507
Germany,1982,-0.38868153
Germany,1983,-0.37906978
Germany,1984,-0.3681294
Germany,1985,-0.3539635
Germany,1986,-0.350023
Germany,1987,-0.31353652
Germany,1988,-0.30652937
Germany,1989,-0.27371272
Germany,1990,-0.462589
Germany,1991,-0.47048983
Germany,1992,-0.20093748
Germany,1993,-0.1525601
Germany,1994,-0.153927
Germany,1995,-0.20021014
Germany,1996,-0.204158
Germany,1997,-0.15414582
Germany,1998,-0.20847999
Germany,1999,-0.23011881
Germany,2000,-0.22236674
Germany,2001,-0.23735689
Germany,2002,-0.17869014
Germany,2003,-0.1482176
Germany,2004,-0.14855792
Germany,2005,-0.17936999
Germany,2006,-0.1572532
Germany,2007,-0.14570415
Germany,2008,-0.14995883
Germany,2009,-0.19080679
Germany,2010,-0.14166513
Germany,2011,-0.16409642
Germany,2012,-0.10498749
Germany,2013,-0.08711647
Germany,2014,-0.060234718
Germany,2015,-0.072790295
Germany,2016,-0.043999847
Germany,2017,-0.054966636
Germany,2018,-0.0993935
Germany,2019,-0.10628122
Germany,2020,-0.094791904
Germany,2021,-0.10211366
Germany,2022,-0.10273
Germany,2023,-0.10230948
Ghana,1850,1.2542999
Ghana,1851,1.1274538
Ghana,1852,1.1781173
Ghana,1853,1.1586778
Ghana,1854,1.1336526
Ghana,1855,1.0351628
Ghana,1856,1.0126199
Ghana,1857,1.1532643
Ghana,1858,1.0223761
Ghana,1859,0.9340415
Ghana,1860,0.654896
Ghana,1861,0.49412712
Ghana,1862,0.4518284
Ghana,1863,0.5072702
Ghana,1864,0.4865337
Ghana,1865,0.36339948
Ghana,1866,0.29345277
Ghana,1867,0.2548237
Ghana,1868,0.34646887
Ghana,1869,0.57455397
Ghana,1870,0.3487558
Ghana,1871,0.42964238
Ghana,1872,0.30512205
Ghana,1873,0.26349092
Ghana,1874,0.30816776
Ghana,1875,0.2531528
Ghana,1876,0.3759335
Ghana,1877,0.26478755
Ghana,1878,0.27318916
Ghana,1879,0.22600955
Ghana,1880,0.25749058
Ghana,1881,0.35560727
Ghana,1882,0.31152207
Ghana,1883,0.30379194
Ghana,1884,0.30258596
Ghana,1885,0.36890158
Ghana,1886,0.32524547
Ghana,1887,0.3834184
Ghana,1888,0.43463385
Ghana,1889,0.34712788
Ghana,1890,0.45744523
Ghana,1891,0.47815296
Ghana,1892,0.4880037
Ghana,1893,0.5510762
Ghana,1894,0.5882833
Ghana,1895,0.5876731
Ghana,1896,0.6081111
Ghana,1897,0.60185605
Ghana,1898,0.5328665
Ghana,1899,0.66796607
Ghana,1900,0.6914718
Ghana,1901,0.715969
Ghana,1902,0.76901925
Ghana,1903,0.7593739
Ghana,1904,0.7629108
Ghana,1905,0.93819904
Ghana,1906,0.8823127
Ghana,1907,0.853328
Ghana,1908,0.87357515
Ghana,1909,0.81210357
Ghana,1910,1.1027462
Ghana,1911,1.2030628
Ghana,1912,1.3102683
Ghana,1913,1.3333353
Ghana,1914,1.4455925
Ghana,1915,1.4146978
Ghana,1916,1.4187907
Ghana,1917,1.4682941
Ghana,1918,1.4477218
Ghana,1919,1.652217
Ghana,1920,2.018422
Ghana,1921,2.1889293
Ghana,1922,2.4500914
Ghana,1923,2.377031
Ghana,1924,2.3873107
Ghana,1925,2.5968285
Ghana,1926,2.4926229
Ghana,1927,2.4642599
Ghana,1928,2.4528785
Ghana,1929,2.525613
Ghana,1930,3.3625412
Ghana,1931,3.7375546
Ghana,1932,3.9264314
Ghana,1933,4.08533
Ghana,1934,4.2401977
Ghana,1935,4.1401086
Ghana,1936,4.1553965
Ghana,1937,4.302452
Ghana,1938,4.2627635
Ghana,1939,4.217471
Ghana,1940,7.7525787
Ghana,1941,9.140665
Ghana,1942,10.632292
Ghana,1943,10.664077
Ghana,1944,11.094025
Ghana,1945,11.702246
Ghana,1946,11.48526
Ghana,1947,12.092591
Ghana,1948,11.804018
Ghana,1949,11.835394
Ghana,1950,11.186258
Ghana,1951,12.309784
Ghana,1952,13.376894
Ghana,1953,15.048389
Ghana,1954,15.882893
Ghana,1955,15.762072
Ghana,1956,15.916595
Ghana,1957,15.635599
Ghana,1958,15.110007
Ghana,1959,14.959599
Ghana,1960,8.628558
Ghana,1961,5.998724
Ghana,1962,4.4797926
Ghana,1963,3.5800917
Ghana,1964,2.849623
Ghana,1965,2.285665
Ghana,1966,1.8848518
Ghana,1967,1.5449414
Ghana,1968,1.3290007
Ghana,1969,1.0801727
Ghana,1970,0.97448677
Ghana,1971,0.94897676
Ghana,1972,0.7998532
Ghana,1973,0.8231756
Ghana,1974,2.086771
Ghana,1975,1.1447337
Ghana,1976,0.87216705
Ghana,1977,2.0300982
Ghana,1978,1.1182587
Ghana,1979,0.8425631
Ghana,1980,0.63684165
Ghana,1981,2.5301023
Ghana,1982,1.2774795
Ghana,1983,2.7997787
Ghana,1984,2.5920587
Ghana,1985,1.5041474
Ghana,1986,1.8613434
Ghana,1987,2.1219966
Ghana,1988,1.249941
Ghana,1989,1.666757
Ghana,1990,1.7227938
Ghana,1991,1.0788224
Ghana,1992,1.454115
Ghana,1993,1.7633834
Ghana,1994,2.366104
Ghana,1995,2.6878824
Ghana,1996,3.569741
Ghana,1997,2.1504326
Ghana,1998,1.7888163
Ghana,1999,1.4789782
Ghana,2000,1.2899559
Ghana,2001,1.2082629
Ghana,2002,1.0327543
Ghana,2003,0.8942563
Ghana,2004,0.65102607
Ghana,2005,0.7095949
Ghana,2006,0.5888948
Ghana,2007,0.70324004
Ghana,2008,0.54714245
Ghana,2009,0.6601373
Ghana,2010,0.68923014
Ghana,2011,0.63292956
Ghana,2012,0.58950114
Ghana,2013,0.6377889
Ghana,2014,0.62150806
Ghana,2015,0.5673565
Ghana,2016,0.54099643
Ghana,2017,0.49920753
Ghana,2018,0.41878667
Ghana,2019,0.49138734
Ghana,2020,0.36051175
Ghana,2021,0.40981546
Ghana,2022,0.395883
Ghana,2023,0.35190064
Greece,1850,3.5233376
Greece,1851,3.5314019
Greece,1852,3.528787
Greece,1853,3.5202065
Greece,1854,3.509129
Greece,1855,3.4958053
Greece,1856,3.4809365
Greece,1857,3.465164
Greece,1858,3.447944
Greece,1859,3.4307594
Greece,1860,3.4575276
Greece,1861,3.4541323
Greece,1862,3.443359
Greece,1863,3.4305804
Greece,1864,3.4157689
Greece,1865,3.3998678
Greece,1866,3.3834276
Greece,1867,3.3641443
Greece,1868,3.3439915
Greece,1869,3.3230064
Greece,1870,3.484606
Greece,1871,3.5346825
Greece,1872,3.557468
Greece,1873,3.5675037
Greece,1874,3.569472
Greece,1875,3.5642605
Greece,1876,3.5577652
Greece,1877,3.5484812
Greece,1878,3.536529
Greece,1879,3.5209508
Greece,1880,3.5849185
Greece,1881,3.5955539
Greece,1882,3.5911386
Greece,1883,3.582041
Greece,1884,3.568699
Greece,1885,3.5531833
Greece,1886,3.539414
Greece,1887,3.5171225
Greece,1888,3.4942036
Greece,1889,3.4714816
Greece,1890,3.4742298
Greece,1891,3.4610114
Greece,1892,3.4430475
Greece,1893,3.425205
Greece,1894,3.4007459
Greece,1895,3.3751254
Greece,1896,3.3498242
Greece,1897,3.3248456
Greece,1898,3.3007748
Greece,1899,3.2774131
Greece,1900,2.9554696
Greece,1901,2.8148665
Greece,1902,2.7195117
Greece,1903,2.6477594
Greece,1904,2.5805566
Greece,1905,2.5225263
Greece,1906,2.4714463
Greece,1907,2.4281936
Greece,1908,2.3865933
Greece,1909,2.3506422
Greece,1910,2.2980475
Greece,1911,2.273171
Greece,1912,2.2414544
Greece,1913,2.2065325
Greece,1914,2.172528
Greece,1915,2.139525
Greece,1916,2.1066759
Greece,1917,2.0769954
Greece,1918,2.0496821
Greece,1919,2.023503
Greece,1920,2.4459436
Greece,1921,2.5951996
Greece,1922,2.6771
Greece,1923,2.7318704
Greece,1924,2.770881
Greece,1925,2.8003454
Greece,1926,2.8201606
Greece,1927,2.8329074
Greece,1928,2.841448
Greece,1929,2.8408995
Greece,1930,3.2345088
Greece,1931,3.377866
Greece,1932,3.457476
Greece,1933,3.5075767
Greece,1934,3.5434742
Greece,1935,3.5661309
Greece,1936,3.5787826
Greece,1937,3.5844774
Greece,1938,3.5833652
Greece,1939,3.584503
Greece,1940,2.7081037
Greece,1941,2.3707573
Greece,1942,2.1571493
Greece,1943,1.9961522
Greece,1944,1.85741
Greece,1945,1.7430289
Greece,1946,1.6420468
Greece,1947,1.5499638
Greece,1948,1.4694595
Greece,1949,1.4355772
Greece,1950,1.5466188
Greece,1951,1.5808778
Greece,1952,4.38313
Greece,1953,2.445497
Greece,1954,2.025236
Greece,1955,1.7234666
Greece,1956,1.7459724
Greece,1957,1.7457134
Greece,1958,1.4007468
Greece,1959,0.7088481
Greece,1960,0.6234824
Greece,1961,0.57247096
Greece,1962,2.468537
Greece,1963,1.0954279
Greece,1964,0.6466586
Greece,1965,1.8845385
Greece,1966,1.307126
Greece,1967,1.2155102
Greece,1968,0.96775496
Greece,1969,0.8027727
Greece,1970,0.68799293
Greece,1971,0.6158846
Greece,1972,0.41462648
Greece,1973,0.3334383
Greece,1974,0.20403607
Greece,1975,0.19180794
Greece,1976,0.15413325
Greece,1977,0.8052131
Greece,1978,0.4305683
Greece,1979,0.2496654
Greece,1980,0.47010002
Greece,1981,0.2937404
Greece,1982,0.13382311
Greece,1983,0.41475186
Greece,1984,0.17663972
Greece,1985,0.14694704
Greece,1986,0.1493861
Greece,1987,0.14295948
Greece,1988,0.464106
Greece,1989,0.27226135
Greece,1990,0.19257501
Greece,1991,0.30913275
Greece,1992,0.053747702
Greece,1993,0.049231235
Greece,1994,0.07346749
Greece,1995,0.044201285
Greece,1996,-0.16428669
Greece,1997,-0.3283681
Greece,1998,-0.40989432
Greece,1999,-0.5088799
Greece,2000,-0.5094563
Greece,2001,-0.55546707
Greece,2002,-0.5870181
Greece,2003,-0.78143084
Greece,2004,-0.7035196
Greece,2005,-0.8563977
Greece,2006,-0.910497
Greece,2007,-0.92219585
Greece,2008,-0.94229597
Greece,2009,-0.81703657
Greece,2010,-0.9062725
Greece,2011,-0.89944667
Greece,2012,-0.93362325
Greece,2013,-1.7897956
Greece,2014,-1.6460638
Greece,2015,-1.8681593
Greece,2016,-2.0885348
Greece,2017,-2.2294698
Greece,2018,-0.17783265
Greece,2019,-1.0909255
Greece,2020,-1.2754343
Greece,2021,-1.3116515
Greece,2022,-1.3270721
Greece,2023,-1.3285602
Grenada,1850,0.8596123
Grenada,1851,0.8231202
Grenada,1852,0.80334705
Grenada,1853,0.79130745
Grenada,1854,0.78144044
Grenada,1855,0.7748709
Grenada,1856,0.7705466
Grenada,1857,0.76614726
Grenada,1858,0.7640212
Grenada,1859,0.7576453
Grenada,1860,0.773096
Grenada,1861,0.77167535
Grenada,1862,0.7615806
Grenada,1863,0.7497538
Grenada,1864,0.73703605
Grenada,1865,0.7245346
Grenada,1866,0.7122291
Grenada,1867,0.7001403
Grenada,1868,0.68826735
Grenada,1869,0.6775897
Grenada,1870,0.67580724
Grenada,1871,0.6701155
Grenada,1872,0.6635143
Grenada,1873,0.6578837
Grenada,1874,0.65231395
Grenada,1875,0.64586943
Grenada,1876,0.63948756
Grenada,1877,0.6340534
Grenada,1878,0.6277882
Grenada,1879,0.617256
Grenada,1880,0.6156526
Grenada,1881,0.608055
Grenada,1882,0.59480244
Grenada,1883,0.5811603
Grenada,1884,0.5686423
Grenada,1885,0.5555995
Grenada,1886,0.5428711
Grenada,1887,0.53116524
Grenada,1888,0.51899046
Grenada,1889,0.5077251
Grenada,1890,0.5035757
Grenada,1891,0.49588174
Grenada,1892,0.48752436
Grenada,1893,0.47986203
Grenada,1894,0.4723234
Grenada,1895,0.46426442
Grenada,1896,0.45634344
Grenada,1897,0.4491672
Grenada,1898,0.441504
Grenada,1899,0.43377495
Grenada,1900,0.43654022
Grenada,1901,0.4337402
Grenada,1902,0.4313234
Grenada,1903,0.4287056
Grenada,1904,0.4266758
Grenada,1905,0.42521697
Grenada,1906,0.4226437
Grenada,1907,0.42063507
Grenada,1908,0.4180884
Grenada,1909,0.4161938
Grenada,1910,0.2289931
Grenada,1911,0.16033444
Grenada,1912,0.121771514
Grenada,1913,0.094920844
Grenada,1914,0.0740671
Grenada,1915,0.057575244
Grenada,1916,0.043250047
Grenada,1917,0.03165563
Grenada,1918,0.021691663
Grenada,1919,0.012761718
Grenada,1920,0.041901384
Grenada,1921,0.05074868
Grenada,1922,0.05541326
Grenada,1923,0.05812518
Grenada,1924,0.05812743
Grenada,1925,0.05964023
Grenada,1926,0.06007953
Grenada,1927,0.06048396
Grenada,1928,0.060854964
Grenada,1929,0.06125661
Grenada,1930,0.0672971
Grenada,1931,0.06998078
Grenada,1932,0.07082386
Grenada,1933,0.071250916
Grenada,1934,0.07165494
Grenada,1935,0.07203661
Grenada,1936,0.07239659
Grenada,1937,0.07230936
Grenada,1938,0.072212756
Grenada,1939,0.0725495
Grenada,1940,0.071231365
Grenada,1941,0.07200649
Grenada,1942,0.073225826
Grenada,1943,0.07492402
Grenada,1944,0.076659136
Grenada,1945,0.078431524
Grenada,1946,0.08024251
Grenada,1947,0.082092494
Grenada,1948,0.08398289
Grenada,1949,0.08533609
Grenada,1950,0.037944827
Grenada,1951,0.4877557
Grenada,1952,1.0168492
Grenada,1953,1.5116817
Grenada,1954,1.8539188
Grenada,1955,2.1683118
Grenada,1956,2.3723865
Grenada,1957,2.4561663
Grenada,1958,2.4358566
Grenada,1959,2.4185865
Grenada,1960,1.2227882
Grenada,1961,0.8274231
Grenada,1962,0.6251742
Grenada,1963,0.49848804
Grenada,1964,0.4063655
Grenada,1965,0.34195143
Grenada,1966,0.28984505
Grenada,1967,0.24369356
Grenada,1968,0.20889097
Grenada,1969,0.18025912
Grenada,1970,0.15529685
Grenada,1971,-0.32177833
Grenada,1972,-0.3120461
Grenada,1973,-0.30336845
Grenada,1974,-0.29065484
Grenada,1975,-0.28347224
Grenada,1976,-0.2751585
Grenada,1977,-0.56290185
Grenada,1978,-0.55215913
Grenada,1979,-1.3510239
Grenada,1980,-1.2808261
Grenada,1981,-1.1963795
Grenada,1982,-1.1067257
Grenada,1983,-1.0349672
Grenada,1984,-1.658634
Grenada,1985,-1.5497856
Grenada,1986,-1.7851003
Grenada,1987,-1.6705966
Grenada,1988,-1.5648369
Grenada,1989,-1.4679815
Grenada,1990,-1.6971078
Grenada,1991,-1.5848689
Grenada,1992,-1.4782397
Grenada,1993,-1.381473
Grenada,1994,-1.6144586
Grenada,1995,-1.5132741
Grenada,1996,-1.4243553
Grenada,1997,-1.3416041
Grenada,1998,0.7820461
Grenada,1999,-0.41550124
Grenada,2000,1.4141898
Grenada,2001,0.064488515
Grenada,2002,-0.5913822
Grenada,2003,-0.685662
Grenada,2004,-1.6272228
Grenada,2005,-1.5639677
Grenada,2006,-1.3950995
Grenada,2007,-1.3955443
Grenada,2008,0.41711104
Grenada,2009,-0.5795164
Grenada,2010,-0.80571866
Grenada,2011,-1.444371
Grenada,2012,-1.3726839
Grenada,2013,-1.2964594
Grenada,2014,-1.2333964
Grenada,2015,-1.174945
Grenada,2016,-1.1196511
Grenada,2017,-1.0674311
Grenada,2018,-1.0191594
Grenada,2019,-0.8687317
Grenada,2020,-0.8798969
Grenada,2021,-0.8336625
Grenada,2022,-0.7912605
Grenada,2023,-0.7509749
Guatemala,1850,11.270168
Guatemala,1851,13.600037
Guatemala,1852,10.276535
Guatemala,1853,10.557836
Guatemala,1854,9.857527
Guatemala,1855,9.95431
Guatemala,1856,9.697909
Guatemala,1857,9.40903
Guatemala,1858,10.5308485
Guatemala,1859,9.718229
Guatemala,1860,8.335071
Guatemala,1861,8.729024
Guatemala,1862,7.1500998
Guatemala,1863,7.6828036
Guatemala,1864,7.390005
Guatemala,1865,5.6499276
Guatemala,1866,8.750913
Guatemala,1867,9.544171
Guatemala,1868,6.2764397
Guatemala,1869,7.9572496
Guatemala,1870,6.214309
Guatemala,1871,5.19058
Guatemala,1872,4.2150073
Guatemala,1873,4.7781963
Guatemala,1874,5.095096
Guatemala,1875,4.474402
Guatemala,1876,3.5642233
Guatemala,1877,3.3144507
Guatemala,1878,4.1224365
Guatemala,1879,3.898587
Guatemala,1880,4.2238092
Guatemala,1881,3.1200829
Guatemala,1882,2.4293404
Guatemala,1883,2.8561187
Guatemala,1884,2.3472314
Guatemala,1885,1.7211008
Guatemala,1886,1.9147068
Guatemala,1887,1.6392286
Guatemala,1888,1.6457069
Guatemala,1889,1.6204134
Guatemala,1890,1.7477438
Guatemala,1891,1.6198537
Guatemala,1892,1.5760874
Guatemala,1893,1.7834089
Guatemala,1894,1.9659795
Guatemala,1895,1.6925677
Guatemala,1896,1.5698949
Guatemala,1897,1.5758846
Guatemala,1898,1.9512955
Guatemala,1899,1.9295794
Guatemala,1900,2.2114954
Guatemala,1901,2.4156625
Guatemala,1902,3.038297
Guatemala,1903,4.4234076
Guatemala,1904,3.6382496
Guatemala,1905,4.041228
Guatemala,1906,3.5533807
Guatemala,1907,3.372948
Guatemala,1908,3.8868442
Guatemala,1909,4.8012223
Guatemala,1910,5.383456
Guatemala,1911,4.868205
Guatemala,1912,4.780145
Guatemala,1913,4.570603
Guatemala,1914,4.9982347
Guatemala,1915,4.0280952
Guatemala,1916,4.0383906
Guatemala,1917,3.617622
Guatemala,1918,3.345115
Guatemala,1919,4.731406
Guatemala,1920,5.733256
Guatemala,1921,5.6110454
Guatemala,1922,4.5146804
Guatemala,1923,4.7396636
Guatemala,1924,5.0467257
Guatemala,1925,7.2054043
Guatemala,1926,5.6454473
Guatemala,1927,5.11134
Guatemala,1928,5.0689497
Guatemala,1929,5.676313
Guatemala,1930,6.9251533
Guatemala,1931,10.474575
Guatemala,1932,9.910471
Guatemala,1933,10.281782
Guatemala,1934,11.610061
Guatemala,1935,11.112565
Guatemala,1936,11.842327
Guatemala,1937,11.930695
Guatemala,1938,11.050071
Guatemala,1939,11.66544
Guatemala,1940,14.846144
Guatemala,1941,17.885489
Guatemala,1942,18.414738
Guatemala,1943,20.063585
Guatemala,1944,19.38149
Guatemala,1945,18.394703
Guatemala,1946,19.395935
Guatemala,1947,18.48976
Guatemala,1948,17.528412
Guatemala,1949,21.352116
Guatemala,1950,20.85876
Guatemala,1951,19.704304
Guatemala,1952,18.309591
Guatemala,1953,16.99261
Guatemala,1954,15.890982
Guatemala,1955,14.827274
Guatemala,1956,15.8853655
Guatemala,1957,14.54341
Guatemala,1958,14.08925
Guatemala,1959,14.996366
Guatemala,1960,11.173375
Guatemala,1961,7.7601924
Guatemala,1962,6.268151
Guatemala,1963,5.3116255
Guatemala,1964,4.677837
Guatemala,1965,4.3228326
Guatemala,1966,4.278405
Guatemala,1967,3.6859574
Guatemala,1968,3.1907995
Guatemala,1969,3.174295
Guatemala,1970,3.2126222
Guatemala,1971,3.533124
Guatemala,1972,4.519208
Guatemala,1973,5.03472
Guatemala,1974,3.935054
Guatemala,1975,4.621165
Guatemala,1976,5.599773
Guatemala,1977,5.189683
Guatemala,1978,3.9416192
Guatemala,1979,3.7623105
Guatemala,1980,3.5158086
Guatemala,1981,3.4580703
Guatemala,1982,3.5352256
Guatemala,1983,14.418433
Guatemala,1984,6.6428986
Guatemala,1985,5.0363536
Guatemala,1986,3.6482286
Guatemala,1987,11.475734
Guatemala,1988,5.9992437
Guatemala,1989,4.379953
Guatemala,1990,3.568778
Guatemala,1991,3.3310654
Guatemala,1992,6.2861204
Guatemala,1993,5.0020256
Guatemala,1994,5.146984
Guatemala,1995,3.727896
Guatemala,1996,4.768608
Guatemala,1997,6.717766
Guatemala,1998,5.6355557
Guatemala,1999,5.602361
Guatemala,2000,5.4192166
Guatemala,2001,4.832462
Guatemala,2002,5.258251
Guatemala,2003,3.1415515
Guatemala,2004,1.86262
Guatemala,2005,2.0055015
Guatemala,2006,3.234736
Guatemala,2007,2.457104
Guatemala,2008,1.868607
Guatemala,2009,1.59097
Guatemala,2010,1.4206792
Guatemala,2011,1.1351187
Guatemala,2012,0.9416083
Guatemala,2013,1.4847623
Guatemala,2014,2.6944299
Guatemala,2015,2.0158308
Guatemala,2016,1.7626028
Guatemala,2017,1.6726404
Guatemala,2018,1.6410205
Guatemala,2019,1.6836451
Guatemala,2020,1.4500827
Guatemala,2021,1.4813962
Guatemala,2022,1.5070604
Guatemala,2023,1.47322
Guinea,1850,63.32217
Guinea,1851,81.623955
Guinea,1852,95.23553
Guinea,1853,104.58482
Guinea,1854,110.95918
Guinea,1855,114.34113
Guinea,1856,113.850815
Guinea,1857,119.39381
Guinea,1858,120.25392
Guinea,1859,121.67645
Guinea,1860,68.49043
Guinea,1861,47.1794
Guinea,1862,35.017666
Guinea,1863,27.611938
Guinea,1864,23.57737
Guinea,1865,19.124685
Guinea,1866,15.919692
Guinea,1867,14.169696
Guinea,1868,12.227397
Guinea,1869,10.599222
Guinea,1870,9.838426
Guinea,1871,8.585132
Guinea,1872,7.6911554
Guinea,1873,7.6788783
Guinea,1874,6.7845774
Guinea,1875,6.290539
Guinea,1876,5.8503594
Guinea,1877,5.401365
Guinea,1878,5.505904
Guinea,1879,5.6059737
Guinea,1880,5.467577
Guinea,1881,4.9067597
Guinea,1882,4.979017
Guinea,1883,4.645272
Guinea,1884,4.458649
Guinea,1885,4.9177485
Guinea,1886,4.587779
Guinea,1887,4.2325716
Guinea,1888,4.1715236
Guinea,1889,4.3628387
Guinea,1890,4.630523
Guinea,1891,5.7438626
Guinea,1892,5.5603514
Guinea,1893,5.3720527
Guinea,1894,5.0289593
Guinea,1895,4.6697373
Guinea,1896,4.854563
Guinea,1897,4.887224
Guinea,1898,5.235152
Guinea,1899,5.543255
Guinea,1900,6.1230407
Guinea,1901,5.981509
Guinea,1902,5.4571524
Guinea,1903,5.7631083
Guinea,1904,6.0626698
Guinea,1905,5.648277
Guinea,1906,5.4704566
Guinea,1907,5.5608563
Guinea,1908,5.681406
Guinea,1909,5.685968
Guinea,1910,5.91671
Guinea,1911,5.887907
Guinea,1912,6.263924
Guinea,1913,6.6870146
Guinea,1914,6.669337
Guinea,1915,7.101906
Guinea,1916,6.6713376
Guinea,1917,6.6893926
Guinea,1918,6.3339696
Guinea,1919,6.619041
Guinea,1920,7.901059
Guinea,1921,8.790784
Guinea,1922,8.756779
Guinea,1923,10.130779
Guinea,1924,9.651346
Guinea,1925,10.123187
Guinea,1926,9.675014
Guinea,1927,9.253844
Guinea,1928,9.143324
Guinea,1929,9.644565
Guinea,1930,11.5206375
Guinea,1931,12.205133
Guinea,1932,13.588851
Guinea,1933,14.314612
Guinea,1934,14.577173
Guinea,1935,14.062792
Guinea,1936,13.897137
Guinea,1937,13.503163
Guinea,1938,14.056742
Guinea,1939,13.84231
Guinea,1940,23.00103
Guinea,1941,25.769361
Guinea,1942,28.344645
Guinea,1943,29.36193
Guinea,1944,29.001451
Guinea,1945,30.193678
Guinea,1946,28.992632
Guinea,1947,29.59141
Guinea,1948,28.527225
Guinea,1949,29.555016
Guinea,1950,24.12119
Guinea,1951,23.265629
Guinea,1952,21.319054
Guinea,1953,19.921644
Guinea,1954,20.10506
Guinea,1955,18.597557
Guinea,1956,18.966003
Guinea,1957,19.726526
Guinea,1958,19.430426
Guinea,1959,19.604462
Guinea,1960,13.630155
Guinea,1961,10.364199
Guinea,1962,8.354644
Guinea,1963,7.1461296
Guinea,1964,5.9780307
Guinea,1965,5.2821493
Guinea,1966,4.6682854
Guinea,1967,4.0870323
Guinea,1968,3.7057512
Guinea,1969,3.2162967
Guinea,1970,2.9928298
Guinea,1971,2.662543
Guinea,1972,2.395171
Guinea,1973,2.2280705
Guinea,1974,1.9924418
Guinea,1975,1.736808
Guinea,1976,1.5900872
Guinea,1977,1.4248309
Guinea,1978,1.37821
Guinea,1979,1.214328
Guinea,1980,1.0855777
Guinea,1981,0.9789878
Guinea,1982,0.8682872
Guinea,1983,0.96333116
Guinea,1984,0.98515314
Guinea,1985,0.8465444
Guinea,1986,0.73224366
Guinea,1987,0.8994765
Guinea,1988,0.83088696
Guinea,1989,1.4991655
Guinea,1990,0.9727726
Guinea,1991,1.0227127
Guinea,1992,0.8266458
Guinea,1993,0.76026094
Guinea,1994,0.514946
Guinea,1995,0.96166134
Guinea,1996,1.0437362
Guinea,1997,1.1008897
Guinea,1998,0.9886246
Guinea,1999,1.5890629
Guinea,2000,2.1004133
Guinea,2001,1.7503936
Guinea,2002,1.7308863
Guinea,2003,1.8902272
Guinea,2004,1.2629551
Guinea,2005,1.2060047
Guinea,2006,1.3795323
Guinea,2007,1.4715713
Guinea,2008,1.2109221
Guinea,2009,1.3060985
Guinea,2010,1.0273222
Guinea,2011,1.6064845
Guinea,2012,1.9330964
Guinea,2013,1.6053001
Guinea,2014,1.154951
Guinea,2015,1.0664005
Guinea,2016,1.0458393
Guinea,2017,1.0802449
Guinea,2018,0.9945436
Guinea,2019,0.96683395
Guinea,2020,0.89734614
Guinea,2021,0.8698509
Guinea,2022,1.0505965
Guinea,2023,1.2051928
Guinea-Bissau,1850,1.2316463
Guinea-Bissau,1851,1.4093239
Guinea-Bissau,1852,1.6282526
Guinea-Bissau,1853,1.6578532
Guinea-Bissau,1854,1.8768153
Guinea-Bissau,1855,1.8467848
Guinea-Bissau,1856,1.8398918
Guinea-Bissau,1857,1.8997793
Guinea-Bissau,1858,1.8366114
Guinea-Bissau,1859,1.8181682
Guinea-Bissau,1860,1.5142757
Guinea-Bissau,1861,1.3441943
Guinea-Bissau,1862,1.2004125
Guinea-Bissau,1863,1.1577237
Guinea-Bissau,1864,1.2823364
Guinea-Bissau,1865,1.1108155
Guinea-Bissau,1866,1.0387454
Guinea-Bissau,1867,1.1605153
Guinea-Bissau,1868,1.250419
Guinea-Bissau,1869,1.0668367
Guinea-Bissau,1870,1.0426499
Guinea-Bissau,1871,1.0171801
Guinea-Bissau,1872,0.9900217
Guinea-Bissau,1873,0.99666816
Guinea-Bissau,1874,0.96771365
Guinea-Bissau,1875,0.93901134
Guinea-Bissau,1876,1.1316047
Guinea-Bissau,1877,0.985631
Guinea-Bissau,1878,0.92508084
Guinea-Bissau,1879,0.89695877
Guinea-Bissau,1880,0.9884034
Guinea-Bissau,1881,1.0655601
Guinea-Bissau,1882,1.0955648
Guinea-Bissau,1883,1.073141
Guinea-Bissau,1884,1.0087386
Guinea-Bissau,1885,0.97461945
Guinea-Bissau,1886,0.97158885
Guinea-Bissau,1887,1.06455
Guinea-Bissau,1888,0.9802558
Guinea-Bissau,1889,0.96837866
Guinea-Bissau,1890,0.99633914
Guinea-Bissau,1891,1.0557046
Guinea-Bissau,1892,1.1215893
Guinea-Bissau,1893,1.0834742
Guinea-Bissau,1894,1.2352465
Guinea-Bissau,1895,1.1275258
Guinea-Bissau,1896,1.1113482
Guinea-Bissau,1897,1.2491169
Guinea-Bissau,1898,1.1327914
Guinea-Bissau,1899,1.1225009
Guinea-Bissau,1900,1.3188286
Guinea-Bissau,1901,1.5127707
Guinea-Bissau,1902,1.6314456
Guinea-Bissau,1903,1.5866395
Guinea-Bissau,1904,1.7768642
Guinea-Bissau,1905,1.6197287
Guinea-Bissau,1906,1.7981493
Guinea-Bissau,1907,1.6339972
Guinea-Bissau,1908,1.724197
Guinea-Bissau,1909,1.7266558
Guinea-Bissau,1910,1.6191565
Guinea-Bissau,1911,1.7367252
Guinea-Bissau,1912,1.6722907
Guinea-Bissau,1913,1.5555832
Guinea-Bissau,1914,1.5600222
Guinea-Bissau,1915,1.5616727
Guinea-Bissau,1916,1.5610318
Guinea-Bissau,1917,1.564459
Guinea-Bissau,1918,1.7267897
Guinea-Bissau,1919,1.4747543
Guinea-Bissau,1920,1.8185016
Guinea-Bissau,1921,2.1708276
Guinea-Bissau,1922,2.5125806
Guinea-Bissau,1923,2.3808622
Guinea-Bissau,1924,2.6062047
Guinea-Bissau,1925,2.5740438
Guinea-Bissau,1926,2.4470153
Guinea-Bissau,1927,2.575212
Guinea-Bissau,1928,2.4188857
Guinea-Bissau,1929,2.4504054
Guinea-Bissau,1930,3.1896782
Guinea-Bissau,1931,3.7731614
Guinea-Bissau,1932,3.9920626
Guinea-Bissau,1933,3.9629297
Guinea-Bissau,1934,3.8881629
Guinea-Bissau,1935,3.8640528
Guinea-Bissau,1936,3.9250515
Guinea-Bissau,1937,4.053259
Guinea-Bissau,1938,4.053359
Guinea-Bissau,1939,4.0766087
Guinea-Bissau,1940,6.6639414
Guinea-Bissau,1941,8.427963
Guinea-Bissau,1942,9.146713
Guinea-Bissau,1943,9.963464
Guinea-Bissau,1944,9.963757
Guinea-Bissau,1945,10.220145
Guinea-Bissau,1946,10.581548
Guinea-Bissau,1947,10.334162
Guinea-Bissau,1948,10.083662
Guinea-Bissau,1949,10.468425
Guinea-Bissau,1950,7.9877453
Guinea-Bissau,1951,6.195851
Guinea-Bissau,1952,5.3084993
Guinea-Bissau,1953,4.562192
Guinea-Bissau,1954,4.069093
Guinea-Bissau,1955,3.8298795
Guinea-Bissau,1956,3.501311
Guinea-Bissau,1957,3.2504818
Guinea-Bissau,1958,2.9963295
Guinea-Bissau,1959,2.5178854
Guinea-Bissau,1960,1.9091402
Guinea-Bissau,1961,1.6896632
Guinea-Bissau,1962,1.7734126
Guinea-Bissau,1963,1.5419595
Guinea-Bissau,1964,1.6425289
Guinea-Bissau,1965,1.4948522
Guinea-Bissau,1966,4.167325
Guinea-Bissau,1967,3.5539184
Guinea-Bissau,1968,2.9484916
Guinea-Bissau,1969,2.7985244
Guinea-Bissau,1970,2.9532409
Guinea-Bissau,1971,2.9007196
Guinea-Bissau,1972,3.8991718
Guinea-Bissau,1973,4.332088
Guinea-Bissau,1974,3.58499
Guinea-Bissau,1975,3.2104235
Guinea-Bissau,1976,2.8822217
Guinea-Bissau,1977,2.6659818
Guinea-Bissau,1978,2.639035
Guinea-Bissau,1979,2.9191117
Guinea-Bissau,1980,3.688964
Guinea-Bissau,1981,4.7836237
Guinea-Bissau,1982,4.8817687
Guinea-Bissau,1983,6.939278
Guinea-Bissau,1984,5.6535535
Guinea-Bissau,1985,3.3663242
Guinea-Bissau,1986,2.609183
Guinea-Bissau,1987,2.064757
Guinea-Bissau,1988,5.756571
Guinea-Bissau,1989,4.391427
Guinea-Bissau,1990,2.8788524
Guinea-Bissau,1991,2.2357657
Guinea-Bissau,1992,3.6615212
Guinea-Bissau,1993,3.3022628
Guinea-Bissau,1994,2.6419628
Guinea-Bissau,1995,2.4139323
Guinea-Bissau,1996,4.906842
Guinea-Bissau,1997,2.5711255
Guinea-Bissau,1998,6.2920785
Guinea-Bissau,1999,6.338652
Guinea-Bissau,2000,4.150298
Guinea-Bissau,2001,1.835383
Guinea-Bissau,2002,1.332671
Guinea-Bissau,2003,2.057906
Guinea-Bissau,2004,1.4121723
Guinea-Bissau,2005,1.0814747
Guinea-Bissau,2006,0.7116926
Guinea-Bissau,2007,1.0073253
Guinea-Bissau,2008,0.64732695
Guinea-Bissau,2009,1.6236451
Guinea-Bissau,2010,0.8264914
Guinea-Bissau,2011,0.5704393
Guinea-Bissau,2012,0.44854122
Guinea-Bissau,2013,0.36434087
Guinea-Bissau,2014,0.49698648
Guinea-Bissau,2015,0.35495293
Guinea-Bissau,2016,0.34198877
Guinea-Bissau,2017,0.3118567
Guinea-Bissau,2018,0.23858368
Guinea-Bissau,2019,0.17760862
Guinea-Bissau,2020,0.1592662
Guinea-Bissau,2021,0.17871565
Guinea-Bissau,2022,0.20778245
Guinea-Bissau,2023,0.20585723
Guyana,1850,44.883293
Guyana,1851,-14.019919
Guyana,1852,20.465801
Guyana,1853,7.4112926
Guyana,1854,12.189888
Guyana,1855,22.883362
Guyana,1856,18.37852
Guyana,1857,19.778183
Guyana,1858,25.789196
Guyana,1859,14.236705
Guyana,1860,16.146591
Guyana,1861,15.293797
Guyana,1862,13.2079935
Guyana,1863,15.998911
Guyana,1864,13.488888
Guyana,1865,19.107649
Guyana,1866,12.436896
Guyana,1867,17.738106
Guyana,1868,17.109581
Guyana,1869,17.427797
Guyana,1870,19.254608
Guyana,1871,15.562726
Guyana,1872,14.72101
Guyana,1873,22.51347
Guyana,1874,16.562344
Guyana,1875,29.89212
Guyana,1876,14.174449
Guyana,1877,4.4987326
Guyana,1878,20.440454
Guyana,1879,18.669434
Guyana,1880,12.771553
Guyana,1881,14.155625
Guyana,1882,11.604166
Guyana,1883,13.442066
Guyana,1884,17.137476
Guyana,1885,18.845549
Guyana,1886,-2.437654
Guyana,1887,12.820855
Guyana,1888,19.702244
Guyana,1889,20.207212
Guyana,1890,9.739313
Guyana,1891,4.8305764
Guyana,1892,16.684032
Guyana,1893,11.84579
Guyana,1894,15.813132
Guyana,1895,24.605612
Guyana,1896,10.6572075
Guyana,1897,5.7561502
Guyana,1898,24.12131
Guyana,1899,12.073138
Guyana,1900,11.394358
Guyana,1901,12.692247
Guyana,1902,14.865059
Guyana,1903,15.59447
Guyana,1904,10.759332
Guyana,1905,7.434044
Guyana,1906,16.330896
Guyana,1907,15.984675
Guyana,1908,17.120087
Guyana,1909,16.2276
Guyana,1910,13.099135
Guyana,1911,9.827672
Guyana,1912,14.149201
Guyana,1913,14.542337
Guyana,1914,13.361101
Guyana,1915,13.799583
Guyana,1916,16.909452
Guyana,1917,9.312266
Guyana,1918,17.617577
Guyana,1919,12.890369
Guyana,1920,16.333635
Guyana,1921,16.354618
Guyana,1922,12.543586
Guyana,1923,11.0913315
Guyana,1924,17.82804
Guyana,1925,10.214041
Guyana,1926,23.903345
Guyana,1927,14.57294
Guyana,1928,21.4453
Guyana,1929,0.31956735
Guyana,1930,19.241852
Guyana,1931,6.6039276
Guyana,1932,13.540064
Guyana,1933,14.853423
Guyana,1934,27.030958
Guyana,1935,9.158708
Guyana,1936,19.884892
Guyana,1937,17.174652
Guyana,1938,17.517994
Guyana,1939,10.9794035
Guyana,1940,8.550065
Guyana,1941,17.064617
Guyana,1942,12.395109
Guyana,1943,14.908458
Guyana,1944,6.947986
Guyana,1945,5.06952
Guyana,1946,5.908923
Guyana,1947,10.113727
Guyana,1948,14.2007265
Guyana,1949,6.820236
Guyana,1950,18.758188
Guyana,1951,27.03266
Guyana,1952,39.769806
Guyana,1953,35.678036
Guyana,1954,40.157497
Guyana,1955,38.5648
Guyana,1956,42.48399
Guyana,1957,39.057537
Guyana,1958,34.52731
Guyana,1959,47.875454
Guyana,1960,29.598213
Guyana,1961,10.92819
Guyana,1962,9.369641
Guyana,1963,11.527578
Guyana,1964,6.6983676
Guyana,1965,10.014535
Guyana,1966,15.608526
Guyana,1967,6.8940706
Guyana,1968,-1.1588712
Guyana,1969,8.785004
Guyana,1970,5.2385097
Guyana,1971,2.4511604
Guyana,1972,6.329115
Guyana,1973,4.73686
Guyana,1974,6.907362
Guyana,1975,-0.70491695
Guyana,1976,5.8002253
Guyana,1977,2.350193
Guyana,1978,2.8154647
Guyana,1979,6.4183297
Guyana,1980,2.717574
Guyana,1981,1.0368418
Guyana,1982,1.6015658
Guyana,1983,-0.2906722
Guyana,1984,-4.796288
Guyana,1985,3.040533
Guyana,1986,1.0422939
Guyana,1987,1.106894
Guyana,1988,-1.9261972
Guyana,1989,-0.55482936
Guyana,1990,1.1155182
Guyana,1991,3.7341666
Guyana,1992,20.858664
Guyana,1993,6.678886
Guyana,1994,16.858194
Guyana,1995,19.093317
Guyana,1996,9.845529
Guyana,1997,20.504442
Guyana,1998,23.438972
Guyana,1999,17.384157
Guyana,2000,5.2439632
Guyana,2001,1.5524774
Guyana,2002,5.778584
Guyana,2003,24.317394
Guyana,2004,15.6402
Guyana,2005,2.3869543
Guyana,2006,11.665771
Guyana,2007,4.2829614
Guyana,2008,9.405278
Guyana,2009,8.990026
Guyana,2010,7.5159316
Guyana,2011,3.9017162
Guyana,2012,9.324578
Guyana,2013,3.7699924
Guyana,2014,-3.757712
Guyana,2015,-1.5900033
Guyana,2016,7.0533357
Guyana,2017,-0.9677402
Guyana,2018,4.0580006
Guyana,2019,5.8198524
Guyana,2020,5.7836366
Guyana,2021,4.3176556
Guyana,2022,3.994737
Guyana,2023,3.9923058
Haiti,1850,2.402879
Haiti,1851,1.7859615
Haiti,1852,2.057357
Haiti,1853,2.2415254
Haiti,1854,2.171846
Haiti,1855,2.2341502
Haiti,1856,2.235389
Haiti,1857,2.494951
Haiti,1858,2.2981756
Haiti,1859,2.1945171
Haiti,1860,2.1113293
Haiti,1861,1.8148857
Haiti,1862,2.239833
Haiti,1863,1.7261945
Haiti,1864,2.3384314
Haiti,1865,2.0157175
Haiti,1866,2.304776
Haiti,1867,2.165001
Haiti,1868,1.7535186
Haiti,1869,2.17857
Haiti,1870,2.0308123
Haiti,1871,1.6681205
Haiti,1872,1.2096524
Haiti,1873,1.5841546
Haiti,1874,1.3647382
Haiti,1875,1.5095527
Haiti,1876,1.3305372
Haiti,1877,1.3367621
Haiti,1878,1.5274955
Haiti,1879,1.2613704
Haiti,1880,1.9824116
Haiti,1881,2.0600421
Haiti,1882,2.557653
Haiti,1883,2.2692537
Haiti,1884,2.2813358
Haiti,1885,2.7678804
Haiti,1886,1.9978874
Haiti,1887,2.6366875
Haiti,1888,2.5004308
Haiti,1889,2.4142787
Haiti,1890,2.90781
Haiti,1891,2.6432652
Haiti,1892,2.7934535
Haiti,1893,2.6839147
Haiti,1894,2.7863224
Haiti,1895,2.518933
Haiti,1896,2.6768527
Haiti,1897,2.3756547
Haiti,1898,2.7651799
Haiti,1899,2.3903036
Haiti,1900,3.0166984
Haiti,1901,2.7817323
Haiti,1902,2.817504
Haiti,1903,2.947613
Haiti,1904,2.6800768
Haiti,1905,2.7853785
Haiti,1906,2.893552
Haiti,1907,2.8271973
Haiti,1908,3.046659
Haiti,1909,2.899907
Haiti,1910,2.77279
Haiti,1911,2.914306
Haiti,1912,3.0895176
Haiti,1913,3.1843479
Haiti,1914,3.1050594
Haiti,1915,2.943374
Haiti,1916,3.1835485
Haiti,1917,3.0149388
Haiti,1918,2.8744273
Haiti,1919,3.0989888
Haiti,1920,3.1369894
Haiti,1921,2.8321207
Haiti,1922,2.891916
Haiti,1923,2.806824
Haiti,1924,2.8761556
Haiti,1925,2.6633887
Haiti,1926,2.6131947
Haiti,1927,2.5998137
Haiti,1928,2.4937212
Haiti,1929,2.4981673
Haiti,1930,2.3877432
Haiti,1931,2.6481624
Haiti,1932,2.4867306
Haiti,1933,2.426248
Haiti,1934,2.6362793
Haiti,1935,2.3198133
Haiti,1936,2.3230562
Haiti,1937,2.3041947
Haiti,1938,2.3771272
Haiti,1939,2.3065903
Haiti,1940,2.551441
Haiti,1941,2.5269756
Haiti,1942,2.7271936
Haiti,1943,2.5511696
Haiti,1944,2.5086236
Haiti,1945,2.4784613
Haiti,1946,2.441017
Haiti,1947,2.4158766
Haiti,1948,2.4137566
Haiti,1949,2.3598619
Haiti,1950,2.3448148
Haiti,1951,2.388478
Haiti,1952,2.3657002
Haiti,1953,2.3310308
Haiti,1954,2.4856353
Haiti,1955,2.4653652
Haiti,1956,2.4704013
Haiti,1957,2.4639764
Haiti,1958,2.4669306
Haiti,1959,3.0891607
Haiti,1960,1.8082972
Haiti,1961,1.54217
Haiti,1962,1.3740345
Haiti,1963,1.2665766
Haiti,1964,1.1430763
Haiti,1965,1.0820229
Haiti,1966,1.0122118
Haiti,1967,0.9565126
Haiti,1968,0.9432089
Haiti,1969,0.8797703
Haiti,1970,0.8401917
Haiti,1971,-0.06391361
Haiti,1972,-0.08593288
Haiti,1973,-0.044863757
Haiti,1974,-0.00123067
Haiti,1975,0.092299886
Haiti,1976,0.05609147
Haiti,1977,0.31040883
Haiti,1978,0.1550231
Haiti,1979,0.22256592
Haiti,1980,0.12102496
Haiti,1981,0.08846851
Haiti,1982,0.075221434
Haiti,1983,0.0739074
Haiti,1984,0.07257732
Haiti,1985,0.0803607
Haiti,1986,0.08111054
Haiti,1987,0.085086755
Haiti,1988,0.09868916
Haiti,1989,0.081812255
Haiti,1990,0.08669293
Haiti,1991,-0.000424255
Haiti,1992,0.07945095
Haiti,1993,0.42018434
Haiti,1994,0.24911664
Haiti,1995,0.7090591
Haiti,1996,2.0298598
Haiti,1997,0.93310934
Haiti,1998,0.67633384
Haiti,1999,0.52917945
Haiti,2000,0.27343088
Haiti,2001,0.20227712
Haiti,2002,0.13895155
Haiti,2003,0.09473849
Haiti,2004,1.5982918
Haiti,2005,1.6441336
Haiti,2006,0.8985756
Haiti,2007,0.6711821
Haiti,2008,1.2972757
Haiti,2009,2.5695822
Haiti,2010,1.5654262
Haiti,2011,1.3429105
Haiti,2012,1.3786308
Haiti,2013,0.7934306
Haiti,2014,0.6035721
Haiti,2015,0.4659595
Haiti,2016,0.1587122
Haiti,2017,0.099348605
Haiti,2018,-0.4140709
Haiti,2019,-0.3390904
Haiti,2020,-0.20081313
Haiti,2021,-0.33045605
Haiti,2022,-0.40635863
Haiti,2023,-0.47625208
High-income countries,1850,5.6180716
High-income countries,1851,6.0321527
High-income countries,1852,6.1337247
High-income countries,1853,6.0565886
High-income countries,1854,6.186445
High-income countries,1855,5.973027
High-income countries,1856,6.2070804
High-income countries,1857,6.066416
High-income countries,1858,6.1453953
High-income countries,1859,6.180453
High-income countries,1860,5.612678
High-income countries,1861,5.630613
High-income countries,1862,5.513171
High-income countries,1863,5.4100256
High-income countries,1864,5.259604
High-income countries,1865,5.0867634
High-income countries,1866,5.1938725
High-income countries,1867,5.0452642
High-income countries,1868,4.9566774
High-income countries,1869,4.9522033
High-income countries,1870,5.989014
High-income countries,1871,5.9537935
High-income countries,1872,6.52379
High-income countries,1873,6.425077
High-income countries,1874,6.886392
High-income countries,1875,6.98929
High-income countries,1876,6.9614573
High-income countries,1877,6.923545
High-income countries,1878,7.030234
High-income countries,1879,6.9716344
High-income countries,1880,6.842218
High-income countries,1881,6.487529
High-income countries,1882,6.6570873
High-income countries,1883,6.3745084
High-income countries,1884,6.5907364
High-income countries,1885,6.52583
High-income countries,1886,6.22825
High-income countries,1887,6.324972
High-income countries,1888,6.104977
High-income countries,1889,6.140414
High-income countries,1890,6.458988
High-income countries,1891,6.5211325
High-income countries,1892,6.4390574
High-income countries,1893,6.6758256
High-income countries,1894,6.622769
High-income countries,1895,6.530088
High-income countries,1896,6.2646546
High-income countries,1897,6.4340796
High-income countries,1898,6.3514514
High-income countries,1899,6.344405
High-income countries,1900,6.57201
High-income countries,1901,6.5050735
High-income countries,1902,6.5912557
High-income countries,1903,6.4962983
High-income countries,1904,6.5644817
High-income countries,1905,6.6856008
High-income countries,1906,6.6802554
High-income countries,1907,6.5008607
High-income countries,1908,6.546646
High-income countries,1909,6.645307
High-income countries,1910,5.8995037
High-income countries,1911,5.564445
High-income countries,1912,5.2409797
High-income countries,1913,4.9090257
High-income countries,1914,4.8304663
High-income countries,1915,4.668754
High-income countries,1916,4.596733
High-income countries,1917,4.5127754
High-income countries,1918,4.39883
High-income countries,1919,4.27384
High-income countries,1920,4.4727573
High-income countries,1921,4.7337937
High-income countries,1922,4.640383
High-income countries,1923,4.6353693
High-income countries,1924,4.661102
High-income countries,1925,4.5493393
High-income countries,1926,4.527889
High-income countries,1927,4.451052
High-income countries,1928,4.40529
High-income countries,1929,4.280735
High-income countries,1930,4.2901883
High-income countries,1931,4.4148135
High-income countries,1932,4.288736
High-income countries,1933,4.214972
High-income countries,1934,4.281009
High-income countries,1935,4.108298
High-income countries,1936,4.1225896
High-income countries,1937,4.10123
High-income countries,1938,4.0707994
High-income countries,1939,3.9774241
High-income countries,1940,3.2644858
High-income countries,1941,3.108178
High-income countries,1942,2.814009
High-income countries,1943,2.5542972
High-income countries,1944,2.4071395
High-income countries,1945,2.2476637
High-income countries,1946,1.9885701
High-income countries,1947,1.9044341
High-income countries,1948,1.6795849
High-income countries,1949,1.4260675
High-income countries,1950,1.7832305
High-income countries,1951,1.8882589
High-income countries,1952,1.9226453
High-income countries,1953,2.0397675
High-income countries,1954,2.154553
High-income countries,1955,2.2003899
High-income countries,1956,2.2576642
High-income countries,1957,2.2576025
High-income countries,1958,2.0407155
High-income countries,1959,2.4690642
High-income countries,1960,1.7208244
High-income countries,1961,1.7019392
High-income countries,1962,1.3319244
High-income countries,1963,1.1903517
High-income countries,1964,1.0973549
High-income countries,1965,1.1132679
High-income countries,1966,0.91454756
High-income countries,1967,1.5846667
High-income countries,1968,1.6836132
High-income countries,1969,1.134165
High-income countries,1970,1.145451
High-income countries,1971,0.852864
High-income countries,1972,0.74014956
High-income countries,1973,0.74437
High-income countries,1974,0.65958697
High-income countries,1975,0.7034867
High-income countries,1976,0.7532248
High-income countries,1977,0.9892623
High-income countries,1978,0.8615383
High-income countries,1979,0.7376089
High-income countries,1980,0.9691926
High-income countries,1981,0.9018914
High-income countries,1982,0.68981725
High-income countries,1983,0.92765313
High-income countries,1984,0.8110386
High-income countries,1985,0.767753
High-income countries,1986,0.6579922
High-income countries,1987,0.6661754
High-income countries,1988,0.6704805
High-income countries,1989,0.55500466
High-income countries,1990,0.60951793
High-income countries,1991,0.49745846
High-income countries,1992,0.41595554
High-income countries,1993,0.30975154
High-income countries,1994,0.389895
High-income countries,1995,0.31631064
High-income countries,1996,0.72572255
High-income countries,1997,0.33268028
High-income countries,1998,0.40492865
High-income countries,1999,0.41674495
High-income countries,2000,0.34124765
High-income countries,2001,0.12893088
High-income countries,2002,0.001038845
High-income countries,2003,0.2538159
High-income countries,2004,0.21705215
High-income countries,2005,0.13356762
High-income countries,2006,0.042618174
High-income countries,2007,0.13603471
High-income countries,2008,0.27429628
High-income countries,2009,0.19162583
High-income countries,2010,0.66702455
High-income countries,2011,0.22849268
High-income countries,2012,0.4381545
High-income countries,2013,0.29539317
High-income countries,2014,0.23491272
High-income countries,2015,0.3827234
High-income countries,2016,0.45737848
High-income countries,2017,0.48607892
High-income countries,2018,0.4245099
High-income countries,2019,0.25399765
High-income countries,2020,0.33893234
High-income countries,2021,0.37137192
High-income countries,2022,0.433733
High-income countries,2023,0.4388172
Honduras,1850,27.297342
Honduras,1851,25.829742
Honduras,1852,25.147474
Honduras,1853,24.97809
Honduras,1854,21.76835
Honduras,1855,19.781939
Honduras,1856,19.353842
Honduras,1857,17.923628
Honduras,1858,17.060537
Honduras,1859,18.491959
Honduras,1860,14.609218
Honduras,1861,14.020466
Honduras,1862,16.981117
Honduras,1863,14.982541
Honduras,1864,15.17672
Honduras,1865,12.723915
Honduras,1866,11.04451
Honduras,1867,10.682203
Honduras,1868,10.379217
Honduras,1869,9.16746
Honduras,1870,8.869213
Honduras,1871,9.067605
Honduras,1872,8.77641
Honduras,1873,9.676252
Honduras,1874,10.455444
Honduras,1875,11.871396
Honduras,1876,10.950685
Honduras,1877,10.425614
Honduras,1878,9.883953
Honduras,1879,15.553112
Honduras,1880,12.100566
Honduras,1881,14.224064
Honduras,1882,10.59225
Honduras,1883,10.403406
Honduras,1884,9.945864
Honduras,1885,8.316173
Honduras,1886,7.5443797
Honduras,1887,8.0329
Honduras,1888,7.2300115
Honduras,1889,6.4456277
Honduras,1890,6.197407
Honduras,1891,7.5792503
Honduras,1892,6.5821667
Honduras,1893,5.7598557
Honduras,1894,5.7285347
Honduras,1895,7.977674
Honduras,1896,8.00981
Honduras,1897,6.2723875
Honduras,1898,7.959272
Honduras,1899,5.897283
Honduras,1900,6.6739902
Honduras,1901,7.3671885
Honduras,1902,5.3671093
Honduras,1903,6.3403955
Honduras,1904,6.104974
Honduras,1905,6.3068447
Honduras,1906,4.0310435
Honduras,1907,5.0501223
Honduras,1908,4.303743
Honduras,1909,5.091466
Honduras,1910,7.550482
Honduras,1911,7.647774
Honduras,1912,10.574993
Honduras,1913,10.539649
Honduras,1914,14.97364
Honduras,1915,11.640145
Honduras,1916,13.175624
Honduras,1917,11.5633955
Honduras,1918,9.932595
Honduras,1919,10.117377
Honduras,1920,18.749483
Honduras,1921,26.792156
Honduras,1922,27.547401
Honduras,1923,26.505186
Honduras,1924,32.231014
Honduras,1925,28.72346
Honduras,1926,29.17476
Honduras,1927,28.786741
Honduras,1928,29.476265
Honduras,1929,28.689903
Honduras,1930,30.512836
Honduras,1931,31.324549
Honduras,1932,31.05503
Honduras,1933,35.178574
Honduras,1934,32.593903
Honduras,1935,35.192154
Honduras,1936,32.977543
Honduras,1937,32.553284
Honduras,1938,32.996704
Honduras,1939,29.603045
Honduras,1940,36.52163
Honduras,1941,42.317894
Honduras,1942,40.36043
Honduras,1943,43.090904
Honduras,1944,40.35018
Honduras,1945,41.5656
Honduras,1946,41.061794
Honduras,1947,38.342934
Honduras,1948,39.010178
Honduras,1949,36.994133
Honduras,1950,39.486813
Honduras,1951,37.63404
Honduras,1952,37.61233
Honduras,1953,36.950356
Honduras,1954,38.320732
Honduras,1955,37.455032
Honduras,1956,36.677906
Honduras,1957,35.035107
Honduras,1958,34.4092
Honduras,1959,38.14291
Honduras,1960,23.738785
Honduras,1961,18.100716
Honduras,1962,14.707738
Honduras,1963,12.533379
Honduras,1964,10.992759
Honduras,1965,10.241614
Honduras,1966,9.406874
Honduras,1967,8.054855
Honduras,1968,7.0718713
Honduras,1969,7.0335317
Honduras,1970,6.411535
Honduras,1971,8.046197
Honduras,1972,7.0837975
Honduras,1973,6.081744
Honduras,1974,7.8943963
Honduras,1975,10.034035
Honduras,1976,12.226209
Honduras,1977,10.031796
Honduras,1978,7.1373754
Honduras,1979,5.5923257
Honduras,1980,4.9374638
Honduras,1981,4.380931
Honduras,1982,3.750131
Honduras,1983,4.9636116
Honduras,1984,3.190198
Honduras,1985,3.2530377
Honduras,1986,2.5935626
Honduras,1987,3.451898
Honduras,1988,5.076497
Honduras,1989,3.0826697
Honduras,1990,3.4405336
Honduras,1991,3.18382
Honduras,1992,9.8042965
Honduras,1993,6.9118166
Honduras,1994,7.065414
Honduras,1995,4.8248477
Honduras,1996,2.8774924
Honduras,1997,2.9844146
Honduras,1998,4.686229
Honduras,1999,-0.018066915
Honduras,2000,-0.027812568
Honduras,2001,0.8652124
Honduras,2002,2.023087
Honduras,2003,1.0820423
Honduras,2004,0.44452238
Honduras,2005,0.3684669
Honduras,2006,0.6583851
Honduras,2007,0.57393587
Honduras,2008,0.6739298
Honduras,2009,1.7467473
Honduras,2010,1.5847619
Honduras,2011,1.8326215
Honduras,2012,1.1965357
Honduras,2013,1.1005528
Honduras,2014,0.7419627
Honduras,2015,1.3901427
Honduras,2016,1.9225907
Honduras,2017,1.5374999
Honduras,2018,0.9080265
Honduras,2019,1.0319948
Honduras,2020,1.2829661
Honduras,2021,1.3339069
Honduras,2022,1.3605417
Honduras,2023,1.3799787
Hungary,1850,3.1324892
Hungary,1851,3.0088897
Hungary,1852,2.896345
Hungary,1853,2.7987556
Hungary,1854,2.6919477
Hungary,1855,2.5584564
Hungary,1856,2.4764996
Hungary,1857,2.3937116
Hungary,1858,2.291259
Hungary,1859,2.225366
Hungary,1860,2.1593635
Hungary,1861,2.0672157
Hungary,1862,1.9852326
Hungary,1863,1.9175689
Hungary,1864,1.8609622
Hungary,1865,1.8358582
Hungary,1866,1.7996649
Hungary,1867,1.7791549
Hungary,1868,1.7140132
Hungary,1869,1.6528327
Hungary,1870,1.8281786
Hungary,1871,1.8920426
Hungary,1872,1.9138703
Hungary,1873,1.9360383
Hungary,1874,1.9331421
Hungary,1875,1.8977358
Hungary,1876,1.9025612
Hungary,1877,1.9090749
Hungary,1878,1.8856475
Hungary,1879,1.8807931
Hungary,1880,1.8468012
Hungary,1881,1.8073214
Hungary,1882,1.7674645
Hungary,1883,1.7359973
Hungary,1884,1.7225542
Hungary,1885,1.7245394
Hungary,1886,1.7204843
Hungary,1887,1.7157667
Hungary,1888,1.6713821
Hungary,1889,1.6359179
Hungary,1890,1.8088579
Hungary,1891,1.8724977
Hungary,1892,1.8851182
Hungary,1893,1.8865333
Hungary,1894,1.8623916
Hungary,1895,1.8080419
Hungary,1896,1.7964422
Hungary,1897,1.7810163
Hungary,1898,1.7372011
Hungary,1899,1.7184247
Hungary,1900,1.6736506
Hungary,1901,1.6209086
Hungary,1902,1.5836638
Hungary,1903,1.5540293
Hungary,1904,1.5335988
Hungary,1905,1.4961042
Hungary,1906,1.4319341
Hungary,1907,1.418495
Hungary,1908,1.4019449
Hungary,1909,1.3582863
Hungary,1910,1.1880355
Hungary,1911,1.1214114
Hungary,1912,1.0440866
Hungary,1913,0.97645867
Hungary,1914,0.91789925
Hungary,1915,0.8869009
Hungary,1916,0.87152654
Hungary,1917,0.85381436
Hungary,1918,0.83613265
Hungary,1919,0.7835297
Hungary,1920,0.9451757
Hungary,1921,1.033886
Hungary,1922,1.0474423
Hungary,1923,1.068298
Hungary,1924,1.0063221
Hungary,1925,1.0358263
Hungary,1926,1.0203615
Hungary,1927,1.0394807
Hungary,1928,1.0665658
Hungary,1929,1.0208231
Hungary,1930,0.97030073
Hungary,1931,0.9294753
Hungary,1932,0.90178674
Hungary,1933,0.9013515
Hungary,1934,0.87141985
Hungary,1935,0.8651453
Hungary,1936,0.8431735
Hungary,1937,0.8018501
Hungary,1938,0.8058073
Hungary,1939,0.7981657
Hungary,1940,0.63161254
Hungary,1941,0.55099106
Hungary,1942,0.48794752
Hungary,1943,0.49606583
Hungary,1944,0.3974723
Hungary,1945,0.32124823
Hungary,1946,0.31766605
Hungary,1947,0.26270953
Hungary,1948,0.20097245
Hungary,1949,0.18820587
Hungary,1950,0.18213613
Hungary,1951,0.085531026
Hungary,1952,0.099585414
Hungary,1953,0.000229133
Hungary,1954,-0.060110547
Hungary,1955,-0.09212246
Hungary,1956,-0.13775216
Hungary,1957,-0.1508002
Hungary,1958,-0.18186083
Hungary,1959,-0.20443152
Hungary,1960,-0.15062891
Hungary,1961,-0.23057342
Hungary,1962,-0.22067025
Hungary,1963,-0.20604062
Hungary,1964,-0.18792523
Hungary,1965,-0.23651618
Hungary,1966,-0.25144508
Hungary,1967,-0.22087903
Hungary,1968,-0.18612029
Hungary,1969,-0.26595998
Hungary,1970,-0.2702706
Hungary,1971,-0.25139546
Hungary,1972,-0.25663978
Hungary,1973,-0.33038822
Hungary,1974,-0.31316146
Hungary,1975,-0.3759992
Hungary,1976,-0.3943214
Hungary,1977,-0.4223443
Hungary,1978,-0.47303775
Hungary,1979,-0.455653
Hungary,1980,-0.47561368
Hungary,1981,-0.44942603
Hungary,1982,-0.40337145
Hungary,1983,-0.35921755
Hungary,1984,-0.33904943
Hungary,1985,-0.37599814
Hungary,1986,-0.33407405
Hungary,1987,-0.31370342
Hungary,1988,-0.3120679
Hungary,1989,-0.31270948
Hungary,1990,-0.21667625
Hungary,1991,-0.9142125
Hungary,1992,-0.795812
Hungary,1993,-0.74265176
Hungary,1994,-0.3791751
Hungary,1995,-0.5205579
Hungary,1996,-0.4812549
Hungary,1997,-0.47097948
Hungary,1998,-0.32435256
Hungary,1999,-0.9630288
Hungary,2000,-0.788541
Hungary,2001,-0.85434365
Hungary,2002,-0.69050825
Hungary,2003,-0.65478504
Hungary,2004,-0.6786061
Hungary,2005,-0.7403602
Hungary,2006,-0.6779051
Hungary,2007,-0.61874473
Hungary,2008,-0.58264875
Hungary,2009,-1.1369163
Hungary,2010,-1.1237699
Hungary,2011,-0.99710083
Hungary,2012,-1.10714
Hungary,2013,-1.0070347
Hungary,2014,-0.9638874
Hungary,2015,-0.8645952
Hungary,2016,-0.78642184
Hungary,2017,-0.8082766
Hungary,2018,-0.79749376
Hungary,2019,-1.4457017
Hungary,2020,-0.6189596
Hungary,2021,-1.0229186
Hungary,2022,-1.1472431
Hungary,2023,-1.2306174
Iceland,1850,26.14505
Iceland,1851,25.708405
Iceland,1852,25.19473
Iceland,1853,24.632511
Iceland,1854,24.073277
Iceland,1855,23.51486
Iceland,1856,22.965326
Iceland,1857,22.417065
Iceland,1858,21.87255
Iceland,1859,21.333784
Iceland,1860,19.383898
Iceland,1861,18.441711
Iceland,1862,17.710445
Iceland,1863,17.0964
Iceland,1864,16.54413
Iceland,1865,16.038136
Iceland,1866,15.572813
Iceland,1867,15.138034
Iceland,1868,14.729808
Iceland,1869,14.351838
Iceland,1870,14.085689
Iceland,1871,13.801897
Iceland,1872,13.5351925
Iceland,1873,13.248065
Iceland,1874,12.988245
Iceland,1875,12.743292
Iceland,1876,12.512904
Iceland,1877,12.286692
Iceland,1878,12.0596695
Iceland,1879,11.813263
Iceland,1880,11.521067
Iceland,1881,11.281474
Iceland,1882,11.055168
Iceland,1883,10.838483
Iceland,1884,10.615873
Iceland,1885,10.386958
Iceland,1886,10.153253
Iceland,1887,9.911504
Iceland,1888,9.659378
Iceland,1889,9.356593
Iceland,1890,9.043923
Iceland,1891,8.703784
Iceland,1892,8.3538
Iceland,1893,7.9904213
Iceland,1894,7.646462
Iceland,1895,7.315159
Iceland,1896,6.994286
Iceland,1897,6.676758
Iceland,1898,6.361128
Iceland,1899,6.0451627
Iceland,1900,5.722794
Iceland,1901,5.4156313
Iceland,1902,5.1150303
Iceland,1903,4.814005
Iceland,1904,4.462792
Iceland,1905,3.451134
Iceland,1906,2.18925
Iceland,1907,2.4947343
Iceland,1908,2.4315894
Iceland,1909,2.1154335
Iceland,1910,10.525239
Iceland,1911,13.088729
Iceland,1912,14.509318
Iceland,1913,15.839891
Iceland,1914,17.02223
Iceland,1915,17.949415
Iceland,1916,18.747423
Iceland,1917,19.42841
Iceland,1918,20.043306
Iceland,1919,20.60224
Iceland,1920,18.977411
Iceland,1921,18.695759
Iceland,1922,18.646727
Iceland,1923,18.646362
Iceland,1924,18.66325
Iceland,1925,18.693274
Iceland,1926,18.729147
Iceland,1927,18.780605
Iceland,1928,18.80885
Iceland,1929,18.835958
Iceland,1930,19.157158
Iceland,1931,19.281254
Iceland,1932,19.356733
Iceland,1933,19.417805
Iceland,1934,19.477823
Iceland,1935,19.50586
Iceland,1936,19.526213
Iceland,1937,19.534866
Iceland,1938,19.537315
Iceland,1939,19.504408
Iceland,1940,18.293026
Iceland,1941,17.81578
Iceland,1942,17.423676
Iceland,1943,17.066952
Iceland,1944,16.74134
Iceland,1945,16.435356
Iceland,1946,16.14667
Iceland,1947,15.8726225
Iceland,1948,15.614357
Iceland,1949,15.350924
Iceland,1950,18.233555
Iceland,1951,20.40243
Iceland,1952,22.296354
Iceland,1953,23.73701
Iceland,1954,24.807663
Iceland,1955,25.579348
Iceland,1956,26.146305
Iceland,1957,26.481155
Iceland,1958,26.69173
Iceland,1959,26.822899
Iceland,1960,18.405586
Iceland,1961,15.425849
Iceland,1962,13.612382
Iceland,1963,12.280518
Iceland,1964,11.103477
Iceland,1965,10.08365
Iceland,1966,9.198738
Iceland,1967,8.4263
Iceland,1968,7.769305
Iceland,1969,4.878846
Iceland,1970,4.374813
Iceland,1971,3.905406
Iceland,1972,3.4576085
Iceland,1973,3.0359771
Iceland,1974,2.677625
Iceland,1975,2.3540623
Iceland,1976,2.1689613
Iceland,1977,1.8770978
Iceland,1978,1.6299597
Iceland,1979,1.4664767
Iceland,1980,1.3472148
Iceland,1981,1.3388376
Iceland,1982,1.2493117
Iceland,1983,1.1872184
Iceland,1984,1.1388556
Iceland,1985,1.1704082
Iceland,1986,1.1148009
Iceland,1987,1.0771999
Iceland,1988,1.040568
Iceland,1989,1.1998551
Iceland,1990,1.0739293
Iceland,1991,1.0304129
Iceland,1992,0.93687433
Iceland,1993,0.939619
Iceland,1994,1.0239146
Iceland,1995,0.90670556
Iceland,1996,1.0282767
Iceland,1997,0.7605096
Iceland,1998,0.6654988
Iceland,1999,0.68737066
Iceland,2000,0.6818526
Iceland,2001,0.6427845
Iceland,2002,0.62064546
Iceland,2003,0.6137078
Iceland,2004,0.5967717
Iceland,2005,0.8095778
Iceland,2006,0.50202185
Iceland,2007,0.534276
Iceland,2008,0.6999767
Iceland,2009,0.5788762
Iceland,2010,3.220752
Iceland,2011,0.7346418
Iceland,2012,1.2702854
Iceland,2013,0.94676
Iceland,2014,0.8965568
Iceland,2015,0.89375037
Iceland,2016,0.89328027
Iceland,2017,1.0147791
Iceland,2018,0.97545624
Iceland,2019,0.8934157
Iceland,2020,0.8512028
Iceland,2021,0.88247454
Iceland,2022,0.8910433
Iceland,2023,0.9036093
India,1850,1.2843382
India,1851,0.9822007
India,1852,0.8231652
India,1853,0.7272482
India,1854,0.66257584
India,1855,0.6111457
India,1856,0.58232945
India,1857,0.5508682
India,1858,0.5282026
India,1859,0.50428367
India,1860,0.49965763
India,1861,0.48754048
India,1862,0.4739592
India,1863,0.46783355
India,1864,0.45696464
India,1865,0.46049574
India,1866,0.4534445
India,1867,0.44703612
India,1868,0.4427465
India,1869,0.43823463
India,1870,0.43707663
India,1871,0.43640643
India,1872,0.43895617
India,1873,0.43812993
India,1874,0.43439296
India,1875,0.43455604
India,1876,0.43702894
India,1877,0.42968762
India,1878,0.43168265
India,1879,0.42907345
India,1880,0.44192728
India,1881,0.44932052
India,1882,0.45772588
India,1883,0.45306566
India,1884,0.4518757
India,1885,0.45113432
India,1886,0.44860214
India,1887,0.44791016
India,1888,0.44836706
India,1889,0.4406612
India,1890,0.43465966
India,1891,0.4291741
India,1892,0.424612
India,1893,0.41878477
India,1894,0.41588297
India,1895,0.417121
India,1896,0.41326362
India,1897,0.41269442
India,1898,0.41221914
India,1899,0.40858677
India,1900,0.39069337
India,1901,0.37894753
India,1902,0.37263933
India,1903,0.364615
India,1904,0.3614102
India,1905,0.35454318
India,1906,0.34305286
India,1907,0.33647636
India,1908,0.335007
India,1909,0.3292406
India,1910,0.33964276
India,1911,0.3436174
India,1912,0.34190044
India,1913,0.3443637
India,1914,0.34220353
India,1915,0.3411358
India,1916,0.33844718
India,1917,0.33865798
India,1918,0.3372725
India,1919,0.337633
India,1920,0.87832993
India,1921,1.0951686
India,1922,1.2145181
India,1923,1.2779899
India,1924,1.3246241
India,1925,1.3586774
India,1926,1.3758075
India,1927,1.392928
India,1928,1.3973218
India,1929,1.4118277
India,1930,1.4306056
India,1931,1.4272885
India,1932,1.4176692
India,1933,1.4120675
India,1934,1.3998785
India,1935,1.3873569
India,1936,1.3786004
India,1937,1.3685942
India,1938,1.3554175
India,1939,1.3543538
India,1940,1.3555326
India,1941,1.3613398
India,1942,1.3741891
India,1943,1.3911924
India,1944,1.4155809
India,1945,1.4228828
India,1946,1.4385417
India,1947,1.4555086
India,1948,1.4661559
India,1949,1.4679182
India,1950,1.893458
India,1951,1.9640586
India,1952,1.9917793
India,1953,1.9912605
India,1954,1.9902687
India,1955,1.9614964
India,1956,1.9395151
India,1957,1.9105641
India,1958,1.8912154
India,1959,1.8575698
India,1960,1.0994414
India,1961,1.5138403
India,1962,0.87213266
India,1963,0.76247895
India,1964,0.7322562
India,1965,0.66034234
India,1966,0.80866575
India,1967,0.8104763
India,1968,0.50313026
India,1969,0.57812655
India,1970,0.35659748
India,1971,0.4209004
India,1972,0.6752073
India,1973,0.5823928
India,1974,0.50822467
India,1975,0.3905995
India,1976,0.29906976
India,1977,0.62152547
India,1978,0.3975668
India,1979,0.26605222
India,1980,0.2803652
India,1981,0.32091752
India,1982,0.20810023
India,1983,0.44017512
India,1984,0.2580243
India,1985,0.2086009
India,1986,0.2540331
India,1987,0.16279006
India,1988,0.27133834
India,1989,0.19879486
India,1990,0.20004533
India,1991,0.15347922
India,1992,0.18692039
India,1993,0.14364557
India,1994,0.12531695
India,1995,0.08982449
India,1996,0.16651344
India,1997,0.10272741
India,1998,0.094335675
India,1999,0.08050044
India,2000,0.18137576
India,2001,0.132056
India,2002,0.07818531
India,2003,0.09645458
India,2004,0.06203463
India,2005,0.037780084
India,2006,0.032631837
India,2007,0.07704852
India,2008,0.12388065
India,2009,0.06738389
India,2010,0.094052605
India,2011,0.07772419
India,2012,0.124731794
India,2013,0.16843982
India,2014,0.071470045
India,2015,0.10042944
India,2016,0.09073373
India,2017,0.05778067
India,2018,0.075831145
India,2019,0.037904296
India,2020,0.027804045
India,2021,0.009066238
India,2022,-0.005722112
India,2023,-0.016921638
Indonesia,1850,4.0801396
Indonesia,1851,7.55532
Indonesia,1852,8.394873
Indonesia,1853,9.338091
Indonesia,1854,10.898527
Indonesia,1855,10.645465
Indonesia,1856,11.238085
Indonesia,1857,10.493458
Indonesia,1858,11.080312
Indonesia,1859,11.494688
Indonesia,1860,11.488238
Indonesia,1861,10.847492
Indonesia,1862,11.14872
Indonesia,1863,10.782822
Indonesia,1864,9.44238
Indonesia,1865,9.604468
Indonesia,1866,9.957201
Indonesia,1867,9.785561
Indonesia,1868,9.618763
Indonesia,1869,9.907334
Indonesia,1870,8.806147
Indonesia,1871,8.79385
Indonesia,1872,8.471159
Indonesia,1873,8.820518
Indonesia,1874,8.499255
Indonesia,1875,8.298723
Indonesia,1876,7.697973
Indonesia,1877,7.8115897
Indonesia,1878,7.700101
Indonesia,1879,7.9107413
Indonesia,1880,7.02861
Indonesia,1881,7.10299
Indonesia,1882,6.813264
Indonesia,1883,6.597726
Indonesia,1884,6.3649063
Indonesia,1885,6.2585263
Indonesia,1886,6.4538617
Indonesia,1887,6.542218
Indonesia,1888,6.0252953
Indonesia,1889,6.29392
Indonesia,1890,8.615801
Indonesia,1891,10.383343
Indonesia,1892,11.168116
Indonesia,1893,11.4765835
Indonesia,1894,12.212249
Indonesia,1895,11.938221
Indonesia,1896,11.484841
Indonesia,1897,11.950824
Indonesia,1898,11.814787
Indonesia,1899,11.932578
Indonesia,1900,10.387183
Indonesia,1901,11.147201
Indonesia,1902,10.694904
Indonesia,1903,10.839369
Indonesia,1904,10.772528
Indonesia,1905,10.360246
Indonesia,1906,10.346809
Indonesia,1907,10.112606
Indonesia,1908,9.839421
Indonesia,1909,10.12506
Indonesia,1910,9.466696
Indonesia,1911,9.753728
Indonesia,1912,9.266027
Indonesia,1913,8.843359
Indonesia,1914,9.263141
Indonesia,1915,9.204308
Indonesia,1916,8.677499
Indonesia,1917,8.66205
Indonesia,1918,8.493129
Indonesia,1919,8.199663
Indonesia,1920,8.01573
Indonesia,1921,8.241449
Indonesia,1922,7.8303714
Indonesia,1923,8.135366
Indonesia,1924,7.9248896
Indonesia,1925,7.529166
Indonesia,1926,7.7273374
Indonesia,1927,7.5631223
Indonesia,1928,7.4334083
Indonesia,1929,7.591376
Indonesia,1930,7.531205
Indonesia,1931,7.3056383
Indonesia,1932,7.6043797
Indonesia,1933,7.4683685
Indonesia,1934,7.2625213
Indonesia,1935,6.9598866
Indonesia,1936,7.0027843
Indonesia,1937,7.2374773
Indonesia,1938,6.9922876
Indonesia,1939,7.036686
Indonesia,1940,6.8767805
Indonesia,1941,6.896512
Indonesia,1942,6.789659
Indonesia,1943,6.8367467
Indonesia,1944,6.5915565
Indonesia,1945,6.568767
Indonesia,1946,6.933298
Indonesia,1947,6.5966578
Indonesia,1948,6.4567575
Indonesia,1949,6.5421
Indonesia,1950,6.746934
Indonesia,1951,6.4153323
Indonesia,1952,6.3958697
Indonesia,1953,6.2489524
Indonesia,1954,6.240039
Indonesia,1955,6.3261786
Indonesia,1956,6.1374893
Indonesia,1957,6.1312737
Indonesia,1958,6.1232066
Indonesia,1959,5.963585
Indonesia,1960,4.9461255
Indonesia,1961,4.547145
Indonesia,1962,4.307703
Indonesia,1963,4.1494017
Indonesia,1964,3.8128023
Indonesia,1965,3.447533
Indonesia,1966,3.1879835
Indonesia,1967,2.9804077
Indonesia,1968,2.767877
Indonesia,1969,2.7009628
Indonesia,1970,2.4580896
Indonesia,1971,2.4077897
Indonesia,1972,2.352786
Indonesia,1973,2.2994633
Indonesia,1974,2.093595
Indonesia,1975,1.9745679
Indonesia,1976,1.9921228
Indonesia,1977,1.8617848
Indonesia,1978,1.787605
Indonesia,1979,1.6635678
Indonesia,1980,1.6136327
Indonesia,1981,1.5619824
Indonesia,1982,1.54469
Indonesia,1983,1.4565303
Indonesia,1984,5.986361
Indonesia,1985,5.831396
Indonesia,1986,7.254286
Indonesia,1987,5.591711
Indonesia,1988,4.1591454
Indonesia,1989,4.556569
Indonesia,1990,2.5890703
Indonesia,1991,2.2133992
Indonesia,1992,3.247393
Indonesia,1993,2.2935653
Indonesia,1994,3.6652012
Indonesia,1995,3.114171
Indonesia,1996,3.2596676
Indonesia,1997,11.723232
Indonesia,1998,4.527326
Indonesia,1999,4.654731
Indonesia,2000,3.0165
Indonesia,2001,2.6795735
Indonesia,2002,3.8192441
Indonesia,2003,2.5878544
Indonesia,2004,3.1911664
Indonesia,2005,2.824935
Indonesia,2006,5.2934046
Indonesia,2007,2.5476067
Indonesia,2008,2.8108478
Indonesia,2009,3.9711545
Indonesia,2010,3.2959034
Indonesia,2011,3.663255
Indonesia,2012,3.7970505
Indonesia,2013,3.692661
Indonesia,2014,4.475022
Indonesia,2015,5.743244
Indonesia,2016,2.7500806
Indonesia,2017,2.4933379
Indonesia,2018,2.4310472
Indonesia,2019,3.290235
Indonesia,2020,1.838475
Indonesia,2021,1.5756649
Indonesia,2022,1.6382219
Indonesia,2023,1.9764324
Iran,1850,0.78886676
Iran,1851,0.7831915
Iran,1852,0.7781609
Iran,1853,0.7733775
Iran,1854,0.7688189
Iran,1855,0.7643584
Iran,1856,0.75995207
Iran,1857,0.7555665
Iran,1858,0.75108516
Iran,1859,0.74661654
Iran,1860,0.73937315
Iran,1861,0.7336575
Iran,1862,0.7284021
Iran,1863,0.7233776
Iran,1864,0.71847254
Iran,1865,0.71365833
Iran,1866,0.70890266
Iran,1867,0.7041786
Iran,1868,0.69948995
Iran,1869,0.6951556
Iran,1870,1.1191796
Iran,1871,1.3470213
Iran,1872,1.4993773
Iran,1873,1.6132764
Iran,1874,1.7036831
Iran,1875,1.778565
Iran,1876,1.8423458
Iran,1877,1.8975934
Iran,1878,1.9459078
Iran,1879,1.9883726
Iran,1880,2.0160952
Iran,1881,2.0430596
Iran,1882,2.0679696
Iran,1883,2.090417
Iran,1884,2.110369
Iran,1885,2.1277907
Iran,1886,2.14295
Iran,1887,2.1558821
Iran,1888,2.1668587
Iran,1889,2.1728344
Iran,1890,2.0489588
Iran,1891,1.9803301
Iran,1892,1.9306569
Iran,1893,1.8889159
Iran,1894,1.853244
Iran,1895,1.821247
Iran,1896,1.7918384
Iran,1897,1.7641592
Iran,1898,1.7378216
Iran,1899,1.7130247
Iran,1900,1.6806872
Iran,1901,1.6529568
Iran,1902,1.6280704
Iran,1903,1.6052606
Iran,1904,1.5836027
Iran,1905,1.562944
Iran,1906,1.5430491
Iran,1907,1.5237106
Iran,1908,1.5049435
Iran,1909,1.4954424
Iran,1910,1.4834963
Iran,1911,1.4863019
Iran,1912,1.499934
Iran,1913,1.5240129
Iran,1914,1.5491802
Iran,1915,1.5752449
Iran,1916,1.6020359
Iran,1917,1.6296043
Iran,1918,1.6583093
Iran,1919,1.6699789
Iran,1920,1.6477203
Iran,1921,1.6078041
Iran,1922,1.5514545
Iran,1923,1.4812322
Iran,1924,1.4139551
Iran,1925,1.349624
Iran,1926,1.2882347
Iran,1927,1.2297503
Iran,1928,1.1740317
Iran,1929,1.1249077
Iran,1930,1.0837998
Iran,1931,1.046316
Iran,1932,1.0127424
Iran,1933,0.9830845
Iran,1934,0.95427656
Iran,1935,0.92649233
Iran,1936,0.89970195
Iran,1937,0.8738838
Iran,1938,0.8490342
Iran,1939,0.82664716
Iran,1940,0.79716194
Iran,1941,0.77152616
Iran,1942,0.7494673
Iran,1943,0.73040485
Iran,1944,0.71254563
Iran,1945,0.69568276
Iran,1946,0.6796733
Iran,1947,0.6643968
Iran,1948,0.64991343
Iran,1949,0.633504
Iran,1950,1.2593392
Iran,1951,1.587997
Iran,1952,1.8259765
Iran,1953,2.0011046
Iran,1954,2.1379416
Iran,1955,2.235594
Iran,1956,2.3214037
Iran,1957,2.4468465
Iran,1958,2.4734218
Iran,1959,2.4324765
Iran,1960,2.5397325
Iran,1961,1.7536882
Iran,1962,1.4560815
Iran,1963,1.2633601
Iran,1964,1.1372894
Iran,1965,0.93208253
Iran,1966,0.9163425
Iran,1967,0.8354223
Iran,1968,0.7559134
Iran,1969,0.63055396
Iran,1970,1.2922013
Iran,1971,1.9245112
Iran,1972,2.2734864
Iran,1973,1.034514
Iran,1974,0.37121838
Iran,1975,-0.039788887
Iran,1976,-0.2109007
Iran,1977,-0.60327446
Iran,1978,0.8896893
Iran,1979,-0.72718716
Iran,1980,-0.05793829
Iran,1981,0.3495756
Iran,1982,0.33602187
Iran,1983,0.3787637
Iran,1984,0.43502092
Iran,1985,0.48562655
Iran,1986,0.52839637
Iran,1987,0.57227135
Iran,1988,0.12947796
Iran,1989,-0.086774416
Iran,1990,1.1462343
Iran,1991,1.0357791
Iran,1992,0.54473686
Iran,1993,0.34194392
Iran,1994,0.11418867
Iran,1995,-0.16006549
Iran,1996,0.14145105
Iran,1997,-0.15347734
Iran,1998,-0.60863006
Iran,1999,0.199104
Iran,2000,0.076120324
Iran,2001,0.07640454
Iran,2002,0.084919065
Iran,2003,0.116240084
Iran,2004,0.14513257
Iran,2005,0.20311698
Iran,2006,-0.31212947
Iran,2007,-0.21005775
Iran,2008,-0.27781597
Iran,2009,-0.30314273
Iran,2010,-0.32025173
Iran,2011,-0.33149004
Iran,2012,-0.3320886
Iran,2013,-0.29161
Iran,2014,-0.31266057
Iran,2015,-0.2817454
Iran,2016,-0.28243893
Iran,2017,-0.28081208
Iran,2018,0.57757914
Iran,2019,0.21842259
Iran,2020,0.09654968
Iran,2021,0.16826688
Iran,2022,0.20571668
Iran,2023,0.23281036
Iraq,1850,0.43691334
Iraq,1851,0.43738803
Iraq,1852,0.43592978
Iraq,1853,0.4336076
Iraq,1854,0.430723
Iraq,1855,0.42762727
Iraq,1856,0.42440966
Iraq,1857,0.4211279
Iraq,1858,0.41784012
Iraq,1859,0.4130819
Iraq,1860,0.7819669
Iraq,1861,0.9468059
Iraq,1862,1.0292859
Iraq,1863,1.0692307
Iraq,1864,1.0878745
Iraq,1865,1.094257
Iraq,1866,1.093159
Iraq,1867,1.087304
Iraq,1868,1.078141
Iraq,1869,1.0701677
Iraq,1870,1.1334585
Iraq,1871,1.1633464
Iraq,1872,1.1807135
Iraq,1873,1.1931256
Iraq,1874,1.200426
Iraq,1875,1.2044302
Iraq,1876,1.2061956
Iraq,1877,1.2062807
Iraq,1878,1.2050579
Iraq,1879,1.2028059
Iraq,1880,1.2637503
Iraq,1881,1.2889148
Iraq,1882,1.3010379
Iraq,1883,1.3066723
Iraq,1884,1.3085033
Iraq,1885,1.3079182
Iraq,1886,1.3056774
Iraq,1887,1.3021967
Iraq,1888,1.2977818
Iraq,1889,1.2867702
Iraq,1890,1.329178
Iraq,1891,1.3297095
Iraq,1892,1.3136007
Iraq,1893,1.2874233
Iraq,1894,1.2590413
Iraq,1895,1.2295413
Iraq,1896,1.1994932
Iraq,1897,1.169263
Iraq,1898,1.1390854
Iraq,1899,1.1118001
Iraq,1900,1.1544044
Iraq,1901,1.1608489
Iraq,1902,1.156326
Iraq,1903,1.1479994
Iraq,1904,1.1362302
Iraq,1905,1.1224879
Iraq,1906,1.107561
Iraq,1907,1.0918775
Iraq,1908,1.0757215
Iraq,1909,1.0583751
Iraq,1910,0.9819416
Iraq,1911,0.93908477
Iraq,1912,0.90705675
Iraq,1913,0.8797522
Iraq,1914,0.8554857
Iraq,1915,0.83311
Iraq,1916,0.8120316
Iraq,1917,0.7919128
Iraq,1918,0.77359116
Iraq,1919,0.756807
Iraq,1920,0.67862636
Iraq,1921,0.6108572
Iraq,1922,0.5496162
Iraq,1923,0.49490452
Iraq,1924,0.445994
Iraq,1925,0.40251604
Iraq,1926,0.36391145
Iraq,1927,0.32958674
Iraq,1928,0.29900363
Iraq,1929,0.2722716
Iraq,1930,1.539316
Iraq,1931,2.1345448
Iraq,1932,2.4806101
Iraq,1933,2.7076614
Iraq,1934,2.8652627
Iraq,1935,2.9808865
Iraq,1936,3.0695362
Iraq,1937,3.1397915
Iraq,1938,3.1967247
Iraq,1939,3.2232563
Iraq,1940,2.8313031
Iraq,1941,2.6399372
Iraq,1942,2.50493
Iraq,1943,2.3887515
Iraq,1944,2.2907588
Iraq,1945,2.2034335
Iraq,1946,2.122927
Iraq,1947,2.0472064
Iraq,1948,1.9751562
Iraq,1949,1.9083809
Iraq,1950,1.9748418
Iraq,1951,1.8254434
Iraq,1952,1.67687
Iraq,1953,1.5450643
Iraq,1954,1.4593792
Iraq,1955,1.367759
Iraq,1956,1.326932
Iraq,1957,1.3216988
Iraq,1958,1.3505542
Iraq,1959,1.3577412
Iraq,1960,1.4607557
Iraq,1961,1.196438
Iraq,1962,1.1037431
Iraq,1963,1.0260887
Iraq,1964,0.951395
Iraq,1965,0.574422
Iraq,1966,0.71878695
Iraq,1967,0.44410425
Iraq,1968,0.34394166
Iraq,1969,0.25391158
Iraq,1970,0.22728659
Iraq,1971,1.0595806
Iraq,1972,0.597032
Iraq,1973,0.89945
Iraq,1974,0.48869753
Iraq,1975,0.30774078
Iraq,1976,0.21154107
Iraq,1977,0.5991294
Iraq,1978,0.55683285
Iraq,1979,0.29467073
Iraq,1980,0.20840561
Iraq,1981,0.19262372
Iraq,1982,0.131892
Iraq,1983,0.109363206
Iraq,1984,0.13758896
Iraq,1985,0.14718717
Iraq,1986,0.10605339
Iraq,1987,0.2411594
Iraq,1988,-0.178509
Iraq,1989,-0.15060715
Iraq,1990,1.1076512
Iraq,1991,0.38758314
Iraq,1992,1.0617486
Iraq,1993,-0.022973053
Iraq,1994,-0.36121014
Iraq,1995,-0.349649
Iraq,1996,-0.67928594
Iraq,1997,-0.5629492
Iraq,1998,-0.59059423
Iraq,1999,-0.46281633
Iraq,2000,-0.39378077
Iraq,2001,0.07478266
Iraq,2002,-0.08941303
Iraq,2003,-0.13410711
Iraq,2004,0.14492007
Iraq,2005,0.2694092
Iraq,2006,0.34211937
Iraq,2007,-0.4505118
Iraq,2008,-0.6247961
Iraq,2009,0.07000424
Iraq,2010,0.3566832
Iraq,2011,0.03959936
Iraq,2012,0.3693635
Iraq,2013,0.6708065
Iraq,2014,0.30558857
Iraq,2015,0.16623186
Iraq,2016,0.12427925
Iraq,2017,0.06862226
Iraq,2018,0.043718956
Iraq,2019,0.09143963
Iraq,2020,0.026763653
Iraq,2021,0.041954093
Iraq,2022,0.047609
Iraq,2023,0.051232904
Ireland,1850,0.6274021
Ireland,1851,0.5991987
Ireland,1852,0.47343093
Ireland,1853,0.44792318
Ireland,1854,0.46844396
Ireland,1855,0.40309265
Ireland,1856,0.32378957
Ireland,1857,0.28966233
Ireland,1858,0.2688375
Ireland,1859,0.19060467
Ireland,1860,0.2303839
Ireland,1861,0.17246799
Ireland,1862,0.1488437
Ireland,1863,0.15313606
Ireland,1864,0.14942518
Ireland,1865,0.06311577
Ireland,1866,0.049212076
Ireland,1867,0.04543782
Ireland,1868,0.042234052
Ireland,1869,-0.045325607
Ireland,1870,0.12830147
Ireland,1871,0.29439396
Ireland,1872,0.36432037
Ireland,1873,0.49489146
Ireland,1874,0.65474576
Ireland,1875,0.7362184
Ireland,1876,0.80388737
Ireland,1877,0.88819146
Ireland,1878,0.9746438
Ireland,1879,1.0220163
Ireland,1880,0.8923193
Ireland,1881,0.7195851
Ireland,1882,0.56927246
Ireland,1883,0.4433176
Ireland,1884,0.32176507
Ireland,1885,0.15056045
Ireland,1886,0.019902447
Ireland,1887,-0.09027363
Ireland,1888,-0.2101359
Ireland,1889,-0.35714355
Ireland,1890,-0.36828783
Ireland,1891,-0.365992
Ireland,1892,-0.42137134
Ireland,1893,-0.43620157
Ireland,1894,-0.4186904
Ireland,1895,-0.44760394
Ireland,1896,-0.47843084
Ireland,1897,-0.4958126
Ireland,1898,-0.5034394
Ireland,1899,-0.5325264
Ireland,1900,-0.41310924
Ireland,1901,-0.3623037
Ireland,1902,-0.26956788
Ireland,1903,-0.22871515
Ireland,1904,-0.16228831
Ireland,1905,-0.06950246
Ireland,1906,-0.02043731
Ireland,1907,0.027709821
Ireland,1908,0.0824889
Ireland,1909,0.13876872
Ireland,1910,0.30290958
Ireland,1911,0.54997385
Ireland,1912,0.70262545
Ireland,1913,0.85180104
Ireland,1914,1.0246321
Ireland,1915,1.1906973
Ireland,1916,1.2509608
Ireland,1917,1.3970224
Ireland,1918,1.5251381
Ireland,1919,1.6903424
Ireland,1920,0.6468211
Ireland,1921,-0.029154975
Ireland,1922,-0.9468646
Ireland,1923,-1.8123384
Ireland,1924,-2.7353644
Ireland,1925,-3.5768242
Ireland,1926,-4.4280133
Ireland,1927,-5.4403887
Ireland,1928,-6.452345
Ireland,1929,-7.3446193
Ireland,1930,-7.0919495
Ireland,1931,-6.58158
Ireland,1932,-5.9882755
Ireland,1933,-5.379436
Ireland,1934,-4.9996166
Ireland,1935,-4.4962373
Ireland,1936,-4.0574408
Ireland,1937,-3.6452925
Ireland,1938,-3.1909814
Ireland,1939,-2.6619337
Ireland,1940,-2.543801
Ireland,1941,-2.2526321
Ireland,1942,-2.0919664
Ireland,1943,-1.7337343
Ireland,1944,-1.3614049
Ireland,1945,-1.2657589
Ireland,1946,-1.1184714
Ireland,1947,-1.0006883
Ireland,1948,-0.6153681
Ireland,1949,-0.22822985
Ireland,1950,0.24707976
Ireland,1951,0.39979666
Ireland,1952,0.62534595
Ireland,1953,0.4182585
Ireland,1954,0.15355429
Ireland,1955,0.3530959
Ireland,1956,0.30140966
Ireland,1957,0.31998527
Ireland,1958,0.14269787
Ireland,1959,0.6584997
Ireland,1960,0.30011523
Ireland,1961,2.2940416
Ireland,1962,1.3024515
Ireland,1963,2.1478002
Ireland,1964,2.7091105
Ireland,1965,3.816783
Ireland,1966,3.5304585
Ireland,1967,2.7406535
Ireland,1968,3.1303148
Ireland,1969,2.9734685
Ireland,1970,2.940423
Ireland,1971,3.5702
Ireland,1972,3.0810506
Ireland,1973,2.7598372
Ireland,1974,2.1045609
Ireland,1975,2.667336
Ireland,1976,4.1480904
Ireland,1977,3.0489018
Ireland,1978,3.1716568
Ireland,1979,3.7020981
Ireland,1980,2.2421515
Ireland,1981,2.0665565
Ireland,1982,2.549615
Ireland,1983,3.304847
Ireland,1984,2.508277
Ireland,1985,2.6520433
Ireland,1986,1.636096
Ireland,1987,1.0682868
Ireland,1988,0.26108193
Ireland,1989,-0.37240815
Ireland,1990,-0.8428839
Ireland,1991,-0.9693047
Ireland,1992,-0.837329
Ireland,1993,-0.93025327
Ireland,1994,-0.77589625
Ireland,1995,-0.83056575
Ireland,1996,-0.352769
Ireland,1997,-0.18112268
Ireland,1998,0.2557179
Ireland,1999,0.89009476
Ireland,2000,0.8390938
Ireland,2001,1.1021422
Ireland,2002,1.1063671
Ireland,2003,0.4768393
Ireland,2004,0.65412927
Ireland,2005,0.74934536
Ireland,2006,0.5776872
Ireland,2007,6.0580087
Ireland,2008,2.844251
Ireland,2009,2.4405367
Ireland,2010,1.8777195
Ireland,2011,1.9168413
Ireland,2012,1.4509321
Ireland,2013,0.9982963
Ireland,2014,0.66448057
Ireland,2015,1.1087034
Ireland,2016,1.2190999
Ireland,2017,1.2023174
Ireland,2018,1.0156399
Ireland,2019,0.7937604
Ireland,2020,0.17368585
Ireland,2021,0.09370607
Ireland,2022,0.015652768
Ireland,2023,-0.05099126
Israel,1850,0.1476075
Israel,1851,0.14310475
Israel,1852,0.13704066
Israel,1853,0.12998526
Israel,1854,0.12269554
Israel,1855,0.11517847
Israel,1856,0.10760719
Israel,1857,0.100149415
Israel,1858,0.09247649
Israel,1859,0.08475292
Israel,1860,0.013611175
Israel,1861,-0.03600781
Israel,1862,-0.07446554
Israel,1863,-0.10615862
Israel,1864,-0.13297059
Israel,1865,-0.15615962
Israel,1866,-0.1763252
Israel,1867,-0.1941735
Israel,1868,-0.2099461
Israel,1869,-0.22452736
Israel,1870,-0.21480508
Israel,1871,-0.21044904
Israel,1872,-0.20995098
Israel,1873,-0.2119117
Israel,1874,-0.21492198
Israel,1875,-0.21844146
Israel,1876,-0.22219858
Israel,1877,-0.22619155
Israel,1878,-0.23028648
Israel,1879,-0.23394385
Israel,1880,-0.24597576
Israel,1881,-0.25751585
Israel,1882,-0.26672342
Israel,1883,-0.27373916
Israel,1884,-0.27967945
Israel,1885,-0.28470185
Israel,1886,-0.2890778
Israel,1887,-0.2929491
Israel,1888,-0.29633114
Israel,1889,-0.29943582
Israel,1890,-0.31465194
Israel,1891,-0.32198304
Israel,1892,-0.32656333
Israel,1893,-0.32982597
Israel,1894,-0.33251554
Israel,1895,-0.33465105
Israel,1896,-0.33657312
Israel,1897,-0.33828875
Israel,1898,-0.33980384
Israel,1899,-0.3410549
Israel,1900,-0.36856404
Israel,1901,-0.38808167
Israel,1902,-0.4025741
Israel,1903,-0.41388565
Israel,1904,-0.42288667
Israel,1905,-0.43013805
Israel,1906,-0.43608186
Israel,1907,-0.44095287
Israel,1908,-0.44487947
Israel,1909,-0.4484989
Israel,1910,-0.10717655
Israel,1911,0.08004688
Israel,1912,0.19936626
Israel,1913,0.28244767
Israel,1914,0.34417388
Israel,1915,0.39199638
Israel,1916,0.43024087
Israel,1917,0.46132803
Israel,1918,0.48667854
Israel,1919,0.5054741
Israel,1920,0.5148042
Israel,1921,0.52925146
Israel,1922,0.5416711
Israel,1923,0.5508693
Israel,1924,0.5580824
Israel,1925,0.56336325
Israel,1926,0.56662595
Israel,1927,0.56793827
Israel,1928,0.5674294
Israel,1929,0.5633537
Israel,1930,0.7100896
Israel,1931,0.7781232
Israel,1932,0.80878603
Israel,1933,0.8180017
Israel,1934,0.8159798
Israel,1935,0.8068511
Israel,1936,0.7930526
Israel,1937,0.77608305
Israel,1938,0.7568394
Israel,1939,0.7366865
Israel,1940,0.6344215
Israel,1941,0.57480377
Israel,1942,0.5332248
Israel,1943,0.50093836
Israel,1944,0.4736651
Israel,1945,0.44940555
Israel,1946,0.42708194
Israel,1947,0.40613893
Israel,1948,0.38624537
Israel,1949,0.36610723
Israel,1950,0.9202944
Israel,1951,1.0513264
Israel,1952,1.1197112
Israel,1953,1.1324718
Israel,1954,1.0182536
Israel,1955,0.85584193
Israel,1956,0.71287763
Israel,1957,0.6222131
Israel,1958,0.49678424
Israel,1959,0.41406697
Israel,1960,0.581334
Israel,1961,0.2512944
Israel,1962,0.5170579
Israel,1963,0.35062784
Israel,1964,0.13774028
Israel,1965,0.26957422
Israel,1966,0.15384483
Israel,1967,0.06484807
Israel,1968,0.03918259
Israel,1969,0.07253217
Israel,1970,0.0862947
Israel,1971,0.073630616
Israel,1972,0.20115708
Israel,1973,0.20673881
Israel,1974,0.081073
Israel,1975,0.010104014
Israel,1976,0.020162584
Israel,1977,0.019659614
Israel,1978,0.020149989
Israel,1979,0.015105532
Israel,1980,0.07169258
Israel,1981,0.07146476
Israel,1982,-0.009830833
Israel,1983,0.107423656
Israel,1984,0.09053523
Israel,1985,0.138106
Israel,1986,0.09229182
Israel,1987,0.058719903
Israel,1988,0.027850328
Israel,1989,0.042581867
Israel,1990,0.033206128
Israel,1991,0.04902875
Israel,1992,0.019446492
Israel,1993,0.043447975
Israel,1994,0.044403687
Israel,1995,-0.016743872
Israel,1996,-0.010573259
Israel,1997,-0.006489055
Israel,1998,-0.023148006
Israel,1999,0.02194325
Israel,2000,0.005689829
Israel,2001,0.08150438
Israel,2002,0.040272873
Israel,2003,-0.08070331
Israel,2004,-0.083149925
Israel,2005,-0.0956114
Israel,2006,-0.03782325
Israel,2007,-0.06529244
Israel,2008,-0.011976103
Israel,2009,-0.066039026
Israel,2010,-0.025629636
Israel,2011,0.026806988
Israel,2012,-0.016254507
Israel,2013,0.08389643
Israel,2014,0.008077647
Israel,2015,-0.013454165
Israel,2016,0.45726156
Israel,2017,0.21782231
Israel,2018,0.10952355
Israel,2019,0.08181281
Israel,2020,0.04300462
Israel,2021,0.11161373
Israel,2022,0.14490825
Israel,2023,0.16367991
Italy,1850,1.0170826
Italy,1851,1.0720241
Italy,1852,1.1125822
Italy,1853,1.0949272
Italy,1854,1.0476989
Italy,1855,1.0921019
Italy,1856,1.1249628
Italy,1857,1.1117871
Italy,1858,1.1185236
Italy,1859,1.0843381
Italy,1860,0.8575892
Italy,1861,0.80001044
Italy,1862,0.7563064
Italy,1863,0.6515506
Italy,1864,0.57679284
Italy,1865,0.5461027
Italy,1866,0.499832
Italy,1867,0.49596724
Italy,1868,0.47943133
Italy,1869,0.43863848
Italy,1870,0.51672757
Italy,1871,0.6121815
Italy,1872,0.6779806
Italy,1873,0.6916839
Italy,1874,0.676017
Italy,1875,0.73166215
Italy,1876,0.7741965
Italy,1877,0.77720356
Italy,1878,0.7951977
Italy,1879,0.7781544
Italy,1880,0.79359305
Italy,1881,0.8542507
Italy,1882,0.8958799
Italy,1883,0.8739207
Italy,1884,0.8654209
Italy,1885,0.89216036
Italy,1886,0.8942016
Italy,1887,0.93730825
Italy,1888,0.9643211
Italy,1889,0.9590519
Italy,1890,0.87246764
Italy,1891,0.9167167
Italy,1892,0.9441243
Italy,1893,0.9233304
Italy,1894,0.8670872
Italy,1895,0.9086804
Italy,1896,0.93390435
Italy,1897,0.9150244
Italy,1898,0.9162843
Italy,1899,0.87454116
Italy,1900,0.8598059
Italy,1901,0.8477515
Italy,1902,0.9049691
Italy,1903,0.93871254
Italy,1904,0.9229787
Italy,1905,0.8690519
Italy,1906,0.91773105
Italy,1907,0.9450081
Italy,1908,0.927046
Italy,1909,0.93029803
Italy,1910,1.0122492
Italy,1911,1.0589256
Italy,1912,1.1507317
Italy,1913,1.2212777
Italy,1914,1.2151049
Italy,1915,1.220356
Italy,1916,1.2742097
Italy,1917,1.2982782
Italy,1918,1.3664427
Italy,1919,1.4215746
Italy,1920,1.2597955
Italy,1921,1.2328984
Italy,1922,1.3429
Italy,1923,1.22458
Italy,1924,1.1582261
Italy,1925,1.1032856
Italy,1926,1.0167484
Italy,1927,0.9976785
Italy,1928,0.9737743
Italy,1929,0.95649594
Italy,1930,0.90434754
Italy,1931,0.9287002
Italy,1932,0.8772437
Italy,1933,0.84423524
Italy,1934,0.77958286
Italy,1935,0.8371547
Italy,1936,0.7925806
Italy,1937,0.7467749
Italy,1938,0.83438617
Italy,1939,0.7831147
Italy,1940,0.7010172
Italy,1941,0.6670092
Italy,1942,0.72131515
Italy,1943,0.7370456
Italy,1944,0.746796
Italy,1945,0.727303
Italy,1946,0.70148206
Italy,1947,0.6292657
Italy,1948,0.5566409
Italy,1949,0.62186545
Italy,1950,0.3897225
Italy,1951,0.15645094
Italy,1952,0.08273473
Italy,1953,-0.07229181
Italy,1954,-0.23965514
Italy,1955,-0.3171734
Italy,1956,-0.4641796
Italy,1957,-0.56695086
Italy,1958,-0.67644763
Italy,1959,-1.1849098
Italy,1960,-1.0295473
Italy,1961,-0.88464415
Italy,1962,-0.89186877
Italy,1963,-0.8812465
Italy,1964,-0.8169454
Italy,1965,-0.7925332
Italy,1966,-0.7326415
Italy,1967,-0.6435669
Italy,1968,-0.7148852
Italy,1969,-0.69545305
Italy,1970,-1.7596208
Italy,1971,-1.5845183
Italy,1972,-1.5367012
Italy,1973,-1.3836653
Italy,1974,-1.312929
Italy,1975,-1.253513
Italy,1976,-1.2182404
Italy,1977,-1.0947716
Italy,1978,-1.0535178
Italy,1979,-1.0172325
Italy,1980,-0.972457
Italy,1981,-0.92251813
Italy,1982,-0.94597507
Italy,1983,-0.9163812
Italy,1984,-0.93152744
Italy,1985,-0.8864085
Italy,1986,-0.85741234
Italy,1987,-0.86591274
Italy,1988,-0.8253045
Italy,1989,-0.78524816
Italy,1990,-0.9016314
Italy,1991,-0.95313126
Italy,1992,-1.0107472
Italy,1993,-1.0307729
Italy,1994,-1.0533524
Italy,1995,-0.9127814
Italy,1996,-0.9041327
Italy,1997,-0.6498317
Italy,1998,-0.32127723
Italy,1999,-0.53134793
Italy,2000,-0.6058359
Italy,2001,-0.7042051
Italy,2002,-0.8281948
Italy,2003,-0.7331084
Italy,2004,-0.7657409
Italy,2005,-0.87332785
Italy,2006,-0.90854496
Italy,2007,-0.44290888
Italy,2008,-0.7415262
Italy,2009,-0.49353257
Italy,2010,-0.7480134
Italy,2011,-0.57211673
Italy,2012,-0.79561394
Italy,2013,-0.7817691
Italy,2014,-0.79366165
Italy,2015,-0.7118326
Italy,2016,-0.62899363
Italy,2017,-0.72946346
Italy,2018,-0.15994512
Italy,2019,-0.46715176
Italy,2020,-0.5466029
Italy,2021,-0.5277222
Italy,2022,-0.5115294
Italy,2023,-0.4959726
Jamaica,1850,1.7597164
Jamaica,1851,0.55030286
Jamaica,1852,0.9391135
Jamaica,1853,1.2170948
Jamaica,1854,1.1384307
Jamaica,1855,1.208427
Jamaica,1856,1.1391385
Jamaica,1857,1.2561973
Jamaica,1858,1.1328374
Jamaica,1859,0.90832394
Jamaica,1860,2.0187976
Jamaica,1861,1.7751598
Jamaica,1862,1.9781046
Jamaica,1863,1.6433539
Jamaica,1864,2.4944196
Jamaica,1865,2.3216627
Jamaica,1866,2.949366
Jamaica,1867,2.3250563
Jamaica,1868,1.9718003
Jamaica,1869,2.8327742
Jamaica,1870,2.656939
Jamaica,1871,2.273464
Jamaica,1872,1.9672488
Jamaica,1873,2.4211855
Jamaica,1874,2.473522
Jamaica,1875,2.4912074
Jamaica,1876,2.5253618
Jamaica,1877,2.6507924
Jamaica,1878,2.6265526
Jamaica,1879,2.4616091
Jamaica,1880,2.435278
Jamaica,1881,2.5099797
Jamaica,1882,2.7639592
Jamaica,1883,2.5367546
Jamaica,1884,2.5914972
Jamaica,1885,2.6646383
Jamaica,1886,1.771951
Jamaica,1887,2.4820678
Jamaica,1888,2.5773811
Jamaica,1889,2.4902396
Jamaica,1890,1.1469672
Jamaica,1891,-0.001010321
Jamaica,1892,-0.3136138
Jamaica,1893,-0.6028831
Jamaica,1894,-1.0872468
Jamaica,1895,-1.5404097
Jamaica,1896,-1.9241794
Jamaica,1897,-2.335473
Jamaica,1898,-2.3003123
Jamaica,1899,-2.803107
Jamaica,1900,-1.0878063
Jamaica,1901,-0.7482851
Jamaica,1902,-0.29050526
Jamaica,1903,0.24459065
Jamaica,1904,0.07161278
Jamaica,1905,0.4607366
Jamaica,1906,0.8641753
Jamaica,1907,0.9556302
Jamaica,1908,1.0440525
Jamaica,1909,1.285902
Jamaica,1910,1.2192954
Jamaica,1911,1.5927141
Jamaica,1912,1.8522065
Jamaica,1913,1.78428
Jamaica,1914,2.164994
Jamaica,1915,2.0968592
Jamaica,1916,2.1980853
Jamaica,1917,2.387725
Jamaica,1918,2.3329077
Jamaica,1919,2.353405
Jamaica,1920,3.646728
Jamaica,1921,3.6773348
Jamaica,1922,3.8948777
Jamaica,1923,3.9464777
Jamaica,1924,4.2411814
Jamaica,1925,3.8911436
Jamaica,1926,3.9774282
Jamaica,1927,3.9643033
Jamaica,1928,3.9240837
Jamaica,1929,3.8720758
Jamaica,1930,4.399661
Jamaica,1931,4.5286503
Jamaica,1932,4.5929317
Jamaica,1933,4.608438
Jamaica,1934,4.5855865
Jamaica,1935,4.284904
Jamaica,1936,4.402429
Jamaica,1937,4.389382
Jamaica,1938,4.2992377
Jamaica,1939,4.3266187
Jamaica,1940,4.42003
Jamaica,1941,4.4437146
Jamaica,1942,4.5897484
Jamaica,1943,4.421332
Jamaica,1944,4.364566
Jamaica,1945,4.279956
Jamaica,1946,4.233297
Jamaica,1947,4.203736
Jamaica,1948,4.1939583
Jamaica,1949,4.0942745
Jamaica,1950,3.3286958
Jamaica,1951,2.8100028
Jamaica,1952,2.661871
Jamaica,1953,2.3825617
Jamaica,1954,2.5362787
Jamaica,1955,2.3798747
Jamaica,1956,2.2766802
Jamaica,1957,2.2690713
Jamaica,1958,2.2652025
Jamaica,1959,2.3815458
Jamaica,1960,1.098226
Jamaica,1961,0.6140174
Jamaica,1962,0.61475986
Jamaica,1963,0.4834378
Jamaica,1964,-0.2553332
Jamaica,1965,0.020461904
Jamaica,1966,-0.04816653
Jamaica,1967,-0.06554638
Jamaica,1968,0.103323385
Jamaica,1969,-0.14979336
Jamaica,1970,0.003121389
Jamaica,1971,0.07706431
Jamaica,1972,0.050421417
Jamaica,1973,0.08005498
Jamaica,1974,0.10076325
Jamaica,1975,0.11594903
Jamaica,1976,0.15947202
Jamaica,1977,0.2211736
Jamaica,1978,-0.05257794
Jamaica,1979,0.09670675
Jamaica,1980,0.1716378
Jamaica,1981,-0.0565334
Jamaica,1982,-0.17799297
Jamaica,1983,-0.049284533
Jamaica,1984,0.000113261
Jamaica,1985,0.14840795
Jamaica,1986,0.19265452
Jamaica,1987,0.25389543
Jamaica,1988,0.29387078
Jamaica,1989,0.2672918
Jamaica,1990,1.0186498
Jamaica,1991,1.5154139
Jamaica,1992,4.519975
Jamaica,1993,1.9832952
Jamaica,1994,1.8903517
Jamaica,1995,0.9995281
Jamaica,1996,1.5391078
Jamaica,1997,0.9370546
Jamaica,1998,0.9237278
Jamaica,1999,6.346229
Jamaica,2000,3.2113144
Jamaica,2001,1.7765875
Jamaica,2002,2.0911953
Jamaica,2003,1.2616853
Jamaica,2004,1.273496
Jamaica,2005,0.9410423
Jamaica,2006,3.1070561
Jamaica,2007,3.4777174
Jamaica,2008,3.781458
Jamaica,2009,1.1790597
Jamaica,2010,0.65855396
Jamaica,2011,0.9941514
Jamaica,2012,0.7609933
Jamaica,2013,0.5837888
Jamaica,2014,0.2386177
Jamaica,2015,0.15020815
Jamaica,2016,0.09348206
Jamaica,2017,0.1763733
Jamaica,2018,-0.060831696
Jamaica,2019,-0.11311675
Jamaica,2020,-0.16317028
Jamaica,2021,-0.1360684
Jamaica,2022,-0.14016671
Jamaica,2023,-0.13896142
Japan,1850,0.5411167
Japan,1851,0.44030175
Japan,1852,0.4088651
Japan,1853,0.40121856
Japan,1854,0.42539233
Japan,1855,0.47941944
Japan,1856,0.43502873
Japan,1857,0.49202415
Japan,1858,0.47710297
Japan,1859,0.53516376
Japan,1860,0.4134926
Japan,1861,0.48287532
Japan,1862,0.46680638
Japan,1863,0.43667537
Japan,1864,0.48410872
Japan,1865,0.49179724
Japan,1866,0.4632651
Japan,1867,0.5103755
Japan,1868,0.4976789
Japan,1869,0.54646665
Japan,1870,0.47228998
Japan,1871,0.5465568
Japan,1872,0.4878071
Japan,1873,0.5405625
Japan,1874,0.5434791
Japan,1875,0.5647816
Japan,1876,0.64167356
Japan,1877,0.573769
Japan,1878,0.5977616
Japan,1879,0.5427578
Japan,1880,0.5966551
Japan,1881,0.60780925
Japan,1882,0.6031303
Japan,1883,0.6602252
Japan,1884,0.63720024
Japan,1885,0.65161675
Japan,1886,0.73135495
Japan,1887,0.65850836
Japan,1888,0.6809363
Japan,1889,0.6677371
Japan,1890,0.73260826
Japan,1891,0.7506794
Japan,1892,0.7534545
Japan,1893,0.7338348
Japan,1894,0.7590591
Japan,1895,0.7467494
Japan,1896,0.8667841
Japan,1897,0.92449737
Japan,1898,0.8945551
Japan,1899,0.9741511
Japan,1900,0.85767126
Japan,1901,0.92008936
Japan,1902,0.8846816
Japan,1903,0.8550231
Japan,1904,0.97366345
Japan,1905,0.9638275
Japan,1906,0.8794568
Japan,1907,0.92467004
Japan,1908,0.97915006
Japan,1909,1.0158782
Japan,1910,0.9916962
Japan,1911,0.97241104
Japan,1912,0.9726306
Japan,1913,0.9331774
Japan,1914,0.943257
Japan,1915,0.95370096
Japan,1916,1.0133382
Japan,1917,0.98261094
Japan,1918,1.0142473
Japan,1919,0.94246554
Japan,1920,0.9892023
Japan,1921,1.0142962
Japan,1922,1.0717183
Japan,1923,1.1356707
Japan,1924,1.107159
Japan,1925,1.0710859
Japan,1926,1.063297
Japan,1927,1.0884746
Japan,1928,1.073087
Japan,1929,1.0805395
Japan,1930,1.0599763
Japan,1931,1.0414544
Japan,1932,1.0663306
Japan,1933,1.0529851
Japan,1934,1.0979178
Japan,1935,1.0113997
Japan,1936,0.9861641
Japan,1937,1.0096446
Japan,1938,1.0939925
Japan,1939,1.012169
Japan,1940,1.0189773
Japan,1941,0.9877019
Japan,1942,1.0061715
Japan,1943,1.0490676
Japan,1944,0.9909544
Japan,1945,0.93314916
Japan,1946,0.9709154
Japan,1947,0.91327274
Japan,1948,0.9288241
Japan,1949,0.8848848
Japan,1950,0.9276868
Japan,1951,0.7897447
Japan,1952,0.8273434
Japan,1953,0.8153358
Japan,1954,0.7297958
Japan,1955,0.76006883
Japan,1956,0.7317731
Japan,1957,0.80283
Japan,1958,0.75607026
Japan,1959,0.8914302
Japan,1960,0.70753944
Japan,1961,0.7269757
Japan,1962,0.6138643
Japan,1963,0.6316558
Japan,1964,0.5768733
Japan,1965,0.52300173
Japan,1966,0.4966056
Japan,1967,0.50392544
Japan,1968,0.41016862
Japan,1969,0.44051114
Japan,1970,0.39969832
Japan,1971,0.33579138
Japan,1972,0.2702133
Japan,1973,0.25660625
Japan,1974,0.24419375
Japan,1975,0.21433957
Japan,1976,0.14821851
Japan,1977,0.14218794
Japan,1978,0.1452825
Japan,1979,0.09548538
Japan,1980,0.08325351
Japan,1981,0.06338331
Japan,1982,0.07299744
Japan,1983,0.031484727
Japan,1984,0.07956814
Japan,1985,0.053977482
Japan,1986,0.053651586
Japan,1987,0.06304337
Japan,1988,0.028507108
Japan,1989,0.005676864
Japan,1990,0.027222037
Japan,1991,0.015521969
Japan,1992,0.00778555
Japan,1993,-0.020655362
Japan,1994,0.026292918
Japan,1995,-0.044039976
Japan,1996,-0.042566877
Japan,1997,-0.03549788
Japan,1998,-0.021217182
Japan,1999,-0.08595705
Japan,2000,0.052781224
Japan,2001,-0.04669596
Japan,2002,-0.09313321
Japan,2003,-0.105367646
Japan,2004,-0.13737851
Japan,2005,-0.115929075
Japan,2006,-0.05277821
Japan,2007,-0.098239005
Japan,2008,-0.077265784
Japan,2009,-0.10173631
Japan,2010,-0.10099829
Japan,2011,-0.08221521
Japan,2012,-0.06799129
Japan,2013,-0.05534487
Japan,2014,-0.038844507
Japan,2015,-0.033279646
Japan,2016,-0.046656106
Japan,2017,-0.03199265
Japan,2018,-0.004329358
Japan,2019,-0.01103977
Japan,2020,0.00889656
Japan,2021,0.020093806
Japan,2022,0.015559116
Japan,2023,0.024312677
Jordan,1850,0.051197823
Jordan,1851,0.04872637
Jordan,1852,0.04627315
Jordan,1853,0.044064112
Jordan,1854,0.041810576
Jordan,1855,0.03951211
Jordan,1856,0.037167966
Jordan,1857,0.034777265
Jordan,1858,0.03247085
Jordan,1859,0.030251604
Jordan,1860,0.018748399
Jordan,1861,0.012299974
Jordan,1862,0.007639785
Jordan,1863,0.003993265
Jordan,1864,0.000833915
Jordan,1865,-0.00196401
Jordan,1866,-0.00481442
Jordan,1867,-0.00743231
Jordan,1868,-0.010098989
Jordan,1869,-0.012644456
Jordan,1870,0.23861568
Jordan,1871,0.3743054
Jordan,1872,0.4602628
Jordan,1873,0.5198401
Jordan,1874,0.5648361
Jordan,1875,0.60084075
Jordan,1876,0.6309539
Jordan,1877,0.6569414
Jordan,1878,0.67939365
Jordan,1879,0.69934326
Jordan,1880,0.7423719
Jordan,1881,0.77148527
Jordan,1882,0.7938623
Jordan,1883,0.8121405
Jordan,1884,0.8274969
Jordan,1885,0.8408043
Jordan,1886,0.8520693
Jordan,1887,0.8618812
Jordan,1888,0.87023896
Jordan,1889,0.8774323
Jordan,1890,0.87125546
Jordan,1891,0.8698884
Jordan,1892,0.870277
Jordan,1893,0.87082434
Jordan,1894,0.87138164
Jordan,1895,0.87151676
Jordan,1896,0.8710817
Jordan,1897,0.8702219
Jordan,1898,0.8687964
Jordan,1899,0.8649023
Jordan,1900,0.9240969
Jordan,1901,0.94912493
Jordan,1902,0.95851076
Jordan,1903,0.95889443
Jordan,1904,0.95514727
Jordan,1905,0.9487731
Jordan,1906,0.9408121
Jordan,1907,0.9315834
Jordan,1908,0.92152566
Jordan,1909,0.9201472
Jordan,1910,0.9014863
Jordan,1911,0.90416706
Jordan,1912,0.9215238
Jordan,1913,0.9519549
Jordan,1914,0.9844024
Jordan,1915,1.0182288
Jordan,1916,1.0533454
Jordan,1917,1.089289
Jordan,1918,1.1215557
Jordan,1919,1.1415426
Jordan,1920,1.209916
Jordan,1921,1.2412988
Jordan,1922,1.2482879
Jordan,1923,1.2359362
Jordan,1924,1.2212213
Jordan,1925,1.204825
Jordan,1926,1.187709
Jordan,1927,1.1696081
Jordan,1928,1.1509151
Jordan,1929,1.1369336
Jordan,1930,1.4016955
Jordan,1931,1.5420854
Jordan,1932,1.6338898
Jordan,1933,1.7044775
Jordan,1934,1.7583474
Jordan,1935,1.8016905
Jordan,1936,1.8377585
Jordan,1937,1.8684084
Jordan,1938,1.8948789
Jordan,1939,1.8933121
Jordan,1940,1.7123234
Jordan,1941,1.5858272
Jordan,1942,1.4738111
Jordan,1943,1.3651626
Jordan,1944,1.2697886
Jordan,1945,1.1837865
Jordan,1946,1.1047071
Jordan,1947,1.0315664
Jordan,1948,0.963328
Jordan,1949,0.9039632
Jordan,1950,2.9683845
Jordan,1951,3.052588
Jordan,1952,2.8574939
Jordan,1953,2.6564438
Jordan,1954,2.5682795
Jordan,1955,2.6006205
Jordan,1956,2.6846035
Jordan,1957,2.5940206
Jordan,1958,2.441437
Jordan,1959,2.0674717
Jordan,1960,2.1556146
Jordan,1961,1.4406152
Jordan,1962,1.1281656
Jordan,1963,1.06842
Jordan,1964,0.7629441
Jordan,1965,0.60915583
Jordan,1966,0.56399846
Jordan,1967,0.4256252
Jordan,1968,0.36930683
Jordan,1969,0.419416
Jordan,1970,0.32453763
Jordan,1971,0.40136662
Jordan,1972,0.31837884
Jordan,1973,0.41137376
Jordan,1974,0.27217892
Jordan,1975,0.28871858
Jordan,1976,0.22420382
Jordan,1977,0.30074808
Jordan,1978,0.29476556
Jordan,1979,0.28084117
Jordan,1980,0.14269668
Jordan,1981,0.2771939
Jordan,1982,0.4026362
Jordan,1983,-0.2967294
Jordan,1984,0.89761406
Jordan,1985,0.5310678
Jordan,1986,0.7284821
Jordan,1987,0.52874434
Jordan,1988,0.22580789
Jordan,1989,-0.3827881
Jordan,1990,-0.45432398
Jordan,1991,0.8002473
Jordan,1992,0.19666386
Jordan,1993,0.031980213
Jordan,1994,0.35708544
Jordan,1995,-0.06651727
Jordan,1996,-0.02291275
Jordan,1997,-0.04945368
Jordan,1998,-0.041129414
Jordan,1999,-0.02677657
Jordan,2000,0.002679869
Jordan,2001,0.050953507
Jordan,2002,0.009858049
Jordan,2003,0.23198539
Jordan,2004,0.05347732
Jordan,2005,0.07985437
Jordan,2006,-0.0911593
Jordan,2007,0.007218313
Jordan,2008,0.29102027
Jordan,2009,0.09249648
Jordan,2010,0.10911669
Jordan,2011,0.30370954
Jordan,2012,0.23411775
Jordan,2013,0.18381089
Jordan,2014,0.118205234
Jordan,2015,0.12289887
Jordan,2016,-0.001017949
Jordan,2017,0.06433191
Jordan,2018,0.0969595
Jordan,2019,0.0470264
Jordan,2020,0.024779215
Jordan,2021,0.01571708
Jordan,2022,0.011431878
Jordan,2023,0.007600789
Kazakhstan,1850,8.082963
Kazakhstan,1851,8.085531
Kazakhstan,1852,8.028376
Kazakhstan,1853,7.997041
Kazakhstan,1854,7.928082
Kazakhstan,1855,7.8858376
Kazakhstan,1856,7.83183
Kazakhstan,1857,7.771404
Kazakhstan,1858,7.702707
Kazakhstan,1859,7.6528935
Kazakhstan,1860,7.586501
Kazakhstan,1861,7.601981
Kazakhstan,1862,7.6028347
Kazakhstan,1863,7.5543313
Kazakhstan,1864,7.525539
Kazakhstan,1865,7.471132
Kazakhstan,1866,7.4205294
Kazakhstan,1867,7.3647175
Kazakhstan,1868,7.3263173
Kazakhstan,1869,7.2790155
Kazakhstan,1870,7.313769
Kazakhstan,1871,7.295007
Kazakhstan,1872,7.257972
Kazakhstan,1873,7.2426424
Kazakhstan,1874,7.1809444
Kazakhstan,1875,7.149269
Kazakhstan,1876,7.0937734
Kazakhstan,1877,7.050377
Kazakhstan,1878,6.9851856
Kazakhstan,1879,6.940354
Kazakhstan,1880,6.943596
Kazakhstan,1881,6.877553
Kazakhstan,1882,6.869692
Kazakhstan,1883,6.8254085
Kazakhstan,1884,6.7817097
Kazakhstan,1885,6.7393274
Kazakhstan,1886,6.714718
Kazakhstan,1887,6.6692376
Kazakhstan,1888,6.6178703
Kazakhstan,1889,6.58119
Kazakhstan,1890,6.535981
Kazakhstan,1891,6.55273
Kazakhstan,1892,6.5375667
Kazakhstan,1893,6.5304356
Kazakhstan,1894,6.5060544
Kazakhstan,1895,6.487673
Kazakhstan,1896,6.460173
Kazakhstan,1897,6.432019
Kazakhstan,1898,6.400872
Kazakhstan,1899,6.353812
Kazakhstan,1900,6.4471345
Kazakhstan,1901,6.4667854
Kazakhstan,1902,6.4547567
Kazakhstan,1903,6.445302
Kazakhstan,1904,6.423654
Kazakhstan,1905,6.417889
Kazakhstan,1906,6.4006104
Kazakhstan,1907,6.383004
Kazakhstan,1908,6.3623223
Kazakhstan,1909,6.3374553
Kazakhstan,1910,6.0395484
Kazakhstan,1911,5.8804116
Kazakhstan,1912,5.78929
Kazakhstan,1913,5.6773453
Kazakhstan,1914,5.5795455
Kazakhstan,1915,5.5029826
Kazakhstan,1916,5.408768
Kazakhstan,1917,5.32746
Kazakhstan,1918,5.249883
Kazakhstan,1919,5.17435
Kazakhstan,1920,5.311745
Kazakhstan,1921,5.346441
Kazakhstan,1922,5.3446093
Kazakhstan,1923,5.347187
Kazakhstan,1924,5.3358064
Kazakhstan,1925,5.3011484
Kazakhstan,1926,5.2632365
Kazakhstan,1927,5.2186375
Kazakhstan,1928,5.1760063
Kazakhstan,1929,5.118104
Kazakhstan,1930,2.6539812
Kazakhstan,1931,0.74181175
Kazakhstan,1932,-0.87696964
Kazakhstan,1933,-2.2786045
Kazakhstan,1934,-3.488599
Kazakhstan,1935,-4.591429
Kazakhstan,1936,-5.5586686
Kazakhstan,1937,-6.419538
Kazakhstan,1938,-7.1909676
Kazakhstan,1939,-7.897669
Kazakhstan,1940,-2.9601812
Kazakhstan,1941,0.25678968
Kazakhstan,1942,2.7169213
Kazakhstan,1943,4.7079015
Kazakhstan,1944,6.3866267
Kazakhstan,1945,7.7906737
Kazakhstan,1946,8.991824
Kazakhstan,1947,10.041445
Kazakhstan,1948,10.937685
Kazakhstan,1949,11.647698
Kazakhstan,1950,14.937533
Kazakhstan,1951,17.188013
Kazakhstan,1952,18.915281
Kazakhstan,1953,20.42057
Kazakhstan,1954,21.659658
Kazakhstan,1955,22.758068
Kazakhstan,1956,23.63172
Kazakhstan,1957,24.481794
Kazakhstan,1958,25.120815
Kazakhstan,1959,25.774937
Kazakhstan,1960,19.882782
Kazakhstan,1961,17.011148
Kazakhstan,1962,13.537082
Kazakhstan,1963,11.00123
Kazakhstan,1964,9.214843
Kazakhstan,1965,7.237127
Kazakhstan,1966,6.1736546
Kazakhstan,1967,5.2121034
Kazakhstan,1968,4.693652
Kazakhstan,1969,3.924906
Kazakhstan,1970,3.5222898
Kazakhstan,1971,2.995026
Kazakhstan,1972,2.5159903
Kazakhstan,1973,2.5054686
Kazakhstan,1974,1.9710927
Kazakhstan,1975,1.7648726
Kazakhstan,1976,1.5615758
Kazakhstan,1977,1.2018493
Kazakhstan,1978,0.89415383
Kazakhstan,1979,0.843146
Kazakhstan,1980,0.9392265
Kazakhstan,1981,0.8072831
Kazakhstan,1982,0.7498802
Kazakhstan,1983,0.57117736
Kazakhstan,1984,0.5511922
Kazakhstan,1985,0.5115715
Kazakhstan,1986,0.47934484
Kazakhstan,1987,0.27784252
Kazakhstan,1988,-0.0455131
Kazakhstan,1989,-0.21623828
Kazakhstan,1990,-0.17602094
Kazakhstan,1991,0.26145297
Kazakhstan,1992,0.062479604
Kazakhstan,1993,-0.4899126
Kazakhstan,1994,-0.27264172
Kazakhstan,1995,-2.7585626
Kazakhstan,1996,-2.660347
Kazakhstan,1997,-2.842379
Kazakhstan,1998,-2.2968805
Kazakhstan,1999,-4.771052
Kazakhstan,2000,-5.168052
Kazakhstan,2001,-5.9173703
Kazakhstan,2002,-5.0532637
Kazakhstan,2003,-4.130527
Kazakhstan,2004,-3.620349
Kazakhstan,2005,-3.2309647
Kazakhstan,2006,-2.9625561
Kazakhstan,2007,-2.940207
Kazakhstan,2008,-2.4211826
Kazakhstan,2009,-2.14519
Kazakhstan,2010,-0.7118039
Kazakhstan,2011,-0.728356
Kazakhstan,2012,-0.79649043
Kazakhstan,2013,-0.93314385
Kazakhstan,2014,-0.23433778
Kazakhstan,2015,-0.678976
Kazakhstan,2016,-0.7002833
Kazakhstan,2017,-0.55685234
Kazakhstan,2018,-0.83806664
Kazakhstan,2019,-0.45049876
Kazakhstan,2020,-0.33149856
Kazakhstan,2021,-0.38222685
Kazakhstan,2022,-0.3840708
Kazakhstan,2023,-0.3704828
Kenya,1850,0.7135638
Kenya,1851,0.61481774
Kenya,1852,0.5785698
Kenya,1853,0.6195309
Kenya,1854,0.58258325
Kenya,1855,0.5598013
Kenya,1856,0.55080056
Kenya,1857,0.54707474
Kenya,1858,0.55560184
Kenya,1859,0.55510646
Kenya,1860,0.54919374
Kenya,1861,0.563611
Kenya,1862,0.5708079
Kenya,1863,0.56616104
Kenya,1864,0.5682291
Kenya,1865,0.5690069
Kenya,1866,0.58377475
Kenya,1867,0.5899144
Kenya,1868,0.5941036
Kenya,1869,0.58141476
Kenya,1870,0.6151632
Kenya,1871,0.63383096
Kenya,1872,0.6398916
Kenya,1873,0.6537207
Kenya,1874,0.65368265
Kenya,1875,0.70543563
Kenya,1876,0.67624885
Kenya,1877,0.66626155
Kenya,1878,0.6687585
Kenya,1879,0.664471
Kenya,1880,0.69114184
Kenya,1881,0.7084643
Kenya,1882,0.73450464
Kenya,1883,0.7475774
Kenya,1884,0.7385006
Kenya,1885,0.74668485
Kenya,1886,0.7481068
Kenya,1887,0.74921745
Kenya,1888,0.73886395
Kenya,1889,0.7449601
Kenya,1890,0.8225416
Kenya,1891,0.8500187
Kenya,1892,0.84742606
Kenya,1893,0.87715554
Kenya,1894,0.8972525
Kenya,1895,0.89609104
Kenya,1896,0.92660534
Kenya,1897,0.9257878
Kenya,1898,0.9488819
Kenya,1899,0.9490024
Kenya,1900,1.0864528
Kenya,1901,1.1015567
Kenya,1902,1.1384673
Kenya,1903,1.1736629
Kenya,1904,1.1866035
Kenya,1905,1.26081
Kenya,1906,1.2478466
Kenya,1907,1.2645462
Kenya,1908,1.3303909
Kenya,1909,1.32094
Kenya,1910,1.5010301
Kenya,1911,1.5546434
Kenya,1912,1.647527
Kenya,1913,1.6383771
Kenya,1914,1.6796635
Kenya,1915,1.702528
Kenya,1916,1.7081479
Kenya,1917,1.7253146
Kenya,1918,1.7692194
Kenya,1919,1.7538967
Kenya,1920,1.9936502
Kenya,1921,2.1252782
Kenya,1922,2.2591612
Kenya,1923,2.383415
Kenya,1924,2.3864677
Kenya,1925,2.4914577
Kenya,1926,2.5524993
Kenya,1927,2.5050223
Kenya,1928,2.5974364
Kenya,1929,2.5823712
Kenya,1930,3.0952585
Kenya,1931,3.3458343
Kenya,1932,3.4748795
Kenya,1933,3.6516492
Kenya,1934,3.7241473
Kenya,1935,3.7999902
Kenya,1936,3.8812568
Kenya,1937,3.9163847
Kenya,1938,3.9437706
Kenya,1939,3.8858976
Kenya,1940,5.629959
Kenya,1941,6.983739
Kenya,1942,7.5485997
Kenya,1943,7.960107
Kenya,1944,8.158044
Kenya,1945,8.270852
Kenya,1946,8.277634
Kenya,1947,8.450157
Kenya,1948,8.471474
Kenya,1949,8.320362
Kenya,1950,7.531735
Kenya,1951,7.5175843
Kenya,1952,7.372412
Kenya,1953,7.285518
Kenya,1954,7.309073
Kenya,1955,7.23452
Kenya,1956,7.119612
Kenya,1957,7.181894
Kenya,1958,7.1209955
Kenya,1959,7.1090403
Kenya,1960,9.213735
Kenya,1961,6.9139376
Kenya,1962,5.3705935
Kenya,1963,4.1703963
Kenya,1964,3.2575638
Kenya,1965,2.654553
Kenya,1966,2.2770786
Kenya,1967,1.8859433
Kenya,1968,1.5465094
Kenya,1969,1.2671055
Kenya,1970,0.98486406
Kenya,1971,0.82024986
Kenya,1972,0.68810225
Kenya,1973,0.6323879
Kenya,1974,2.3921554
Kenya,1975,1.5236146
Kenya,1976,1.0549829
Kenya,1977,0.82212394
Kenya,1978,0.6526495
Kenya,1979,0.5817704
Kenya,1980,0.61245865
Kenya,1981,1.2331603
Kenya,1982,1.1192836
Kenya,1983,0.8477391
Kenya,1984,3.9878669
Kenya,1985,2.4972878
Kenya,1986,1.8686049
Kenya,1987,2.0738235
Kenya,1988,2.6748416
Kenya,1989,1.8667945
Kenya,1990,2.0835903
Kenya,1991,2.4521682
Kenya,1992,2.148228
Kenya,1993,2.7505856
Kenya,1994,2.017826
Kenya,1995,1.4257601
Kenya,1996,1.4575789
Kenya,1997,1.261462
Kenya,1998,1.8030353
Kenya,1999,1.3434626
Kenya,2000,1.3289448
Kenya,2001,1.1547236
Kenya,2002,1.1185524
Kenya,2003,1.1266358
Kenya,2004,0.9446473
Kenya,2005,1.018497
Kenya,2006,0.98956114
Kenya,2007,1.0007074
Kenya,2008,1.1598359
Kenya,2009,1.0629377
Kenya,2010,1.2934316
Kenya,2011,0.9401727
Kenya,2012,0.7856958
Kenya,2013,0.6555769
Kenya,2014,0.5852444
Kenya,2015,0.51366127
Kenya,2016,0.44462836
Kenya,2017,0.40996182
Kenya,2018,0.36158735
Kenya,2019,0.3050529
Kenya,2020,0.2291158
Kenya,2021,0.187033
Kenya,2022,0.15930164
Kenya,2023,0.14007947
Kiribati,1850,0
Kiribati,1851,0
Kiribati,1852,0
Kiribati,1853,0
Kiribati,1854,0
Kiribati,1855,0
Kiribati,1856,0
Kiribati,1857,0
Kiribati,1858,0
Kiribati,1859,0
Kiribati,1860,0
Kiribati,1861,0
Kiribati,1862,0
Kiribati,1863,0
Kiribati,1864,0
Kiribati,1865,0
Kiribati,1866,0
Kiribati,1867,0
Kiribati,1868,0
Kiribati,1869,0
Kiribati,1870,0
Kiribati,1871,0
Kiribati,1872,0
Kiribati,1873,0
Kiribati,1874,0
Kiribati,1875,0
Kiribati,1876,0
Kiribati,1877,0
Kiribati,1878,0
Kiribati,1879,0
Kiribati,1880,0
Kiribati,1881,0
Kiribati,1882,0
Kiribati,1883,0
Kiribati,1884,0
Kiribati,1885,0
Kiribati,1886,0
Kiribati,1887,0
Kiribati,1888,0
Kiribati,1889,0
Kiribati,1890,0
Kiribati,1891,0
Kiribati,1892,0
Kiribati,1893,0
Kiribati,1894,0
Kiribati,1895,0
Kiribati,1896,0
Kiribati,1897,0
Kiribati,1898,0
Kiribati,1899,0
Kiribati,1900,0
Kiribati,1901,0
Kiribati,1902,0
Kiribati,1903,0
Kiribati,1904,0
Kiribati,1905,0
Kiribati,1906,0
Kiribati,1907,0
Kiribati,1908,0
Kiribati,1909,0
Kiribati,1910,0
Kiribati,1911,0
Kiribati,1912,0
Kiribati,1913,0
Kiribati,1914,0
Kiribati,1915,0
Kiribati,1916,0
Kiribati,1917,0
Kiribati,1918,0
Kiribati,1919,0
Kiribati,1920,0
Kiribati,1921,0
Kiribati,1922,0
Kiribati,1923,0
Kiribati,1924,0
Kiribati,1925,0
Kiribati,1926,0
Kiribati,1927,0
Kiribati,1928,0
Kiribati,1929,0
Kiribati,1930,0
Kiribati,1931,0
Kiribati,1932,0
Kiribati,1933,0
Kiribati,1934,0
Kiribati,1935,0
Kiribati,1936,0
Kiribati,1937,0
Kiribati,1938,0
Kiribati,1939,0
Kiribati,1940,0
Kiribati,1941,0
Kiribati,1942,0
Kiribati,1943,0
Kiribati,1944,0
Kiribati,1945,0
Kiribati,1946,0
Kiribati,1947,0
Kiribati,1948,0
Kiribati,1949,0
Kiribati,1950,0
Kiribati,1951,0
Kiribati,1952,0
Kiribati,1953,0
Kiribati,1954,0
Kiribati,1955,0
Kiribati,1956,0
Kiribati,1957,0
Kiribati,1958,0
Kiribati,1959,0
Kiribati,1960,0
Kiribati,1961,0
Kiribati,1962,0
Kiribati,1963,0
Kiribati,1964,0
Kiribati,1965,0
Kiribati,1966,0
Kiribati,1967,0
Kiribati,1968,0
Kiribati,1969,0
Kiribati,1970,0
Kiribati,1971,0
Kiribati,1972,0
Kiribati,1973,0
Kiribati,1974,0
Kiribati,1975,0
Kiribati,1976,0
Kiribati,1977,0
Kiribati,1978,0
Kiribati,1979,0
Kiribati,1980,0
Kiribati,1981,0
Kiribati,1982,0
Kiribati,1983,0
Kiribati,1984,0
Kiribati,1985,0
Kiribati,1986,0
Kiribati,1987,0
Kiribati,1988,0
Kiribati,1989,0
Kiribati,1990,0
Kiribati,1991,0
Kiribati,1992,0
Kiribati,1993,0
Kiribati,1994,0
Kiribati,1995,0
Kiribati,1996,0
Kiribati,1997,0
Kiribati,1998,0
Kiribati,1999,0
Kiribati,2000,0
Kiribati,2001,0
Kiribati,2002,0
Kiribati,2003,0
Kiribati,2004,0
Kiribati,2005,0
Kiribati,2006,0
Kiribati,2007,0
Kiribati,2008,0
Kiribati,2009,0
Kiribati,2010,0
Kiribati,2011,0
Kiribati,2012,0
Kiribati,2013,0
Kiribati,2014,0
Kiribati,2015,0
Kiribati,2016,0
Kiribati,2017,0
Kiribati,2018,0
Kiribati,2019,0
Kiribati,2020,0
Kiribati,2021,0
Kiribati,2022,0
Kiribati,2023,0
Kuwait,1850,-0.14605512
Kuwait,1851,-0.14826162
Kuwait,1852,-0.15046673
Kuwait,1853,-0.15267041
Kuwait,1854,-0.15487269
Kuwait,1855,-0.15707359
Kuwait,1856,-0.15927304
Kuwait,1857,-0.16102134
Kuwait,1858,-0.16321814
Kuwait,1859,-0.16496405
Kuwait,1860,-0.16626154
Kuwait,1861,-0.16755618
Kuwait,1862,-0.16884999
Kuwait,1863,-0.17014298
Kuwait,1864,-0.17143515
Kuwait,1865,-0.17227785
Kuwait,1866,-0.17356852
Kuwait,1867,-0.17441
Kuwait,1868,-0.17569917
Kuwait,1869,-0.17632814
Kuwait,1870,-0.1771881
Kuwait,1871,-0.17738497
Kuwait,1872,-0.17736594
Kuwait,1873,-0.17713223
Kuwait,1874,-0.17689511
Kuwait,1875,-0.17665257
Kuwait,1876,-0.1764089
Kuwait,1877,-0.17572936
Kuwait,1878,-0.17548016
Kuwait,1879,-0.17522594
Kuwait,1880,-0.1758101
Kuwait,1881,-0.17596093
Kuwait,1882,-0.1756866
Kuwait,1883,-0.17582445
Kuwait,1884,-0.17554061
Kuwait,1885,-0.1752564
Kuwait,1886,-0.17496605
Kuwait,1887,-0.17467359
Kuwait,1888,-0.17477901
Kuwait,1889,-0.17447808
Kuwait,1890,-0.1741734
Kuwait,1891,-0.17425752
Kuwait,1892,-0.17433505
Kuwait,1893,-0.17440422
Kuwait,1894,-0.17446701
Kuwait,1895,-0.17413904
Kuwait,1896,-0.17418641
Kuwait,1897,-0.1738517
Kuwait,1898,-0.1738878
Kuwait,1899,-0.17354316
Kuwait,1900,-0.17431016
Kuwait,1901,-0.17469029
Kuwait,1902,-0.17506042
Kuwait,1903,-0.17505503
Kuwait,1904,-0.17540444
Kuwait,1905,-0.17502384
Kuwait,1906,-0.17499658
Kuwait,1907,-0.17496459
Kuwait,1908,-0.17492627
Kuwait,1909,-0.17479311
Kuwait,1910,-0.17560883
Kuwait,1911,-0.17631806
Kuwait,1912,-0.17691721
Kuwait,1913,-0.1770671
Kuwait,1914,-0.17753926
Kuwait,1915,-0.17732204
Kuwait,1916,-0.1774262
Kuwait,1917,-0.17718679
Kuwait,1918,-0.17699386
Kuwait,1919,-0.1767917
Kuwait,1920,-0.17434543
Kuwait,1921,-0.17097822
Kuwait,1922,-0.1676543
Kuwait,1923,-0.16437474
Kuwait,1924,-0.16113771
Kuwait,1925,-0.15763813
Kuwait,1926,-0.15479381
Kuwait,1927,-0.15198573
Kuwait,1928,-0.14951205
Kuwait,1929,-0.14706898
Kuwait,1930,-0.1478851
Kuwait,1931,-0.14751199
Kuwait,1932,-0.14713585
Kuwait,1933,-0.14618237
Kuwait,1934,-0.14551952
Kuwait,1935,-0.14457533
Kuwait,1936,-0.14363596
Kuwait,1937,-0.14270368
Kuwait,1938,-0.14205058
Kuwait,1939,-0.1413979
Kuwait,1940,-0.14533049
Kuwait,1941,-0.1481171
Kuwait,1942,-0.14978585
Kuwait,1943,-0.15115295
Kuwait,1944,-0.15196614
Kuwait,1945,-0.1527539
Kuwait,1946,-0.15300518
Kuwait,1947,-0.15324163
Kuwait,1948,-0.15346359
Kuwait,1949,-0.15145695
Kuwait,1950,-0.13782041
Kuwait,1951,-0.13159889
Kuwait,1952,-0.1253264
Kuwait,1953,-0.12056935
Kuwait,1954,-0.1171864
Kuwait,1955,-0.110858455
Kuwait,1956,-0.10363371
Kuwait,1957,-0.10394418
Kuwait,1958,-0.116290025
Kuwait,1959,-0.23964508
Kuwait,1960,-0.17859034
Kuwait,1961,-0.13759424
Kuwait,1962,-0.10583874
Kuwait,1963,-0.081647836
Kuwait,1964,-0.06529082
Kuwait,1965,-0.051745854
Kuwait,1966,-0.036732856
Kuwait,1967,-0.02922776
Kuwait,1968,-0.01822207
Kuwait,1969,-0.01256489
Kuwait,1970,-0.005706079
Kuwait,1971,-0.001482482
Kuwait,1972,-0.000796248
Kuwait,1973,0.001161855
Kuwait,1974,0.0027172
Kuwait,1975,0.003846977
Kuwait,1976,0.004600722
Kuwait,1977,0.002504833
Kuwait,1978,0.00251506
Kuwait,1979,0.005817196
Kuwait,1980,0.008765888
Kuwait,1981,0.007844595
Kuwait,1982,0.007802113
Kuwait,1983,0.009578783
Kuwait,1984,0.008009592
Kuwait,1985,0.010193866
Kuwait,1986,0.008693416
Kuwait,1987,0.010940451
Kuwait,1988,0.00949185
Kuwait,1989,0.008377528
Kuwait,1990,0.013961957
Kuwait,1991,0.018138843
Kuwait,1992,0.014679235
Kuwait,1993,0.007253007
Kuwait,1994,-0.001056718
Kuwait,1995,-0.003050658
Kuwait,1996,-0.006416564
Kuwait,1997,-0.006927752
Kuwait,1998,-0.004112465
Kuwait,1999,0.010317139
Kuwait,2000,0.014058653
Kuwait,2001,0.00936034
Kuwait,2002,0.007132571
Kuwait,2003,0.005192502
Kuwait,2004,0.005333106
Kuwait,2005,0.005127227
Kuwait,2006,0.00708102
Kuwait,2007,0.004806746
Kuwait,2008,0.004850527
Kuwait,2009,0.005701563
Kuwait,2010,0.006000172
Kuwait,2011,0.004584713
Kuwait,2012,0.005171574
Kuwait,2013,0.004293127
Kuwait,2014,0.002039043
Kuwait,2015,0.00279978
Kuwait,2016,0.003916641
Kuwait,2017,0.002222406
Kuwait,2018,0.001966187
Kuwait,2019,0.001971332
Kuwait,2020,0.00196519
Kuwait,2021,0.00195774
Kuwait,2022,0.001908056
Kuwait,2023,0.0018552
Kyrgyzstan,1850,2.2978158
Kyrgyzstan,1851,2.2952273
Kyrgyzstan,1852,2.2884722
Kyrgyzstan,1853,2.2801175
Kyrgyzstan,1854,2.270661
Kyrgyzstan,1855,2.260286
Kyrgyzstan,1856,2.2491686
Kyrgyzstan,1857,2.2373252
Kyrgyzstan,1858,2.224925
Kyrgyzstan,1859,2.2119863
Kyrgyzstan,1860,2.1979992
Kyrgyzstan,1861,2.1892107
Kyrgyzstan,1862,2.1798358
Kyrgyzstan,1863,2.16938
Kyrgyzstan,1864,2.1579156
Kyrgyzstan,1865,2.1457498
Kyrgyzstan,1866,2.1328998
Kyrgyzstan,1867,2.1195216
Kyrgyzstan,1868,2.1057193
Kyrgyzstan,1869,2.0915499
Kyrgyzstan,1870,2.095849
Kyrgyzstan,1871,2.092003
Kyrgyzstan,1872,2.0852616
Kyrgyzstan,1873,2.0769794
Kyrgyzstan,1874,2.06758
Kyrgyzstan,1875,2.057258
Kyrgyzstan,1876,2.0462484
Kyrgyzstan,1877,2.0345724
Kyrgyzstan,1878,2.0224113
Kyrgyzstan,1879,2.0097787
Kyrgyzstan,1880,2.0110316
Kyrgyzstan,1881,2.1080217
Kyrgyzstan,1882,2.0625238
Kyrgyzstan,1883,2.039214
Kyrgyzstan,1884,2.0202026
Kyrgyzstan,1885,2.0024757
Kyrgyzstan,1886,1.9855467
Kyrgyzstan,1887,1.9691734
Kyrgyzstan,1888,1.9532294
Kyrgyzstan,1889,1.9377072
Kyrgyzstan,1890,1.9419265
Kyrgyzstan,1891,1.9374539
Kyrgyzstan,1892,1.9303606
Kyrgyzstan,1893,1.9219925
Kyrgyzstan,1894,1.9127749
Kyrgyzstan,1895,1.902869
Kyrgyzstan,1896,1.8923644
Kyrgyzstan,1897,1.8814133
Kyrgyzstan,1898,1.8701323
Kyrgyzstan,1899,1.8584322
Kyrgyzstan,1900,1.8578409
Kyrgyzstan,1901,1.8528526
Kyrgyzstan,1902,1.8460371
Kyrgyzstan,1903,1.8380916
Kyrgyzstan,1904,1.8293037
Kyrgyzstan,1905,1.8198224
Kyrgyzstan,1906,1.8097332
Kyrgyzstan,1907,1.7991462
Kyrgyzstan,1908,1.7880455
Kyrgyzstan,1909,1.7765987
Kyrgyzstan,1910,1.7920172
Kyrgyzstan,1911,1.7921029
Kyrgyzstan,1912,1.7873238
Kyrgyzstan,1913,1.7787296
Kyrgyzstan,1914,1.7677691
Kyrgyzstan,1915,1.757066
Kyrgyzstan,1916,1.7460938
Kyrgyzstan,1917,1.7346351
Kyrgyzstan,1918,1.7168559
Kyrgyzstan,1919,1.7017192
Kyrgyzstan,1920,1.6889645
Kyrgyzstan,1921,1.6778667
Kyrgyzstan,1922,1.6666679
Kyrgyzstan,1923,1.6549135
Kyrgyzstan,1924,1.6427808
Kyrgyzstan,1925,1.6307843
Kyrgyzstan,1926,1.6187127
Kyrgyzstan,1927,1.6065952
Kyrgyzstan,1928,1.5943844
Kyrgyzstan,1929,1.5821344
Kyrgyzstan,1930,1.5412142
Kyrgyzstan,1931,1.5074804
Kyrgyzstan,1932,1.4770913
Kyrgyzstan,1933,1.4490765
Kyrgyzstan,1934,1.422816
Kyrgyzstan,1935,1.3980502
Kyrgyzstan,1936,1.3746234
Kyrgyzstan,1937,1.3523628
Kyrgyzstan,1938,1.3311459
Kyrgyzstan,1939,1.3109026
Kyrgyzstan,1940,1.3933101
Kyrgyzstan,1941,1.4372907
Kyrgyzstan,1942,1.4683981
Kyrgyzstan,1943,1.492234
Kyrgyzstan,1944,1.5107462
Kyrgyzstan,1945,1.5250016
Kyrgyzstan,1946,1.5357451
Kyrgyzstan,1947,1.5435439
Kyrgyzstan,1948,1.5486681
Kyrgyzstan,1949,1.5471071
Kyrgyzstan,1950,2.12787
Kyrgyzstan,1951,2.5241597
Kyrgyzstan,1952,2.8790822
Kyrgyzstan,1953,3.154131
Kyrgyzstan,1954,3.4649022
Kyrgyzstan,1955,3.8653803
Kyrgyzstan,1956,4.182178
Kyrgyzstan,1957,4.441252
Kyrgyzstan,1958,4.7469397
Kyrgyzstan,1959,5.081845
Kyrgyzstan,1960,3.7530236
Kyrgyzstan,1961,3.699218
Kyrgyzstan,1962,2.860472
Kyrgyzstan,1963,2.3600714
Kyrgyzstan,1964,1.9930005
Kyrgyzstan,1965,1.6255462
Kyrgyzstan,1966,1.3942345
Kyrgyzstan,1967,1.1861618
Kyrgyzstan,1968,1.0888942
Kyrgyzstan,1969,0.9361948
Kyrgyzstan,1970,1.0477891
Kyrgyzstan,1971,0.86301327
Kyrgyzstan,1972,0.76373744
Kyrgyzstan,1973,0.76122713
Kyrgyzstan,1974,0.605614
Kyrgyzstan,1975,0.55884546
Kyrgyzstan,1976,0.514593
Kyrgyzstan,1977,0.4272835
Kyrgyzstan,1978,0.35890982
Kyrgyzstan,1979,0.35128337
Kyrgyzstan,1980,0.4480223
Kyrgyzstan,1981,0.37133068
Kyrgyzstan,1982,0.32869408
Kyrgyzstan,1983,0.2813235
Kyrgyzstan,1984,0.26223022
Kyrgyzstan,1985,0.27281237
Kyrgyzstan,1986,0.25275522
Kyrgyzstan,1987,0.20065293
Kyrgyzstan,1988,0.13089435
Kyrgyzstan,1989,0.10358304
Kyrgyzstan,1990,0.10251345
Kyrgyzstan,1991,0.1739319
Kyrgyzstan,1992,0.54710746
Kyrgyzstan,1993,0.53988034
Kyrgyzstan,1994,0.7310982
Kyrgyzstan,1995,0.63555765
Kyrgyzstan,1996,0.5014024
Kyrgyzstan,1997,0.45226833
Kyrgyzstan,1998,0.5293663
Kyrgyzstan,1999,0.319636
Kyrgyzstan,2000,0.27859712
Kyrgyzstan,2001,0.22459017
Kyrgyzstan,2002,0.24685179
Kyrgyzstan,2003,0.23455936
Kyrgyzstan,2004,0.004929469
Kyrgyzstan,2005,0.001480605
Kyrgyzstan,2006,-0.020600632
Kyrgyzstan,2007,-0.02940397
Kyrgyzstan,2008,-0.050668653
Kyrgyzstan,2009,-0.061626002
Kyrgyzstan,2010,-0.07575904
Kyrgyzstan,2011,-0.05342921
Kyrgyzstan,2012,-0.032623377
Kyrgyzstan,2013,-0.027202314
Kyrgyzstan,2014,-0.017952625
Kyrgyzstan,2015,0.02305789
Kyrgyzstan,2016,0.000479863
Kyrgyzstan,2017,-0.016611444
Kyrgyzstan,2018,-0.02635762
Kyrgyzstan,2019,-0.032594673
Kyrgyzstan,2020,-0.030542044
Kyrgyzstan,2021,-0.036283113
Kyrgyzstan,2022,-0.03912764
Kyrgyzstan,2023,-0.041263197
Laos,1850,7.7409472
Laos,1851,6.3450155
Laos,1852,5.2945094
Laos,1853,4.1285896
Laos,1854,6.7025275
Laos,1855,4.1734514
Laos,1856,3.8730388
Laos,1857,3.2487128
Laos,1858,4.5673103
Laos,1859,3.615857
Laos,1860,3.1878233
Laos,1861,3.5529077
Laos,1862,2.9946008
Laos,1863,2.575674
Laos,1864,2.4962718
Laos,1865,2.9473786
Laos,1866,2.7899094
Laos,1867,2.7492836
Laos,1868,2.667732
Laos,1869,2.4177125
Laos,1870,3.897693
Laos,1871,4.3620067
Laos,1872,4.7476115
Laos,1873,4.0321627
Laos,1874,3.6089227
Laos,1875,3.469904
Laos,1876,3.7609372
Laos,1877,3.3555942
Laos,1878,4.9627934
Laos,1879,3.8546195
Laos,1880,3.9487913
Laos,1881,5.0904956
Laos,1882,6.702465
Laos,1883,5.882611
Laos,1884,6.743487
Laos,1885,9.125571
Laos,1886,8.379608
Laos,1887,6.894782
Laos,1888,7.035048
Laos,1889,6.2402544
Laos,1890,7.036351
Laos,1891,6.8626933
Laos,1892,5.9009795
Laos,1893,5.3844995
Laos,1894,5.80277
Laos,1895,5.556501
Laos,1896,6.2164564
Laos,1897,5.4879365
Laos,1898,6.4385066
Laos,1899,5.9842253
Laos,1900,4.9153
Laos,1901,3.6729715
Laos,1902,3.1957712
Laos,1903,2.9606078
Laos,1904,2.844105
Laos,1905,3.2881057
Laos,1906,2.466488
Laos,1907,2.5843673
Laos,1908,2.3831196
Laos,1909,2.8150458
Laos,1910,2.9976594
Laos,1911,3.235136
Laos,1912,3.6913056
Laos,1913,4.8127747
Laos,1914,4.7115803
Laos,1915,4.9941344
Laos,1916,4.750365
Laos,1917,4.4213114
Laos,1918,4.899142
Laos,1919,5.1885233
Laos,1920,6.0681725
Laos,1921,8.36548
Laos,1922,10.670725
Laos,1923,11.499363
Laos,1924,11.553064
Laos,1925,11.763653
Laos,1926,14.200193
Laos,1927,15.552585
Laos,1928,14.049977
Laos,1929,15.536366
Laos,1930,19.127214
Laos,1931,21.435518
Laos,1932,23.050158
Laos,1933,22.72995
Laos,1934,23.027494
Laos,1935,26.379795
Laos,1936,26.058313
Laos,1937,22.755917
Laos,1938,23.236362
Laos,1939,22.72908
Laos,1940,19.391262
Laos,1941,18.827553
Laos,1942,17.418415
Laos,1943,17.597862
Laos,1944,15.270128
Laos,1945,15.260163
Laos,1946,14.6068125
Laos,1947,12.24687
Laos,1948,11.889778
Laos,1949,9.489533
Laos,1950,11.570618
Laos,1951,11.822922
Laos,1952,11.766802
Laos,1953,12.765495
Laos,1954,14.075468
Laos,1955,15.879819
Laos,1956,17.550426
Laos,1957,16.831123
Laos,1958,17.344345
Laos,1959,35.79264
Laos,1960,21.30975
Laos,1961,14.489698
Laos,1962,11.470555
Laos,1963,9.33205
Laos,1964,8.157506
Laos,1965,8.322942
Laos,1966,7.565913
Laos,1967,7.593346
Laos,1968,6.746981
Laos,1969,6.8411474
Laos,1970,6.503729
Laos,1971,8.428228
Laos,1972,9.023163
Laos,1973,9.77177
Laos,1974,9.225538
Laos,1975,8.600254
Laos,1976,7.874944
Laos,1977,8.032377
Laos,1978,7.169061
Laos,1979,6.1820827
Laos,1980,5.729883
Laos,1981,5.8626823
Laos,1982,5.2026234
Laos,1983,5.2521634
Laos,1984,5.185091
Laos,1985,4.9096403
Laos,1986,4.764749
Laos,1987,5.051831
Laos,1988,4.6249804
Laos,1989,4.3645744
Laos,1990,4.1091104
Laos,1991,3.8210661
Laos,1992,3.573434
Laos,1993,4.4632006
Laos,1994,4.428129
Laos,1995,4.1896253
Laos,1996,5.7516074
Laos,1997,4.9035487
Laos,1998,5.1630015
Laos,1999,6.062396
Laos,2000,8.439289
Laos,2001,8.086021
Laos,2002,8.2913065
Laos,2003,8.985241
Laos,2004,10.01978
Laos,2005,10.485634
Laos,2006,9.123966
Laos,2007,10.409997
Laos,2008,10.814895
Laos,2009,12.674411
Laos,2010,12.1283245
Laos,2011,10.454207
Laos,2012,8.734197
Laos,2013,6.900566
Laos,2014,7.630814
Laos,2015,5.862998
Laos,2016,4.3551006
Laos,2017,3.3328872
Laos,2018,2.4073436
Laos,2019,1.6961416
Laos,2020,1.509238
Laos,2021,1.1890886
Laos,2022,0.85739684
Laos,2023,0.5273084
Latvia,1850,11.753524
Latvia,1851,11.541439
Latvia,1852,11.3234005
Latvia,1853,11.215406
Latvia,1854,11.133697
Latvia,1855,10.951137
Latvia,1856,10.832937
Latvia,1857,10.717329
Latvia,1858,10.659715
Latvia,1859,10.549615
Latvia,1860,9.672988
Latvia,1861,9.416566
Latvia,1862,9.26138
Latvia,1863,9.039903
Latvia,1864,8.92853
Latvia,1865,8.698425
Latvia,1866,8.592133
Latvia,1867,8.455413
Latvia,1868,8.237379
Latvia,1869,8.125607
Latvia,1870,8.10953
Latvia,1871,7.964591
Latvia,1872,7.71501
Latvia,1873,7.5437245
Latvia,1874,7.499823
Latvia,1875,7.4417477
Latvia,1876,7.2915144
Latvia,1877,7.094602
Latvia,1878,7.0309615
Latvia,1879,6.942912
Latvia,1880,6.9408855
Latvia,1881,6.815495
Latvia,1882,6.760559
Latvia,1883,6.6034136
Latvia,1884,6.564827
Latvia,1885,6.487275
Latvia,1886,6.3074045
Latvia,1887,6.32434
Latvia,1888,6.1618757
Latvia,1889,6.0820413
Latvia,1890,6.189712
Latvia,1891,6.0027394
Latvia,1892,5.6887536
Latvia,1893,5.6350856
Latvia,1894,5.730443
Latvia,1895,5.566636
Latvia,1896,5.462148
Latvia,1897,5.342416
Latvia,1898,5.257865
Latvia,1899,5.213244
Latvia,1900,5.1638002
Latvia,1901,5.178307
Latvia,1902,5.082731
Latvia,1903,4.95947
Latvia,1904,4.902862
Latvia,1905,4.888847
Latvia,1906,4.8325605
Latvia,1907,4.7117896
Latvia,1908,4.6574926
Latvia,1909,4.59886
Latvia,1910,4.0018883
Latvia,1911,3.9499426
Latvia,1912,3.6509757
Latvia,1913,3.754311
Latvia,1914,3.7953115
Latvia,1915,3.7901611
Latvia,1916,3.724265
Latvia,1917,3.9243767
Latvia,1918,4.143577
Latvia,1919,3.9109297
Latvia,1920,3.7410922
Latvia,1921,3.902635
Latvia,1922,3.7765822
Latvia,1923,3.9009914
Latvia,1924,3.688147
Latvia,1925,3.5980463
Latvia,1926,3.5292573
Latvia,1927,3.416455
Latvia,1928,3.4836257
Latvia,1929,3.2745035
Latvia,1930,3.0612614
Latvia,1931,2.8761911
Latvia,1932,2.799469
Latvia,1933,2.713431
Latvia,1934,2.640877
Latvia,1935,2.51939
Latvia,1936,2.4942849
Latvia,1937,2.4096336
Latvia,1938,2.4243572
Latvia,1939,2.3376231
Latvia,1940,2.019663
Latvia,1941,1.6980137
Latvia,1942,1.6453087
Latvia,1943,1.4778177
Latvia,1944,1.3065834
Latvia,1945,1.1191659
Latvia,1946,0.92361295
Latvia,1947,0.75834954
Latvia,1948,0.59628403
Latvia,1949,0.4942627
Latvia,1950,0.50941855
Latvia,1951,0.817105
Latvia,1952,1.2183243
Latvia,1953,1.4891485
Latvia,1954,1.744511
Latvia,1955,2.0241437
Latvia,1956,2.2299032
Latvia,1957,2.3784235
Latvia,1958,2.5383654
Latvia,1959,2.6195853
Latvia,1960,1.6734313
Latvia,1961,3.3562374
Latvia,1962,1.6376532
Latvia,1963,1.3497183
Latvia,1964,1.1996021
Latvia,1965,1.0111951
Latvia,1966,0.87859654
Latvia,1967,0.87347406
Latvia,1968,0.98574513
Latvia,1969,0.8057749
Latvia,1970,1.4602623
Latvia,1971,0.914696
Latvia,1972,0.74999887
Latvia,1973,1.046211
Latvia,1974,0.8936017
Latvia,1975,0.74257755
Latvia,1976,0.68893266
Latvia,1977,0.75580096
Latvia,1978,0.58562344
Latvia,1979,0.6715781
Latvia,1980,1.3012395
Latvia,1981,0.8992341
Latvia,1982,0.8544834
Latvia,1983,0.75782174
Latvia,1984,0.76080245
Latvia,1985,0.79212904
Latvia,1986,0.7508862
Latvia,1987,0.7254712
Latvia,1988,0.5368618
Latvia,1989,0.5852552
Latvia,1990,0.43576843
Latvia,1991,0.86106956
Latvia,1992,0.60428137
Latvia,1993,4.4326615
Latvia,1994,-3.6780457
Latvia,1995,-2.4931302
Latvia,1996,-3.513884
Latvia,1997,-3.655194
Latvia,1998,-4.4954906
Latvia,1999,-3.9162104
Latvia,2000,-4.5621715
Latvia,2001,-4.0013123
Latvia,2002,-4.1496215
Latvia,2003,-1.9515165
Latvia,2004,0.94918686
Latvia,2005,2.869035
Latvia,2006,-0.46344295
Latvia,2007,-1.1905318
Latvia,2008,-0.97254264
Latvia,2009,-1.2176284
Latvia,2010,-0.9375238
Latvia,2011,-0.2220216
Latvia,2012,0.6442957
Latvia,2013,-0.17330173
Latvia,2014,0.10844477
Latvia,2015,1.770537
Latvia,2016,0.5253096
Latvia,2017,0.44244134
Latvia,2018,1.2029164
Latvia,2019,0.8418575
Latvia,2020,0.8567397
Latvia,2021,0.9514897
Latvia,2022,1.0674791
Latvia,2023,1.1545184
Lebanon,1850,0.2183445
Lebanon,1851,0.21947733
Lebanon,1852,0.22023329
Lebanon,1853,0.22062008
Lebanon,1854,0.22064477
Lebanon,1855,0.22031532
Lebanon,1856,0.21980914
Lebanon,1857,0.2189606
Lebanon,1858,0.21786149
Lebanon,1859,0.21659967
Lebanon,1860,0.2103698
Lebanon,1861,0.2050396
Lebanon,1862,0.20067258
Lebanon,1863,0.19692463
Lebanon,1864,0.193542
Lebanon,1865,0.1902765
Lebanon,1866,0.18712664
Lebanon,1867,0.18409045
Lebanon,1868,0.18093072
Lebanon,1869,0.178084
Lebanon,1870,0.3183273
Lebanon,1871,0.4296079
Lebanon,1872,0.50851613
Lebanon,1873,0.5667269
Lebanon,1874,0.61169994
Lebanon,1875,0.6483263
Lebanon,1876,0.679098
Lebanon,1877,0.70564497
Lebanon,1878,0.7286759
Lebanon,1879,0.7488914
Lebanon,1880,0.5846999
Lebanon,1881,0.4521172
Lebanon,1882,0.35793313
Lebanon,1883,0.2886959
Lebanon,1884,0.23482074
Lebanon,1885,0.19041163
Lebanon,1886,0.15232852
Lebanon,1887,0.11880728
Lebanon,1888,0.08869826
Lebanon,1889,0.061384384
Lebanon,1890,0.08100453
Lebanon,1891,0.10379944
Lebanon,1892,0.11775514
Lebanon,1893,0.1251555
Lebanon,1894,0.12879524
Lebanon,1895,0.13025856
Lebanon,1896,0.13037501
Lebanon,1897,0.12967157
Lebanon,1898,0.12837507
Lebanon,1899,0.12608437
Lebanon,1900,0.068469316
Lebanon,1901,0.011215027
Lebanon,1902,-0.032800008
Lebanon,1903,-0.066395946
Lebanon,1904,-0.09290925
Lebanon,1905,-0.11457449
Lebanon,1906,-0.13259862
Lebanon,1907,-0.14777286
Lebanon,1908,-0.16057988
Lebanon,1909,-0.17173319
Lebanon,1910,-0.18092862
Lebanon,1911,-0.18236361
Lebanon,1912,-0.18199553
Lebanon,1913,-0.18123804
Lebanon,1914,-0.18012877
Lebanon,1915,-0.17894782
Lebanon,1916,-0.17769897
Lebanon,1917,-0.17648679
Lebanon,1918,-0.17531644
Lebanon,1919,-0.17412929
Lebanon,1920,-0.020055672
Lebanon,1921,0.09670322
Lebanon,1922,0.17699574
Lebanon,1923,0.2336651
Lebanon,1924,0.27567294
Lebanon,1925,0.3079809
Lebanon,1926,0.33363718
Lebanon,1927,0.35427096
Lebanon,1928,0.3709123
Lebanon,1929,0.38432184
Lebanon,1930,0.42219722
Lebanon,1931,0.4469363
Lebanon,1932,0.4640648
Lebanon,1933,0.47622126
Lebanon,1934,0.48490757
Lebanon,1935,0.49091405
Lebanon,1936,0.49476543
Lebanon,1937,0.49684972
Lebanon,1938,0.4973601
Lebanon,1939,0.4965452
Lebanon,1940,0.4590519
Lebanon,1941,0.43109185
Lebanon,1942,0.41128764
Lebanon,1943,0.3963238
Lebanon,1944,0.38402912
Lebanon,1945,0.37316066
Lebanon,1946,0.36306188
Lebanon,1947,0.35341027
Lebanon,1948,0.3439909
Lebanon,1949,0.3341304
Lebanon,1950,0.3398144
Lebanon,1951,0.37222978
Lebanon,1952,0.3565809
Lebanon,1953,0.28728443
Lebanon,1954,0.30690044
Lebanon,1955,0.30198097
Lebanon,1956,0.23442236
Lebanon,1957,0.12733677
Lebanon,1958,0.1346817
Lebanon,1959,-0.06826623
Lebanon,1960,0.046679087
Lebanon,1961,0.17384742
Lebanon,1962,0.046223644
Lebanon,1963,0.22745174
Lebanon,1964,0.42650875
Lebanon,1965,0.16694038
Lebanon,1966,0.3047071
Lebanon,1967,0.33653143
Lebanon,1968,0.2696357
Lebanon,1969,0.26002392
Lebanon,1970,0.24907099
Lebanon,1971,0.26173794
Lebanon,1972,0.3386935
Lebanon,1973,0.18824908
Lebanon,1974,0.058954522
Lebanon,1975,0.02512829
Lebanon,1976,-0.021811219
Lebanon,1977,-0.05845981
Lebanon,1978,-0.10036739
Lebanon,1979,-0.15025458
Lebanon,1980,-0.13384496
Lebanon,1981,-0.124023296
Lebanon,1982,-0.10976872
Lebanon,1983,-0.08090514
Lebanon,1984,-0.06409424
Lebanon,1985,-0.04283156
Lebanon,1986,0.009425522
Lebanon,1987,-0.018398406
Lebanon,1988,-0.025338132
Lebanon,1989,-0.002452897
Lebanon,1990,-0.008000389
Lebanon,1991,-0.019524107
Lebanon,1992,-0.024453908
Lebanon,1993,0.010549104
Lebanon,1994,0.011360058
Lebanon,1995,0.11855962
Lebanon,1996,0.11003608
Lebanon,1997,0.049907357
Lebanon,1998,-0.3672119
Lebanon,1999,-0.20401937
Lebanon,2000,-0.23185968
Lebanon,2001,-0.10465441
Lebanon,2002,-0.015711818
Lebanon,2003,-0.055468503
Lebanon,2004,-0.028209513
Lebanon,2005,-0.12404583
Lebanon,2006,-0.06781851
Lebanon,2007,-0.10338328
Lebanon,2008,-0.11311926
Lebanon,2009,-0.19817804
Lebanon,2010,-0.041994795
Lebanon,2011,-0.00016537
Lebanon,2012,-0.018803956
Lebanon,2013,-0.005875531
Lebanon,2014,-0.001812675
Lebanon,2015,0.025225155
Lebanon,2016,0.028504148
Lebanon,2017,-0.00758961
Lebanon,2018,-0.018699426
Lebanon,2019,0.024869077
Lebanon,2020,0.01889073
Lebanon,2021,0.016602458
Lebanon,2022,0.01714498
Lebanon,2023,0.018569263
Lesotho,1850,0.6705025
Lesotho,1851,0.6926419
Lesotho,1852,0.706678
Lesotho,1853,0.7143177
Lesotho,1854,0.71982193
Lesotho,1855,0.7236318
Lesotho,1856,0.726378
Lesotho,1857,0.7280743
Lesotho,1858,0.72894084
Lesotho,1859,0.72919184
Lesotho,1860,0.7472921
Lesotho,1861,0.7679796
Lesotho,1862,0.78362167
Lesotho,1863,0.79506814
Lesotho,1864,0.80333805
Lesotho,1865,0.8094239
Lesotho,1866,0.8139228
Lesotho,1867,0.8170453
Lesotho,1868,0.81919104
Lesotho,1869,0.8201946
Lesotho,1870,0.8604987
Lesotho,1871,0.9255733
Lesotho,1872,0.9769863
Lesotho,1873,1.015533
Lesotho,1874,1.0449634
Lesotho,1875,1.0680666
Lesotho,1876,1.0863365
Lesotho,1877,1.1010721
Lesotho,1878,1.1126819
Lesotho,1879,1.1220728
Lesotho,1880,1.0928209
Lesotho,1881,1.1076572
Lesotho,1882,1.1224297
Lesotho,1883,1.1330243
Lesotho,1884,1.1401664
Lesotho,1885,1.145066
Lesotho,1886,1.147933
Lesotho,1887,1.1494386
Lesotho,1888,1.1497784
Lesotho,1889,1.149287
Lesotho,1890,1.1901551
Lesotho,1891,1.2531388
Lesotho,1892,1.3034667
Lesotho,1893,1.3415382
Lesotho,1894,1.3707948
Lesotho,1895,1.3938518
Lesotho,1896,1.4120318
Lesotho,1897,1.4264793
Lesotho,1898,1.4380116
Lesotho,1899,1.4449866
Lesotho,1900,1.4728748
Lesotho,1901,1.5604371
Lesotho,1902,1.6286714
Lesotho,1903,1.6755041
Lesotho,1904,1.7083008
Lesotho,1905,1.7311764
Lesotho,1906,1.7469448
Lesotho,1907,1.7570779
Lesotho,1908,1.7628409
Lesotho,1909,1.765394
Lesotho,1910,1.7961028
Lesotho,1911,1.91073
Lesotho,1912,2.0039706
Lesotho,1913,2.0725484
Lesotho,1914,2.1228025
Lesotho,1915,2.1598694
Lesotho,1916,2.1872196
Lesotho,1917,2.2069817
Lesotho,1918,2.211952
Lesotho,1919,2.209362
Lesotho,1920,2.199719
Lesotho,1921,2.4576976
Lesotho,1922,2.6639934
Lesotho,1923,2.8047655
Lesotho,1924,2.9004245
Lesotho,1925,2.964603
Lesotho,1926,3.0064025
Lesotho,1927,3.031239
Lesotho,1928,3.0430112
Lesotho,1929,3.044783
Lesotho,1930,3.104878
Lesotho,1931,3.6799035
Lesotho,1932,4.143645
Lesotho,1933,4.475018
Lesotho,1934,4.710834
Lesotho,1935,4.8798785
Lesotho,1936,5.0010567
Lesotho,1937,5.086071
Lesotho,1938,5.142586
Lesotho,1939,5.177173
Lesotho,1940,5.1204987
Lesotho,1941,4.426857
Lesotho,1942,3.8436275
Lesotho,1943,3.4002945
Lesotho,1944,3.055053
Lesotho,1945,2.776119
Lesotho,1946,2.5437489
Lesotho,1947,2.3458464
Lesotho,1948,2.175133
Lesotho,1949,2.0272396
Lesotho,1950,1.699697
Lesotho,1951,1.9716048
Lesotho,1952,2.1716835
Lesotho,1953,2.1493483
Lesotho,1954,2.1568046
Lesotho,1955,2.2379727
Lesotho,1956,2.1380916
Lesotho,1957,2.2460651
Lesotho,1958,2.1931174
Lesotho,1959,1.970156
Lesotho,1960,2.2161453
Lesotho,1961,1.8599802
Lesotho,1962,1.516637
Lesotho,1963,1.4515359
Lesotho,1964,1.2483169
Lesotho,1965,1.2955537
Lesotho,1966,1.1953814
Lesotho,1967,1.3344367
Lesotho,1968,1.0763296
Lesotho,1969,1.0866878
Lesotho,1970,0.8813176
Lesotho,1971,0.71604455
Lesotho,1972,0.6845271
Lesotho,1973,0.5909495
Lesotho,1974,1.1612389
Lesotho,1975,0.63642824
Lesotho,1976,-0.25437075
Lesotho,1977,-0.1965328
Lesotho,1978,0.30406457
Lesotho,1979,-0.022073178
Lesotho,1980,0.10860607
Lesotho,1981,-0.032793224
Lesotho,1982,-0.092590556
Lesotho,1983,0.29878274
Lesotho,1984,0.35095754
Lesotho,1985,0.0917619
Lesotho,1986,0.91672075
Lesotho,1987,0.8503362
Lesotho,1988,0.25404608
Lesotho,1989,0.54960436
Lesotho,1990,0.37744537
Lesotho,1991,0.6001559
Lesotho,1992,0.40574932
Lesotho,1993,0.23079263
Lesotho,1994,0.14516036
Lesotho,1995,0.20024884
Lesotho,1996,0.26869124
Lesotho,1997,0.19915187
Lesotho,1998,0.17527783
Lesotho,1999,0.2854489
Lesotho,2000,0.16715865
Lesotho,2001,-0.0697158
Lesotho,2002,-0.077426724
Lesotho,2003,0.11715547
Lesotho,2004,0.2601867
Lesotho,2005,0.7105004
Lesotho,2006,1.7886496
Lesotho,2007,2.488518
Lesotho,2008,2.0635328
Lesotho,2009,1.7491827
Lesotho,2010,1.5068433
Lesotho,2011,1.0253197
Lesotho,2012,0.7969673
Lesotho,2013,1.3101292
Lesotho,2014,0.6183598
Lesotho,2015,2.3227782
Lesotho,2016,2.859555
Lesotho,2017,2.5117908
Lesotho,2018,2.0667644
Lesotho,2019,1.743305
Lesotho,2020,1.5232366
Lesotho,2021,1.4631561
Lesotho,2022,1.325749
Lesotho,2023,1.2231146
Liberia,1850,61.400803
Liberia,1851,74.26004
Liberia,1852,85.77138
Liberia,1853,86.609
Liberia,1854,96.137924
Liberia,1855,106.017105
Liberia,1856,98.42262
Liberia,1857,102.98005
Liberia,1858,100.845
Liberia,1859,105.25153
Liberia,1860,56.546024
Liberia,1861,37.14933
Liberia,1862,26.95054
Liberia,1863,21.803135
Liberia,1864,17.12772
Liberia,1865,15.241383
Liberia,1866,11.995
Liberia,1867,9.59284
Liberia,1868,8.387618
Liberia,1869,8.99824
Liberia,1870,6.5309763
Liberia,1871,6.8475666
Liberia,1872,5.5907617
Liberia,1873,5.528621
Liberia,1874,4.0372276
Liberia,1875,3.7208989
Liberia,1876,3.0960877
Liberia,1877,3.0325418
Liberia,1878,2.67052
Liberia,1879,3.466652
Liberia,1880,2.5203326
Liberia,1881,2.1849928
Liberia,1882,2.4143414
Liberia,1883,1.8880637
Liberia,1884,1.9685591
Liberia,1885,1.8741962
Liberia,1886,2.3923326
Liberia,1887,2.0136268
Liberia,1888,1.9113357
Liberia,1889,2.5684173
Liberia,1890,2.24865
Liberia,1891,1.6925459
Liberia,1892,2.3293157
Liberia,1893,1.7541264
Liberia,1894,4.538907
Liberia,1895,2.3965158
Liberia,1896,2.147727
Liberia,1897,1.7819154
Liberia,1898,1.850756
Liberia,1899,6.0382657
Liberia,1900,3.0091193
Liberia,1901,2.2206242
Liberia,1902,1.9420972
Liberia,1903,2.4129655
Liberia,1904,2.0100853
Liberia,1905,1.7954413
Liberia,1906,2.9048047
Liberia,1907,2.0981305
Liberia,1908,1.8434114
Liberia,1909,3.334222
Liberia,1910,2.7068472
Liberia,1911,2.6140008
Liberia,1912,2.6693268
Liberia,1913,2.2864816
Liberia,1914,2.7731915
Liberia,1915,2.7797427
Liberia,1916,4.124289
Liberia,1917,3.733704
Liberia,1918,3.6031842
Liberia,1919,4.494971
Liberia,1920,3.472785
Liberia,1921,4.877729
Liberia,1922,4.1368833
Liberia,1923,3.7783563
Liberia,1924,4.0788074
Liberia,1925,5.5543447
Liberia,1926,3.7832057
Liberia,1927,3.877262
Liberia,1928,4.477865
Liberia,1929,4.861525
Liberia,1930,6.8022113
Liberia,1931,10.155993
Liberia,1932,8.203023
Liberia,1933,8.304492
Liberia,1934,6.842903
Liberia,1935,8.276077
Liberia,1936,8.5762615
Liberia,1937,7.9436936
Liberia,1938,8.203725
Liberia,1939,10.396581
Liberia,1940,11.839369
Liberia,1941,17.771849
Liberia,1942,19.920856
Liberia,1943,22.68603
Liberia,1944,19.689339
Liberia,1945,19.840046
Liberia,1946,21.61174
Liberia,1947,23.532064
Liberia,1948,19.082157
Liberia,1949,20.317448
Liberia,1950,16.840204
Liberia,1951,13.97111
Liberia,1952,9.837902
Liberia,1953,10.800965
Liberia,1954,8.523015
Liberia,1955,7.1486335
Liberia,1956,9.241991
Liberia,1957,9.4084215
Liberia,1958,7.1651506
Liberia,1959,6.3007936
Liberia,1960,4.094531
Liberia,1961,3.6406326
Liberia,1962,3.017035
Liberia,1963,2.2807755
Liberia,1964,2.067589
Liberia,1965,1.5991869
Liberia,1966,1.6460501
Liberia,1967,1.4429058
Liberia,1968,1.494805
Liberia,1969,1.4387921
Liberia,1970,1.672226
Liberia,1971,1.7097001
Liberia,1972,1.8093917
Liberia,1973,2.3384523
Liberia,1974,2.0840602
Liberia,1975,2.1933043
Liberia,1976,2.7408018
Liberia,1977,2.4542232
Liberia,1978,2.540447
Liberia,1979,2.3159406
Liberia,1980,2.3320181
Liberia,1981,2.4179206
Liberia,1982,2.5190175
Liberia,1983,2.3729525
Liberia,1984,2.4918356
Liberia,1985,2.7223423
Liberia,1986,3.439619
Liberia,1987,3.2537591
Liberia,1988,2.8404346
Liberia,1989,1.2015746
Liberia,1990,2.4364085
Liberia,1991,3.515455
Liberia,1992,4.047467
Liberia,1993,4.007141
Liberia,1994,4.243801
Liberia,1995,3.9738212
Liberia,1996,4.627529
Liberia,1997,5.3044977
Liberia,1998,5.513439
Liberia,1999,7.075471
Liberia,2000,6.833971
Liberia,2001,6.085153
Liberia,2002,6.107521
Liberia,2003,7.015202
Liberia,2004,6.50241
Liberia,2005,6.507426
Liberia,2006,5.956256
Liberia,2007,5.7149787
Liberia,2008,5.493211
Liberia,2009,5.9967046
Liberia,2010,6.009832
Liberia,2011,5.461576
Liberia,2012,5.562409
Liberia,2013,5.211261
Liberia,2014,5.247373
Liberia,2015,4.7421894
Liberia,2016,4.6676016
Liberia,2017,5.210706
Liberia,2018,4.575549
Liberia,2019,3.9602265
Liberia,2020,3.7101936
Liberia,2021,3.8887482
Liberia,2022,3.9170246
Liberia,2023,3.9265301
Libya,1850,0.20027186
Libya,1851,0.19924156
Libya,1852,0.19500807
Libya,1853,0.18868208
Libya,1854,0.18221511
Libya,1855,0.17587137
Libya,1856,0.16990444
Libya,1857,0.16442944
Libya,1858,0.15930815
Libya,1859,0.15440506
Libya,1860,0.14288877
Libya,1861,0.13860571
Libya,1862,0.13654701
Libya,1863,0.13545983
Libya,1864,0.13472943
Libya,1865,0.13399783
Libya,1866,0.13326617
Libya,1867,0.13242139
Libya,1868,0.13157892
Libya,1869,0.13051863
Libya,1870,0.15533715
Libya,1871,0.16785945
Libya,1872,0.17497703
Libya,1873,0.17928554
Libya,1874,0.18181175
Libya,1875,0.18333395
Libya,1876,0.18418945
Libya,1877,0.18450023
Libya,1878,0.18438376
Libya,1879,0.18391824
Libya,1880,0.41672304
Libya,1881,0.5324915
Libya,1882,0.5983316
Libya,1883,0.6380249
Libya,1884,0.6631687
Libya,1885,0.6793331
Libya,1886,0.6899112
Libya,1887,0.69662344
Libya,1888,0.70049006
Libya,1889,0.7020852
Libya,1890,1.1703895
Libya,1891,1.3984696
Libya,1892,1.5248033
Libya,1893,1.5985559
Libya,1894,1.6427307
Libya,1895,1.6690046
Libya,1896,1.6839522
Libya,1897,1.6910677
Libya,1898,1.6926216
Libya,1899,1.6902232
Libya,1900,1.2756215
Libya,1901,1.0662503
Libya,1902,0.9420035
Libya,1903,0.860783
Libya,1904,0.8033146
Libya,1905,0.7595953
Libya,1906,0.72442603
Libya,1907,0.6947563
Libya,1908,0.6690344
Libya,1909,0.64653856
Libya,1910,0.44058084
Libya,1911,0.32792318
Libya,1912,0.25584397
Libya,1913,0.20558111
Libya,1914,0.16805956
Libya,1915,0.13863012
Libya,1916,0.114680424
Libya,1917,0.094728924
Libya,1918,0.0777992
Libya,1919,0.06327276
Libya,1920,0.040930714
Libya,1921,0.025114443
Libya,1922,0.013023872
Libya,1923,0.003441698
Libya,1924,-0.004383627
Libya,1925,-0.010812744
Libya,1926,-0.016191633
Libya,1927,-0.02070234
Libya,1928,-0.024519581
Libya,1929,-0.027699424
Libya,1930,0.9600898
Libya,1931,1.4505903
Libya,1932,1.7311525
Libya,1933,1.903329
Libya,1934,2.0147507
Libya,1935,2.0897775
Libya,1936,2.141644
Libya,1937,2.1779544
Libya,1938,2.2030725
Libya,1939,2.2140605
Libya,1940,2.3472123
Libya,1941,2.3991144
Libya,1942,2.4114912
Libya,1943,2.399738
Libya,1944,2.3770127
Libya,1945,2.3473573
Libya,1946,2.313043
Libya,1947,2.275534
Libya,1948,2.2357576
Libya,1949,2.1939204
Libya,1950,1.875061
Libya,1951,2.260125
Libya,1952,2.434238
Libya,1953,2.5119839
Libya,1954,2.5341353
Libya,1955,2.5189924
Libya,1956,2.47473
Libya,1957,2.4223504
Libya,1958,2.3556018
Libya,1959,2.283976
Libya,1960,3.0014887
Libya,1961,2.0024323
Libya,1962,1.3308201
Libya,1963,1.0721811
Libya,1964,0.8036728
Libya,1965,0.7429457
Libya,1966,0.5906932
Libya,1967,0.6183293
Libya,1968,0.53180635
Libya,1969,0.47318807
Libya,1970,0.49447346
Libya,1971,0.39364132
Libya,1972,0.39698955
Libya,1973,0.32635036
Libya,1974,0.32631725
Libya,1975,0.26536322
Libya,1976,0.2685259
Libya,1977,0.2686939
Libya,1978,0.2020882
Libya,1979,0.19007756
Libya,1980,0.17643067
Libya,1981,0.17826058
Libya,1982,0.22324033
Libya,1983,0.22474158
Libya,1984,0.2398751
Libya,1985,0.21013926
Libya,1986,0.172832
Libya,1987,0.11870288
Libya,1988,0.12160001
Libya,1989,0.15241095
Libya,1990,0.1252794
Libya,1991,-0.015182158
Libya,1992,-0.03315542
Libya,1993,-0.029293397
Libya,1994,0.041214276
Libya,1995,0.8021627
Libya,1996,0.8425418
Libya,1997,0.043378267
Libya,1998,-0.026870646
Libya,1999,-0.04939881
Libya,2000,-0.06925384
Libya,2001,-0.07772024
Libya,2002,0.028542455
Libya,2003,-0.13044563
Libya,2004,-0.10170667
Libya,2005,-0.10291426
Libya,2006,-0.096658304
Libya,2007,-0.08793961
Libya,2008,-0.026989093
Libya,2009,-0.09827799
Libya,2010,-0.10112715
Libya,2011,-0.080024846
Libya,2012,-0.06356416
Libya,2013,-0.080781765
Libya,2014,-0.07574029
Libya,2015,-0.06752153
Libya,2016,-0.06002545
Libya,2017,-0.056492858
Libya,2018,-0.05253916
Libya,2019,-0.047741164
Libya,2020,-0.042759225
Libya,2021,-0.039386597
Libya,2022,-0.036565147
Libya,2023,-0.034279734
Liechtenstein,1850,1.0000613
Liechtenstein,1851,0.92688966
Liechtenstein,1852,0.874895
Liechtenstein,1853,0.8985286
Liechtenstein,1854,0.76818615
Liechtenstein,1855,0.8019766
Liechtenstein,1856,0.7570248
Liechtenstein,1857,0.68372685
Liechtenstein,1858,0.6738833
Liechtenstein,1859,0.51612365
Liechtenstein,1860,0.7211291
Liechtenstein,1861,0.59347475
Liechtenstein,1862,0.62656456
Liechtenstein,1863,0.6081135
Liechtenstein,1864,0.62671864
Liechtenstein,1865,0.5672818
Liechtenstein,1866,0.604006
Liechtenstein,1867,0.6538026
Liechtenstein,1868,0.6311068
Liechtenstein,1869,0.6176279
Liechtenstein,1870,0.6484566
Liechtenstein,1871,0.6219077
Liechtenstein,1872,0.60001427
Liechtenstein,1873,0.6517423
Liechtenstein,1874,0.57417375
Liechtenstein,1875,0.62959707
Liechtenstein,1876,0.6208022
Liechtenstein,1877,0.59117067
Liechtenstein,1878,0.6076838
Liechtenstein,1879,0.50406855
Liechtenstein,1880,0.7014599
Liechtenstein,1881,0.6271602
Liechtenstein,1882,0.6711067
Liechtenstein,1883,0.67026836
Liechtenstein,1884,0.70124406
Liechtenstein,1885,0.6684832
Liechtenstein,1886,0.7028786
Liechtenstein,1887,0.7445728
Liechtenstein,1888,0.7353544
Liechtenstein,1889,0.7300336
Liechtenstein,1890,0.755228
Liechtenstein,1891,0.76869786
Liechtenstein,1892,0.78565305
Liechtenstein,1893,0.8396822
Liechtenstein,1894,0.7965217
Liechtenstein,1895,0.8606464
Liechtenstein,1896,0.8763804
Liechtenstein,1897,0.8699644
Liechtenstein,1898,0.903314
Liechtenstein,1899,0.8252574
Liechtenstein,1900,0.9646772
Liechtenstein,1901,0.9049088
Liechtenstein,1902,0.9333028
Liechtenstein,1903,0.94393635
Liechtenstein,1904,0.99911606
Liechtenstein,1905,0.94053954
Liechtenstein,1906,0.99146336
Liechtenstein,1907,0.9943699
Liechtenstein,1908,0.977156
Liechtenstein,1909,0.9996049
Liechtenstein,1910,0.6062189
Liechtenstein,1911,0.5457438
Liechtenstein,1912,0.32074982
Liechtenstein,1913,0.21838199
Liechtenstein,1914,0.09230822
Liechtenstein,1915,-0.003154813
Liechtenstein,1916,-0.14071861
Liechtenstein,1917,-0.21077067
Liechtenstein,1918,-0.27038324
Liechtenstein,1919,-0.3692072
Liechtenstein,1920,-0.4037382
Liechtenstein,1921,-0.37813738
Liechtenstein,1922,-0.46505892
Liechtenstein,1923,-0.46505892
Liechtenstein,1924,-0.4771384
Liechtenstein,1925,-0.4831781
Liechtenstein,1926,-0.49827743
Liechtenstein,1927,-0.50431716
Liechtenstein,1928,-0.5133768
Liechtenstein,1929,-0.49770314
Liechtenstein,1930,-0.5236005
Liechtenstein,1931,-0.52775514
Liechtenstein,1932,-0.51630855
Liechtenstein,1933,-0.53402424
Liechtenstein,1934,-0.5456331
Liechtenstein,1935,-0.5659027
Liechtenstein,1936,-0.5800604
Liechtenstein,1937,-0.5853591
Liechtenstein,1938,-0.58478814
Liechtenstein,1939,-0.6014069
Liechtenstein,1940,-0.580819
Liechtenstein,1941,-0.5660873
Liechtenstein,1942,-0.53741664
Liechtenstein,1943,-0.51467746
Liechtenstein,1944,-0.5144505
Liechtenstein,1945,-0.49483627
Liechtenstein,1946,-0.48369637
Liechtenstein,1947,-0.4589904
Liechtenstein,1948,-0.46173465
Liechtenstein,1949,-0.42811286
Liechtenstein,1950,-0.41578817
Liechtenstein,1951,-0.38008296
Liechtenstein,1952,-0.3276727
Liechtenstein,1953,-0.26124325
Liechtenstein,1954,-0.19697584
Liechtenstein,1955,-0.1323186
Liechtenstein,1956,-0.04811556
Liechtenstein,1957,0.028333548
Liechtenstein,1958,0.1111215
Liechtenstein,1959,0.5331517
Liechtenstein,1960,0.27135798
Liechtenstein,1961,0.07399822
Liechtenstein,1962,-0.014872718
Liechtenstein,1963,-0.05597058
Liechtenstein,1964,-0.07883047
Liechtenstein,1965,-0.1419391
Liechtenstein,1966,-0.17305693
Liechtenstein,1967,-0.17631616
Liechtenstein,1968,-0.17531975
Liechtenstein,1969,-0.19024992
Liechtenstein,1970,-0.20117573
Liechtenstein,1971,-0.19534539
Liechtenstein,1972,-0.24834464
Liechtenstein,1973,-0.24882853
Liechtenstein,1974,-0.24602474
Liechtenstein,1975,-0.2402623
Liechtenstein,1976,-0.23310854
Liechtenstein,1977,-0.21568239
Liechtenstein,1978,-0.2169117
Liechtenstein,1979,-0.21503218
Liechtenstein,1980,-0.2704005
Liechtenstein,1981,-0.24913415
Liechtenstein,1982,-0.2326169
Liechtenstein,1983,-0.21244632
Liechtenstein,1984,-0.20241572
Liechtenstein,1985,-0.3259062
Liechtenstein,1986,-0.30936217
Liechtenstein,1987,-0.28791118
Liechtenstein,1988,-0.26841536
Liechtenstein,1989,-0.38941807
Liechtenstein,1990,-0.36801162
Liechtenstein,1991,-0.35439077
Liechtenstein,1992,-0.33299
Liechtenstein,1993,-0.31352592
Liechtenstein,1994,-0.2732182
Liechtenstein,1995,-0.2516873
Liechtenstein,1996,-0.1677581
Liechtenstein,1997,-0.18507373
Liechtenstein,1998,-0.2133135
Liechtenstein,1999,-0.23856936
Liechtenstein,2000,-0.26352543
Liechtenstein,2001,-0.33987853
Liechtenstein,2002,-0.3639663
Liechtenstein,2003,-0.37031847
Liechtenstein,2004,-0.3657389
Liechtenstein,2005,-0.39195642
Liechtenstein,2006,-0.40885836
Liechtenstein,2007,-0.42053923
Liechtenstein,2008,-0.3951129
Liechtenstein,2009,-0.42909032
Liechtenstein,2010,-0.4481085
Liechtenstein,2011,-0.4629785
Liechtenstein,2012,-0.47389245
Liechtenstein,2013,-0.46100545
Liechtenstein,2014,-0.4427765
Liechtenstein,2015,-0.453907
Liechtenstein,2016,-0.458134
Liechtenstein,2017,-0.43009013
Liechtenstein,2018,-0.41637456
Liechtenstein,2019,-0.4215002
Liechtenstein,2020,-0.39993602
Liechtenstein,2021,-0.39346352
Liechtenstein,2022,-0.38610634
Liechtenstein,2023,-0.3786769
Lithuania,1850,18.54741
Lithuania,1851,18.273863
Lithuania,1852,18.084812
Lithuania,1853,17.835144
Lithuania,1854,17.801931
Lithuania,1855,17.62723
Lithuania,1856,17.321178
Lithuania,1857,17.288956
Lithuania,1858,17.06741
Lithuania,1859,17.041058
Lithuania,1860,15.944142
Lithuania,1861,15.504908
Lithuania,1862,15.110965
Lithuania,1863,14.886105
Lithuania,1864,14.615048
Lithuania,1865,14.231672
Lithuania,1866,14.149211
Lithuania,1867,13.914784
Lithuania,1868,13.575791
Lithuania,1869,13.423301
Lithuania,1870,13.363496
Lithuania,1871,13.071944
Lithuania,1872,12.939176
Lithuania,1873,12.663777
Lithuania,1874,12.53249
Lithuania,1875,12.386758
Lithuania,1876,12.155739
Lithuania,1877,12.054808
Lithuania,1878,11.86621
Lithuania,1879,11.78355
Lithuania,1880,11.590391
Lithuania,1881,11.426154
Lithuania,1882,11.272698
Lithuania,1883,11.13138
Lithuania,1884,11.009492
Lithuania,1885,10.842967
Lithuania,1886,10.67512
Lithuania,1887,10.686243
Lithuania,1888,10.3873205
Lithuania,1889,10.310974
Lithuania,1890,10.103831
Lithuania,1891,9.9190445
Lithuania,1892,9.883334
Lithuania,1893,9.56815
Lithuania,1894,9.608327
Lithuania,1895,9.357222
Lithuania,1896,9.284944
Lithuania,1897,9.1561
Lithuania,1898,8.986234
Lithuania,1899,8.919501
Lithuania,1900,8.76499
Lithuania,1901,8.627783
Lithuania,1902,8.512299
Lithuania,1903,8.292317
Lithuania,1904,8.147761
Lithuania,1905,8.092694
Lithuania,1906,7.995035
Lithuania,1907,7.9006367
Lithuania,1908,7.779769
Lithuania,1909,7.805474
Lithuania,1910,6.378813
Lithuania,1911,5.9866533
Lithuania,1912,5.7844462
Lithuania,1913,5.7022967
Lithuania,1914,5.677724
Lithuania,1915,5.582394
Lithuania,1916,5.4212637
Lithuania,1917,5.505685
Lithuania,1918,5.5498986
Lithuania,1919,5.366908
Lithuania,1920,5.3775506
Lithuania,1921,5.2484283
Lithuania,1922,5.0577254
Lithuania,1923,4.9160023
Lithuania,1924,4.6873565
Lithuania,1925,4.60604
Lithuania,1926,4.417015
Lithuania,1927,4.2988977
Lithuania,1928,4.2162685
Lithuania,1929,4.0471387
Lithuania,1930,5.225513
Lithuania,1931,5.55528
Lithuania,1932,5.8499413
Lithuania,1933,5.9333363
Lithuania,1934,6.278491
Lithuania,1935,6.3511686
Lithuania,1936,6.58121
Lithuania,1937,6.693996
Lithuania,1938,6.9072523
Lithuania,1939,6.989467
Lithuania,1940,5.241105
Lithuania,1941,4.599741
Lithuania,1942,4.052137
Lithuania,1943,3.547196
Lithuania,1944,3.0496156
Lithuania,1945,2.5513508
Lithuania,1946,2.1649597
Lithuania,1947,1.8403614
Lithuania,1948,1.4671537
Lithuania,1949,1.1689419
Lithuania,1950,0.7391249
Lithuania,1951,0.59015274
Lithuania,1952,0.24931057
Lithuania,1953,0.11201467
Lithuania,1954,-0.45038053
Lithuania,1955,-0.71191174
Lithuania,1956,-1.0391284
Lithuania,1957,-1.7029617
Lithuania,1958,-2.6505096
Lithuania,1959,-5.537135
Lithuania,1960,-5.354857
Lithuania,1961,-4.607359
Lithuania,1962,-4.7616835
Lithuania,1963,-4.5043306
Lithuania,1964,-4.198425
Lithuania,1965,-4.2468348
Lithuania,1966,-3.9895291
Lithuania,1967,-3.6768703
Lithuania,1968,-3.5244184
Lithuania,1969,-3.311756
Lithuania,1970,-2.9361482
Lithuania,1971,-2.7620616
Lithuania,1972,-2.6505563
Lithuania,1973,-2.3242838
Lithuania,1974,-2.2591112
Lithuania,1975,-2.0125682
Lithuania,1976,-1.8639073
Lithuania,1977,-1.8658624
Lithuania,1978,-1.7472893
Lithuania,1979,-1.5433409
Lithuania,1980,-1.2852349
Lithuania,1981,-1.2452164
Lithuania,1982,-1.1184711
Lithuania,1983,-1.0809661
Lithuania,1984,-0.98172534
Lithuania,1985,-0.84240156
Lithuania,1986,-0.7308984
Lithuania,1987,-0.76786727
Lithuania,1988,-0.8247854
Lithuania,1989,-0.8013607
Lithuania,1990,-0.696781
Lithuania,1991,-0.39546794
Lithuania,1992,-0.4661475
Lithuania,1993,-1.6207471
Lithuania,1994,3.3321612
Lithuania,1995,0.39870656
Lithuania,1996,0.067485
Lithuania,1997,0.06160389
Lithuania,1998,1.160664
Lithuania,1999,1.2923851
Lithuania,2000,-5.4513173
Lithuania,2001,-4.644613
Lithuania,2002,-5.784288
Lithuania,2003,-4.381405
Lithuania,2004,-0.43248746
Lithuania,2005,-2.800807
Lithuania,2006,-3.6186604
Lithuania,2007,-3.5671625
Lithuania,2008,-2.4169855
Lithuania,2009,-1.219629
Lithuania,2010,-1.361601
Lithuania,2011,-1.0175788
Lithuania,2012,-0.5210287
Lithuania,2013,0.2741647
Lithuania,2014,-0.3470854
Lithuania,2015,-1.2083639
Lithuania,2016,-1.4190117
Lithuania,2017,-0.9821526
Lithuania,2018,-0.13010302
Lithuania,2019,-0.69426954
Lithuania,2020,-0.6314763
Lithuania,2021,-0.55395776
Lithuania,2022,-0.43834722
Lithuania,2023,-0.33330902
Low-income countries,1850,2.1840584
Low-income countries,1851,2.2291105
Low-income countries,1852,2.3488626
Low-income countries,1853,2.1920886
Low-income countries,1854,2.2999973
Low-income countries,1855,2.3604822
Low-income countries,1856,2.3362315
Low-income countries,1857,2.3208518
Low-income countries,1858,2.2802536
Low-income countries,1859,2.5059752
Low-income countries,1860,1.94827
Low-income countries,1861,1.7791858
Low-income countries,1862,1.7521873
Low-income countries,1863,1.704478
Low-income countries,1864,1.6051911
Low-income countries,1865,1.5723301
Low-income countries,1866,1.4937408
Low-income countries,1867,1.474374
Low-income countries,1868,1.4413246
Low-income countries,1869,1.4075933
Low-income countries,1870,1.5690498
Low-income countries,1871,1.5747386
Low-income countries,1872,1.4344109
Low-income countries,1873,1.4603127
Low-income countries,1874,1.4801719
Low-income countries,1875,1.5404228
Low-income countries,1876,1.38943
Low-income countries,1877,1.3983377
Low-income countries,1878,1.4463313
Low-income countries,1879,1.5376687
Low-income countries,1880,1.3726684
Low-income countries,1881,1.4694031
Low-income countries,1882,1.6286144
Low-income countries,1883,1.5180709
Low-income countries,1884,1.4890622
Low-income countries,1885,1.4799874
Low-income countries,1886,1.5196315
Low-income countries,1887,1.4644455
Low-income countries,1888,1.4928274
Low-income countries,1889,1.5253553
Low-income countries,1890,1.6007373
Low-income countries,1891,1.5941368
Low-income countries,1892,1.5220699
Low-income countries,1893,1.6224474
Low-income countries,1894,1.5555896
Low-income countries,1895,1.5702653
Low-income countries,1896,1.5266442
Low-income countries,1897,1.5766933
Low-income countries,1898,1.5711329
Low-income countries,1899,1.6158631
Low-income countries,1900,1.7425293
Low-income countries,1901,1.6998348
Low-income countries,1902,1.7773212
Low-income countries,1903,1.6816114
Low-income countries,1904,1.7550504
Low-income countries,1905,1.7750642
Low-income countries,1906,1.7424492
Low-income countries,1907,1.7063125
Low-income countries,1908,1.7675904
Low-income countries,1909,1.7975597
Low-income countries,1910,2.0765395
Low-income countries,1911,2.3986025
Low-income countries,1912,2.3502088
Low-income countries,1913,2.365961
Low-income countries,1914,2.5097682
Low-income countries,1915,2.6321144
Low-income countries,1916,2.5791128
Low-income countries,1917,2.6945999
Low-income countries,1918,2.6120753
Low-income countries,1919,2.6492965
Low-income countries,1920,2.6103861
Low-income countries,1921,2.9181607
Low-income countries,1922,2.9919634
Low-income countries,1923,3.0668979
Low-income countries,1924,3.0748413
Low-income countries,1925,3.260195
Low-income countries,1926,3.1092613
Low-income countries,1927,3.1544268
Low-income countries,1928,3.13614
Low-income countries,1929,3.2318141
Low-income countries,1930,3.8120933
Low-income countries,1931,4.284516
Low-income countries,1932,4.500318
Low-income countries,1933,4.723665
Low-income countries,1934,4.52144
Low-income countries,1935,4.7130423
Low-income countries,1936,4.713276
Low-income countries,1937,4.7394586
Low-income countries,1938,4.684605
Low-income countries,1939,4.7724104
Low-income countries,1940,5.804986
Low-income countries,1941,6.783839
Low-income countries,1942,7.234847
Low-income countries,1943,7.5311737
Low-income countries,1944,7.430195
Low-income countries,1945,7.588274
Low-income countries,1946,7.436078
Low-income countries,1947,7.51536
Low-income countries,1948,7.451229
Low-income countries,1949,7.347754
Low-income countries,1950,7.708778
Low-income countries,1951,7.467686
Low-income countries,1952,7.3119736
Low-income countries,1953,7.284121
Low-income countries,1954,7.361559
Low-income countries,1955,7.405124
Low-income countries,1956,7.4636316
Low-income countries,1957,7.539704
Low-income countries,1958,7.5824656
Low-income countries,1959,7.1745167
Low-income countries,1960,7.9892473
Low-income countries,1961,5.9735284
Low-income countries,1962,4.8310766
Low-income countries,1963,4.094341
Low-income countries,1964,3.6256983
Low-income countries,1965,3.041424
Low-income countries,1966,2.592284
Low-income countries,1967,2.651035
Low-income countries,1968,2.5729454
Low-income countries,1969,2.161766
Low-income countries,1970,2.0960743
Low-income countries,1971,2.089967
Low-income countries,1972,1.8987201
Low-income countries,1973,1.662435
Low-income countries,1974,1.7259759
Low-income countries,1975,1.8287185
Low-income countries,1976,1.5904226
Low-income countries,1977,1.6441736
Low-income countries,1978,1.410226
Low-income countries,1979,1.2664483
Low-income countries,1980,1.4783036
Low-income countries,1981,1.3504045
Low-income countries,1982,1.1552787
Low-income countries,1983,1.1064857
Low-income countries,1984,1.0981203
Low-income countries,1985,1.0265098
Low-income countries,1986,0.9387644
Low-income countries,1987,0.937285
Low-income countries,1988,0.828469
Low-income countries,1989,1.0409648
Low-income countries,1990,1.0782434
Low-income countries,1991,0.91458243
Low-income countries,1992,1.4453887
Low-income countries,1993,1.3823205
Low-income countries,1994,1.608509
Low-income countries,1995,1.6433154
Low-income countries,1996,1.558151
Low-income countries,1997,1.5289656
Low-income countries,1998,1.5197495
Low-income countries,1999,1.4602238
Low-income countries,2000,1.6010734
Low-income countries,2001,1.5084953
Low-income countries,2002,2.0202103
Low-income countries,2003,2.0640514
Low-income countries,2004,1.8873272
Low-income countries,2005,1.7348872
Low-income countries,2006,1.6344044
Low-income countries,2007,1.4472145
Low-income countries,2008,2.0532994
Low-income countries,2009,2.5470397
Low-income countries,2010,2.7474732
Low-income countries,2011,2.9702299
Low-income countries,2012,2.7248526
Low-income countries,2013,2.5307155
Low-income countries,2014,2.1053398
Low-income countries,2015,1.839028
Low-income countries,2016,1.898758
Low-income countries,2017,1.920668
Low-income countries,2018,1.5255737
Low-income countries,2019,1.4158573
Low-income countries,2020,1.2285767
Low-income countries,2021,1.2260499
Low-income countries,2022,1.2480696
Low-income countries,2023,1.2198461
Lower-middle-income countries,1850,2.2005777
Lower-middle-income countries,1851,2.258496
Lower-middle-income countries,1852,2.2066762
Lower-middle-income countries,1853,2.2673104
Lower-middle-income countries,1854,2.2296174
Lower-middle-income countries,1855,2.2216792
Lower-middle-income countries,1856,2.2202833
Lower-middle-income countries,1857,2.2408633
Lower-middle-income countries,1858,2.2486207
Lower-middle-income countries,1859,2.27626
Lower-middle-income countries,1860,1.6788114
Lower-middle-income countries,1861,1.4009409
Lower-middle-income countries,1862,1.2445682
Lower-middle-income countries,1863,1.214547
Lower-middle-income countries,1864,1.111613
Lower-middle-income countries,1865,1.0898459
Lower-middle-income countries,1866,1.0497142
Lower-middle-income countries,1867,0.9923419
Lower-middle-income countries,1868,0.9209617
Lower-middle-income countries,1869,0.97590494
Lower-middle-income countries,1870,1.0026698
Lower-middle-income countries,1871,0.97267276
Lower-middle-income countries,1872,1.0138913
Lower-middle-income countries,1873,0.9792141
Lower-middle-income countries,1874,0.98844653
Lower-middle-income countries,1875,0.9521704
Lower-middle-income countries,1876,0.99456817
Lower-middle-income countries,1877,0.9272528
Lower-middle-income countries,1878,0.9560893
Lower-middle-income countries,1879,0.95316017
Lower-middle-income countries,1880,1.0489043
Lower-middle-income countries,1881,1.1882719
Lower-middle-income countries,1882,1.2623743
Lower-middle-income countries,1883,1.26462
Lower-middle-income countries,1884,1.319933
Lower-middle-income countries,1885,1.323193
Lower-middle-income countries,1886,1.3284118
Lower-middle-income countries,1887,1.3483511
Lower-middle-income countries,1888,1.3196582
Lower-middle-income countries,1889,1.3303684
Lower-middle-income countries,1890,1.5328012
Lower-middle-income countries,1891,1.6849637
Lower-middle-income countries,1892,1.6371922
Lower-middle-income countries,1893,1.6736237
Lower-middle-income countries,1894,1.6834483
Lower-middle-income countries,1895,1.7090131
Lower-middle-income countries,1896,1.7340349
Lower-middle-income countries,1897,1.7367404
Lower-middle-income countries,1898,1.7112736
Lower-middle-income countries,1899,1.714218
Lower-middle-income countries,1900,1.5564749
Lower-middle-income countries,1901,1.5496141
Lower-middle-income countries,1902,1.5455929
Lower-middle-income countries,1903,1.5241069
Lower-middle-income countries,1904,1.5217948
Lower-middle-income countries,1905,1.5530676
Lower-middle-income countries,1906,1.5035105
Lower-middle-income countries,1907,1.4892454
Lower-middle-income countries,1908,1.4676373
Lower-middle-income countries,1909,1.426186
Lower-middle-income countries,1910,1.4997951
Lower-middle-income countries,1911,1.5332571
Lower-middle-income countries,1912,1.5634307
Lower-middle-income countries,1913,1.5341024
Lower-middle-income countries,1914,1.6019315
Lower-middle-income countries,1915,1.6654252
Lower-middle-income countries,1916,1.5809593
Lower-middle-income countries,1917,1.5271018
Lower-middle-income countries,1918,1.5805106
Lower-middle-income countries,1919,1.5554683
Lower-middle-income countries,1920,1.8255047
Lower-middle-income countries,1921,1.887016
Lower-middle-income countries,1922,1.9254972
Lower-middle-income countries,1923,1.94554
Lower-middle-income countries,1924,1.9668026
Lower-middle-income countries,1925,1.9771945
Lower-middle-income countries,1926,1.9622774
Lower-middle-income countries,1927,1.9870663
Lower-middle-income countries,1928,1.9468169
Lower-middle-income countries,1929,1.9454995
Lower-middle-income countries,1930,2.1008089
Lower-middle-income countries,1931,2.1994262
Lower-middle-income countries,1932,2.21854
Lower-middle-income countries,1933,2.2512112
Lower-middle-income countries,1934,2.2077196
Lower-middle-income countries,1935,2.2327378
Lower-middle-income countries,1936,2.181779
Lower-middle-income countries,1937,2.162632
Lower-middle-income countries,1938,2.2007236
Lower-middle-income countries,1939,2.1543224
Lower-middle-income countries,1940,2.5307736
Lower-middle-income countries,1941,2.7821593
Lower-middle-income countries,1942,2.9065373
Lower-middle-income countries,1943,3.0133002
Lower-middle-income countries,1944,3.0220215
Lower-middle-income countries,1945,3.067864
Lower-middle-income countries,1946,3.124443
Lower-middle-income countries,1947,3.0744874
Lower-middle-income countries,1948,3.1306014
Lower-middle-income countries,1949,3.1472936
Lower-middle-income countries,1950,3.5204737
Lower-middle-income countries,1951,3.6290147
Lower-middle-income countries,1952,3.6930158
Lower-middle-income countries,1953,3.800537
Lower-middle-income countries,1954,3.9042916
Lower-middle-income countries,1955,3.9030285
Lower-middle-income countries,1956,3.9321353
Lower-middle-income countries,1957,3.9631279
Lower-middle-income countries,1958,3.9779677
Lower-middle-income countries,1959,4.1085644
Lower-middle-income countries,1960,2.9473548
Lower-middle-income countries,1961,2.6667879
Lower-middle-income countries,1962,2.249278
Lower-middle-income countries,1963,2.0759795
Lower-middle-income countries,1964,1.8698872
Lower-middle-income countries,1965,1.5713006
Lower-middle-income countries,1966,1.5655344
Lower-middle-income countries,1967,1.4376082
Lower-middle-income countries,1968,1.1699948
Lower-middle-income countries,1969,1.8712349
Lower-middle-income countries,1970,1.4017625
Lower-middle-income countries,1971,1.2898409
Lower-middle-income countries,1972,1.329659
Lower-middle-income countries,1973,1.2849913
Lower-middle-income countries,1974,1.2611084
Lower-middle-income countries,1975,1.2121078
Lower-middle-income countries,1976,1.1792281
Lower-middle-income countries,1977,1.291452
Lower-middle-income countries,1978,1.0378859
Lower-middle-income countries,1979,0.8946882
Lower-middle-income countries,1980,0.84585464
Lower-middle-income countries,1981,0.8726564
Lower-middle-income countries,1982,0.68688077
Lower-middle-income countries,1983,0.83954257
Lower-middle-income countries,1984,0.8525247
Lower-middle-income countries,1985,0.7785204
Lower-middle-income countries,1986,0.72280824
Lower-middle-income countries,1987,0.68715775
Lower-middle-income countries,1988,0.7215417
Lower-middle-income countries,1989,0.5898678
Lower-middle-income countries,1990,0.60048115
Lower-middle-income countries,1991,0.6133335
Lower-middle-income countries,1992,0.69225276
Lower-middle-income countries,1993,0.6801483
Lower-middle-income countries,1994,0.82020545
Lower-middle-income countries,1995,0.76490283
Lower-middle-income countries,1996,0.78462446
Lower-middle-income countries,1997,0.70225835
Lower-middle-income countries,1998,0.79720503
Lower-middle-income countries,1999,0.69147766
Lower-middle-income countries,2000,0.74281335
Lower-middle-income countries,2001,0.6119234
Lower-middle-income countries,2002,0.59001535
Lower-middle-income countries,2003,0.6977923
Lower-middle-income countries,2004,0.60431904
Lower-middle-income countries,2005,0.5654626
Lower-middle-income countries,2006,0.5425384
Lower-middle-income countries,2007,0.60491574
Lower-middle-income countries,2008,0.63940287
Lower-middle-income countries,2009,0.59426403
Lower-middle-income countries,2010,0.5987874
Lower-middle-income countries,2011,0.5237357
Lower-middle-income countries,2012,0.5135204
Lower-middle-income countries,2013,0.4855275
Lower-middle-income countries,2014,0.5327361
Lower-middle-income countries,2015,0.47610012
Lower-middle-income countries,2016,0.43375975
Lower-middle-income countries,2017,0.4541966
Lower-middle-income countries,2018,0.36184996
Lower-middle-income countries,2019,0.2978182
Lower-middle-income countries,2020,0.27506334
Lower-middle-income countries,2021,0.27103654
Lower-middle-income countries,2022,0.26085514
Lower-middle-income countries,2023,0.25050756
Luxembourg,1850,2.4994302
Luxembourg,1851,2.4532483
Luxembourg,1852,2.457301
Luxembourg,1853,2.4978929
Luxembourg,1854,2.5162337
Luxembourg,1855,2.479173
Luxembourg,1856,2.4825757
Luxembourg,1857,2.4693751
Luxembourg,1858,2.4263523
Luxembourg,1859,2.35679
Luxembourg,1860,2.111248
Luxembourg,1861,1.9204075
Luxembourg,1862,1.7692043
Luxembourg,1863,1.5988562
Luxembourg,1864,1.5149809
Luxembourg,1865,1.3489662
Luxembourg,1866,1.209042
Luxembourg,1867,1.1742364
Luxembourg,1868,1.0361001
Luxembourg,1869,0.93539363
Luxembourg,1870,1.0423627
Luxembourg,1871,1.0272399
Luxembourg,1872,1.0295178
Luxembourg,1873,1.0624217
Luxembourg,1874,1.0775514
Luxembourg,1875,1.0559689
Luxembourg,1876,1.0758861
Luxembourg,1877,1.0775895
Luxembourg,1878,1.0500971
Luxembourg,1879,1.013627
Luxembourg,1880,1.0486037
Luxembourg,1881,0.99434006
Luxembourg,1882,0.963164
Luxembourg,1883,0.92454284
Luxembourg,1884,0.94207436
Luxembourg,1885,0.8818989
Luxembourg,1886,0.85224694
Luxembourg,1887,0.9178142
Luxembourg,1888,0.88521993
Luxembourg,1889,0.8643465
Luxembourg,1890,0.8571204
Luxembourg,1891,0.81004584
Luxembourg,1892,0.7787719
Luxembourg,1893,0.786918
Luxembourg,1894,0.7708595
Luxembourg,1895,0.71644664
Luxembourg,1896,0.7008467
Luxembourg,1897,0.667666
Luxembourg,1898,0.62512964
Luxembourg,1899,0.5759311
Luxembourg,1900,0.6773549
Luxembourg,1901,0.633338
Luxembourg,1902,0.5917003
Luxembourg,1903,0.5733279
Luxembourg,1904,0.57513964
Luxembourg,1905,0.56398165
Luxembourg,1906,0.5226283
Luxembourg,1907,0.519636
Luxembourg,1908,0.49780968
Luxembourg,1909,0.46483925
Luxembourg,1910,0.30759805
Luxembourg,1911,0.29734933
Luxembourg,1912,0.22156204
Luxembourg,1913,0.14120348
Luxembourg,1914,0.059018873
Luxembourg,1915,0.02621909
Luxembourg,1916,-0.041891824
Luxembourg,1917,-0.10664941
Luxembourg,1918,-0.10587531
Luxembourg,1919,-0.16056152
Luxembourg,1920,-0.1785403
Luxembourg,1921,-0.14722487
Luxembourg,1922,-0.13743636
Luxembourg,1923,-0.19824241
Luxembourg,1924,-0.22376966
Luxembourg,1925,-0.20984885
Luxembourg,1926,-0.19939771
Luxembourg,1927,-0.20633177
Luxembourg,1928,-0.1862214
Luxembourg,1929,-0.17419124
Luxembourg,1930,-0.20996077
Luxembourg,1931,-0.23302387
Luxembourg,1932,-0.22878994
Luxembourg,1933,-0.22847004
Luxembourg,1934,-0.23169155
Luxembourg,1935,-0.2679987
Luxembourg,1936,-0.28865868
Luxembourg,1937,-0.30906084
Luxembourg,1938,-0.29090595
Luxembourg,1939,-0.33192098
Luxembourg,1940,-0.4332744
Luxembourg,1941,-0.5099188
Luxembourg,1942,-0.58953136
Luxembourg,1943,-0.6512677
Luxembourg,1944,-0.72489053
Luxembourg,1945,-0.8072657
Luxembourg,1946,-0.8766293
Luxembourg,1947,-0.94303244
Luxembourg,1948,-1.0153661
Luxembourg,1949,-1.0615073
Luxembourg,1950,-1.1094456
Luxembourg,1951,-1.1740296
Luxembourg,1952,-1.1915884
Luxembourg,1953,-1.1948817
Luxembourg,1954,-1.2186084
Luxembourg,1955,-1.2226776
Luxembourg,1956,-1.2492415
Luxembourg,1957,-1.2372615
Luxembourg,1958,-1.259499
Luxembourg,1959,-1.2320043
Luxembourg,1960,-1.1562588
Luxembourg,1961,-1.1187804
Luxembourg,1962,-1.0511085
Luxembourg,1963,-1.0199375
Luxembourg,1964,-0.9504264
Luxembourg,1965,-0.9355059
Luxembourg,1966,-0.9168994
Luxembourg,1967,-0.8713304
Luxembourg,1968,-0.8392342
Luxembourg,1969,-0.8099925
Luxembourg,1970,-0.7721164
Luxembourg,1971,-0.6906677
Luxembourg,1972,-0.6536372
Luxembourg,1973,-0.61315024
Luxembourg,1974,-0.5895651
Luxembourg,1975,-0.57607454
Luxembourg,1976,-0.5539814
Luxembourg,1977,-0.5596243
Luxembourg,1978,-0.5715025
Luxembourg,1979,-1.2197076
Luxembourg,1980,-1.1849483
Luxembourg,1981,-1.0361456
Luxembourg,1982,-1.0533847
Luxembourg,1983,-0.7971735
Luxembourg,1984,-0.847952
Luxembourg,1985,-0.8293224
Luxembourg,1986,-0.78750247
Luxembourg,1987,-0.6903268
Luxembourg,1988,-0.64448047
Luxembourg,1989,-0.5869912
Luxembourg,1990,-0.54758495
Luxembourg,1991,0.9058328
Luxembourg,1992,0.52418715
Luxembourg,1993,1.7596109
Luxembourg,1994,0.5105374
Luxembourg,1995,0.19676097
Luxembourg,1996,0.34928554
Luxembourg,1997,0.26475114
Luxembourg,1998,0.32458037
Luxembourg,1999,0.9406018
Luxembourg,2000,0.45538488
Luxembourg,2001,0.3291537
Luxembourg,2002,0.27745885
Luxembourg,2003,0.28465214
Luxembourg,2004,0.16318877
Luxembourg,2005,0.17126021
Luxembourg,2006,0.43256217
Luxembourg,2007,0.39575547
Luxembourg,2008,0.20023045
Luxembourg,2009,0.21227406
Luxembourg,2010,0.21642785
Luxembourg,2011,0.25536743
Luxembourg,2012,0.22726302
Luxembourg,2013,0.2764942
Luxembourg,2014,0.27738065
Luxembourg,2015,0.19449219
Luxembourg,2016,0.23058994
Luxembourg,2017,0.22827399
Luxembourg,2018,0.18710019
Luxembourg,2019,0.20709546
Luxembourg,2020,0.24120823
Luxembourg,2021,0.21598287
Luxembourg,2022,0.20842053
Luxembourg,2023,0.20478044
Madagascar,1850,4.2694464
Madagascar,1851,3.744527
Madagascar,1852,3.668769
Madagascar,1853,4.248331
Madagascar,1854,3.8529494
Madagascar,1855,3.7333658
Madagascar,1856,3.4021595
Madagascar,1857,4.466122
Madagascar,1858,3.5363884
Madagascar,1859,4.2094874
Madagascar,1860,3.7893786
Madagascar,1861,4.274002
Madagascar,1862,4.331781
Madagascar,1863,3.7162588
Madagascar,1864,3.6925876
Madagascar,1865,4.1269813
Madagascar,1866,3.6695576
Madagascar,1867,3.8288019
Madagascar,1868,3.805164
Madagascar,1869,3.7005296
Madagascar,1870,4.28084
Madagascar,1871,5.0841875
Madagascar,1872,5.1235805
Madagascar,1873,4.3808126
Madagascar,1874,4.3895016
Madagascar,1875,5.358609
Madagascar,1876,4.529272
Madagascar,1877,4.544837
Madagascar,1878,4.7219725
Madagascar,1879,4.61754
Madagascar,1880,4.496991
Madagascar,1881,4.7958126
Madagascar,1882,5.169326
Madagascar,1883,4.9066257
Madagascar,1884,4.854017
Madagascar,1885,4.768947
Madagascar,1886,4.7970533
Madagascar,1887,4.6872945
Madagascar,1888,4.770717
Madagascar,1889,5.2966585
Madagascar,1890,5.7519975
Madagascar,1891,6.2661595
Madagascar,1892,6.058799
Madagascar,1893,7.338036
Madagascar,1894,5.976157
Madagascar,1895,7.560734
Madagascar,1896,5.893702
Madagascar,1897,6.720719
Madagascar,1898,6.511937
Madagascar,1899,5.752302
Madagascar,1900,6.929809
Madagascar,1901,7.5265856
Madagascar,1902,7.6270485
Madagascar,1903,8.529801
Madagascar,1904,8.945088
Madagascar,1905,8.933459
Madagascar,1906,8.385583
Madagascar,1907,8.749982
Madagascar,1908,8.340921
Madagascar,1909,9.637131
Madagascar,1910,9.558858
Madagascar,1911,11.752224
Madagascar,1912,10.706122
Madagascar,1913,10.689394
Madagascar,1914,11.852782
Madagascar,1915,12.052334
Madagascar,1916,11.5810995
Madagascar,1917,12.402619
Madagascar,1918,12.34525
Madagascar,1919,12.922348
Madagascar,1920,13.274572
Madagascar,1921,14.535113
Madagascar,1922,14.96523
Madagascar,1923,16.986229
Madagascar,1924,16.401352
Madagascar,1925,16.391338
Madagascar,1926,16.078747
Madagascar,1927,15.055921
Madagascar,1928,16.437428
Madagascar,1929,15.153827
Madagascar,1930,18.854866
Madagascar,1931,21.815859
Madagascar,1932,23.419756
Madagascar,1933,24.694452
Madagascar,1934,23.995941
Madagascar,1935,23.026932
Madagascar,1936,24.095425
Madagascar,1937,25.044453
Madagascar,1938,23.361765
Madagascar,1939,23.24755
Madagascar,1940,37.17619
Madagascar,1941,48.785225
Madagascar,1942,52.059948
Madagascar,1943,55.419247
Madagascar,1944,52.7003
Madagascar,1945,55.3787
Madagascar,1946,52.73854
Madagascar,1947,51.050686
Madagascar,1948,50.60374
Madagascar,1949,50.058743
Madagascar,1950,33.972176
Madagascar,1951,30.54
Madagascar,1952,27.718485
Madagascar,1953,25.830093
Madagascar,1954,26.121794
Madagascar,1955,26.209337
Madagascar,1956,25.999899
Madagascar,1957,26.903055
Madagascar,1958,26.762566
Madagascar,1959,26.501114
Madagascar,1960,26.655174
Madagascar,1961,18.798199
Madagascar,1962,14.052693
Madagascar,1963,11.273518
Madagascar,1964,9.861158
Madagascar,1965,9.228497
Madagascar,1966,8.135308
Madagascar,1967,7.379802
Madagascar,1968,7.1482477
Madagascar,1969,6.2248216
Madagascar,1970,5.521765
Madagascar,1971,5.6759615
Madagascar,1972,5.345723
Madagascar,1973,5.2305474
Madagascar,1974,11.613863
Madagascar,1975,12.588066
Madagascar,1976,10.520712
Madagascar,1977,11.606921
Madagascar,1978,8.601266
Madagascar,1979,6.069161
Madagascar,1980,5.0934916
Madagascar,1981,4.5646677
Madagascar,1982,4.384672
Madagascar,1983,4.1349425
Madagascar,1984,3.980638
Madagascar,1985,3.4541547
Madagascar,1986,3.1301281
Madagascar,1987,3.2018201
Madagascar,1988,2.9343903
Madagascar,1989,2.9148262
Madagascar,1990,2.9652238
Madagascar,1991,2.8843265
Madagascar,1992,4.022262
Madagascar,1993,3.6371129
Madagascar,1994,4.6674724
Madagascar,1995,4.0495176
Madagascar,1996,5.5387807
Madagascar,1997,6.6046453
Madagascar,1998,9.127146
Madagascar,1999,8.50037
Madagascar,2000,7.5954485
Madagascar,2001,5.605718
Madagascar,2002,4.722614
Madagascar,2003,4.014736
Madagascar,2004,3.5668302
Madagascar,2005,2.859261
Madagascar,2006,2.5299783
Madagascar,2007,2.3119698
Madagascar,2008,2.1421814
Madagascar,2009,1.869962
Madagascar,2010,1.7779171
Madagascar,2011,1.5474744
Madagascar,2012,1.4549297
Madagascar,2013,1.452669
Madagascar,2014,1.156324
Madagascar,2015,1.2645116
Madagascar,2016,1.2218474
Madagascar,2017,1.1628696
Madagascar,2018,0.9819283
Madagascar,2019,0.87918305
Madagascar,2020,0.83193725
Madagascar,2021,0.84712094
Madagascar,2022,0.85143787
Madagascar,2023,0.82548004
Malawi,1850,0.6967017
Malawi,1851,0.6266104
Malawi,1852,0.5275886
Malawi,1853,0.5078996
Malawi,1854,0.5372868
Malawi,1855,0.4857116
Malawi,1856,0.49447122
Malawi,1857,0.4859852
Malawi,1858,0.47025907
Malawi,1859,0.4640795
Malawi,1860,0.46430004
Malawi,1861,0.4821622
Malawi,1862,0.6283354
Malawi,1863,0.52214205
Malawi,1864,0.5225452
Malawi,1865,0.4947459
Malawi,1866,0.5047093
Malawi,1867,0.48935467
Malawi,1868,0.50864434
Malawi,1869,0.50401765
Malawi,1870,0.53038347
Malawi,1871,0.5169609
Malawi,1872,0.54606
Malawi,1873,0.6195321
Malawi,1874,0.6081209
Malawi,1875,0.6392091
Malawi,1876,0.6050783
Malawi,1877,0.624787
Malawi,1878,0.6090824
Malawi,1879,0.61682236
Malawi,1880,0.5999074
Malawi,1881,0.6208535
Malawi,1882,0.70703167
Malawi,1883,0.6848135
Malawi,1884,0.66530967
Malawi,1885,0.6625744
Malawi,1886,0.7863229
Malawi,1887,0.796724
Malawi,1888,0.72025603
Malawi,1889,0.720735
Malawi,1890,0.67940736
Malawi,1891,0.77400464
Malawi,1892,0.8145664
Malawi,1893,0.7899829
Malawi,1894,0.7688217
Malawi,1895,0.78438514
Malawi,1896,0.8656044
Malawi,1897,0.8569952
Malawi,1898,0.8182057
Malawi,1899,0.8348412
Malawi,1900,0.9207297
Malawi,1901,0.96096426
Malawi,1902,0.99258965
Malawi,1903,1.102208
Malawi,1904,1.1217169
Malawi,1905,1.1645439
Malawi,1906,1.0535306
Malawi,1907,1.0618899
Malawi,1908,1.0242001
Malawi,1909,1.1677576
Malawi,1910,1.294868
Malawi,1911,1.4486848
Malawi,1912,1.6470417
Malawi,1913,1.5492388
Malawi,1914,1.6838486
Malawi,1915,1.6950092
Malawi,1916,1.7865489
Malawi,1917,1.8796624
Malawi,1918,1.8961644
Malawi,1919,1.6922694
Malawi,1920,1.8928633
Malawi,1921,2.1304266
Malawi,1922,2.3871849
Malawi,1923,2.4650042
Malawi,1924,2.4206703
Malawi,1925,2.6145651
Malawi,1926,2.649749
Malawi,1927,2.4159307
Malawi,1928,2.234924
Malawi,1929,2.465185
Malawi,1930,2.972156
Malawi,1931,3.5236518
Malawi,1932,4.139654
Malawi,1933,4.280905
Malawi,1934,3.847197
Malawi,1935,4.4037933
Malawi,1936,4.259491
Malawi,1937,4.084549
Malawi,1938,4.2473507
Malawi,1939,4.0756364
Malawi,1940,6.50226
Malawi,1941,9.12462
Malawi,1942,10.2436905
Malawi,1943,10.76018
Malawi,1944,11.196539
Malawi,1945,10.907754
Malawi,1946,11.201111
Malawi,1947,11.214668
Malawi,1948,11.242503
Malawi,1949,10.156979
Malawi,1950,13.255248
Malawi,1951,10.241827
Malawi,1952,8.53914
Malawi,1953,7.359956
Malawi,1954,6.226361
Malawi,1955,5.9657965
Malawi,1956,5.4404883
Malawi,1957,4.8994737
Malawi,1958,4.7815905
Malawi,1959,4.5695906
Malawi,1960,6.077482
Malawi,1961,7.2043877
Malawi,1962,7.6353855
Malawi,1963,6.8463087
Malawi,1964,10.055472
Malawi,1965,9.577773
Malawi,1966,6.220775
Malawi,1967,6.3862524
Malawi,1968,6.2666883
Malawi,1969,4.360411
Malawi,1970,6.075496
Malawi,1971,5.8261704
Malawi,1972,5.111846
Malawi,1973,3.761364
Malawi,1974,2.6727626
Malawi,1975,2.3225868
Malawi,1976,2.0571866
Malawi,1977,2.269034
Malawi,1978,1.7240875
Malawi,1979,0.7988273
Malawi,1980,1.6820403
Malawi,1981,2.0710154
Malawi,1982,0.987666
Malawi,1983,1.1169355
Malawi,1984,0.9337025
Malawi,1985,1.5962847
Malawi,1986,1.0587754
Malawi,1987,0.8242002
Malawi,1988,1.0290058
Malawi,1989,1.1604782
Malawi,1990,1.5400962
Malawi,1991,0.8760539
Malawi,1992,0.55636233
Malawi,1993,-0.03984656
Malawi,1994,1.3534678
Malawi,1995,1.5558645
Malawi,1996,1.4246738
Malawi,1997,1.8695198
Malawi,1998,1.9852998
Malawi,1999,1.7640799
Malawi,2000,1.7200722
Malawi,2001,1.3417977
Malawi,2002,1.6933341
Malawi,2003,1.3834168
Malawi,2004,1.8564847
Malawi,2005,1.8424029
Malawi,2006,1.4032369
Malawi,2007,1.5778558
Malawi,2008,1.4031297
Malawi,2009,0.8821634
Malawi,2010,0.733271
Malawi,2011,0.61226463
Malawi,2012,0.6402882
Malawi,2013,0.75871396
Malawi,2014,0.7234673
Malawi,2015,0.6661792
Malawi,2016,0.63252777
Malawi,2017,0.60368764
Malawi,2018,0.55761594
Malawi,2019,0.5321493
Malawi,2020,0.52096987
Malawi,2021,0.49991754
Malawi,2022,0.4857079
Malawi,2023,0.46037272
Malaysia,1850,22.090218
Malaysia,1851,-12.355835
Malaysia,1852,32.029736
Malaysia,1853,55.20522
Malaysia,1854,23.431892
Malaysia,1855,41.621532
Malaysia,1856,19.122162
Malaysia,1857,50.83514
Malaysia,1858,-7.2015657
Malaysia,1859,13.017622
Malaysia,1860,40.541565
Malaysia,1861,21.16483
Malaysia,1862,48.352764
Malaysia,1863,37.810417
Malaysia,1864,23.347479
Malaysia,1865,24.302605
Malaysia,1866,11.396956
Malaysia,1867,26.4237
Malaysia,1868,20.67669
Malaysia,1869,21.62
Malaysia,1870,-0.5978964
Malaysia,1871,35.663692
Malaysia,1872,35.32873
Malaysia,1873,0.26749417
Malaysia,1874,16.835934
Malaysia,1875,32.33541
Malaysia,1876,56.33553
Malaysia,1877,-3.4966505
Malaysia,1878,1.534806
Malaysia,1879,21.561317
Malaysia,1880,16.033165
Malaysia,1881,38.04896
Malaysia,1882,56.534977
Malaysia,1883,44.886017
Malaysia,1884,38.256634
Malaysia,1885,34.77295
Malaysia,1886,31.0629
Malaysia,1887,25.149277
Malaysia,1888,23.226854
Malaysia,1889,34.924446
Malaysia,1890,28.423916
Malaysia,1891,30.533442
Malaysia,1892,19.460947
Malaysia,1893,11.598974
Malaysia,1894,12.6250515
Malaysia,1895,6.764864
Malaysia,1896,13.792087
Malaysia,1897,19.728065
Malaysia,1898,5.903262
Malaysia,1899,13.515583
Malaysia,1900,14.164663
Malaysia,1901,13.025472
Malaysia,1902,19.117344
Malaysia,1903,14.083814
Malaysia,1904,9.553726
Malaysia,1905,19.43477
Malaysia,1906,23.79619
Malaysia,1907,22.272451
Malaysia,1908,21.131615
Malaysia,1909,19.131725
Malaysia,1910,15.400273
Malaysia,1911,35.875008
Malaysia,1912,34.787727
Malaysia,1913,29.56999
Malaysia,1914,33.740017
Malaysia,1915,31.4278
Malaysia,1916,29.190878
Malaysia,1917,36.44538
Malaysia,1918,38.03022
Malaysia,1919,27.525183
Malaysia,1920,22.642242
Malaysia,1921,16.088669
Malaysia,1922,6.497773
Malaysia,1923,11.98096
Malaysia,1924,6.818563
Malaysia,1925,6.6804466
Malaysia,1926,2.9274614
Malaysia,1927,0.8052307
Malaysia,1928,3.2037823
Malaysia,1929,6.1222444
Malaysia,1930,14.270626
Malaysia,1931,12.256509
Malaysia,1932,10.269509
Malaysia,1933,14.153032
Malaysia,1934,15.282716
Malaysia,1935,13.096136
Malaysia,1936,7.780623
Malaysia,1937,15.228027
Malaysia,1938,15.408484
Malaysia,1939,12.369838
Malaysia,1940,16.455183
Malaysia,1941,18.72573
Malaysia,1942,20.601027
Malaysia,1943,16.970242
Malaysia,1944,17.865385
Malaysia,1945,17.771318
Malaysia,1946,16.375149
Malaysia,1947,18.138725
Malaysia,1948,16.50522
Malaysia,1949,16.525534
Malaysia,1950,9.287351
Malaysia,1951,6.9254966
Malaysia,1952,5.993044
Malaysia,1953,4.948464
Malaysia,1954,4.789068
Malaysia,1955,4.020174
Malaysia,1956,3.3625255
Malaysia,1957,2.779161
Malaysia,1958,2.7901747
Malaysia,1959,1.7120973
Malaysia,1960,1.8085964
Malaysia,1961,5.2533383
Malaysia,1962,10.343094
Malaysia,1963,8.740564
Malaysia,1964,13.320449
Malaysia,1965,6.63153
Malaysia,1966,8.387215
Malaysia,1967,12.49348
Malaysia,1968,10.212162
Malaysia,1969,13.7296915
Malaysia,1970,11.13243
Malaysia,1971,13.740128
Malaysia,1972,12.362421
Malaysia,1973,10.506706
Malaysia,1974,12.63622
Malaysia,1975,12.928548
Malaysia,1976,15.011504
Malaysia,1977,15.38929
Malaysia,1978,14.518953
Malaysia,1979,12.198951
Malaysia,1980,12.784184
Malaysia,1981,10.852468
Malaysia,1982,11.7838335
Malaysia,1983,8.217423
Malaysia,1984,12.615152
Malaysia,1985,18.176758
Malaysia,1986,23.044987
Malaysia,1987,21.889477
Malaysia,1988,22.565397
Malaysia,1989,14.039812
Malaysia,1990,10.12214
Malaysia,1991,7.9065304
Malaysia,1992,8.868349
Malaysia,1993,9.427957
Malaysia,1994,8.450797
Malaysia,1995,6.701552
Malaysia,1996,6.0938325
Malaysia,1997,5.4311347
Malaysia,1998,6.221198
Malaysia,1999,5.341767
Malaysia,2000,3.494219
Malaysia,2001,4.8197374
Malaysia,2002,4.684934
Malaysia,2003,4.527895
Malaysia,2004,3.610365
Malaysia,2005,3.2796922
Malaysia,2006,3.6848054
Malaysia,2007,4.198778
Malaysia,2008,4.2718067
Malaysia,2009,5.3242784
Malaysia,2010,5.6878724
Malaysia,2011,7.2927155
Malaysia,2012,6.839867
Malaysia,2013,5.475715
Malaysia,2014,9.779147
Malaysia,2015,5.536512
Malaysia,2016,4.121605
Malaysia,2017,3.1632483
Malaysia,2018,2.5526268
Malaysia,2019,2.0023592
Malaysia,2020,1.8766371
Malaysia,2021,1.7314807
Malaysia,2022,1.7342142
Malaysia,2023,1.6896245
Maldives,1850,0.001449109
Maldives,1851,0.001442179
Maldives,1852,0.001435287
Maldives,1853,0.001428432
Maldives,1854,0.001421615
Maldives,1855,0.001414836
Maldives,1856,0.001408094
Maldives,1857,0.001401362
Maldives,1858,0.001394694
Maldives,1859,0.001388037
Maldives,1860,0.000690708
Maldives,1861,0.000687417
Maldives,1862,0.000684144
Maldives,1863,0.000680889
Maldives,1864,0.00067764
Maldives,1865,0.000674422
Maldives,1866,0.00067121
Maldives,1867,0.000668016
Maldives,1868,0.00066484
Maldives,1869,0.000661682
Maldives,1870,0
Maldives,1871,0
Maldives,1872,0
Maldives,1873,0
Maldives,1874,0
Maldives,1875,0
Maldives,1876,0
Maldives,1877,0
Maldives,1878,0
Maldives,1879,0
Maldives,1880,0.000627935
Maldives,1881,0.000624957
Maldives,1882,0.000621997
Maldives,1883,0.000619055
Maldives,1884,0.000616119
Maldives,1885,0.000613201
Maldives,1886,0.0006103
Maldives,1887,0.000607407
Maldives,1888,0.000604541
Maldives,1889,0.000601682
Maldives,1890,0.00119766
Maldives,1891,0.00119201
Maldives,1892,0.001186375
Maldives,1893,0.001180774
Maldives,1894,0.001175188
Maldives,1895,0.001169635
Maldives,1896,0.001164117
Maldives,1897,0.001158632
Maldives,1898,0.001153162
Maldives,1899,0.001147726
Maldives,1900,0.000571161
Maldives,1901,0.000568467
Maldives,1902,0.00056579
Maldives,1903,0.000563121
Maldives,1904,0.000560468
Maldives,1905,0.000557831
Maldives,1906,0.000555202
Maldives,1907,0.00055259
Maldives,1908,0.000549993
Maldives,1909,0.000548372
Maldives,1910,0.000547699
Maldives,1911,0.000547986
Maldives,1912,0.000549218
Maldives,1913,0.000551425
Maldives,1914,0.000553633
Maldives,1915,0.000555851
Maldives,1916,0.000558077
Maldives,1917,0.000560322
Maldives,1918,0.000561903
Maldives,1919,0.000561808
Maldives,1920,0
Maldives,1921,0
Maldives,1922,0
Maldives,1923,0
Maldives,1924,0
Maldives,1925,0
Maldives,1926,0
Maldives,1927,0
Maldives,1928,0
Maldives,1929,0
Maldives,1930,0
Maldives,1931,0
Maldives,1932,0
Maldives,1933,0
Maldives,1934,0
Maldives,1935,0
Maldives,1936,0
Maldives,1937,0
Maldives,1938,0
Maldives,1939,0
Maldives,1940,0.001393633
Maldives,1941,0.000930457
Maldives,1942,0.000934897
Maldives,1943,0.00141378
Maldives,1944,0.000950207
Maldives,1945,0.001436919
Maldives,1946,0.000965761
Maldives,1947,0.001460459
Maldives,1948,0.000981569
Maldives,1949,0.000985012
Maldives,1950,0.000492334
Maldives,1951,0.000484144
Maldives,1952,0.000475597
Maldives,1953,0.000467001
Maldives,1954,0.000916309
Maldives,1955,0.000898403
Maldives,1956,0.000879997
Maldives,1957,0.000861186
Maldives,1958,0.000842125
Maldives,1959,0.00082314
Maldives,1960,0
Maldives,1961,0
Maldives,1962,0.013772998
Maldives,1963,0
Maldives,1964,0
Maldives,1965,0
Maldives,1966,0
Maldives,1967,0
Maldives,1968,0
Maldives,1969,0.000306516
Maldives,1970,0
Maldives,1971,0.000288488
Maldives,1972,0
Maldives,1973,0
Maldives,1974,0
Maldives,1975,0.000767995
Maldives,1976,0.000745271
Maldives,1977,0.000723648
Maldives,1978,0
Maldives,1979,0
Maldives,1980,0
Maldives,1981,0
Maldives,1982,0
Maldives,1983,0
Maldives,1984,0
Maldives,1985,0
Maldives,1986,0
Maldives,1987,0
Maldives,1988,0
Maldives,1989,0
Maldives,1990,0
Maldives,1991,0
Maldives,1992,0
Maldives,1993,0
Maldives,1994,0
Maldives,1995,0
Maldives,1996,0
Maldives,1997,0
Maldives,1998,0
Maldives,1999,0
Maldives,2000,0
Maldives,2001,0
Maldives,2002,0.000628284
Maldives,2003,0
Maldives,2004,0.002188443
Maldives,2005,0
Maldives,2006,0
Maldives,2007,0.001919838
Maldives,2008,0
Maldives,2009,-0.000105217
Maldives,2010,0.000812536
Maldives,2011,0
Maldives,2012,0.000189465
Maldives,2013,0
Maldives,2014,0
Maldives,2015,0.000171166
Maldives,2016,0
Maldives,2017,0
Maldives,2018,7.75E-05
Maldives,2019,0
Maldives,2020,0
Maldives,2021,0
Maldives,2022,0
Maldives,2023,0
Mali,1850,0.949822
Mali,1851,1.2002431
Mali,1852,1.3295059
Mali,1853,1.4057746
Mali,1854,1.4522685
Mali,1855,1.4821746
Mali,1856,1.4999253
Mali,1857,1.510462
Mali,1858,1.516148
Mali,1859,1.5176402
Mali,1860,0.9720611
Mali,1861,0.7468485
Mali,1862,0.6197272
Mali,1863,0.5365106
Mali,1864,0.47737443
Mali,1865,0.43312666
Mali,1866,0.39852917
Mali,1867,0.37067616
Mali,1868,0.34744808
Mali,1869,0.32770735
Mali,1870,0.34942243
Mali,1871,0.35885417
Mali,1872,0.3614656
Mali,1873,0.36043638
Mali,1874,0.35767516
Mali,1875,0.35380825
Mali,1876,0.34951827
Mali,1877,0.3450714
Mali,1878,0.3405118
Mali,1879,0.3360735
Mali,1880,0.32427356
Mali,1881,0.34143153
Mali,1882,0.35530737
Mali,1883,0.36417177
Mali,1884,0.36958972
Mali,1885,0.37270716
Mali,1886,0.3737475
Mali,1887,0.37380174
Mali,1888,0.37305534
Mali,1889,0.37156025
Mali,1890,0.40649888
Mali,1891,0.43288153
Mali,1892,0.44921997
Mali,1893,0.45875776
Mali,1894,0.46404704
Mali,1895,0.46656755
Mali,1896,0.46720195
Mali,1897,0.46647522
Mali,1898,0.46473226
Mali,1899,0.4616526
Mali,1900,0.49313912
Mali,1901,0.5183659
Mali,1902,0.53209263
Mali,1903,0.5377869
Mali,1904,0.53892225
Mali,1905,0.5372356
Mali,1906,0.5338611
Mali,1907,0.52903104
Mali,1908,0.5233848
Mali,1909,0.51743925
Mali,1910,0.59613144
Mali,1911,0.65664124
Mali,1912,0.69480103
Mali,1913,0.71821445
Mali,1914,0.7321558
Mali,1915,0.74001044
Mali,1916,0.74373883
Mali,1917,0.7445414
Mali,1918,0.74636215
Mali,1919,0.74553543
Mali,1920,0.8249815
Mali,1921,0.90773225
Mali,1922,0.9679601
Mali,1923,1.0108535
Mali,1924,1.0422658
Mali,1925,1.0659953
Mali,1926,1.0839425
Mali,1927,1.0972958
Mali,1928,1.1070333
Mali,1929,1.1134875
Mali,1930,1.3143947
Mali,1931,1.503963
Mali,1932,1.6307067
Mali,1933,1.712195
Mali,1934,1.7650093
Mali,1935,1.7993737
Mali,1936,1.8214338
Mali,1937,1.8393526
Mali,1938,1.8425126
Mali,1939,1.843504
Mali,1940,2.4522598
Mali,1941,3.1351588
Mali,1942,3.5991213
Mali,1943,3.8846974
Mali,1944,4.058549
Mali,1945,4.157773
Mali,1946,4.203374
Mali,1947,4.1977825
Mali,1948,4.131993
Mali,1949,3.868718
Mali,1950,2.549853
Mali,1951,2.9384773
Mali,1952,2.609601
Mali,1953,2.274411
Mali,1954,2.019838
Mali,1955,1.8414383
Mali,1956,1.7705185
Mali,1957,1.6040459
Mali,1958,1.5701301
Mali,1959,1.5316819
Mali,1960,1.1656165
Mali,1961,0.9647225
Mali,1962,0.8868476
Mali,1963,0.7266216
Mali,1964,0.6961049
Mali,1965,0.5811679
Mali,1966,0.5709399
Mali,1967,0.46203196
Mali,1968,0.40406752
Mali,1969,0.8421692
Mali,1970,0.49441323
Mali,1971,0.40917575
Mali,1972,0.39047456
Mali,1973,0.83882856
Mali,1974,1.0369625
Mali,1975,2.6036713
Mali,1976,1.4760289
Mali,1977,1.0333592
Mali,1978,0.83369374
Mali,1979,0.6359017
Mali,1980,0.47322488
Mali,1981,0.47211683
Mali,1982,0.39184466
Mali,1983,0.37974134
Mali,1984,0.61912847
Mali,1985,0.4753266
Mali,1986,0.39739865
Mali,1987,0.58066046
Mali,1988,0.45560104
Mali,1989,0.40119284
Mali,1990,0.4124864
Mali,1991,1.1890936
Mali,1992,7.1511474
Mali,1993,5.3520985
Mali,1994,5.428725
Mali,1995,11.613821
Mali,1996,6.8390436
Mali,1997,4.74259
Mali,1998,3.3323603
Mali,1999,2.541024
Mali,2000,2.7772214
Mali,2001,4.404726
Mali,2002,7.8662543
Mali,2003,2.7806766
Mali,2004,4.4786606
Mali,2005,2.634097
Mali,2006,2.0804958
Mali,2007,2.3670542
Mali,2008,2.2555885
Mali,2009,1.6636509
Mali,2010,1.7156107
Mali,2011,1.6765357
Mali,2012,1.8351082
Mali,2013,1.8010616
Mali,2014,1.7444371
Mali,2015,1.7710838
Mali,2016,1.6725731
Mali,2017,1.6698036
Mali,2018,1.5906076
Mali,2019,1.5158848
Mali,2020,1.5404574
Mali,2021,1.463151
Mali,2022,1.3955194
Mali,2023,1.3001629
Malta,1850,0.20392387
Malta,1851,0.18697128
Malta,1852,0.17177016
Malta,1853,0.15829305
Malta,1854,0.14629295
Malta,1855,0.13552374
Malta,1856,0.12596934
Malta,1857,0.11716927
Malta,1858,0.109333165
Malta,1859,0.102228604
Malta,1860,0.0945411
Malta,1861,0.08800934
Malta,1862,0.0821872
Malta,1863,0.07684933
Malta,1864,0.0719893
Malta,1865,0.0676003
Malta,1866,0.06367517
Malta,1867,0.059788387
Malta,1868,0.056356065
Malta,1869,0.053164955
Malta,1870,0.050004397
Malta,1871,0.047285642
Malta,1872,0.044797424
Malta,1873,0.042333208
Malta,1874,0.04009528
Malta,1875,0.037878715
Malta,1876,0.03588403
Malta,1877,0.03410784
Malta,1878,0.03234873
Malta,1879,0.030606395
Malta,1880,0.02907718
Malta,1881,0.027562689
Malta,1882,0.026257146
Malta,1883,0.024964137
Malta,1884,0.023683432
Malta,1885,0.022606641
Malta,1886,0.021349316
Malta,1887,0.02029381
Malta,1888,0.019437166
Malta,1889,0.018400738
Malta,1890,0.014572005
Malta,1891,0.01096711
Malta,1892,0.007582973
Malta,1893,0.004416542
Malta,1894,0.001464802
Malta,1895,-0.001275271
Malta,1896,-0.00380664
Malta,1897,-0.006132248
Malta,1898,-0.008434416
Malta,1899,-0.010534842
Malta,1900,-0.008883114
Malta,1901,-0.007601219
Malta,1902,-0.006507805
Malta,1903,-0.005600199
Malta,1904,-0.004701499
Malta,1905,-0.003984944
Malta,1906,-0.003275431
Malta,1907,-0.002744454
Malta,1908,-0.002218713
Malta,1909,-0.001700808
Malta,1910,-0.007638991
Malta,1911,-0.011029909
Malta,1912,-0.013590945
Malta,1913,-0.016012497
Malta,1914,-0.018105468
Malta,1915,-0.020038422
Malta,1916,-0.021981664
Malta,1917,-0.023763137
Malta,1918,-0.025357476
Malta,1919,-0.026738482
Malta,1920,-0.028243035
Malta,1921,-0.029519182
Malta,1922,-0.03056236
Malta,1923,-0.03154016
Malta,1924,-0.032503024
Malta,1925,-0.033284154
Malta,1926,-0.03405297
Malta,1927,-0.034809608
Malta,1928,-0.03539052
Malta,1929,-0.036091633
Malta,1930,-0.043837775
Malta,1931,-0.050921924
Malta,1932,-0.05749929
Malta,1933,-0.063253194
Malta,1934,-0.068560734
Malta,1935,-0.07343481
Malta,1936,-0.0778884
Malta,1937,-0.08193329
Malta,1938,-0.08558196
Malta,1939,-0.088935226
Malta,1940,-0.09933714
Malta,1941,-0.108686514
Malta,1942,-0.11713994
Malta,1943,-0.124712765
Malta,1944,-0.13149986
Malta,1945,-0.13752998
Malta,1946,-0.14309503
Malta,1947,-0.14795114
Malta,1948,-0.15238132
Malta,1949,-0.15657197
Malta,1950,-0.17173621
Malta,1951,-0.18441172
Malta,1952,-0.19709715
Malta,1953,-0.20990755
Malta,1954,-0.2231967
Malta,1955,-0.23658626
Malta,1956,-0.24921922
Malta,1957,-0.26022726
Malta,1958,-0.26987144
Malta,1959,-0.2777573
Malta,1960,-0.2618559
Malta,1961,-0.308358
Malta,1962,-0.3523642
Malta,1963,-0.39409918
Malta,1964,-0.43410078
Malta,1965,-0.4109887
Malta,1966,-0.3903319
Malta,1967,-0.37129208
Malta,1968,-0.35182193
Malta,1969,-0.3321964
Malta,1970,-0.31372154
Malta,1971,-0.2965945
Malta,1972,-0.28057316
Malta,1973,-0.26524416
Malta,1974,-0.31255615
Malta,1975,-0.29363957
Malta,1976,-0.069402635
Malta,1977,-0.16324538
Malta,1978,-0.1772424
Malta,1979,-0.23654935
Malta,1980,-0.22614512
Malta,1981,-0.21566573
Malta,1982,-0.20538841
Malta,1983,-0.1953158
Malta,1984,-0.18555261
Malta,1985,-0.17617133
Malta,1986,-0.16708022
Malta,1987,-0.15821114
Malta,1988,-0.14973652
Malta,1989,-0.14154482
Malta,1990,-0.13376552
Malta,1991,-0.12631488
Malta,1992,-0.117616706
Malta,1993,-0.109966025
Malta,1994,-0.21287692
Malta,1995,-0.19562958
Malta,1996,-0.23879561
Malta,1997,-0.2760388
Malta,1998,-0.25506675
Malta,1999,-0.24051687
Malta,2000,-0.030239644
Malta,2001,-0.124546945
Malta,2002,-0.061259117
Malta,2003,-0.12701589
Malta,2004,-0.16752182
Malta,2005,-0.16242124
Malta,2006,-0.15717562
Malta,2007,-0.14993355
Malta,2008,-0.14335117
Malta,2009,0.06984007
Malta,2010,-0.04178937
Malta,2011,-0.06826064
Malta,2012,-0.07807916
Malta,2013,-0.0779993
Malta,2014,-0.07758942
Malta,2015,-0.044633113
Malta,2016,-0.059319153
Malta,2017,-0.05967669
Malta,2018,-0.05769936
Malta,2019,-0.10541939
Malta,2020,-0.112145595
Malta,2021,-0.11816537
Malta,2022,-0.12397222
Malta,2023,-0.12904967
Marshall Islands,1850,0
Marshall Islands,1851,0
Marshall Islands,1852,0
Marshall Islands,1853,0
Marshall Islands,1854,0
Marshall Islands,1855,0
Marshall Islands,1856,0
Marshall Islands,1857,0
Marshall Islands,1858,0
Marshall Islands,1859,0
Marshall Islands,1860,0
Marshall Islands,1861,0
Marshall Islands,1862,0
Marshall Islands,1863,0
Marshall Islands,1864,0
Marshall Islands,1865,0
Marshall Islands,1866,0
Marshall Islands,1867,0
Marshall Islands,1868,0
Marshall Islands,1869,0
Marshall Islands,1870,0
Marshall Islands,1871,0
Marshall Islands,1872,0
Marshall Islands,1873,0
Marshall Islands,1874,0
Marshall Islands,1875,0
Marshall Islands,1876,0
Marshall Islands,1877,0
Marshall Islands,1878,0
Marshall Islands,1879,0
Marshall Islands,1880,0
Marshall Islands,1881,0
Marshall Islands,1882,0
Marshall Islands,1883,0
Marshall Islands,1884,0
Marshall Islands,1885,0
Marshall Islands,1886,0
Marshall Islands,1887,0
Marshall Islands,1888,0
Marshall Islands,1889,0
Marshall Islands,1890,0
Marshall Islands,1891,0
Marshall Islands,1892,0
Marshall Islands,1893,0
Marshall Islands,1894,0
Marshall Islands,1895,0
Marshall Islands,1896,0
Marshall Islands,1897,0
Marshall Islands,1898,0
Marshall Islands,1899,0
Marshall Islands,1900,0
Marshall Islands,1901,0
Marshall Islands,1902,0
Marshall Islands,1903,0
Marshall Islands,1904,0
Marshall Islands,1905,0
Marshall Islands,1906,0
Marshall Islands,1907,0
Marshall Islands,1908,0
Marshall Islands,1909,0
Marshall Islands,1910,0
Marshall Islands,1911,0
Marshall Islands,1912,0
Marshall Islands,1913,0
Marshall Islands,1914,0
Marshall Islands,1915,0
Marshall Islands,1916,0
Marshall Islands,1917,0
Marshall Islands,1918,0
Marshall Islands,1919,0
Marshall Islands,1920,0
Marshall Islands,1921,0
Marshall Islands,1922,0
Marshall Islands,1923,0
Marshall Islands,1924,0
Marshall Islands,1925,0
Marshall Islands,1926,0
Marshall Islands,1927,0
Marshall Islands,1928,0
Marshall Islands,1929,0
Marshall Islands,1930,0
Marshall Islands,1931,0
Marshall Islands,1932,0
Marshall Islands,1933,0
Marshall Islands,1934,0
Marshall Islands,1935,0
Marshall Islands,1936,0
Marshall Islands,1937,0
Marshall Islands,1938,0
Marshall Islands,1939,0
Marshall Islands,1940,0
Marshall Islands,1941,0
Marshall Islands,1942,0
Marshall Islands,1943,0
Marshall Islands,1944,0
Marshall Islands,1945,0
Marshall Islands,1946,0
Marshall Islands,1947,0
Marshall Islands,1948,0
Marshall Islands,1949,0
Marshall Islands,1950,0
Marshall Islands,1951,0
Marshall Islands,1952,0
Marshall Islands,1953,0
Marshall Islands,1954,0
Marshall Islands,1955,0
Marshall Islands,1956,0
Marshall Islands,1957,0
Marshall Islands,1958,0
Marshall Islands,1959,0
Marshall Islands,1960,0
Marshall Islands,1961,0
Marshall Islands,1962,0
Marshall Islands,1963,0
Marshall Islands,1964,0
Marshall Islands,1965,0
Marshall Islands,1966,0
Marshall Islands,1967,0
Marshall Islands,1968,0
Marshall Islands,1969,0
Marshall Islands,1970,0
Marshall Islands,1971,0
Marshall Islands,1972,0
Marshall Islands,1973,0
Marshall Islands,1974,0
Marshall Islands,1975,0
Marshall Islands,1976,0
Marshall Islands,1977,0
Marshall Islands,1978,0
Marshall Islands,1979,0
Marshall Islands,1980,0
Marshall Islands,1981,0
Marshall Islands,1982,0
Marshall Islands,1983,0
Marshall Islands,1984,0
Marshall Islands,1985,0
Marshall Islands,1986,0
Marshall Islands,1987,0
Marshall Islands,1988,0
Marshall Islands,1989,0
Marshall Islands,1990,0
Marshall Islands,1991,0
Marshall Islands,1992,0
Marshall Islands,1993,0
Marshall Islands,1994,0
Marshall Islands,1995,0
Marshall Islands,1996,0
Marshall Islands,1997,0
Marshall Islands,1998,0
Marshall Islands,1999,0
Marshall Islands,2000,0
Marshall Islands,2001,0
Marshall Islands,2002,0
Marshall Islands,2003,0
Marshall Islands,2004,0
Marshall Islands,2005,0
Marshall Islands,2006,0
Marshall Islands,2007,0
Marshall Islands,2008,0
Marshall Islands,2009,0
Marshall Islands,2010,0
Marshall Islands,2011,0
Marshall Islands,2012,0
Marshall Islands,2013,0
Marshall Islands,2014,0
Marshall Islands,2015,0
Marshall Islands,2016,0
Marshall Islands,2017,0
Marshall Islands,2018,0
Marshall Islands,2019,0
Marshall Islands,2020,0
Marshall Islands,2021,0
Marshall Islands,2022,0
Marshall Islands,2023,0
Mauritania,1850,0.121714175
Mauritania,1851,0.11755974
Mauritania,1852,0.11080925
Mauritania,1853,0.10328498
Mauritania,1854,0.09605805
Mauritania,1855,0.089501224
Mauritania,1856,0.08348398
Mauritania,1857,0.07812526
Mauritania,1858,0.0732951
Mauritania,1859,0.068988636
Mauritania,1860,0.066923276
Mauritania,1861,0.064625144
Mauritania,1862,0.0623412
Mauritania,1863,0.060193017
Mauritania,1864,0.0580579
Mauritania,1865,0.056177933
Mauritania,1866,0.05430937
Mauritania,1867,0.052572466
Mauritania,1868,0.050966006
Mauritania,1869,0.049359433
Mauritania,1870,0.055375133
Mauritania,1871,0.0581318
Mauritania,1872,0.059436783
Mauritania,1873,0.060012333
Mauritania,1874,0.06023078
Mauritania,1875,0.05997949
Mauritania,1876,0.059729535
Mauritania,1877,0.05924889
Mauritania,1878,0.058656268
Mauritania,1879,0.057941094
Mauritania,1880,0.06841233
Mauritania,1881,0.07376967
Mauritania,1882,0.076683715
Mauritania,1883,0.07853872
Mauritania,1884,0.07958915
Mauritania,1885,0.08006979
Mauritania,1886,0.08032197
Mauritania,1887,0.08023872
Mauritania,1888,0.08004453
Mauritania,1889,0.07961614
Mauritania,1890,0.08763397
Mauritania,1891,0.091659315
Mauritania,1892,0.093794525
Mauritania,1893,0.094923384
Mauritania,1894,0.09539985
Mauritania,1895,0.09555122
Mauritania,1896,0.09538317
Mauritania,1897,0.095006034
Mauritania,1898,0.094423406
Mauritania,1899,0.09370372
Mauritania,1900,0.12719816
Mauritania,1901,0.14447822
Mauritania,1902,0.15460806
Mauritania,1903,0.16082405
Mauritania,1904,0.16485551
Mauritania,1905,0.16734128
Mauritania,1906,0.16890165
Mauritania,1907,0.16975102
Mauritania,1908,0.17000191
Mauritania,1909,0.17005667
Mauritania,1910,0.16369976
Mauritania,1911,0.15920216
Mauritania,1912,0.15568429
Mauritania,1913,0.15275428
Mauritania,1914,0.15003438
Mauritania,1915,0.14761403
Mauritania,1916,0.14530562
Mauritania,1917,0.14310762
Mauritania,1918,0.14090122
Mauritania,1919,0.1384651
Mauritania,1920,0.20265575
Mauritania,1921,0.24830428
Mauritania,1922,0.28441793
Mauritania,1923,0.31421855
Mauritania,1924,0.33971798
Mauritania,1925,0.36166492
Mauritania,1926,0.38068867
Mauritania,1927,0.39690372
Mauritania,1928,0.41073608
Mauritania,1929,0.4224442
Mauritania,1930,0.49451008
Mauritania,1931,0.5343056
Mauritania,1932,0.5596145
Mauritania,1933,0.5768559
Mauritania,1934,0.58901244
Mauritania,1935,0.5975708
Mauritania,1936,0.6035198
Mauritania,1937,0.6075188
Mauritania,1938,0.6099865
Mauritania,1939,0.6106238
Mauritania,1940,0.8556044
Mauritania,1941,0.976347
Mauritania,1942,1.0434346
Mauritania,1943,1.0818588
Mauritania,1944,1.1080823
Mauritania,1945,1.1166626
Mauritania,1946,1.1245925
Mauritania,1947,1.1208072
Mauritania,1948,1.1198753
Mauritania,1949,1.1074966
Mauritania,1950,1.0131011
Mauritania,1951,1.0036455
Mauritania,1952,1.0084482
Mauritania,1953,0.99601066
Mauritania,1954,0.9973248
Mauritania,1955,0.9931529
Mauritania,1956,0.98528963
Mauritania,1957,0.98389506
Mauritania,1958,0.9742936
Mauritania,1959,0.96577996
Mauritania,1960,0.95113474
Mauritania,1961,0.6848335
Mauritania,1962,0.61965513
Mauritania,1963,0.4853852
Mauritania,1964,0.43230945
Mauritania,1965,0.35779864
Mauritania,1966,0.3304357
Mauritania,1967,0.32263336
Mauritania,1968,0.66392773
Mauritania,1969,0.41904867
Mauritania,1970,-0.39263368
Mauritania,1971,-0.33069804
Mauritania,1972,-0.4718922
Mauritania,1973,-0.8424388
Mauritania,1974,-0.74036884
Mauritania,1975,-0.4555277
Mauritania,1976,-0.36394942
Mauritania,1977,-0.3675027
Mauritania,1978,-0.19805577
Mauritania,1979,0.28675947
Mauritania,1980,0.6953387
Mauritania,1981,0.9124045
Mauritania,1982,1.0362735
Mauritania,1983,0.8622113
Mauritania,1984,1.0451947
Mauritania,1985,1.1216992
Mauritania,1986,1.1639522
Mauritania,1987,1.1872329
Mauritania,1988,1.1938573
Mauritania,1989,1.2166727
Mauritania,1990,0.95362306
Mauritania,1991,0.8866077
Mauritania,1992,0.87626886
Mauritania,1993,0.93966174
Mauritania,1994,0.61698157
Mauritania,1995,0.4467375
Mauritania,1996,0.31835008
Mauritania,1997,0.27157095
Mauritania,1998,0.2779171
Mauritania,1999,0.3173347
Mauritania,2000,0.41649252
Mauritania,2001,0.30964604
Mauritania,2002,0.17042258
Mauritania,2003,0.14908326
Mauritania,2004,0.14355198
Mauritania,2005,0.11079188
Mauritania,2006,0.12677309
Mauritania,2007,0.24217978
Mauritania,2008,0.30510437
Mauritania,2009,0.32289192
Mauritania,2010,0.13492624
Mauritania,2011,0.1758586
Mauritania,2012,0.066709705
Mauritania,2013,0.03385071
Mauritania,2014,0.07678436
Mauritania,2015,0.039347783
Mauritania,2016,0.050961833
Mauritania,2017,0.044719283
Mauritania,2018,0.037504666
Mauritania,2019,0.038930904
Mauritania,2020,0.04295564
Mauritania,2021,0.05064014
Mauritania,2022,0.05397264
Mauritania,2023,0.054802455
Mauritius,1850,0.1539799
Mauritius,1851,0.13545461
Mauritius,1852,0.09573568
Mauritius,1853,0.077615984
Mauritius,1854,0.043170966
Mauritius,1855,0.05521412
Mauritius,1856,0.031029014
Mauritius,1857,0.008057588
Mauritius,1858,0.03408384
Mauritius,1859,0.014515874
Mauritius,1860,0.021832736
Mauritius,1861,0.01616916
Mauritius,1862,0.001234225
Mauritius,1863,0.009273347
Mauritius,1864,0.010457891
Mauritius,1865,-0.011632273
Mauritius,1866,-0.003640382
Mauritius,1867,-0.015927998
Mauritius,1868,-0.03139309
Mauritius,1869,0.003807929
Mauritius,1870,-0.013943971
Mauritius,1871,-0.030250495
Mauritius,1872,-0.03136941
Mauritius,1873,-0.001790003
Mauritius,1874,-0.000938356
Mauritius,1875,-0.016724844
Mauritius,1876,0.006031444
Mauritius,1877,-0.050916586
Mauritius,1878,-0.001603742
Mauritius,1879,-0.027524514
Mauritius,1880,-0.025838304
Mauritius,1881,-0.00823111
Mauritius,1882,-0.030606601
Mauritius,1883,-0.0415458
Mauritius,1884,-0.022040261
Mauritius,1885,-0.022334125
Mauritius,1886,-0.022912763
Mauritius,1887,-0.01737606
Mauritius,1888,-0.001806486
Mauritius,1889,-0.009568979
Mauritius,1890,-0.0336295
Mauritius,1891,-0.030346885
Mauritius,1892,-0.017122947
Mauritius,1893,-0.01578796
Mauritius,1894,-0.008636064
Mauritius,1895,-0.043694396
Mauritius,1896,-0.051512767
Mauritius,1897,0.003929283
Mauritius,1898,-0.01887682
Mauritius,1899,-0.030247046
Mauritius,1900,-0.010539616
Mauritius,1901,-0.021808136
Mauritius,1902,-0.025332296
Mauritius,1903,-0.03713891
Mauritius,1904,-0.029303366
Mauritius,1905,-0.03728235
Mauritius,1906,-0.012172572
Mauritius,1907,-0.053306025
Mauritius,1908,-0.048727848
Mauritius,1909,-0.023457522
Mauritius,1910,-0.03665981
Mauritius,1911,-0.031319793
Mauritius,1912,-0.043314263
Mauritius,1913,-0.051638633
Mauritius,1914,-0.054966185
Mauritius,1915,-0.05672067
Mauritius,1916,-0.014934844
Mauritius,1917,-0.06673457
Mauritius,1918,-0.06370929
Mauritius,1919,-0.050357614
Mauritius,1920,-0.039123725
Mauritius,1921,-0.044021506
Mauritius,1922,-0.045460165
Mauritius,1923,-0.048645213
Mauritius,1924,-0.036101144
Mauritius,1925,-0.0664968
Mauritius,1926,-0.07068742
Mauritius,1927,-0.06477349
Mauritius,1928,-0.06108903
Mauritius,1929,-0.06920751
Mauritius,1930,-0.094815664
Mauritius,1931,-0.16591996
Mauritius,1932,-0.2067108
Mauritius,1933,-0.22538723
Mauritius,1934,-0.26065528
Mauritius,1935,-0.27856568
Mauritius,1936,-0.32034189
Mauritius,1937,-0.33299705
Mauritius,1938,-0.37575743
Mauritius,1939,-0.37539867
Mauritius,1940,-0.3606658
Mauritius,1941,-0.32220542
Mauritius,1942,-0.31051248
Mauritius,1943,-0.28176248
Mauritius,1944,-0.270758
Mauritius,1945,-0.24957255
Mauritius,1946,-0.23823719
Mauritius,1947,-0.23069504
Mauritius,1948,-0.20975673
Mauritius,1949,-0.19490726
Mauritius,1950,-0.016872583
Mauritius,1951,-0.12052587
Mauritius,1952,-0.12238411
Mauritius,1953,-0.1319214
Mauritius,1954,-0.12886313
Mauritius,1955,-0.12570842
Mauritius,1956,-0.12228935
Mauritius,1957,-0.11741242
Mauritius,1958,-0.10842867
Mauritius,1959,-0.10896118
Mauritius,1960,-0.112459384
Mauritius,1961,-0.11365145
Mauritius,1962,-0.07476247
Mauritius,1963,-0.07396029
Mauritius,1964,-0.065917894
Mauritius,1965,-0.061682027
Mauritius,1966,-0.038755942
Mauritius,1967,-0.05335639
Mauritius,1968,-0.06101754
Mauritius,1969,-0.04962311
Mauritius,1970,-0.045509096
Mauritius,1971,-0.047135994
Mauritius,1972,-0.048678022
Mauritius,1973,-0.057515834
Mauritius,1974,-0.040970262
Mauritius,1975,-0.036022216
Mauritius,1976,-0.023780469
Mauritius,1977,-0.038764793
Mauritius,1978,-0.040907666
Mauritius,1979,0.2976157
Mauritius,1980,0.097995944
Mauritius,1981,-0.013080706
Mauritius,1982,-0.028460769
Mauritius,1983,-0.024687897
Mauritius,1984,-0.017428812
Mauritius,1985,-0.022662783
Mauritius,1986,-0.01849104
Mauritius,1987,-0.025482379
Mauritius,1988,-0.024528941
Mauritius,1989,0.08704245
Mauritius,1990,-0.006392748
Mauritius,1991,-0.021625241
Mauritius,1992,-0.008851619
Mauritius,1993,-0.0180879
Mauritius,1994,-0.021252047
Mauritius,1995,-0.020092724
Mauritius,1996,-0.004375559
Mauritius,1997,-0.019027563
Mauritius,1998,-0.02750166
Mauritius,1999,-0.004375448
Mauritius,2000,0.44766155
Mauritius,2001,0.12542468
Mauritius,2002,0.03159125
Mauritius,2003,0.025812186
Mauritius,2004,0.5704098
Mauritius,2005,0.14345129
Mauritius,2006,0.04473695
Mauritius,2007,-0.006580646
Mauritius,2008,-0.024693398
Mauritius,2009,0.08399878
Mauritius,2010,-0.011169121
Mauritius,2011,-0.038826868
Mauritius,2012,-0.046982337
Mauritius,2013,1.113672
Mauritius,2014,0.40869957
Mauritius,2015,0.2571999
Mauritius,2016,0.14772181
Mauritius,2017,0.097064674
Mauritius,2018,0.066071495
Mauritius,2019,-0.06509146
Mauritius,2020,0.011878508
Mauritius,2021,-0.014173949
Mauritius,2022,-0.021850629
Mauritius,2023,-0.030208638
Mexico,1850,2.8387463
Mexico,1851,2.6816168
Mexico,1852,2.6592026
Mexico,1853,2.6532745
Mexico,1854,2.5710285
Mexico,1855,2.6225896
Mexico,1856,2.5641003
Mexico,1857,2.576452
Mexico,1858,2.4690628
Mexico,1859,2.419707
Mexico,1860,2.3656478
Mexico,1861,2.452843
Mexico,1862,2.398494
Mexico,1863,2.4170709
Mexico,1864,2.4903526
Mexico,1865,2.5579426
Mexico,1866,2.4443595
Mexico,1867,2.580642
Mexico,1868,2.6124656
Mexico,1869,2.5287797
Mexico,1870,2.5208564
Mexico,1871,2.4786696
Mexico,1872,2.4303923
Mexico,1873,2.526611
Mexico,1874,2.4565458
Mexico,1875,2.4520857
Mexico,1876,2.4179409
Mexico,1877,2.5660844
Mexico,1878,2.4002163
Mexico,1879,2.4485464
Mexico,1880,4.6947765
Mexico,1881,5.8604712
Mexico,1882,6.377151
Mexico,1883,6.6724167
Mexico,1884,7.1621723
Mexico,1885,7.1905966
Mexico,1886,7.5087748
Mexico,1887,7.7568755
Mexico,1888,7.5621214
Mexico,1889,7.8582625
Mexico,1890,8.9775505
Mexico,1891,9.830523
Mexico,1892,9.921265
Mexico,1893,10.3579235
Mexico,1894,10.369358
Mexico,1895,10.570507
Mexico,1896,10.314927
Mexico,1897,10.346173
Mexico,1898,10.253138
Mexico,1899,10.403528
Mexico,1900,9.085411
Mexico,1901,8.413221
Mexico,1902,8.192187
Mexico,1903,8.132108
Mexico,1904,7.893742
Mexico,1905,7.7100744
Mexico,1906,7.6626124
Mexico,1907,7.320759
Mexico,1908,7.528663
Mexico,1909,7.478878
Mexico,1910,5.7285123
Mexico,1911,4.6465883
Mexico,1912,4.03985
Mexico,1913,3.6246374
Mexico,1914,3.4693043
Mexico,1915,3.1011033
Mexico,1916,2.770691
Mexico,1917,2.6505928
Mexico,1918,2.472179
Mexico,1919,2.2304885
Mexico,1920,3.5085862
Mexico,1921,3.9538066
Mexico,1922,4.0577536
Mexico,1923,4.2946854
Mexico,1924,4.282047
Mexico,1925,4.333711
Mexico,1926,4.4053245
Mexico,1927,4.384443
Mexico,1928,4.4371977
Mexico,1929,4.4622164
Mexico,1930,4.405935
Mexico,1931,4.4707317
Mexico,1932,4.435528
Mexico,1933,4.4668508
Mexico,1934,4.3634706
Mexico,1935,4.389543
Mexico,1936,4.3408785
Mexico,1937,4.3248878
Mexico,1938,4.2576
Mexico,1939,4.3156514
Mexico,1940,6.635566
Mexico,1941,7.5625362
Mexico,1942,8.03422
Mexico,1943,8.388573
Mexico,1944,8.374527
Mexico,1945,8.335205
Mexico,1946,8.236323
Mexico,1947,8.337625
Mexico,1948,8.231302
Mexico,1949,7.653556
Mexico,1950,6.945379
Mexico,1951,6.6245184
Mexico,1952,6.2968526
Mexico,1953,6.1192546
Mexico,1954,6.2699056
Mexico,1955,5.916136
Mexico,1956,5.688731
Mexico,1957,5.4327555
Mexico,1958,5.382808
Mexico,1959,5.1963696
Mexico,1960,4.674442
Mexico,1961,3.1154106
Mexico,1962,2.3683338
Mexico,1963,1.9738016
Mexico,1964,1.6326684
Mexico,1965,1.3997653
Mexico,1966,1.1991261
Mexico,1967,1.0896083
Mexico,1968,0.9458193
Mexico,1969,0.3635434
Mexico,1970,0.4423458
Mexico,1971,0.5254306
Mexico,1972,0.6965613
Mexico,1973,0.52793175
Mexico,1974,0.5422909
Mexico,1975,0.5542098
Mexico,1976,0.67206764
Mexico,1977,0.72525364
Mexico,1978,0.4666215
Mexico,1979,0.85088104
Mexico,1980,0.9528912
Mexico,1981,0.8833745
Mexico,1982,2.0654397
Mexico,1983,1.1366876
Mexico,1984,1.0362902
Mexico,1985,0.9780533
Mexico,1986,2.5967333
Mexico,1987,2.1522226
Mexico,1988,2.8897147
Mexico,1989,3.3648052
Mexico,1990,3.4310694
Mexico,1991,2.1577747
Mexico,1992,1.6012534
Mexico,1993,1.467314
Mexico,1994,1.5306993
Mexico,1995,1.4005353
Mexico,1996,1.232812
Mexico,1997,1.3753864
Mexico,1998,1.4908618
Mexico,1999,1.2644572
Mexico,2000,1.3093082
Mexico,2001,1.076276
Mexico,2002,0.9599022
Mexico,2003,0.8968615
Mexico,2004,0.7518224
Mexico,2005,0.67552483
Mexico,2006,0.7076125
Mexico,2007,0.4747904
Mexico,2008,0.37977892
Mexico,2009,0.31146288
Mexico,2010,0.3246922
Mexico,2011,0.26050308
Mexico,2012,0.2859728
Mexico,2013,0.21692997
Mexico,2014,0.2548492
Mexico,2015,0.16926351
Mexico,2016,-0.26323485
Mexico,2017,-0.18413411
Mexico,2018,-0.30683073
Mexico,2019,0.40683874
Mexico,2020,0.08898071
Mexico,2021,-0.07702523
Mexico,2022,-0.1467696
Mexico,2023,-0.19853875
Micronesia (country),1850,0
Micronesia (country),1851,0
Micronesia (country),1852,0
Micronesia (country),1853,0
Micronesia (country),1854,0
Micronesia (country),1855,0
Micronesia (country),1856,0
Micronesia (country),1857,0
Micronesia (country),1858,0
Micronesia (country),1859,0
Micronesia (country),1860,0
Micronesia (country),1861,0
Micronesia (country),1862,0
Micronesia (country),1863,0
Micronesia (country),1864,0
Micronesia (country),1865,0
Micronesia (country),1866,0
Micronesia (country),1867,0
Micronesia (country),1868,0
Micronesia (country),1869,0
Micronesia (country),1870,0
Micronesia (country),1871,0
Micronesia (country),1872,0
Micronesia (country),1873,0
Micronesia (country),1874,0
Micronesia (country),1875,0
Micronesia (country),1876,0
Micronesia (country),1877,0
Micronesia (country),1878,0
Micronesia (country),1879,0
Micronesia (country),1880,0
Micronesia (country),1881,0
Micronesia (country),1882,0
Micronesia (country),1883,0
Micronesia (country),1884,0
Micronesia (country),1885,0
Micronesia (country),1886,0
Micronesia (country),1887,0
Micronesia (country),1888,0
Micronesia (country),1889,0
Micronesia (country),1890,0
Micronesia (country),1891,0
Micronesia (country),1892,0
Micronesia (country),1893,0
Micronesia (country),1894,0
Micronesia (country),1895,0
Micronesia (country),1896,0
Micronesia (country),1897,0
Micronesia (country),1898,0
Micronesia (country),1899,0
Micronesia (country),1900,0
Micronesia (country),1901,0
Micronesia (country),1902,0
Micronesia (country),1903,0
Micronesia (country),1904,0
Micronesia (country),1905,0
Micronesia (country),1906,0
Micronesia (country),1907,0
Micronesia (country),1908,0
Micronesia (country),1909,0
Micronesia (country),1910,0
Micronesia (country),1911,0
Micronesia (country),1912,0
Micronesia (country),1913,0
Micronesia (country),1914,0
Micronesia (country),1915,0
Micronesia (country),1916,0
Micronesia (country),1917,0
Micronesia (country),1918,0
Micronesia (country),1919,0
Micronesia (country),1920,0
Micronesia (country),1921,0
Micronesia (country),1922,0
Micronesia (country),1923,0
Micronesia (country),1924,0
Micronesia (country),1925,0
Micronesia (country),1926,0
Micronesia (country),1927,0
Micronesia (country),1928,0
Micronesia (country),1929,0
Micronesia (country),1930,0
Micronesia (country),1931,0
Micronesia (country),1932,0
Micronesia (country),1933,0
Micronesia (country),1934,0
Micronesia (country),1935,0
Micronesia (country),1936,0
Micronesia (country),1937,0
Micronesia (country),1938,0
Micronesia (country),1939,0
Micronesia (country),1940,0
Micronesia (country),1941,0
Micronesia (country),1942,0
Micronesia (country),1943,0
Micronesia (country),1944,0
Micronesia (country),1945,0
Micronesia (country),1946,0
Micronesia (country),1947,0
Micronesia (country),1948,0
Micronesia (country),1949,0
Micronesia (country),1950,0
Micronesia (country),1951,0
Micronesia (country),1952,0
Micronesia (country),1953,0
Micronesia (country),1954,0
Micronesia (country),1955,0
Micronesia (country),1956,0
Micronesia (country),1957,0
Micronesia (country),1958,0
Micronesia (country),1959,0
Micronesia (country),1960,0
Micronesia (country),1961,0
Micronesia (country),1962,0
Micronesia (country),1963,0
Micronesia (country),1964,0
Micronesia (country),1965,0
Micronesia (country),1966,0
Micronesia (country),1967,0
Micronesia (country),1968,0
Micronesia (country),1969,0
Micronesia (country),1970,0
Micronesia (country),1971,0
Micronesia (country),1972,0
Micronesia (country),1973,0
Micronesia (country),1974,0
Micronesia (country),1975,0
Micronesia (country),1976,0
Micronesia (country),1977,0
Micronesia (country),1978,0
Micronesia (country),1979,0
Micronesia (country),1980,0
Micronesia (country),1981,0
Micronesia (country),1982,0
Micronesia (country),1983,0
Micronesia (country),1984,0
Micronesia (country),1985,0
Micronesia (country),1986,0
Micronesia (country),1987,0
Micronesia (country),1988,0
Micronesia (country),1989,0
Micronesia (country),1990,0
Micronesia (country),1991,0
Micronesia (country),1992,0
Micronesia (country),1993,0
Micronesia (country),1994,0
Micronesia (country),1995,0
Micronesia (country),1996,0
Micronesia (country),1997,0
Micronesia (country),1998,0
Micronesia (country),1999,0
Micronesia (country),2000,0
Micronesia (country),2001,0
Micronesia (country),2002,0
Micronesia (country),2003,0
Micronesia (country),2004,0
Micronesia (country),2005,0
Micronesia (country),2006,0
Micronesia (country),2007,0
Micronesia (country),2008,0
Micronesia (country),2009,0
Micronesia (country),2010,0
Micronesia (country),2011,0
Micronesia (country),2012,0
Micronesia (country),2013,0
Micronesia (country),2014,0
Micronesia (country),2015,0
Micronesia (country),2016,0
Micronesia (country),2017,0
Micronesia (country),2018,0
Micronesia (country),2019,0
Micronesia (country),2020,0
Micronesia (country),2021,0
Micronesia (country),2022,0
Micronesia (country),2023,0
Moldova,1850,4.894546
Moldova,1851,4.479027
Moldova,1852,4.210677
Moldova,1853,3.9701407
Moldova,1854,3.759768
Moldova,1855,3.5721073
Moldova,1856,3.4130943
Moldova,1857,3.257977
Moldova,1858,3.1248078
Moldova,1859,3.008668
Moldova,1860,2.907123
Moldova,1861,2.8146026
Moldova,1862,2.726266
Moldova,1863,2.6424322
Moldova,1864,2.5699415
Moldova,1865,2.5083623
Moldova,1866,2.447426
Moldova,1867,2.3804448
Moldova,1868,2.3205771
Moldova,1869,2.2639387
Moldova,1870,2.2786446
Moldova,1871,2.2649858
Moldova,1872,2.2476537
Moldova,1873,2.213776
Moldova,1874,2.1811144
Moldova,1875,2.14871
Moldova,1876,2.1235785
Moldova,1877,2.0884838
Moldova,1878,2.0596826
Moldova,1879,2.0371919
Moldova,1880,2.0303931
Moldova,1881,2.0153198
Moldova,1882,1.9942951
Moldova,1883,1.9712353
Moldova,1884,1.951776
Moldova,1885,1.9389942
Moldova,1886,1.9204175
Moldova,1887,1.8940643
Moldova,1888,1.8701816
Moldova,1889,1.8463596
Moldova,1890,1.8846601
Moldova,1891,1.892081
Moldova,1892,1.8941362
Moldova,1893,1.8810737
Moldova,1894,1.8667876
Moldova,1895,1.8514428
Moldova,1896,1.8421104
Moldova,1897,1.8210996
Moldova,1898,1.8090416
Moldova,1899,1.7935901
Moldova,1900,1.8449378
Moldova,1901,1.8590356
Moldova,1902,1.8657935
Moldova,1903,1.8784149
Moldova,1904,1.8718611
Moldova,1905,1.863503
Moldova,1906,1.8553039
Moldova,1907,1.8521188
Moldova,1908,1.8378795
Moldova,1909,1.8305146
Moldova,1910,1.5948439
Moldova,1911,1.4908844
Moldova,1912,1.4214174
Moldova,1913,1.3607602
Moldova,1914,1.305107
Moldova,1915,1.2583338
Moldova,1916,1.2219331
Moldova,1917,1.184554
Moldova,1918,1.1447197
Moldova,1919,1.1078739
Moldova,1920,1.0966089
Moldova,1921,1.0793546
Moldova,1922,1.0494823
Moldova,1923,1.0164483
Moldova,1924,0.9878678
Moldova,1925,0.9737071
Moldova,1926,0.93970394
Moldova,1927,0.9216836
Moldova,1928,0.90160465
Moldova,1929,0.8786
Moldova,1930,0.8635466
Moldova,1931,0.8460578
Moldova,1932,0.83026904
Moldova,1933,0.82091475
Moldova,1934,0.8128898
Moldova,1935,0.8072523
Moldova,1936,0.8015436
Moldova,1937,0.78253114
Moldova,1938,0.7759554
Moldova,1939,0.7712296
Moldova,1940,0.83818245
Moldova,1941,0.8628776
Moldova,1942,0.8744264
Moldova,1943,0.8927157
Moldova,1944,0.89571154
Moldova,1945,0.90689456
Moldova,1946,0.91367227
Moldova,1947,0.90401655
Moldova,1948,0.9027433
Moldova,1949,0.90253353
Moldova,1950,0.9578524
Moldova,1951,1.0823859
Moldova,1952,1.2169659
Moldova,1953,1.350524
Moldova,1954,1.5276232
Moldova,1955,1.5885115
Moldova,1956,1.6560221
Moldova,1957,1.7136632
Moldova,1958,1.7304265
Moldova,1959,-0.5252724
Moldova,1960,-0.65510905
Moldova,1961,-0.87159675
Moldova,1962,-0.9577078
Moldova,1963,-0.99287415
Moldova,1964,-1.1154097
Moldova,1965,-1.1179999
Moldova,1966,-1.1099577
Moldova,1967,-1.0183251
Moldova,1968,-1.0150114
Moldova,1969,-0.99602246
Moldova,1970,-0.93516964
Moldova,1971,-0.9251164
Moldova,1972,-0.8166974
Moldova,1973,-0.83196145
Moldova,1974,-0.7852118
Moldova,1975,-0.74412715
Moldova,1976,-0.75144935
Moldova,1977,-0.7520185
Moldova,1978,-0.7064414
Moldova,1979,-0.64819956
Moldova,1980,-0.5660252
Moldova,1981,-0.54313743
Moldova,1982,-0.5463592
Moldova,1983,-0.50484
Moldova,1984,-0.46700302
Moldova,1985,-0.43124405
Moldova,1986,-0.44474897
Moldova,1987,-0.49247432
Moldova,1988,-0.55034125
Moldova,1989,-0.5171303
Moldova,1990,-0.3349797
Moldova,1991,-0.44118676
Moldova,1992,-0.40645784
Moldova,1993,-0.43038616
Moldova,1994,-0.36766338
Moldova,1995,-0.39465716
Moldova,1996,-0.40235013
Moldova,1997,-0.39413697
Moldova,1998,-0.49829692
Moldova,1999,-0.508255
Moldova,2000,-0.52342176
Moldova,2001,-0.46860388
Moldova,2002,-0.52634674
Moldova,2003,-0.5601425
Moldova,2004,-0.63183045
Moldova,2005,-0.6047879
Moldova,2006,-0.61187875
Moldova,2007,-0.6222818
Moldova,2008,-0.65870386
Moldova,2009,-0.55609035
Moldova,2010,-0.6025619
Moldova,2011,-0.5759221
Moldova,2012,-1.3511531
Moldova,2013,-1.2181746
Moldova,2014,-1.1768285
Moldova,2015,-1.1625413
Moldova,2016,-1.1171547
Moldova,2017,-1.4478477
Moldova,2018,-1.2684777
Moldova,2019,-1.2011505
Moldova,2020,-0.99147344
Moldova,2021,-1.1396369
Moldova,2022,-1.1601708
Moldova,2023,-1.157648
Mongolia,1850,15.570383
Mongolia,1851,14.185171
Mongolia,1852,14.179732
Mongolia,1853,15.94941
Mongolia,1854,17.041246
Mongolia,1855,16.668911
Mongolia,1856,15.290993
Mongolia,1857,9.992199
Mongolia,1858,15.881207
Mongolia,1859,15.255699
Mongolia,1860,13.125004
Mongolia,1861,15.114505
Mongolia,1862,18.233347
Mongolia,1863,14.250896
Mongolia,1864,16.03558
Mongolia,1865,13.222462
Mongolia,1866,14.230134
Mongolia,1867,15.383084
Mongolia,1868,14.506733
Mongolia,1869,14.402007
Mongolia,1870,14.230576
Mongolia,1871,16.721323
Mongolia,1872,16.228863
Mongolia,1873,18.770025
Mongolia,1874,16.40784
Mongolia,1875,16.537067
Mongolia,1876,16.922176
Mongolia,1877,15.592823
Mongolia,1878,16.290339
Mongolia,1879,14.603978
Mongolia,1880,17.30609
Mongolia,1881,18.535666
Mongolia,1882,20.464638
Mongolia,1883,20.78375
Mongolia,1884,18.98802
Mongolia,1885,21.861881
Mongolia,1886,21.922884
Mongolia,1887,22.87321
Mongolia,1888,23.960207
Mongolia,1889,23.778364
Mongolia,1890,23.531382
Mongolia,1891,24.648071
Mongolia,1892,24.66952
Mongolia,1893,24.936472
Mongolia,1894,24.180586
Mongolia,1895,25.11036
Mongolia,1896,25.575865
Mongolia,1897,25.887882
Mongolia,1898,25.125023
Mongolia,1899,24.607323
Mongolia,1900,27.386616
Mongolia,1901,27.099602
Mongolia,1902,28.026083
Mongolia,1903,29.165855
Mongolia,1904,29.557602
Mongolia,1905,29.673094
Mongolia,1906,28.436323
Mongolia,1907,29.884928
Mongolia,1908,28.933777
Mongolia,1909,30.325335
Mongolia,1910,26.381567
Mongolia,1911,24.573318
Mongolia,1912,22.169277
Mongolia,1913,21.034784
Mongolia,1914,19.465881
Mongolia,1915,17.970127
Mongolia,1916,17.637844
Mongolia,1917,17.540005
Mongolia,1918,16.075796
Mongolia,1919,16.745182
Mongolia,1920,15.725917
Mongolia,1921,15.887019
Mongolia,1922,14.05776
Mongolia,1923,14.443972
Mongolia,1924,13.812397
Mongolia,1925,13.440219
Mongolia,1926,14.63213
Mongolia,1927,13.5880575
Mongolia,1928,17.18185
Mongolia,1929,12.300587
Mongolia,1930,13.261843
Mongolia,1931,13.20149
Mongolia,1932,12.688941
Mongolia,1933,13.115268
Mongolia,1934,10.154033
Mongolia,1935,12.637819
Mongolia,1936,12.911271
Mongolia,1937,11.675148
Mongolia,1938,12.823536
Mongolia,1939,12.513474
Mongolia,1940,10.829396
Mongolia,1941,10.660933
Mongolia,1942,10.078995
Mongolia,1943,9.956833
Mongolia,1944,9.299272
Mongolia,1945,9.275346
Mongolia,1946,9.323521
Mongolia,1947,9.017275
Mongolia,1948,8.58895
Mongolia,1949,8.881439
Mongolia,1950,13.445623
Mongolia,1951,15.377589
Mongolia,1952,18.102262
Mongolia,1953,19.970839
Mongolia,1954,22.01761
Mongolia,1955,26.156015
Mongolia,1956,34.498806
Mongolia,1957,38.712463
Mongolia,1958,47.376446
Mongolia,1959,44.419914
Mongolia,1960,29.367577
Mongolia,1961,31.752653
Mongolia,1962,27.453146
Mongolia,1963,31.836472
Mongolia,1964,22.626385
Mongolia,1965,23.84234
Mongolia,1966,20.82005
Mongolia,1967,17.396608
Mongolia,1968,15.411919
Mongolia,1969,15.201409
Mongolia,1970,15.939674
Mongolia,1971,13.4935875
Mongolia,1972,13.647883
Mongolia,1973,13.296325
Mongolia,1974,13.243267
Mongolia,1975,12.041899
Mongolia,1976,16.142143
Mongolia,1977,15.053978
Mongolia,1978,12.918657
Mongolia,1979,11.479467
Mongolia,1980,12.38737
Mongolia,1981,12.81454
Mongolia,1982,13.076457
Mongolia,1983,10.903822
Mongolia,1984,10.8970375
Mongolia,1985,10.301333
Mongolia,1986,9.0858755
Mongolia,1987,10.140993
Mongolia,1988,8.494336
Mongolia,1989,7.8767805
Mongolia,1990,6.8375034
Mongolia,1991,6.701892
Mongolia,1992,6.288756
Mongolia,1993,3.7749753
Mongolia,1994,4.421536
Mongolia,1995,3.885178
Mongolia,1996,5.771894
Mongolia,1997,7.3392906
Mongolia,1998,5.8363094
Mongolia,1999,5.8816433
Mongolia,2000,8.145862
Mongolia,2001,6.2189674
Mongolia,2002,3.0049288
Mongolia,2003,2.6341083
Mongolia,2004,2.3630116
Mongolia,2005,2.453322
Mongolia,2006,2.0852523
Mongolia,2007,2.8969395
Mongolia,2008,4.264354
Mongolia,2009,3.8851736
Mongolia,2010,4.386306
Mongolia,2011,4.123815
Mongolia,2012,3.5835087
Mongolia,2013,3.248358
Mongolia,2014,3.111587
Mongolia,2015,2.796997
Mongolia,2016,2.6106353
Mongolia,2017,2.4736109
Mongolia,2018,2.3873615
Mongolia,2019,2.2704866
Mongolia,2020,2.1429958
Mongolia,2021,2.0940342
Mongolia,2022,2.0216234
Mongolia,2023,1.9756144
Montenegro,1850,8.289682
Montenegro,1851,8.444053
Montenegro,1852,8.741182
Montenegro,1853,8.983142
Montenegro,1854,9.075093
Montenegro,1855,9.095175
Montenegro,1856,9.167214
Montenegro,1857,9.23837
Montenegro,1858,9.327129
Montenegro,1859,9.157326
Montenegro,1860,8.878993
Montenegro,1861,8.706826
Montenegro,1862,8.43729
Montenegro,1863,8.399865
Montenegro,1864,8.070273
Montenegro,1865,8.1833105
Montenegro,1866,8.162149
Montenegro,1867,8.209896
Montenegro,1868,7.95725
Montenegro,1869,8.012769
Montenegro,1870,7.9958715
Montenegro,1871,7.7121544
Montenegro,1872,7.7760806
Montenegro,1873,7.834389
Montenegro,1874,7.749547
Montenegro,1875,7.617604
Montenegro,1876,7.59321
Montenegro,1877,7.5919847
Montenegro,1878,7.624566
Montenegro,1879,7.3737993
Montenegro,1880,7.3354955
Montenegro,1881,7.260829
Montenegro,1882,7.034302
Montenegro,1883,7.0710173
Montenegro,1884,6.765424
Montenegro,1885,6.9379363
Montenegro,1886,6.9434834
Montenegro,1887,6.997292
Montenegro,1888,6.7190194
Montenegro,1889,6.770948
Montenegro,1890,6.6710415
Montenegro,1891,6.3329864
Montenegro,1892,6.354849
Montenegro,1893,6.3612747
Montenegro,1894,6.221118
Montenegro,1895,6.052896
Montenegro,1896,5.9948645
Montenegro,1897,5.9671044
Montenegro,1898,5.9320927
Montenegro,1899,5.674339
Montenegro,1900,5.654847
Montenegro,1901,5.542831
Montenegro,1902,5.425795
Montenegro,1903,5.454002
Montenegro,1904,5.4676576
Montenegro,1905,5.3353815
Montenegro,1906,5.188323
Montenegro,1907,5.135948
Montenegro,1908,5.1146827
Montenegro,1909,5.0965056
Montenegro,1910,4.78879
Montenegro,1911,4.8372884
Montenegro,1912,4.8365173
Montenegro,1913,4.724968
Montenegro,1914,4.853094
Montenegro,1915,4.6942544
Montenegro,1916,4.9533734
Montenegro,1917,5.0786467
Montenegro,1918,5.233902
Montenegro,1919,5.0945187
Montenegro,1920,5.194412
Montenegro,1921,5.4647164
Montenegro,1922,5.2656503
Montenegro,1923,5.21543
Montenegro,1924,5.104509
Montenegro,1925,5.196851
Montenegro,1926,5.0218506
Montenegro,1927,5.2026653
Montenegro,1928,5.2537785
Montenegro,1929,5.041452
Montenegro,1930,5.1523156
Montenegro,1931,5.1919465
Montenegro,1932,5.191336
Montenegro,1933,5.146461
Montenegro,1934,5.130807
Montenegro,1935,5.184385
Montenegro,1936,5.0734468
Montenegro,1937,4.8995905
Montenegro,1938,5.0880485
Montenegro,1939,5.0094786
Montenegro,1940,5.1255255
Montenegro,1941,5.3087955
Montenegro,1942,5.432573
Montenegro,1943,5.742087
Montenegro,1944,5.4524693
Montenegro,1945,5.606305
Montenegro,1946,5.7495623
Montenegro,1947,5.721743
Montenegro,1948,5.7439356
Montenegro,1949,5.784821
Montenegro,1950,8.799587
Montenegro,1951,9.542017
Montenegro,1952,9.95054
Montenegro,1953,9.962079
Montenegro,1954,9.677498
Montenegro,1955,8.990501
Montenegro,1956,8.745689
Montenegro,1957,8.644653
Montenegro,1958,8.089554
Montenegro,1959,8.636236
Montenegro,1960,6.303622
Montenegro,1961,5.1935325
Montenegro,1962,4.359225
Montenegro,1963,4.072131
Montenegro,1964,3.5876803
Montenegro,1965,3.202507
Montenegro,1966,2.862491
Montenegro,1967,2.3346682
Montenegro,1968,1.9378985
Montenegro,1969,1.5519598
Montenegro,1970,1.1297847
Montenegro,1971,0.9340283
Montenegro,1972,0.45094094
Montenegro,1973,0.2602668
Montenegro,1974,-0.022248523
Montenegro,1975,-0.13567789
Montenegro,1976,-0.45647117
Montenegro,1977,-0.22575717
Montenegro,1978,-0.6348923
Montenegro,1979,0.001075853
Montenegro,1980,-0.37656152
Montenegro,1981,-0.5217071
Montenegro,1982,-0.45449084
Montenegro,1983,-0.4323161
Montenegro,1984,-0.4929375
Montenegro,1985,-0.24547735
Montenegro,1986,-0.39075854
Montenegro,1987,-0.3811587
Montenegro,1988,-0.3280376
Montenegro,1989,-0.29246914
Montenegro,1990,-0.61373544
Montenegro,1991,-3.0118754
Montenegro,1992,-2.6380389
Montenegro,1993,-2.869032
Montenegro,1994,-1.8289343
Montenegro,1995,-2.4247336
Montenegro,1996,-2.1347792
Montenegro,1997,-2.3225272
Montenegro,1998,-3.5167713
Montenegro,1999,-3.3723302
Montenegro,2000,-2.9594817
Montenegro,2001,-3.2519798
Montenegro,2002,-2.9750094
Montenegro,2003,-1.9121963
Montenegro,2004,-1.9202776
Montenegro,2005,-5.5910983
Montenegro,2006,-4.7219405
Montenegro,2007,-4.086583
Montenegro,2008,-4.641513
Montenegro,2009,-5.0339704
Montenegro,2010,-4.814175
Montenegro,2011,-4.4484215
Montenegro,2012,-5.5608044
Montenegro,2013,-5.0889373
Montenegro,2014,-5.361078
Montenegro,2015,-5.4065495
Montenegro,2016,-5.5588756
Montenegro,2017,-5.2710233
Montenegro,2018,-3.8199592
Montenegro,2019,-3.9982457
Montenegro,2020,-3.8478549
Montenegro,2021,-4.152155
Montenegro,2022,-3.975832
Montenegro,2023,-3.6812758
Morocco,1850,2.127486
Morocco,1851,2.1128054
Morocco,1852,2.0951254
Morocco,1853,2.0745301
Morocco,1854,2.0541387
Morocco,1855,2.0338244
Morocco,1856,2.0135167
Morocco,1857,1.9931965
Morocco,1858,1.9728674
Morocco,1859,1.9521799
Morocco,1860,1.9212472
Morocco,1861,1.8978292
Morocco,1862,1.8759428
Morocco,1863,1.8546315
Morocco,1864,1.8337041
Morocco,1865,1.8130867
Morocco,1866,1.7927526
Morocco,1867,1.7726653
Morocco,1868,1.7528218
Morocco,1869,1.7330369
Morocco,1870,1.7100857
Morocco,1871,1.6881086
Morocco,1872,1.6672982
Morocco,1873,1.6471441
Morocco,1874,1.6272968
Morocco,1875,1.6080518
Morocco,1876,1.5892274
Morocco,1877,1.5707163
Morocco,1878,1.5524842
Morocco,1879,1.5344877
Morocco,1880,1.5179566
Morocco,1881,1.5005994
Morocco,1882,1.4830816
Morocco,1883,1.465606
Morocco,1884,1.4482573
Morocco,1885,1.4310812
Morocco,1886,1.4140851
Morocco,1887,1.3972763
Morocco,1888,1.3806618
Morocco,1889,1.3641262
Morocco,1890,1.3428253
Morocco,1891,1.3240006
Morocco,1892,1.3067094
Morocco,1893,1.2903969
Morocco,1894,1.274651
Morocco,1895,1.2593108
Morocco,1896,1.2442701
Morocco,1897,1.2294662
Morocco,1898,1.2148876
Morocco,1899,1.1989161
Morocco,1900,1.1906554
Morocco,1901,1.1738213
Morocco,1902,1.154698
Morocco,1903,1.1342518
Morocco,1904,1.1140825
Morocco,1905,1.0942247
Morocco,1906,1.0746664
Morocco,1907,1.0554187
Morocco,1908,1.0364838
Morocco,1909,1.0201787
Morocco,1910,1.0026764
Morocco,1911,0.98968875
Morocco,1912,0.9795293
Morocco,1913,0.97168267
Morocco,1914,0.96401423
Morocco,1915,0.95652837
Morocco,1916,0.9491837
Morocco,1917,0.9419398
Morocco,1918,0.9346848
Morocco,1919,0.92638975
Morocco,1920,0.9132528
Morocco,1921,0.9159128
Morocco,1922,0.9251458
Morocco,1923,0.937324
Morocco,1924,0.951489
Morocco,1925,0.9663706
Morocco,1926,0.98115176
Morocco,1927,0.99525696
Morocco,1928,1.008288
Morocco,1929,1.0189179
Morocco,1930,1.0297964
Morocco,1931,1.0350474
Morocco,1932,1.0373218
Morocco,1933,1.0370559
Morocco,1934,1.0356671
Morocco,1935,1.0332137
Morocco,1936,1.0297678
Morocco,1937,1.0254081
Morocco,1938,1.0202049
Morocco,1939,1.0147747
Morocco,1940,1.0093583
Morocco,1941,1.0024766
Morocco,1942,0.99564576
Morocco,1943,0.98897606
Morocco,1944,0.9819517
Morocco,1945,0.97456795
Morocco,1946,0.96683735
Morocco,1947,0.9587898
Morocco,1948,0.95045024
Morocco,1949,0.939475
Morocco,1950,1.7515665
Morocco,1951,2.254278
Morocco,1952,2.591259
Morocco,1953,2.8651533
Morocco,1954,3.072532
Morocco,1955,3.2301679
Morocco,1956,3.348296
Morocco,1957,3.4245725
Morocco,1958,3.4894345
Morocco,1959,3.5270028
Morocco,1960,2.3887475
Morocco,1961,1.9485579
Morocco,1962,1.9695458
Morocco,1963,1.8516103
Morocco,1964,1.9853625
Morocco,1965,2.026653
Morocco,1966,1.488801
Morocco,1967,1.6466476
Morocco,1968,1.2160286
Morocco,1969,1.3171219
Morocco,1970,1.1273286
Morocco,1971,1.047896
Morocco,1972,1.0498624
Morocco,1973,0.8403428
Morocco,1974,1.0349885
Morocco,1975,0.8854489
Morocco,1976,1.2014924
Morocco,1977,1.5417621
Morocco,1978,0.8638335
Morocco,1979,0.7277918
Morocco,1980,1.0633643
Morocco,1981,0.9671487
Morocco,1982,0.94675106
Morocco,1983,0.97174597
Morocco,1984,0.71264803
Morocco,1985,0.8120219
Morocco,1986,1.0002584
Morocco,1987,0.85914236
Morocco,1988,1.375105
Morocco,1989,1.509796
Morocco,1990,0.96322334
Morocco,1991,1.3111403
Morocco,1992,1.028683
Morocco,1993,1.1298186
Morocco,1994,0.6189705
Morocco,1995,0.9003103
Morocco,1996,0.53194165
Morocco,1997,0.6089031
Morocco,1998,0.22511877
Morocco,1999,0.16942272
Morocco,2000,-0.08466159
Morocco,2001,-0.05600028
Morocco,2002,0.9709646
Morocco,2003,-0.001039551
Morocco,2004,-0.1605211
Morocco,2005,-0.21549201
Morocco,2006,-0.19229636
Morocco,2007,-0.16226842
Morocco,2008,-0.13368903
Morocco,2009,-0.13796023
Morocco,2010,0.007475394
Morocco,2011,0.35940385
Morocco,2012,0.3856838
Morocco,2013,-0.09486107
Morocco,2014,-0.14359818
Morocco,2015,0.9202821
Morocco,2016,0.6487818
Morocco,2017,0.074667506
Morocco,2018,-0.47305247
Morocco,2019,0.37571955
Morocco,2020,0.019064054
Morocco,2021,-0.15099934
Morocco,2022,-0.2403463
Morocco,2023,-0.2910868
Mozambique,1850,4.3038683
Mozambique,1851,4.5673294
Mozambique,1852,4.5770597
Mozambique,1853,5.004183
Mozambique,1854,4.6342545
Mozambique,1855,4.366417
Mozambique,1856,4.668934
Mozambique,1857,4.473411
Mozambique,1858,4.316561
Mozambique,1859,4.2305393
Mozambique,1860,3.7792938
Mozambique,1861,3.5712297
Mozambique,1862,3.3736987
Mozambique,1863,3.1758013
Mozambique,1864,3.224299
Mozambique,1865,3.0515857
Mozambique,1866,3.0325317
Mozambique,1867,3.1159768
Mozambique,1868,3.162314
Mozambique,1869,2.7820826
Mozambique,1870,3.246168
Mozambique,1871,3.0434437
Mozambique,1872,2.8497534
Mozambique,1873,2.9478388
Mozambique,1874,2.7949877
Mozambique,1875,2.9494627
Mozambique,1876,2.9324055
Mozambique,1877,2.7711902
Mozambique,1878,3.0173347
Mozambique,1879,2.92829
Mozambique,1880,2.8564508
Mozambique,1881,2.749847
Mozambique,1882,2.8885846
Mozambique,1883,3.0876102
Mozambique,1884,3.2020488
Mozambique,1885,3.0668752
Mozambique,1886,3.0796907
Mozambique,1887,2.8519719
Mozambique,1888,3.2224607
Mozambique,1889,2.9950826
Mozambique,1890,3.0907562
Mozambique,1891,3.3544455
Mozambique,1892,3.0353189
Mozambique,1893,3.7008085
Mozambique,1894,3.1129065
Mozambique,1895,3.109694
Mozambique,1896,3.5031872
Mozambique,1897,3.1063166
Mozambique,1898,3.0914817
Mozambique,1899,3.1523974
Mozambique,1900,3.3260489
Mozambique,1901,3.3497553
Mozambique,1902,3.5697815
Mozambique,1903,3.521944
Mozambique,1904,3.6513617
Mozambique,1905,3.6945755
Mozambique,1906,3.4302237
Mozambique,1907,3.588856
Mozambique,1908,3.4512131
Mozambique,1909,3.430285
Mozambique,1910,5.0537257
Mozambique,1911,7.0743227
Mozambique,1912,7.5211873
Mozambique,1913,7.99379
Mozambique,1914,8.933557
Mozambique,1915,9.1276655
Mozambique,1916,8.905385
Mozambique,1917,9.289292
Mozambique,1918,9.103228
Mozambique,1919,8.896529
Mozambique,1920,10.268121
Mozambique,1921,10.394784
Mozambique,1922,10.646541
Mozambique,1923,10.617647
Mozambique,1924,9.969363
Mozambique,1925,10.138148
Mozambique,1926,9.788987
Mozambique,1927,10.472631
Mozambique,1928,10.833964
Mozambique,1929,9.92511
Mozambique,1930,11.493782
Mozambique,1931,13.800154
Mozambique,1932,13.815304
Mozambique,1933,14.434202
Mozambique,1934,14.535611
Mozambique,1935,15.11818
Mozambique,1936,14.772317
Mozambique,1937,14.957632
Mozambique,1938,14.272799
Mozambique,1939,14.645508
Mozambique,1940,10.43072
Mozambique,1941,8.157686
Mozambique,1942,6.7894135
Mozambique,1943,6.161891
Mozambique,1944,5.4487724
Mozambique,1945,4.9904714
Mozambique,1946,4.328803
Mozambique,1947,4.0614104
Mozambique,1948,3.8058
Mozambique,1949,3.5790079
Mozambique,1950,11.280248
Mozambique,1951,9.937105
Mozambique,1952,9.622402
Mozambique,1953,9.619377
Mozambique,1954,10.179931
Mozambique,1955,10.3695755
Mozambique,1956,10.681185
Mozambique,1957,10.71152
Mozambique,1958,11.289636
Mozambique,1959,11.323894
Mozambique,1960,11.769588
Mozambique,1961,8.824671
Mozambique,1962,6.699153
Mozambique,1963,5.4997816
Mozambique,1964,4.772984
Mozambique,1965,4.099249
Mozambique,1966,3.8617225
Mozambique,1967,4.878832
Mozambique,1968,5.7261925
Mozambique,1969,5.857006
Mozambique,1970,4.9007134
Mozambique,1971,3.8702524
Mozambique,1972,3.613278
Mozambique,1973,3.1078727
Mozambique,1974,2.6425946
Mozambique,1975,2.1702619
Mozambique,1976,1.9062878
Mozambique,1977,1.8020374
Mozambique,1978,1.6588804
Mozambique,1979,1.4653785
Mozambique,1980,1.8948491
Mozambique,1981,2.2532656
Mozambique,1982,1.7885789
Mozambique,1983,2.1955833
Mozambique,1984,2.2884572
Mozambique,1985,2.199864
Mozambique,1986,2.4409332
Mozambique,1987,2.1167006
Mozambique,1988,1.8367668
Mozambique,1989,1.6470457
Mozambique,1990,2.0236402
Mozambique,1991,1.9357445
Mozambique,1992,1.8590759
Mozambique,1993,1.9453533
Mozambique,1994,2.483961
Mozambique,1995,2.679883
Mozambique,1996,3.0327742
Mozambique,1997,3.016981
Mozambique,1998,2.8138912
Mozambique,1999,2.629712
Mozambique,2000,2.865907
Mozambique,2001,4.2019258
Mozambique,2002,3.709279
Mozambique,2003,3.5064785
Mozambique,2004,4.24716
Mozambique,2005,3.343968
Mozambique,2006,3.5511572
Mozambique,2007,3.6086104
Mozambique,2008,3.3247716
Mozambique,2009,2.9628205
Mozambique,2010,2.306225
Mozambique,2011,1.7100972
Mozambique,2012,1.4774579
Mozambique,2013,1.337522
Mozambique,2014,1.1821775
Mozambique,2015,1.144797
Mozambique,2016,1.2828317
Mozambique,2017,1.410499
Mozambique,2018,0.96712697
Mozambique,2019,0.9576342
Mozambique,2020,0.91827214
Mozambique,2021,0.9412096
Mozambique,2022,0.9211739
Mozambique,2023,0.8774919
Myanmar,1850,11.639641
Myanmar,1851,13.205125
Myanmar,1852,13.26711
Myanmar,1853,14.271332
Myanmar,1854,13.813133
Myanmar,1855,14.44997
Myanmar,1856,14.838557
Myanmar,1857,12.864464
Myanmar,1858,13.639246
Myanmar,1859,13.982847
Myanmar,1860,14.049607
Myanmar,1861,14.365732
Myanmar,1862,13.573174
Myanmar,1863,12.9525175
Myanmar,1864,13.385719
Myanmar,1865,14.241281
Myanmar,1866,13.818851
Myanmar,1867,13.310027
Myanmar,1868,13.337073
Myanmar,1869,13.363961
Myanmar,1870,13.150437
Myanmar,1871,12.596631
Myanmar,1872,13.144144
Myanmar,1873,14.625793
Myanmar,1874,14.3870125
Myanmar,1875,13.773438
Myanmar,1876,13.548613
Myanmar,1877,13.339855
Myanmar,1878,13.876251
Myanmar,1879,13.015598
Myanmar,1880,17.914803
Myanmar,1881,27.595436
Myanmar,1882,30.281229
Myanmar,1883,28.355158
Myanmar,1884,27.490557
Myanmar,1885,26.884733
Myanmar,1886,24.655901
Myanmar,1887,24.224411
Myanmar,1888,21.30881
Myanmar,1889,21.492884
Myanmar,1890,19.574661
Myanmar,1891,20.60238
Myanmar,1892,20.1943
Myanmar,1893,18.783752
Myanmar,1894,19.04899
Myanmar,1895,18.001877
Myanmar,1896,17.052841
Myanmar,1897,18.248354
Myanmar,1898,15.7339
Myanmar,1899,16.290268
Myanmar,1900,15.871961
Myanmar,1901,17.609598
Myanmar,1902,19.478569
Myanmar,1903,18.074295
Myanmar,1904,17.117867
Myanmar,1905,17.340004
Myanmar,1906,17.4814
Myanmar,1907,17.414349
Myanmar,1908,17.113823
Myanmar,1909,16.12662
Myanmar,1910,16.944798
Myanmar,1911,16.878563
Myanmar,1912,16.05977
Myanmar,1913,16.35781
Myanmar,1914,17.166325
Myanmar,1915,16.600359
Myanmar,1916,15.235588
Myanmar,1917,14.861826
Myanmar,1918,16.056633
Myanmar,1919,15.618182
Myanmar,1920,11.65947
Myanmar,1921,7.466073
Myanmar,1922,5.721876
Myanmar,1923,4.811476
Myanmar,1924,4.1298556
Myanmar,1925,3.6686635
Myanmar,1926,3.3467524
Myanmar,1927,3.0845096
Myanmar,1928,2.9774392
Myanmar,1929,2.7767348
Myanmar,1930,2.5526793
Myanmar,1931,2.3814301
Myanmar,1932,2.252526
Myanmar,1933,2.1503131
Myanmar,1934,2.073533
Myanmar,1935,2.0118985
Myanmar,1936,1.9575064
Myanmar,1937,1.9180121
Myanmar,1938,1.8784145
Myanmar,1939,1.8460256
Myanmar,1940,1.398079
Myanmar,1941,1.0825468
Myanmar,1942,0.79363424
Myanmar,1943,0.5533819
Myanmar,1944,0.35553786
Myanmar,1945,0.17478205
Myanmar,1946,0.032223046
Myanmar,1947,-0.08013493
Myanmar,1948,-0.20055442
Myanmar,1949,-0.32978123
Myanmar,1950,1.3165448
Myanmar,1951,2.1920087
Myanmar,1952,2.8089879
Myanmar,1953,3.3662941
Myanmar,1954,3.834685
Myanmar,1955,4.2680492
Myanmar,1956,4.618002
Myanmar,1957,4.9291806
Myanmar,1958,5.2707243
Myanmar,1959,6.9364114
Myanmar,1960,4.6052976
Myanmar,1961,3.7821062
Myanmar,1962,3.3690467
Myanmar,1963,3.6835282
Myanmar,1964,2.8316205
Myanmar,1965,3.5641727
Myanmar,1966,2.916171
Myanmar,1967,2.472651
Myanmar,1968,2.2369633
Myanmar,1969,24.7251
Myanmar,1970,13.528613
Myanmar,1971,9.040096
Myanmar,1972,5.916723
Myanmar,1973,4.473623
Myanmar,1974,3.6574264
Myanmar,1975,3.125791
Myanmar,1976,2.6702285
Myanmar,1977,2.430486
Myanmar,1978,2.2277777
Myanmar,1979,2.038313
Myanmar,1980,2.0131469
Myanmar,1981,1.8834563
Myanmar,1982,1.7610074
Myanmar,1983,1.6297196
Myanmar,1984,1.4824896
Myanmar,1985,1.3537526
Myanmar,1986,1.2118955
Myanmar,1987,1.0799634
Myanmar,1988,1.1080157
Myanmar,1989,1.1535189
Myanmar,1990,1.3054308
Myanmar,1991,1.3377273
Myanmar,1992,1.5343165
Myanmar,1993,1.4210485
Myanmar,1994,1.6816227
Myanmar,1995,1.6197486
Myanmar,1996,1.5948902
Myanmar,1997,1.5369914
Myanmar,1998,2.0771515
Myanmar,1999,2.4038644
Myanmar,2000,2.3804731
Myanmar,2001,2.074551
Myanmar,2002,2.0417519
Myanmar,2003,2.2817967
Myanmar,2004,2.4755113
Myanmar,2005,3.1190383
Myanmar,2006,3.6407652
Myanmar,2007,3.691065
Myanmar,2008,3.4124525
Myanmar,2009,2.9393513
Myanmar,2010,2.571632
Myanmar,2011,2.2205749
Myanmar,2012,2.1372168
Myanmar,2013,2.0131257
Myanmar,2014,2.070091
Myanmar,2015,1.9315151
Myanmar,2016,1.9369303
Myanmar,2017,1.778827
Myanmar,2018,1.4671673
Myanmar,2019,1.3312309
Myanmar,2020,1.2484201
Myanmar,2021,1.2303675
Myanmar,2022,1.2062019
Myanmar,2023,1.1842234
Namibia,1850,5.2023187
Namibia,1851,5.176547
Namibia,1852,5.0784106
Namibia,1853,4.9529
Namibia,1854,4.830694
Namibia,1855,4.7309117
Namibia,1856,4.7317157
Namibia,1857,4.558129
Namibia,1858,4.453449
Namibia,1859,4.3439875
Namibia,1860,4.3526645
Namibia,1861,4.321903
Namibia,1862,4.303625
Namibia,1863,4.260899
Namibia,1864,4.2651367
Namibia,1865,4.1444206
Namibia,1866,4.0619817
Namibia,1867,4.0041027
Namibia,1868,3.9485636
Namibia,1869,3.899079
Namibia,1870,3.8837492
Namibia,1871,3.856412
Namibia,1872,3.7870746
Namibia,1873,3.7604785
Namibia,1874,3.7419267
Namibia,1875,3.687053
Namibia,1876,3.6000962
Namibia,1877,3.5528724
Namibia,1878,3.4943326
Namibia,1879,3.4423006
Namibia,1880,3.446481
Namibia,1881,3.4310503
Namibia,1882,3.3823636
Namibia,1883,3.3682513
Namibia,1884,3.3680217
Namibia,1885,3.3518834
Namibia,1886,3.2465076
Namibia,1887,3.1819441
Namibia,1888,3.1548064
Namibia,1889,3.1327894
Namibia,1890,3.1580026
Namibia,1891,3.171539
Namibia,1892,3.1121068
Namibia,1893,3.0797055
Namibia,1894,3.0607543
Namibia,1895,3.039002
Namibia,1896,3.0631716
Namibia,1897,2.9667118
Namibia,1898,2.9509666
Namibia,1899,2.8787725
Namibia,1900,2.8890345
Namibia,1901,2.8991284
Namibia,1902,2.834589
Namibia,1903,2.801619
Namibia,1904,2.7537808
Namibia,1905,2.6935062
Namibia,1906,2.6636379
Namibia,1907,2.6120772
Namibia,1908,2.572992
Namibia,1909,2.542704
Namibia,1910,2.5352378
Namibia,1911,2.506541
Namibia,1912,2.4881217
Namibia,1913,2.444308
Namibia,1914,2.4105186
Namibia,1915,2.427244
Namibia,1916,2.343481
Namibia,1917,2.2993822
Namibia,1918,2.262943
Namibia,1919,2.2071006
Namibia,1920,2.215216
Namibia,1921,2.201823
Namibia,1922,2.2073472
Namibia,1923,2.2466443
Namibia,1924,2.2600193
Namibia,1925,2.28392
Namibia,1926,2.3087366
Namibia,1927,2.4109938
Namibia,1928,2.3733244
Namibia,1929,2.375808
Namibia,1930,2.4861703
Namibia,1931,2.547338
Namibia,1932,2.5781581
Namibia,1933,2.6101189
Namibia,1934,2.6158035
Namibia,1935,2.6287217
Namibia,1936,2.6305797
Namibia,1937,2.6413088
Namibia,1938,2.632911
Namibia,1939,2.6231167
Namibia,1940,2.7813787
Namibia,1941,2.868808
Namibia,1942,2.9305096
Namibia,1943,2.9662693
Namibia,1944,2.994695
Namibia,1945,2.990424
Namibia,1946,3.0005608
Namibia,1947,3.0217752
Namibia,1948,3.0055213
Namibia,1949,2.9859796
Namibia,1950,3.8012934
Namibia,1951,4.39578
Namibia,1952,4.8240623
Namibia,1953,5.2350216
Namibia,1954,5.566024
Namibia,1955,5.8005834
Namibia,1956,6.044985
Namibia,1957,6.437136
Namibia,1958,6.6965675
Namibia,1959,6.988638
Namibia,1960,10.735308
Namibia,1961,6.628257
Namibia,1962,4.8394403
Namibia,1963,4.3323517
Namibia,1964,3.5844598
Namibia,1965,3.178321
Namibia,1966,3.27523
Namibia,1967,2.9863362
Namibia,1968,2.7896469
Namibia,1969,2.7622015
Namibia,1970,2.719294
Namibia,1971,2.454302
Namibia,1972,2.274726
Namibia,1973,2.1355035
Namibia,1974,2.0111153
Namibia,1975,1.9197419
Namibia,1976,1.7630483
Namibia,1977,1.6980599
Namibia,1978,1.5903375
Namibia,1979,1.612914
Namibia,1980,1.5522054
Namibia,1981,1.5300554
Namibia,1982,1.8223039
Namibia,1983,1.6590124
Namibia,1984,1.5746899
Namibia,1985,1.5093112
Namibia,1986,1.4609792
Namibia,1987,1.4227107
Namibia,1988,1.3974401
Namibia,1989,1.315326
Namibia,1990,1.2633744
Namibia,1991,1.2261492
Namibia,1992,2.6553717
Namibia,1993,3.8728673
Namibia,1994,5.5040617
Namibia,1995,3.4690492
Namibia,1996,2.50474
Namibia,1997,1.959485
Namibia,1998,1.6040423
Namibia,1999,1.337779
Namibia,2000,1.2932401
Namibia,2001,1.2661799
Namibia,2002,1.2479575
Namibia,2003,1.1099092
Namibia,2004,1.146527
Namibia,2005,1.1677784
Namibia,2006,1.0154983
Namibia,2007,1.1247071
Namibia,2008,1.6025963
Namibia,2009,1.6274858
Namibia,2010,1.7743767
Namibia,2011,1.5357792
Namibia,2012,1.5027615
Namibia,2013,1.4316112
Namibia,2014,1.3659443
Namibia,2015,1.4236195
Namibia,2016,1.3493721
Namibia,2017,1.2767802
Namibia,2018,1.2761927
Namibia,2019,1.4501148
Namibia,2020,1.6510395
Namibia,2021,1.7964036
Namibia,2022,2.0496075
Namibia,2023,2.3495715
Nauru,1850,0
Nauru,1851,0
Nauru,1852,0
Nauru,1853,0
Nauru,1854,0
Nauru,1855,0
Nauru,1856,0
Nauru,1857,0
Nauru,1858,0
Nauru,1859,0
Nauru,1860,0
Nauru,1861,0
Nauru,1862,0
Nauru,1863,0
Nauru,1864,0
Nauru,1865,0
Nauru,1866,0
Nauru,1867,0
Nauru,1868,0
Nauru,1869,0
Nauru,1870,0
Nauru,1871,0
Nauru,1872,0
Nauru,1873,0
Nauru,1874,0
Nauru,1875,0
Nauru,1876,0
Nauru,1877,0
Nauru,1878,0
Nauru,1879,0
Nauru,1880,0
Nauru,1881,0
Nauru,1882,0
Nauru,1883,0
Nauru,1884,0
Nauru,1885,0
Nauru,1886,0
Nauru,1887,0
Nauru,1888,0
Nauru,1889,0
Nauru,1890,0
Nauru,1891,0
Nauru,1892,0
Nauru,1893,0
Nauru,1894,0
Nauru,1895,0
Nauru,1896,0
Nauru,1897,0
Nauru,1898,0
Nauru,1899,0
Nauru,1900,0
Nauru,1901,0
Nauru,1902,0
Nauru,1903,0
Nauru,1904,0
Nauru,1905,0
Nauru,1906,0
Nauru,1907,0
Nauru,1908,0
Nauru,1909,0
Nauru,1910,0
Nauru,1911,0
Nauru,1912,0
Nauru,1913,0
Nauru,1914,0
Nauru,1915,0
Nauru,1916,0
Nauru,1917,0
Nauru,1918,0
Nauru,1919,0
Nauru,1920,0
Nauru,1921,0
Nauru,1922,0
Nauru,1923,0
Nauru,1924,0
Nauru,1925,0
Nauru,1926,0
Nauru,1927,0
Nauru,1928,0
Nauru,1929,0
Nauru,1930,0
Nauru,1931,0
Nauru,1932,0
Nauru,1933,0
Nauru,1934,0
Nauru,1935,0
Nauru,1936,0
Nauru,1937,0
Nauru,1938,0
Nauru,1939,0
Nauru,1940,0
Nauru,1941,0
Nauru,1942,0
Nauru,1943,0
Nauru,1944,0
Nauru,1945,0
Nauru,1946,0
Nauru,1947,0
Nauru,1948,0
Nauru,1949,0
Nauru,1950,0
Nauru,1951,0
Nauru,1952,0
Nauru,1953,0
Nauru,1954,0
Nauru,1955,0
Nauru,1956,0
Nauru,1957,0
Nauru,1958,0
Nauru,1959,0
Nauru,1960,0
Nauru,1961,0
Nauru,1962,0
Nauru,1963,0
Nauru,1964,0
Nauru,1965,0
Nauru,1966,0
Nauru,1967,0
Nauru,1968,0
Nauru,1969,0
Nauru,1970,0
Nauru,1971,0
Nauru,1972,0
Nauru,1973,0
Nauru,1974,0
Nauru,1975,0
Nauru,1976,0
Nauru,1977,0
Nauru,1978,0
Nauru,1979,0
Nauru,1980,0
Nauru,1981,0
Nauru,1982,0
Nauru,1983,0
Nauru,1984,0
Nauru,1985,0
Nauru,1986,0
Nauru,1987,0
Nauru,1988,0
Nauru,1989,0
Nauru,1990,0
Nauru,1991,0
Nauru,1992,0
Nauru,1993,0
Nauru,1994,0
Nauru,1995,0
Nauru,1996,0
Nauru,1997,0
Nauru,1998,0
Nauru,1999,0
Nauru,2000,0
Nauru,2001,0
Nauru,2002,0
Nauru,2003,0
Nauru,2004,0
Nauru,2005,0
Nauru,2006,0
Nauru,2007,0
Nauru,2008,0
Nauru,2009,0
Nauru,2010,0
Nauru,2011,0
Nauru,2012,0
Nauru,2013,0
Nauru,2014,0
Nauru,2015,0
Nauru,2016,0
Nauru,2017,0
Nauru,2018,0
Nauru,2019,0
Nauru,2020,0
Nauru,2021,0
Nauru,2022,0
Nauru,2023,0
Nepal,1850,0.9746293
Nepal,1851,0.85569346
Nepal,1852,0.79859966
Nepal,1853,0.7609533
Nepal,1854,0.73725337
Nepal,1855,0.71512836
Nepal,1856,0.70763516
Nepal,1857,0.68588394
Nepal,1858,0.68461597
Nepal,1859,0.6724067
Nepal,1860,0.6760143
Nepal,1861,0.67742974
Nepal,1862,0.6755703
Nepal,1863,0.6796977
Nepal,1864,0.67807204
Nepal,1865,0.7006839
Nepal,1866,0.6927365
Nepal,1867,0.6904757
Nepal,1868,0.69575816
Nepal,1869,0.69834524
Nepal,1870,0.940868
Nepal,1871,1.0396146
Nepal,1872,1.0990125
Nepal,1873,1.1455665
Nepal,1874,1.2017587
Nepal,1875,1.2208955
Nepal,1876,1.2441236
Nepal,1877,1.262749
Nepal,1878,1.2864258
Nepal,1879,1.3024522
Nepal,1880,1.0405004
Nepal,1881,0.94593155
Nepal,1882,0.88951695
Nepal,1883,0.85213596
Nepal,1884,0.82074076
Nepal,1885,0.7998823
Nepal,1886,0.7788113
Nepal,1887,0.7661024
Nepal,1888,0.75316644
Nepal,1889,0.74031895
Nepal,1890,0.79530567
Nepal,1891,0.8161953
Nepal,1892,0.8291565
Nepal,1893,0.8353202
Nepal,1894,0.8423161
Nepal,1895,0.8479111
Nepal,1896,0.85545594
Nepal,1897,0.8617022
Nepal,1898,0.86585516
Nepal,1899,0.8715907
Nepal,1900,1.4727422
Nepal,1901,1.7082523
Nepal,1902,1.8460968
Nepal,1903,1.9490639
Nepal,1904,2.0287442
Nepal,1905,2.0946639
Nepal,1906,2.1423163
Nepal,1907,2.1846514
Nepal,1908,2.2242184
Nepal,1909,2.2570608
Nepal,1910,2.7658587
Nepal,1911,2.758238
Nepal,1912,2.939376
Nepal,1913,3.0277631
Nepal,1914,3.1856008
Nepal,1915,3.0899887
Nepal,1916,3.3268516
Nepal,1917,3.3088684
Nepal,1918,3.3905027
Nepal,1919,3.286678
Nepal,1920,2.9373837
Nepal,1921,2.8526034
Nepal,1922,2.7676675
Nepal,1923,2.6545389
Nepal,1924,2.615161
Nepal,1925,2.59533
Nepal,1926,2.5911489
Nepal,1927,2.6012151
Nepal,1928,2.599054
Nepal,1929,2.5892112
Nepal,1930,2.4443102
Nepal,1931,2.3953466
Nepal,1932,2.374121
Nepal,1933,2.3645191
Nepal,1934,2.349149
Nepal,1935,2.34764
Nepal,1936,2.354972
Nepal,1937,2.3652186
Nepal,1938,2.3853142
Nepal,1939,2.3860846
Nepal,1940,2.3146257
Nepal,1941,2.2463722
Nepal,1942,2.1754413
Nepal,1943,2.090662
Nepal,1944,2.0123904
Nepal,1945,1.9400959
Nepal,1946,1.8697314
Nepal,1947,1.8017166
Nepal,1948,1.7385154
Nepal,1949,1.6909016
Nepal,1950,2.161392
Nepal,1951,1.9892838
Nepal,1952,2.3795922
Nepal,1953,2.0546172
Nepal,1954,2.0345423
Nepal,1955,1.9718643
Nepal,1956,1.993124
Nepal,1957,1.803205
Nepal,1958,1.8526369
Nepal,1959,1.6192156
Nepal,1960,1.576629
Nepal,1961,1.5977945
Nepal,1962,1.6738979
Nepal,1963,1.5120406
Nepal,1964,1.487238
Nepal,1965,1.4610411
Nepal,1966,1.6215012
Nepal,1967,1.4999524
Nepal,1968,1.4393742
Nepal,1969,3.0474675
Nepal,1970,2.014163
Nepal,1971,3.0147023
Nepal,1972,3.497012
Nepal,1973,2.7031066
Nepal,1974,2.3224967
Nepal,1975,2.150362
Nepal,1976,2.019226
Nepal,1977,1.9594101
Nepal,1978,1.8426458
Nepal,1979,1.669102
Nepal,1980,1.4098536
Nepal,1981,1.3262004
Nepal,1982,1.2587018
Nepal,1983,1.2246361
Nepal,1984,1.1608349
Nepal,1985,1.1473948
Nepal,1986,1.0833993
Nepal,1987,1.0239304
Nepal,1988,0.9782746
Nepal,1989,0.9343973
Nepal,1990,0.876326
Nepal,1991,0.85895586
Nepal,1992,0.8158341
Nepal,1993,0.7882315
Nepal,1994,0.8124409
Nepal,1995,0.67781556
Nepal,1996,0.5935818
Nepal,1997,0.5204368
Nepal,1998,0.7772237
Nepal,1999,0.53996783
Nepal,2000,0.7321488
Nepal,2001,0.70435065
Nepal,2002,0.7172496
Nepal,2003,0.80846655
Nepal,2004,0.7564922
Nepal,2005,0.7560542
Nepal,2006,0.681276
Nepal,2007,0.6499934
Nepal,2008,0.6431796
Nepal,2009,0.59762216
Nepal,2010,0.59548837
Nepal,2011,0.49362203
Nepal,2012,0.4125935
Nepal,2013,0.26432243
Nepal,2014,0.3076931
Nepal,2015,0.47167867
Nepal,2016,0.490367
Nepal,2017,0.5591814
Nepal,2018,0.463108
Nepal,2019,0.47786704
Nepal,2020,0.50006735
Nepal,2021,0.47887018
Nepal,2022,0.45228457
Nepal,2023,0.42995837
Netherlands,1850,2.1607084
Netherlands,1851,2.1206794
Netherlands,1852,2.0558324
Netherlands,1853,2.149243
Netherlands,1854,2.2089622
Netherlands,1855,2.0966718
Netherlands,1856,2.1509037
Netherlands,1857,2.1753933
Netherlands,1858,2.127865
Netherlands,1859,2.0073302
Netherlands,1860,2.1856506
Netherlands,1861,2.1348503
Netherlands,1862,2.0605512
Netherlands,1863,2.06575
Netherlands,1864,2.0423717
Netherlands,1865,1.9768567
Netherlands,1866,1.9572436
Netherlands,1867,2.0739646
Netherlands,1868,2.0151424
Netherlands,1869,2.0279253
Netherlands,1870,2.2223291
Netherlands,1871,2.2474809
Netherlands,1872,2.2166593
Netherlands,1873,2.3629923
Netherlands,1874,2.4584136
Netherlands,1875,2.3558447
Netherlands,1876,2.4268255
Netherlands,1877,2.4655252
Netherlands,1878,2.420914
Netherlands,1879,2.3184726
Netherlands,1880,2.5594475
Netherlands,1881,2.4830773
Netherlands,1882,2.4236448
Netherlands,1883,2.4392872
Netherlands,1884,2.4178472
Netherlands,1885,2.3476157
Netherlands,1886,2.338219
Netherlands,1887,2.4855623
Netherlands,1888,2.4254608
Netherlands,1889,2.4348583
Netherlands,1890,2.5577874
Netherlands,1891,2.4467428
Netherlands,1892,2.330199
Netherlands,1893,2.4638398
Netherlands,1894,2.4834845
Netherlands,1895,2.3354719
Netherlands,1896,2.3575401
Netherlands,1897,2.34267
Netherlands,1898,2.2618203
Netherlands,1899,2.137633
Netherlands,1900,2.2105796
Netherlands,1901,2.0852413
Netherlands,1902,1.9278256
Netherlands,1903,1.7881684
Netherlands,1904,1.8581669
Netherlands,1905,1.8252201
Netherlands,1906,1.6847928
Netherlands,1907,1.6716412
Netherlands,1908,1.6267602
Netherlands,1909,1.5419354
Netherlands,1910,1.4308375
Netherlands,1911,1.5303035
Netherlands,1912,1.4241322
Netherlands,1913,1.3413191
Netherlands,1914,1.3091941
Netherlands,1915,1.2580687
Netherlands,1916,1.1990266
Netherlands,1917,1.158382
Netherlands,1918,1.196467
Netherlands,1919,1.1350505
Netherlands,1920,1.0971727
Netherlands,1921,1.1619076
Netherlands,1922,1.1876135
Netherlands,1923,1.0370489
Netherlands,1924,0.9382391
Netherlands,1925,0.9138893
Netherlands,1926,0.915049
Netherlands,1927,0.8781596
Netherlands,1928,0.889186
Netherlands,1929,0.8939938
Netherlands,1930,0.77707016
Netherlands,1931,0.70470065
Netherlands,1932,0.70354533
Netherlands,1933,0.6906368
Netherlands,1934,0.6609177
Netherlands,1935,0.5878178
Netherlands,1936,0.56795317
Netherlands,1937,0.52587676
Netherlands,1938,0.55241877
Netherlands,1939,0.49897867
Netherlands,1940,0.518329
Netherlands,1941,0.5422745
Netherlands,1942,0.53017896
Netherlands,1943,0.5718804
Netherlands,1944,0.5653313
Netherlands,1945,0.5523639
Netherlands,1946,0.5501861
Netherlands,1947,0.5544974
Netherlands,1948,0.55976
Netherlands,1949,0.5897146
Netherlands,1950,0.49836034
Netherlands,1951,0.45183834
Netherlands,1952,0.44010013
Netherlands,1953,0.4277918
Netherlands,1954,0.36640376
Netherlands,1955,0.35333788
Netherlands,1956,0.29144883
Netherlands,1957,0.2758859
Netherlands,1958,0.24377488
Netherlands,1959,0.26930025
Netherlands,1960,0.26137593
Netherlands,1961,0.18013513
Netherlands,1962,0.17010948
Netherlands,1963,0.14231579
Netherlands,1964,0.13866726
Netherlands,1965,0.12090433
Netherlands,1966,0.0862335
Netherlands,1967,0.105170324
Netherlands,1968,0.063512065
Netherlands,1969,0.04338897
Netherlands,1970,0.02009974
Netherlands,1971,0.036653034
Netherlands,1972,0.057068717
Netherlands,1973,0.026659504
Netherlands,1974,0.023697777
Netherlands,1975,0.039776403
Netherlands,1976,0.090974204
Netherlands,1977,0.039689988
Netherlands,1978,0.028518746
Netherlands,1979,0.042442035
Netherlands,1980,0.04224198
Netherlands,1981,0.044430003
Netherlands,1982,0.04320976
Netherlands,1983,0.087176405
Netherlands,1984,0.12576574
Netherlands,1985,0.13645022
Netherlands,1986,0.16820683
Netherlands,1987,0.16591254
Netherlands,1988,0.15918763
Netherlands,1989,0.26273572
Netherlands,1990,0.16529496
Netherlands,1991,0.1930466
Netherlands,1992,0.20535003
Netherlands,1993,0.1985174
Netherlands,1994,0.25704595
Netherlands,1995,0.23628537
Netherlands,1996,0.35783073
Netherlands,1997,0.21937291
Netherlands,1998,0.50029975
Netherlands,1999,0.3482357
Netherlands,2000,0.2555584
Netherlands,2001,0.31313437
Netherlands,2002,0.3199476
Netherlands,2003,0.4943029
Netherlands,2004,0.49104294
Netherlands,2005,0.5859873
Netherlands,2006,0.50103015
Netherlands,2007,0.48761463
Netherlands,2008,0.435831
Netherlands,2009,0.42038888
Netherlands,2010,0.3405225
Netherlands,2011,0.28809482
Netherlands,2012,0.3723862
Netherlands,2013,0.329289
Netherlands,2014,0.35953155
Netherlands,2015,0.3300889
Netherlands,2016,0.34284085
Netherlands,2017,0.3277498
Netherlands,2018,0.30235106
Netherlands,2019,0.29481503
Netherlands,2020,0.03590939
Netherlands,2021,-0.001334955
Netherlands,2022,-0.039381463
Netherlands,2023,-0.07337529
New Zealand,1850,110.75604
New Zealand,1851,112.44289
New Zealand,1852,118.51063
New Zealand,1853,98.14751
New Zealand,1854,93.02197
New Zealand,1855,90.58643
New Zealand,1856,57.876865
New Zealand,1857,76.08207
New Zealand,1858,72.44969
New Zealand,1859,67.8722
New Zealand,1860,64.01051
New Zealand,1861,57.360806
New Zealand,1862,54.985447
New Zealand,1863,59.030857
New Zealand,1864,60.369476
New Zealand,1865,42.872204
New Zealand,1866,40.837227
New Zealand,1867,36.956474
New Zealand,1868,40.3718
New Zealand,1869,25.564705
New Zealand,1870,35.35652
New Zealand,1871,30.529984
New Zealand,1872,25.450277
New Zealand,1873,28.920908
New Zealand,1874,24.03648
New Zealand,1875,22.823166
New Zealand,1876,23.082802
New Zealand,1877,25.59545
New Zealand,1878,23.971756
New Zealand,1879,26.039755
New Zealand,1880,23.251535
New Zealand,1881,25.086042
New Zealand,1882,29.919565
New Zealand,1883,29.25411
New Zealand,1884,31.263695
New Zealand,1885,27.431025
New Zealand,1886,29.289238
New Zealand,1887,32.881462
New Zealand,1888,30.097647
New Zealand,1889,29.31339
New Zealand,1890,33.38807
New Zealand,1891,30.515154
New Zealand,1892,35.035797
New Zealand,1893,36.63011
New Zealand,1894,35.133507
New Zealand,1895,35.734077
New Zealand,1896,34.361637
New Zealand,1897,36.342003
New Zealand,1898,35.253136
New Zealand,1899,34.52426
New Zealand,1900,29.771725
New Zealand,1901,28.062378
New Zealand,1902,26.049177
New Zealand,1903,26.851753
New Zealand,1904,24.69123
New Zealand,1905,22.423565
New Zealand,1906,22.88957
New Zealand,1907,20.925869
New Zealand,1908,20.83374
New Zealand,1909,20.142511
New Zealand,1910,21.018606
New Zealand,1911,21.256664
New Zealand,1912,20.109192
New Zealand,1913,20.73554
New Zealand,1914,19.689163
New Zealand,1915,19.892273
New Zealand,1916,19.132849
New Zealand,1917,18.340702
New Zealand,1918,19.741606
New Zealand,1919,18.55433
New Zealand,1920,18.503517
New Zealand,1921,18.221537
New Zealand,1922,15.482115
New Zealand,1923,17.116945
New Zealand,1924,14.583125
New Zealand,1925,15.412416
New Zealand,1926,15.9217
New Zealand,1927,13.989262
New Zealand,1928,14.099696
New Zealand,1929,14.369541
New Zealand,1930,14.939212
New Zealand,1931,14.092025
New Zealand,1932,13.487318
New Zealand,1933,13.602882
New Zealand,1934,13.566231
New Zealand,1935,13.35511
New Zealand,1936,13.2138815
New Zealand,1937,12.015543
New Zealand,1938,13.38109
New Zealand,1939,11.546816
New Zealand,1940,11.371288
New Zealand,1941,12.599146
New Zealand,1942,10.694273
New Zealand,1943,9.91653
New Zealand,1944,10.801069
New Zealand,1945,10.209282
New Zealand,1946,10.673402
New Zealand,1947,9.231424
New Zealand,1948,9.637325
New Zealand,1949,9.646467
New Zealand,1950,13.016436
New Zealand,1951,13.977404
New Zealand,1952,14.149527
New Zealand,1953,14.878489
New Zealand,1954,14.987577
New Zealand,1955,14.412928
New Zealand,1956,14.42816
New Zealand,1957,14.646604
New Zealand,1958,14.632485
New Zealand,1959,13.194011
New Zealand,1960,7.6802435
New Zealand,1961,7.830905
New Zealand,1962,6.6715317
New Zealand,1963,6.885544
New Zealand,1964,5.668513
New Zealand,1965,5.353474
New Zealand,1966,4.6861978
New Zealand,1967,4.731369
New Zealand,1968,4.6789436
New Zealand,1969,3.8803093
New Zealand,1970,4.1109257
New Zealand,1971,12.052326
New Zealand,1972,4.68467
New Zealand,1973,5.092976
New Zealand,1974,12.997673
New Zealand,1975,14.176863
New Zealand,1976,7.410641
New Zealand,1977,10.310503
New Zealand,1978,6.9032493
New Zealand,1979,8.924958
New Zealand,1980,18.196949
New Zealand,1981,8.064254
New Zealand,1982,6.1073513
New Zealand,1983,6.5378428
New Zealand,1984,5.6004877
New Zealand,1985,4.8996634
New Zealand,1986,4.5231185
New Zealand,1987,4.2721286
New Zealand,1988,3.6452012
New Zealand,1989,3.0335805
New Zealand,1990,2.979743
New Zealand,1991,3.48347
New Zealand,1992,2.6830761
New Zealand,1993,2.5706038
New Zealand,1994,3.9968617
New Zealand,1995,2.4161491
New Zealand,1996,2.623252
New Zealand,1997,2.747699
New Zealand,1998,4.079289
New Zealand,1999,3.0166202
New Zealand,2000,4.4192586
New Zealand,2001,5.220331
New Zealand,2002,3.1636117
New Zealand,2003,3.9752362
New Zealand,2004,3.3395872
New Zealand,2005,2.402825
New Zealand,2006,4.4105825
New Zealand,2007,3.4723084
New Zealand,2008,4.7047143
New Zealand,2009,3.5840163
New Zealand,2010,3.0815666
New Zealand,2011,3.6826534
New Zealand,2012,3.5079749
New Zealand,2013,3.8394933
New Zealand,2014,2.863461
New Zealand,2015,3.5481255
New Zealand,2016,2.9964771
New Zealand,2017,3.9214292
New Zealand,2018,4.1048985
New Zealand,2019,3.4347641
New Zealand,2020,3.7946665
New Zealand,2021,3.8958466
New Zealand,2022,3.8474183
New Zealand,2023,3.742687
Nicaragua,1850,26.52404
Nicaragua,1851,25.933676
Nicaragua,1852,21.237358
Nicaragua,1853,14.612456
Nicaragua,1854,14.548071
Nicaragua,1855,11.22131
Nicaragua,1856,11.19681
Nicaragua,1857,12.093108
Nicaragua,1858,12.399341
Nicaragua,1859,10.166153
Nicaragua,1860,11.506713
Nicaragua,1861,9.763422
Nicaragua,1862,11.668653
Nicaragua,1863,15.055729
Nicaragua,1864,10.505959
Nicaragua,1865,9.715583
Nicaragua,1866,7.807797
Nicaragua,1867,8.848236
Nicaragua,1868,9.491279
Nicaragua,1869,9.185033
Nicaragua,1870,9.143581
Nicaragua,1871,12.525952
Nicaragua,1872,21.116007
Nicaragua,1873,17.676088
Nicaragua,1874,23.600988
Nicaragua,1875,18.394024
Nicaragua,1876,24.624496
Nicaragua,1877,25.129217
Nicaragua,1878,22.304829
Nicaragua,1879,21.454967
Nicaragua,1880,19.741877
Nicaragua,1881,18.089897
Nicaragua,1882,17.415623
Nicaragua,1883,24.153362
Nicaragua,1884,24.72591
Nicaragua,1885,26.32222
Nicaragua,1886,21.811079
Nicaragua,1887,18.87319
Nicaragua,1888,16.767368
Nicaragua,1889,21.316023
Nicaragua,1890,23.436642
Nicaragua,1891,20.985931
Nicaragua,1892,24.935698
Nicaragua,1893,18.510586
Nicaragua,1894,24.732422
Nicaragua,1895,25.360918
Nicaragua,1896,26.016314
Nicaragua,1897,22.334888
Nicaragua,1898,17.816776
Nicaragua,1899,21.837976
Nicaragua,1900,18.04798
Nicaragua,1901,18.780144
Nicaragua,1902,22.928896
Nicaragua,1903,21.530153
Nicaragua,1904,18.876093
Nicaragua,1905,22.210445
Nicaragua,1906,24.142954
Nicaragua,1907,16.122744
Nicaragua,1908,18.241154
Nicaragua,1909,21.507431
Nicaragua,1910,17.77732
Nicaragua,1911,19.201475
Nicaragua,1912,19.40326
Nicaragua,1913,17.633005
Nicaragua,1914,16.466463
Nicaragua,1915,23.73087
Nicaragua,1916,19.2815
Nicaragua,1917,18.207026
Nicaragua,1918,18.893745
Nicaragua,1919,17.40993
Nicaragua,1920,24.897472
Nicaragua,1921,38.89642
Nicaragua,1922,38.978157
Nicaragua,1923,39.56839
Nicaragua,1924,44.562332
Nicaragua,1925,40.91252
Nicaragua,1926,40.18444
Nicaragua,1927,42.87159
Nicaragua,1928,40.94584
Nicaragua,1929,35.916748
Nicaragua,1930,41.539
Nicaragua,1931,41.098915
Nicaragua,1932,37.812263
Nicaragua,1933,38.251915
Nicaragua,1934,39.098164
Nicaragua,1935,37.112694
Nicaragua,1936,35.311466
Nicaragua,1937,34.615353
Nicaragua,1938,38.052773
Nicaragua,1939,32.578846
Nicaragua,1940,38.883038
Nicaragua,1941,45.45665
Nicaragua,1942,48.793213
Nicaragua,1943,47.975567
Nicaragua,1944,45.297745
Nicaragua,1945,45.66384
Nicaragua,1946,46.45634
Nicaragua,1947,39.571117
Nicaragua,1948,42.698776
Nicaragua,1949,39.80731
Nicaragua,1950,41.562542
Nicaragua,1951,40.22776
Nicaragua,1952,42.988907
Nicaragua,1953,46.26098
Nicaragua,1954,44.17333
Nicaragua,1955,46.332283
Nicaragua,1956,44.9116
Nicaragua,1957,44.33226
Nicaragua,1958,45.682693
Nicaragua,1959,45.55961
Nicaragua,1960,31.801493
Nicaragua,1961,20.790756
Nicaragua,1962,18.00295
Nicaragua,1963,17.53167
Nicaragua,1964,13.67739
Nicaragua,1965,13.5313015
Nicaragua,1966,9.522111
Nicaragua,1967,8.859034
Nicaragua,1968,7.3959417
Nicaragua,1969,6.325886
Nicaragua,1970,6.49434
Nicaragua,1971,5.4597144
Nicaragua,1972,6.813099
Nicaragua,1973,4.962222
Nicaragua,1974,5.7482953
Nicaragua,1975,4.7338414
Nicaragua,1976,7.3341327
Nicaragua,1977,5.1498876
Nicaragua,1978,4.5099993
Nicaragua,1979,5.5017447
Nicaragua,1980,9.882892
Nicaragua,1981,9.856183
Nicaragua,1982,5.987286
Nicaragua,1983,7.2528358
Nicaragua,1984,9.009982
Nicaragua,1985,6.0218687
Nicaragua,1986,5.239266
Nicaragua,1987,7.4247713
Nicaragua,1988,8.380375
Nicaragua,1989,6.3953977
Nicaragua,1990,5.346599
Nicaragua,1991,5.801072
Nicaragua,1992,7.022979
Nicaragua,1993,8.178783
Nicaragua,1994,17.231781
Nicaragua,1995,17.426796
Nicaragua,1996,18.683285
Nicaragua,1997,17.040184
Nicaragua,1998,17.394852
Nicaragua,1999,17.991415
Nicaragua,2000,16.651808
Nicaragua,2001,14.573458
Nicaragua,2002,12.693961
Nicaragua,2003,12.432481
Nicaragua,2004,9.305748
Nicaragua,2005,6.381641
Nicaragua,2006,5.626616
Nicaragua,2007,3.9655373
Nicaragua,2008,2.1636736
Nicaragua,2009,2.2077568
Nicaragua,2010,1.9434633
Nicaragua,2011,1.4623597
Nicaragua,2012,1.4405347
Nicaragua,2013,1.1497468
Nicaragua,2014,0.92222124
Nicaragua,2015,1.8688524
Nicaragua,2016,2.0057087
Nicaragua,2017,2.0658472
Nicaragua,2018,1.3121144
Nicaragua,2019,1.1810229
Nicaragua,2020,1.032366
Nicaragua,2021,1.2068939
Nicaragua,2022,1.2447093
Nicaragua,2023,1.4123238
Niger,1850,1.3940144
Niger,1851,1.2788318
Niger,1852,1.2040187
Niger,1853,1.1247822
Niger,1854,1.0635885
Niger,1855,1.0142015
Niger,1856,0.9733537
Niger,1857,0.9417246
Niger,1858,0.9084658
Niger,1859,0.89330995
Niger,1860,0.9118028
Niger,1861,0.917692
Niger,1862,0.917327
Niger,1863,0.91357327
Niger,1864,0.90766335
Niger,1865,0.90066195
Niger,1866,0.89296204
Niger,1867,0.8848452
Niger,1868,0.8765229
Niger,1869,0.8679586
Niger,1870,0.94041055
Niger,1871,0.9763614
Niger,1872,0.99561137
Niger,1873,1.0190322
Niger,1874,1.0138324
Niger,1875,1.0111611
Niger,1876,1.0080049
Niger,1877,1.0084759
Niger,1878,1.0256301
Niger,1879,1.003065
Niger,1880,1.0818993
Niger,1881,1.1421337
Niger,1882,1.1852192
Niger,1883,1.1742971
Niger,1884,1.1654044
Niger,1885,1.1669264
Niger,1886,1.1820734
Niger,1887,1.1901535
Niger,1888,1.16178
Niger,1889,1.1510155
Niger,1890,1.2724366
Niger,1891,1.3649272
Niger,1892,1.3925871
Niger,1893,1.3905667
Niger,1894,1.399621
Niger,1895,1.3983535
Niger,1896,1.3978
Niger,1897,1.3953904
Niger,1898,1.4150223
Niger,1899,1.437174
Niger,1900,1.5669864
Niger,1901,1.6312095
Niger,1902,1.6505817
Niger,1903,1.6759197
Niger,1904,1.7090137
Niger,1905,1.6827785
Niger,1906,1.6844208
Niger,1907,1.677377
Niger,1908,1.6276915
Niger,1909,1.603864
Niger,1910,1.8526049
Niger,1911,1.9574336
Niger,1912,1.9902209
Niger,1913,2.054106
Niger,1914,2.0863843
Niger,1915,2.0892541
Niger,1916,2.1861591
Niger,1917,2.1317272
Niger,1918,2.1296215
Niger,1919,2.0845153
Niger,1920,2.4536374
Niger,1921,2.682818
Niger,1922,2.7931674
Niger,1923,2.921844
Niger,1924,2.9763756
Niger,1925,3.0110672
Niger,1926,2.9653938
Niger,1927,2.938284
Niger,1928,3.0387487
Niger,1929,3.002595
Niger,1930,3.8347278
Niger,1931,4.394448
Niger,1932,4.489583
Niger,1933,4.6782646
Niger,1934,4.7270675
Niger,1935,4.6949353
Niger,1936,4.74249
Niger,1937,4.58272
Niger,1938,4.7740426
Niger,1939,4.7125845
Niger,1940,7.4097657
Niger,1941,8.97534
Niger,1942,9.937117
Niger,1943,10.138178
Niger,1944,10.518491
Niger,1945,10.534497
Niger,1946,10.452881
Niger,1947,10.525255
Niger,1948,10.288852
Niger,1949,10.105837
Niger,1950,11.455923
Niger,1951,11.89465
Niger,1952,12.036971
Niger,1953,11.876965
Niger,1954,11.6793165
Niger,1955,11.405978
Niger,1956,11.129356
Niger,1957,10.928216
Niger,1958,10.794347
Niger,1959,10.748981
Niger,1960,10.752271
Niger,1961,6.676423
Niger,1962,4.512527
Niger,1963,3.2242842
Niger,1964,2.3982348
Niger,1965,1.8456612
Niger,1966,1.4396232
Niger,1967,7.8972187
Niger,1968,4.5872045
Niger,1969,-1.7852385
Niger,1970,-1.779999
Niger,1971,-1.8091146
Niger,1972,-3.0666864
Niger,1973,-6.9699655
Niger,1974,-5.692523
Niger,1975,-4.4018025
Niger,1976,-3.367493
Niger,1977,-2.5881114
Niger,1978,-0.66760427
Niger,1979,1.0491004
Niger,1980,-1.3764064
Niger,1981,-0.86828923
Niger,1982,0.07641711
Niger,1983,-1.0278108
Niger,1984,-0.9188461
Niger,1985,-0.7554772
Niger,1986,-1.4250085
Niger,1987,-1.1746064
Niger,1988,-0.31734678
Niger,1989,7.571838
Niger,1990,9.530061
Niger,1991,9.833017
Niger,1992,5.6323233
Niger,1993,4.010587
Niger,1994,6.973515
Niger,1995,4.0647616
Niger,1996,2.6338966
Niger,1997,1.8390881
Niger,1998,1.3445197
Niger,1999,1.0205673
Niger,2000,0.778878
Niger,2001,0.6326722
Niger,2002,0.7998033
Niger,2003,0.7213655
Niger,2004,0.5022655
Niger,2005,0.6537412
Niger,2006,2.4826634
Niger,2007,1.3700833
Niger,2008,0.8892755
Niger,2009,1.0580761
Niger,2010,1.8842808
Niger,2011,2.324596
Niger,2012,3.0282323
Niger,2013,1.6589217
Niger,2014,1.4623376
Niger,2015,2.0379364
Niger,2016,1.6136787
Niger,2017,1.0429853
Niger,2018,0.6533911
Niger,2019,0.45167324
Niger,2020,0.3375982
Niger,2021,0.36111233
Niger,2022,0.35595712
Niger,2023,0.34316906
Nigeria,1850,0.6132712
Nigeria,1851,0.46222347
Nigeria,1852,0.4175586
Nigeria,1853,0.4205114
Nigeria,1854,0.3667316
Nigeria,1855,0.36095223
Nigeria,1856,0.35762632
Nigeria,1857,0.34221476
Nigeria,1858,0.33758196
Nigeria,1859,0.3358524
Nigeria,1860,0.37435994
Nigeria,1861,0.38613448
Nigeria,1862,0.39863935
Nigeria,1863,0.42358348
Nigeria,1864,0.43046716
Nigeria,1865,0.46477377
Nigeria,1866,0.47734612
Nigeria,1867,0.44818962
Nigeria,1868,0.44972023
Nigeria,1869,0.45182982
Nigeria,1870,0.49038395
Nigeria,1871,0.502521
Nigeria,1872,0.52287346
Nigeria,1873,0.5523712
Nigeria,1874,0.576965
Nigeria,1875,0.5773806
Nigeria,1876,0.56500626
Nigeria,1877,0.578555
Nigeria,1878,0.6099395
Nigeria,1879,0.58857477
Nigeria,1880,0.64027625
Nigeria,1881,0.667495
Nigeria,1882,0.6736779
Nigeria,1883,0.6909191
Nigeria,1884,0.7052908
Nigeria,1885,0.66916233
Nigeria,1886,0.6674952
Nigeria,1887,0.6967915
Nigeria,1888,0.69517535
Nigeria,1889,0.6801831
Nigeria,1890,0.7523625
Nigeria,1891,0.7587586
Nigeria,1892,0.7855863
Nigeria,1893,0.8121853
Nigeria,1894,0.8159791
Nigeria,1895,0.80928916
Nigeria,1896,0.81413066
Nigeria,1897,0.8142848
Nigeria,1898,0.8217597
Nigeria,1899,0.82078904
Nigeria,1900,0.883928
Nigeria,1901,0.91754293
Nigeria,1902,0.9478533
Nigeria,1903,0.9592161
Nigeria,1904,0.9788528
Nigeria,1905,0.95650244
Nigeria,1906,0.97785854
Nigeria,1907,0.97582895
Nigeria,1908,0.9883719
Nigeria,1909,0.9882508
Nigeria,1910,1.0523083
Nigeria,1911,1.1187905
Nigeria,1912,1.1547896
Nigeria,1913,1.1614381
Nigeria,1914,1.183723
Nigeria,1915,1.188517
Nigeria,1916,1.1792364
Nigeria,1917,1.1703573
Nigeria,1918,1.1602606
Nigeria,1919,1.143454
Nigeria,1920,1.307494
Nigeria,1921,1.4153123
Nigeria,1922,1.5208079
Nigeria,1923,1.5485077
Nigeria,1924,1.5881641
Nigeria,1925,1.6183736
Nigeria,1926,1.6204332
Nigeria,1927,1.6153185
Nigeria,1928,1.6465722
Nigeria,1929,1.6707772
Nigeria,1930,2.071267
Nigeria,1931,2.3337398
Nigeria,1932,2.3750563
Nigeria,1933,2.529281
Nigeria,1934,2.579381
Nigeria,1935,2.5906696
Nigeria,1936,2.5913503
Nigeria,1937,2.5690265
Nigeria,1938,2.611934
Nigeria,1939,2.635014
Nigeria,1940,3.772094
Nigeria,1941,4.515044
Nigeria,1942,4.9422565
Nigeria,1943,5.179599
Nigeria,1944,5.202893
Nigeria,1945,5.249875
Nigeria,1946,5.39984
Nigeria,1947,5.288728
Nigeria,1948,5.3404846
Nigeria,1949,5.2457185
Nigeria,1950,4.313454
Nigeria,1951,3.8426142
Nigeria,1952,3.7069118
Nigeria,1953,3.6260347
Nigeria,1954,3.6097867
Nigeria,1955,3.6112533
Nigeria,1956,3.6305058
Nigeria,1957,3.605214
Nigeria,1958,3.7406714
Nigeria,1959,3.7642791
Nigeria,1960,3.8124537
Nigeria,1961,3.019035
Nigeria,1962,2.4984524
Nigeria,1963,2.2272687
Nigeria,1964,2.0352871
Nigeria,1965,1.6880978
Nigeria,1966,1.2821026
Nigeria,1967,1.3716447
Nigeria,1968,1.5251393
Nigeria,1969,1.4524451
Nigeria,1970,1.3669316
Nigeria,1971,1.259996
Nigeria,1972,1.185483
Nigeria,1973,1.123818
Nigeria,1974,1.0080769
Nigeria,1975,0.9282722
Nigeria,1976,0.92538095
Nigeria,1977,0.8118522
Nigeria,1978,0.94841915
Nigeria,1979,0.90772384
Nigeria,1980,0.7800118
Nigeria,1981,0.6947206
Nigeria,1982,0.6490263
Nigeria,1983,0.7869868
Nigeria,1984,0.8128055
Nigeria,1985,0.73339105
Nigeria,1986,0.55841196
Nigeria,1987,0.5371347
Nigeria,1988,0.48054725
Nigeria,1989,0.5537413
Nigeria,1990,1.2731667
Nigeria,1991,1.6545159
Nigeria,1992,1.4986897
Nigeria,1993,2.006163
Nigeria,1994,2.8495984
Nigeria,1995,2.064131
Nigeria,1996,1.5382609
Nigeria,1997,1.7144378
Nigeria,1998,1.9121821
Nigeria,1999,1.3447387
Nigeria,2000,1.5303147
Nigeria,2001,1.1567233
Nigeria,2002,0.8571763
Nigeria,2003,0.8056887
Nigeria,2004,0.6356194
Nigeria,2005,0.49028635
Nigeria,2006,0.31227297
Nigeria,2007,0.109705895
Nigeria,2008,0.6326312
Nigeria,2009,0.26772484
Nigeria,2010,0.32621136
Nigeria,2011,0.19634135
Nigeria,2012,0.19705042
Nigeria,2013,0.15850632
Nigeria,2014,0.1015217
Nigeria,2015,0.0849674
Nigeria,2016,0.061643817
Nigeria,2017,0.09994543
Nigeria,2018,0.17794737
Nigeria,2019,0.059355635
Nigeria,2020,0.012334718
Nigeria,2021,0.032200992
Nigeria,2022,0.03410323
Nigeria,2023,0.033385742
Niue,1950,0
Niue,1951,0
Niue,1952,0
Niue,1953,0
Niue,1954,0
Niue,1955,0
Niue,1956,0
Niue,1957,0
Niue,1958,0
Niue,1959,0
Niue,1960,0
Niue,1961,0
Niue,1962,0
Niue,1963,0
Niue,1964,0
Niue,1965,0
Niue,1966,0
Niue,1967,0
Niue,1968,0
Niue,1969,0
Niue,1970,0
Niue,1971,0
Niue,1972,0
Niue,1973,0
Niue,1974,0
Niue,1975,0
Niue,1976,0
Niue,1977,0
Niue,1978,0
Niue,1979,0
Niue,1980,0
Niue,1981,0
Niue,1982,0
Niue,1983,0
Niue,1984,0
Niue,1985,0
Niue,1986,0
Niue,1987,0
Niue,1988,0
Niue,1989,0
Niue,1990,0
Niue,1991,0
Niue,1992,0
Niue,1993,0
Niue,1994,0
Niue,1995,0
Niue,1996,0
Niue,1997,0
Niue,1998,0
Niue,1999,0
Niue,2000,0
Niue,2001,0
Niue,2002,0
Niue,2003,0
Niue,2004,0
Niue,2005,0
Niue,2006,0
Niue,2007,0
Niue,2008,0
Niue,2009,0
Niue,2010,0
Niue,2011,0
Niue,2012,0
Niue,2013,0
Niue,2014,0
Niue,2015,0
Niue,2016,0
Niue,2017,0
Niue,2018,0
Niue,2019,0
Niue,2020,0
Niue,2021,0
Niue,2022,0
Niue,2023,0
North America,1850,24.047861
North America,1851,25.722408
North America,1852,26.66625
North America,1853,25.656404
North America,1854,25.539322
North America,1855,25.087141
North America,1856,25.239716
North America,1857,25.326897
North America,1858,25.694128
North America,1859,26.170954
North America,1860,23.070364
North America,1861,20.963745
North America,1862,20.015442
North America,1863,19.739674
North America,1864,19.048512
North America,1865,17.684355
North America,1866,17.933577
North America,1867,17.57883
North America,1868,16.87811
North America,1869,16.99513
North America,1870,21.984642
North America,1871,22.769232
North America,1872,24.516672
North America,1873,24.806799
North America,1874,25.92105
North America,1875,26.17487
North America,1876,26.270273
North America,1877,26.114786
North America,1878,26.50647
North America,1879,26.35689
North America,1880,24.628622
North America,1881,22.84328
North America,1882,23.014227
North America,1883,22.77164
North America,1884,21.952883
North America,1885,21.997435
North America,1886,21.047148
North America,1887,20.63483
North America,1888,20.133991
North America,1889,19.865767
North America,1890,20.437649
North America,1891,20.095423
North America,1892,19.582336
North America,1893,20.37226
North America,1894,20.15663
North America,1895,19.950571
North America,1896,19.226032
North America,1897,19.245594
North America,1898,18.814842
North America,1899,18.886835
North America,1900,18.660635
North America,1901,18.115326
North America,1902,17.760033
North America,1903,17.274504
North America,1904,17.12759
North America,1905,17.083914
North America,1906,16.806204
North America,1907,16.381557
North America,1908,16.205257
North America,1909,16.294142
North America,1910,15.095614
North America,1911,14.7720585
North America,1912,14.316307
North America,1913,13.728861
North America,1914,13.706085
North America,1915,13.465348
North America,1916,13.1406765
North America,1917,13.244701
North America,1918,13.033657
North America,1919,12.84
North America,1920,12.426434
North America,1921,12.600158
North America,1922,12.113943
North America,1923,11.583689
North America,1924,11.350047
North America,1925,11.251545
North America,1926,10.993926
North America,1927,10.309816
North America,1928,10.02692
North America,1929,9.542302
North America,1930,9.026327
North America,1931,8.911457
North America,1932,8.183123
North America,1933,7.967308
North America,1934,7.8885927
North America,1935,7.5013914
North America,1936,7.218498
North America,1937,6.883552
North America,1938,6.727715
North America,1939,6.45759
North America,1940,7.1487536
North America,1941,7.656237
North America,1942,7.64444
North America,1943,7.631566
North America,1944,7.56625
North America,1945,7.543364
North America,1946,7.2964673
North America,1947,7.376174
North America,1948,7.230984
North America,1949,6.7391768
North America,1950,6.2652154
North America,1951,5.986726
North America,1952,5.830182
North America,1953,5.5089726
North America,1954,5.4575806
North America,1955,5.162045
North America,1956,5.0785074
North America,1957,4.740318
North America,1958,4.794716
North America,1959,4.8681564
North America,1960,3.7562056
North America,1961,2.9767544
North America,1962,3.302065
North America,1963,3.2055752
North America,1964,2.4871366
North America,1965,2.285122
North America,1966,1.8271834
North America,1967,3.3567393
North America,1968,4.1929526
North America,1969,2.9577675
North America,1970,2.5267663
North America,1971,2.5524893
North America,1972,2.5742462
North America,1973,1.9978546
North America,1974,2.015552
North America,1975,2.0693538
North America,1976,2.1582484
North America,1977,2.364302
North America,1978,2.0037854
North America,1979,1.9315507
North America,1980,2.1624544
North America,1981,2.1470346
North America,1982,2.058939
North America,1983,2.1990635
North America,1984,2.0276334
North America,1985,2.0497036
North America,1986,2.1545262
North America,1987,2.2588668
North America,1988,2.3235376
North America,1989,2.2190027
North America,1990,2.2744637
North America,1991,1.8458644
North America,1992,1.7344817
North America,1993,1.5417389
North America,1994,1.8325508
North America,1995,1.3649111
North America,1996,1.4242667
North America,1997,1.4023441
North America,1998,1.5417459
North America,1999,1.5873218
North America,2000,1.4956244
North America,2001,1.2444527
North America,2002,0.99837077
North America,2003,1.0080892
North America,2004,0.8390363
North America,2005,0.8655952
North America,2006,0.66592294
North America,2007,0.4893111
North America,2008,0.47671285
North America,2009,0.3363048
North America,2010,0.3323383
North America,2011,0.21219286
North America,2012,0.37987328
North America,2013,0.28003964
North America,2014,0.5935272
North America,2015,0.4705895
North America,2016,0.4493961
North America,2017,0.54662186
North America,2018,0.32784623
North America,2019,0.4489892
North America,2020,0.36427358
North America,2021,0.38392463
North America,2022,0.42151797
North America,2023,0.4273856
North America (excl. USA),1850,9.064273
North America (excl. USA),1851,10.569929
North America (excl. USA),1852,11.106291
North America (excl. USA),1853,9.312373
North America (excl. USA),1854,8.169349
North America (excl. USA),1855,7.795363
North America (excl. USA),1856,7.9117365
North America (excl. USA),1857,8.904272
North America (excl. USA),1858,9.665287
North America (excl. USA),1859,10.209499
North America (excl. USA),1860,10.070759
North America (excl. USA),1861,9.637002
North America (excl. USA),1862,8.6742115
North America (excl. USA),1863,9.611528
North America (excl. USA),1864,10.269257
North America (excl. USA),1865,9.128326
North America (excl. USA),1866,10.552834
North America (excl. USA),1867,11.149962
North America (excl. USA),1868,10.542104
North America (excl. USA),1869,12.647085
North America (excl. USA),1870,11.074806
North America (excl. USA),1871,6.930263
North America (excl. USA),1872,9.788257
North America (excl. USA),1873,7.904883
North America (excl. USA),1874,9.704979
North America (excl. USA),1875,9.656771
North America (excl. USA),1876,9.239092
North America (excl. USA),1877,8.017993
North America (excl. USA),1878,7.8646326
North America (excl. USA),1879,6.984653
North America (excl. USA),1880,10.178187
North America (excl. USA),1881,9.855004
North America (excl. USA),1882,11.7763405
North America (excl. USA),1883,11.809776
North America (excl. USA),1884,11.419092
North America (excl. USA),1885,13.147495
North America (excl. USA),1886,12.195632
North America (excl. USA),1887,11.237033
North America (excl. USA),1888,11.259345
North America (excl. USA),1889,12.3906355
North America (excl. USA),1890,11.65534
North America (excl. USA),1891,10.882504
North America (excl. USA),1892,10.697242
North America (excl. USA),1893,12.479699
North America (excl. USA),1894,12.567861
North America (excl. USA),1895,13.655151
North America (excl. USA),1896,11.299384
North America (excl. USA),1897,12.103545
North America (excl. USA),1898,10.70388
North America (excl. USA),1899,10.726501
North America (excl. USA),1900,14.245982
North America (excl. USA),1901,14.206623
North America (excl. USA),1902,13.913291
North America (excl. USA),1903,14.269399
North America (excl. USA),1904,14.135324
North America (excl. USA),1905,15.118908
North America (excl. USA),1906,15.277588
North America (excl. USA),1907,14.771288
North America (excl. USA),1908,14.757905
North America (excl. USA),1909,16.103773
North America (excl. USA),1910,15.013626
North America (excl. USA),1911,14.803209
North America (excl. USA),1912,15.268069
North America (excl. USA),1913,14.118309
North America (excl. USA),1914,14.475155
North America (excl. USA),1915,15.297236
North America (excl. USA),1916,14.638634
North America (excl. USA),1917,15.726192
North America (excl. USA),1918,15.676422
North America (excl. USA),1919,15.324476
North America (excl. USA),1920,14.733648
North America (excl. USA),1921,14.88981
North America (excl. USA),1922,14.7258
North America (excl. USA),1923,14.075734
North America (excl. USA),1924,14.431356
North America (excl. USA),1925,14.064666
North America (excl. USA),1926,14.317057
North America (excl. USA),1927,13.592485
North America (excl. USA),1928,12.470603
North America (excl. USA),1929,12.380104
North America (excl. USA),1930,13.2883
North America (excl. USA),1931,13.652551
North America (excl. USA),1932,13.0695715
North America (excl. USA),1933,13.291808
North America (excl. USA),1934,13.513574
North America (excl. USA),1935,13.443661
North America (excl. USA),1936,12.761344
North America (excl. USA),1937,12.504593
North America (excl. USA),1938,12.6249895
North America (excl. USA),1939,12.355072
North America (excl. USA),1940,13.318873
North America (excl. USA),1941,14.805199
North America (excl. USA),1942,14.864991
North America (excl. USA),1943,14.654409
North America (excl. USA),1944,14.384385
North America (excl. USA),1945,14.404723
North America (excl. USA),1946,13.776196
North America (excl. USA),1947,13.901372
North America (excl. USA),1948,13.531574
North America (excl. USA),1949,12.832222
North America (excl. USA),1950,13.717425
North America (excl. USA),1951,13.5437
North America (excl. USA),1952,13.856904
North America (excl. USA),1953,13.221541
North America (excl. USA),1954,12.906374
North America (excl. USA),1955,12.311685
North America (excl. USA),1956,12.237824
North America (excl. USA),1957,11.446562
North America (excl. USA),1958,11.725894
North America (excl. USA),1959,12.760453
North America (excl. USA),1960,9.326839
North America (excl. USA),1961,8.3899145
North America (excl. USA),1962,7.714865
North America (excl. USA),1963,8.404878
North America (excl. USA),1964,6.7172546
North America (excl. USA),1965,6.3439956
North America (excl. USA),1966,5.2366576
North America (excl. USA),1967,5.1576247
North America (excl. USA),1968,4.689174
North America (excl. USA),1969,4.6211653
North America (excl. USA),1970,4.19983
North America (excl. USA),1971,4.867428
North America (excl. USA),1972,5.1142883
North America (excl. USA),1973,3.9112499
North America (excl. USA),1974,4.0196404
North America (excl. USA),1975,4.1974807
North America (excl. USA),1976,4.2487383
North America (excl. USA),1977,3.8429084
North America (excl. USA),1978,3.4956625
North America (excl. USA),1979,3.4245558
North America (excl. USA),1980,3.8144746
North America (excl. USA),1981,3.8166816
North America (excl. USA),1982,3.6334102
North America (excl. USA),1983,3.8501403
North America (excl. USA),1984,3.3782673
North America (excl. USA),1985,3.3996198
North America (excl. USA),1986,4.1160994
North America (excl. USA),1987,4.1177096
North America (excl. USA),1988,4.1861
North America (excl. USA),1989,3.9404294
North America (excl. USA),1990,3.979237
North America (excl. USA),1991,3.2339838
North America (excl. USA),1992,3.249177
North America (excl. USA),1993,2.864793
North America (excl. USA),1994,3.323793
North America (excl. USA),1995,2.8022752
North America (excl. USA),1996,3.052528
North America (excl. USA),1997,2.9024765
North America (excl. USA),1998,3.1461508
North America (excl. USA),1999,3.067427
North America (excl. USA),2000,2.9017828
North America (excl. USA),2001,2.7678342
North America (excl. USA),2002,2.383193
North America (excl. USA),2003,2.13291
North America (excl. USA),2004,2.0358377
North America (excl. USA),2005,1.8510863
North America (excl. USA),2006,1.7698658
North America (excl. USA),2007,1.4303496
North America (excl. USA),2008,1.1753508
North America (excl. USA),2009,1.1078355
North America (excl. USA),2010,0.84749734
North America (excl. USA),2011,0.9056616
North America (excl. USA),2012,0.8190111
North America (excl. USA),2013,0.8203177
North America (excl. USA),2014,1.160651
North America (excl. USA),2015,0.9671274
North America (excl. USA),2016,0.7462268
North America (excl. USA),2017,0.77119875
North America (excl. USA),2018,0.4749969
North America (excl. USA),2019,0.81958944
North America (excl. USA),2020,0.62220985
North America (excl. USA),2021,0.5280401
North America (excl. USA),2022,0.58270174
North America (excl. USA),2023,0.54644054
North Korea,1850,0.7419842
North Korea,1851,0.7180745
North Korea,1852,0.78304714
North Korea,1853,0.7813127
North Korea,1854,0.70555604
North Korea,1855,0.71079093
North Korea,1856,0.69668484
North Korea,1857,0.78105944
North Korea,1858,0.70027167
North Korea,1859,0.7757631
North Korea,1860,0.6906355
North Korea,1861,0.7090518
North Korea,1862,0.67633116
North Korea,1863,0.65407765
North Korea,1864,0.66817474
North Korea,1865,0.62874264
North Korea,1866,0.62115115
North Korea,1867,0.64167523
North Korea,1868,0.67992926
North Korea,1869,0.66129047
North Korea,1870,0.6464268
North Korea,1871,0.61569035
North Korea,1872,0.6352653
North Korea,1873,0.6227405
North Korea,1874,0.6598308
North Korea,1875,0.64532197
North Korea,1876,0.6425324
North Korea,1877,0.6374722
North Korea,1878,0.61963844
North Korea,1879,0.5471547
North Korea,1880,0.5300532
North Korea,1881,0.51973957
North Korea,1882,0.41005772
North Korea,1883,0.37424657
North Korea,1884,0.2421039
North Korea,1885,0.25854683
North Korea,1886,0.17708096
North Korea,1887,0.12228635
North Korea,1888,0.05806159
North Korea,1889,0.041785993
North Korea,1890,-0.024652967
North Korea,1891,-0.089127995
North Korea,1892,-0.171891
North Korea,1893,-0.27039412
North Korea,1894,-0.3963102
North Korea,1895,-0.3034
North Korea,1896,-0.26171866
North Korea,1897,-0.45294496
North Korea,1898,-0.46555138
North Korea,1899,-0.5095914
North Korea,1900,-0.5028325
North Korea,1901,-0.5965649
North Korea,1902,-0.71271276
North Korea,1903,-0.7475868
North Korea,1904,-0.7778917
North Korea,1905,-0.7555049
North Korea,1906,-0.8524912
North Korea,1907,-0.8877387
North Korea,1908,-0.90544665
North Korea,1909,-0.8997508
North Korea,1910,0.7880614
North Korea,1911,1.3554568
North Korea,1912,1.7482624
North Korea,1913,2.1078463
North Korea,1914,2.4004238
North Korea,1915,2.722981
North Korea,1916,2.9837394
North Korea,1917,3.1876655
North Korea,1918,3.3790045
North Korea,1919,3.5490394
North Korea,1920,2.2668915
North Korea,1921,2.1086385
North Korea,1922,1.893632
North Korea,1923,1.7974434
North Korea,1924,1.7282577
North Korea,1925,1.6352574
North Korea,1926,1.5904155
North Korea,1927,1.4975786
North Korea,1928,1.4686747
North Korea,1929,1.3838571
North Korea,1930,1.346443
North Korea,1931,1.3133073
North Korea,1932,1.2552288
North Korea,1933,1.2630373
North Korea,1934,1.1537551
North Korea,1935,1.1559592
North Korea,1936,1.0870436
North Korea,1937,1.0776953
North Korea,1938,1.0360718
North Korea,1939,0.9710542
North Korea,1940,0.9966157
North Korea,1941,0.9242032
North Korea,1942,0.9372358
North Korea,1943,0.94126904
North Korea,1944,0.8731376
North Korea,1945,0.79955155
North Korea,1946,0.8210238
North Korea,1947,0.7704909
North Korea,1948,0.7609315
North Korea,1949,0.74129075
North Korea,1950,0.5844868
North Korea,1951,0.55481076
North Korea,1952,0.4196615
North Korea,1953,0.3944425
North Korea,1954,0.21831417
North Korea,1955,-0.25389525
North Korea,1956,-0.8009484
North Korea,1957,-1.5107867
North Korea,1958,-2.6712713
North Korea,1959,-8.157812
North Korea,1960,-7.6991887
North Korea,1961,-7.1624184
North Korea,1962,-6.745533
North Korea,1963,-6.3168106
North Korea,1964,-5.9430976
North Korea,1965,-5.514625
North Korea,1966,-5.177313
North Korea,1967,-4.8698387
North Korea,1968,-4.504727
North Korea,1969,-4.143591
North Korea,1970,-3.89819
North Korea,1971,-3.673221
North Korea,1972,-3.1483245
North Korea,1973,-3.058141
North Korea,1974,-2.8757818
North Korea,1975,-2.7474446
North Korea,1976,-2.5852506
North Korea,1977,-2.388271
North Korea,1978,-2.2549665
North Korea,1979,-1.8469784
North Korea,1980,-1.8918413
North Korea,1981,-1.8253243
North Korea,1982,-1.719448
North Korea,1983,-1.626366
North Korea,1984,-1.5528691
North Korea,1985,-1.4619515
North Korea,1986,-1.4084777
North Korea,1987,-1.3402356
North Korea,1988,-1.1866865
North Korea,1989,-1.0995969
North Korea,1990,-1.0351522
North Korea,1991,-1.0129635
North Korea,1992,-0.8303087
North Korea,1993,-0.43288317
North Korea,1994,-0.6012082
North Korea,1995,-0.74350464
North Korea,1996,-0.6718029
North Korea,1997,-0.61600816
North Korea,1998,-0.54050124
North Korea,1999,-0.51296663
North Korea,2000,-0.51031244
North Korea,2001,-0.4983006
North Korea,2002,-0.45924708
North Korea,2003,-0.39088038
North Korea,2004,-0.15839635
North Korea,2005,-0.2801003
North Korea,2006,-0.2416292
North Korea,2007,-0.02514784
North Korea,2008,-0.015199243
North Korea,2009,-0.022791117
North Korea,2010,-0.21595532
North Korea,2011,-0.1457551
North Korea,2012,-0.16361043
North Korea,2013,-0.1716363
North Korea,2014,-0.17956486
North Korea,2015,-0.14489931
North Korea,2016,-0.19680418
North Korea,2017,-0.18520777
North Korea,2018,-0.18539082
North Korea,2019,-0.18013383
North Korea,2020,-0.17315781
North Korea,2021,-0.15932496
North Korea,2022,-0.16069874
North Korea,2023,-0.15679054
North Macedonia,1850,2.598255
North Macedonia,1851,2.5912466
North Macedonia,1852,2.5931897
North Macedonia,1853,2.5857916
North Macedonia,1854,2.5816436
North Macedonia,1855,2.5768812
North Macedonia,1856,2.573559
North Macedonia,1857,2.5744057
North Macedonia,1858,2.5723517
North Macedonia,1859,2.5641634
North Macedonia,1860,2.9577174
North Macedonia,1861,3.075429
North Macedonia,1862,3.13791
North Macedonia,1863,3.1910307
North Macedonia,1864,3.2334423
North Macedonia,1865,3.2735078
North Macedonia,1866,3.3150733
North Macedonia,1867,3.3385594
North Macedonia,1868,3.3596358
North Macedonia,1869,3.381882
North Macedonia,1870,3.4808452
North Macedonia,1871,3.5245793
North Macedonia,1872,3.5619988
North Macedonia,1873,3.589647
North Macedonia,1874,3.604593
North Macedonia,1875,3.6188056
North Macedonia,1876,3.6317842
North Macedonia,1877,3.6437895
North Macedonia,1878,3.6574543
North Macedonia,1879,3.657867
North Macedonia,1880,3.6800983
North Macedonia,1881,3.6929967
North Macedonia,1882,3.6880572
North Macedonia,1883,3.6910534
North Macedonia,1884,3.6859353
North Macedonia,1885,3.6858366
North Macedonia,1886,3.6904776
North Macedonia,1887,3.6783884
North Macedonia,1888,3.661077
North Macedonia,1889,3.6524034
North Macedonia,1890,3.6228375
North Macedonia,1891,3.604412
North Macedonia,1892,3.5930948
North Macedonia,1893,3.5768716
North Macedonia,1894,3.5518708
North Macedonia,1895,3.5322413
North Macedonia,1896,3.5157979
North Macedonia,1897,3.5048575
North Macedonia,1898,3.4802485
North Macedonia,1899,3.454188
North Macedonia,1900,3.473529
North Macedonia,1901,3.4686577
North Macedonia,1902,3.4595125
North Macedonia,1903,3.452028
North Macedonia,1904,3.4385376
North Macedonia,1905,3.4223046
North Macedonia,1906,3.4095883
North Macedonia,1907,3.398279
North Macedonia,1908,3.3888083
North Macedonia,1909,3.368202
North Macedonia,1910,3.0092535
North Macedonia,1911,2.8770967
North Macedonia,1912,2.783744
North Macedonia,1913,2.6991916
North Macedonia,1914,2.6307406
North Macedonia,1915,2.5694075
North Macedonia,1916,2.5178576
North Macedonia,1917,2.4795547
North Macedonia,1918,2.429663
North Macedonia,1919,2.3831832
North Macedonia,1920,2.361508
North Macedonia,1921,2.3381786
North Macedonia,1922,2.298963
North Macedonia,1923,2.2635593
North Macedonia,1924,2.222118
North Macedonia,1925,2.1971767
North Macedonia,1926,2.1629157
North Macedonia,1927,2.1310194
North Macedonia,1928,2.1032515
North Macedonia,1929,2.0548704
North Macedonia,1930,2.031977
North Macedonia,1931,2.0101566
North Macedonia,1932,1.9856796
North Macedonia,1933,1.9450089
North Macedonia,1934,1.9272245
North Macedonia,1935,1.8978001
North Macedonia,1936,1.864931
North Macedonia,1937,1.8403108
North Macedonia,1938,1.8140563
North Macedonia,1939,1.7903478
North Macedonia,1940,1.7112944
North Macedonia,1941,1.6811016
North Macedonia,1942,1.6438822
North Macedonia,1943,1.6361144
North Macedonia,1944,1.5829942
North Macedonia,1945,1.5713236
North Macedonia,1946,1.5472568
North Macedonia,1947,1.5033555
North Macedonia,1948,1.4801801
North Macedonia,1949,1.4442939
North Macedonia,1950,3.2612565
North Macedonia,1951,3.3668706
North Macedonia,1952,3.4305384
North Macedonia,1953,3.1408331
North Macedonia,1954,3.0112233
North Macedonia,1955,2.866511
North Macedonia,1956,2.765876
North Macedonia,1957,2.6967664
North Macedonia,1958,2.6193974
North Macedonia,1959,2.5540025
North Macedonia,1960,1.9965087
North Macedonia,1961,1.6683445
North Macedonia,1962,1.5656501
North Macedonia,1963,1.3432552
North Macedonia,1964,1.1408986
North Macedonia,1965,1.0785396
North Macedonia,1966,1.0124023
North Macedonia,1967,0.87653875
North Macedonia,1968,0.84112036
North Macedonia,1969,0.7052294
North Macedonia,1970,0.61044246
North Macedonia,1971,0.5139881
North Macedonia,1972,0.39933088
North Macedonia,1973,0.32057866
North Macedonia,1974,0.23540203
North Macedonia,1975,0.22531176
North Macedonia,1976,0.123659514
North Macedonia,1977,0.13472857
North Macedonia,1978,0.0582207
North Macedonia,1979,0.018084764
North Macedonia,1980,-0.028148178
North Macedonia,1981,-0.08139662
North Macedonia,1982,-0.10894352
North Macedonia,1983,-0.12600477
North Macedonia,1984,-0.12272183
North Macedonia,1985,-0.08214679
North Macedonia,1986,-0.11788142
North Macedonia,1987,-0.09392633
North Macedonia,1988,-0.08224644
North Macedonia,1989,-0.09553902
North Macedonia,1990,-0.19855407
North Macedonia,1991,31.259724
North Macedonia,1992,11.014189
North Macedonia,1993,7.153287
North Macedonia,1994,5.7610416
North Macedonia,1995,5.168899
North Macedonia,1996,4.1839223
North Macedonia,1997,3.8042178
North Macedonia,1998,3.4221866
North Macedonia,1999,2.3162303
North Macedonia,2000,3.1676888
North Macedonia,2001,5.5187635
North Macedonia,2002,2.6162825
North Macedonia,2003,1.6747205
North Macedonia,2004,1.3162792
North Macedonia,2005,0.88752455
North Macedonia,2006,0.045861535
North Macedonia,2007,-0.012213709
North Macedonia,2008,-0.3873161
North Macedonia,2009,2.7078116
North Macedonia,2010,0.56233627
North Macedonia,2011,5.506313
North Macedonia,2012,2.0064247
North Macedonia,2013,1.2786726
North Macedonia,2014,1.0500383
North Macedonia,2015,1.0615568
North Macedonia,2016,0.7071641
North Macedonia,2017,0.5286189
North Macedonia,2018,0.4875663
North Macedonia,2019,0.23711023
North Macedonia,2020,0.11771142
North Macedonia,2021,0.025178062
North Macedonia,2022,-0.075820796
North Macedonia,2023,-0.153381
Norway,1850,10.2783575
Norway,1851,10.138648
Norway,1852,9.989615
Norway,1853,9.872847
Norway,1854,9.719913
Norway,1855,9.594547
Norway,1856,9.448645
Norway,1857,9.352907
Norway,1858,9.189799
Norway,1859,9.092852
Norway,1860,8.625296
Norway,1861,8.423155
Norway,1862,8.301675
Norway,1863,8.204471
Norway,1864,8.100219
Norway,1865,8.0182085
Norway,1866,7.940578
Norway,1867,7.8657894
Norway,1868,7.818905
Norway,1869,7.7173123
Norway,1870,7.5192027
Norway,1871,7.43148
Norway,1872,7.374603
Norway,1873,7.322678
Norway,1874,7.2551813
Norway,1875,7.1851683
Norway,1876,7.1126814
Norway,1877,7.0450473
Norway,1878,6.9567494
Norway,1879,6.882898
Norway,1880,6.8132277
Norway,1881,6.7603397
Norway,1882,6.716283
Norway,1883,6.6472635
Norway,1884,6.593029
Norway,1885,6.5403605
Norway,1886,6.4447255
Norway,1887,6.404607
Norway,1888,6.32161
Norway,1889,6.2134724
Norway,1890,6.4689283
Norway,1891,6.420345
Norway,1892,6.3727803
Norway,1893,6.3195877
Norway,1894,6.2490683
Norway,1895,6.204683
Norway,1896,6.1413684
Norway,1897,6.115012
Norway,1898,6.051736
Norway,1899,6.0336666
Norway,1900,5.6155643
Norway,1901,5.505956
Norway,1902,5.3939986
Norway,1903,5.311022
Norway,1904,5.2481656
Norway,1905,5.1662765
Norway,1906,5.105039
Norway,1907,5.0336843
Norway,1908,4.97455
Norway,1909,4.8748055
Norway,1910,5.028295
Norway,1911,4.9806275
Norway,1912,4.9318852
Norway,1913,4.8680625
Norway,1914,4.8110027
Norway,1915,4.757363
Norway,1916,4.698282
Norway,1917,4.6460223
Norway,1918,4.6114187
Norway,1919,4.5651555
Norway,1920,4.2073593
Norway,1921,4.0522985
Norway,1922,3.94649
Norway,1923,3.8201907
Norway,1924,3.7247608
Norway,1925,3.5905967
Norway,1926,3.4937284
Norway,1927,3.392565
Norway,1928,3.2933135
Norway,1929,3.1916707
Norway,1930,3.0747187
Norway,1931,2.9456832
Norway,1932,2.833858
Norway,1933,2.7409246
Norway,1934,2.6190841
Norway,1935,2.5101223
Norway,1936,2.4197142
Norway,1937,2.3180583
Norway,1938,2.212662
Norway,1939,2.123586
Norway,1940,1.9956213
Norway,1941,1.849419
Norway,1942,1.7293872
Norway,1943,1.695967
Norway,1944,1.6417125
Norway,1945,1.575441
Norway,1946,1.4750243
Norway,1947,1.392949
Norway,1948,1.3076354
Norway,1949,1.2225175
Norway,1950,1.1107992
Norway,1951,0.96541494
Norway,1952,0.7492723
Norway,1953,0.52875894
Norway,1954,0.22309896
Norway,1955,-0.08916132
Norway,1956,-0.48759058
Norway,1957,-0.94571155
Norway,1958,-1.7315782
Norway,1959,-4.7518144
Norway,1960,-1.3242743
Norway,1961,-3.337162
Norway,1962,-3.4834921
Norway,1963,-3.3821313
Norway,1964,-3.2109678
Norway,1965,-2.9991913
Norway,1966,-2.9047797
Norway,1967,-2.7525744
Norway,1968,-2.6555758
Norway,1969,-2.5856433
Norway,1970,-2.4810517
Norway,1971,-2.3449037
Norway,1972,-2.2189837
Norway,1973,-2.0691562
Norway,1974,-1.9001143
Norway,1975,-1.7107062
Norway,1976,-1.5474888
Norway,1977,-1.4718007
Norway,1978,-0.8444602
Norway,1979,-1.143128
Norway,1980,-1.007702
Norway,1981,-0.79457086
Norway,1982,-0.69968426
Norway,1983,-0.55440843
Norway,1984,-0.48682436
Norway,1985,-0.29208001
Norway,1986,-0.28377712
Norway,1987,-0.12968674
Norway,1988,0.09065504
Norway,1989,0.036875233
Norway,1990,0.5423455
Norway,1991,0.32388675
Norway,1992,0.42036486
Norway,1993,0.6593273
Norway,1994,1.6505092
Norway,1995,1.1439167
Norway,1996,0.45649788
Norway,1997,0.48411247
Norway,1998,0.36841315
Norway,1999,0.43864647
Norway,2000,0.4252971
Norway,2001,0.40405768
Norway,2002,0.38460916
Norway,2003,0.4395724
Norway,2004,0.45335454
Norway,2005,0.55983263
Norway,2006,0.5634164
Norway,2007,0.60266155
Norway,2008,0.6298678
Norway,2009,0.60466206
Norway,2010,0.6762247
Norway,2011,0.6515492
Norway,2012,0.67046386
Norway,2013,0.7740359
Norway,2014,0.8278348
Norway,2015,0.87982965
Norway,2016,0.9275301
Norway,2017,1.0007753
Norway,2018,1.0077736
Norway,2019,1.0738376
Norway,2020,1.075034
Norway,2021,1.1842011
Norway,2022,1.2345225
Norway,2023,1.264427
Oceania,1850,8.560278
Oceania,1851,13.865665
Oceania,1852,8.059059
Oceania,1853,7.2292113
Oceania,1854,8.695896
Oceania,1855,9.909603
Oceania,1856,3.251914
Oceania,1857,9.307604
Oceania,1858,9.892976
Oceania,1859,6.4246325
Oceania,1860,9.575848
Oceania,1861,8.644736
Oceania,1862,6.1813273
Oceania,1863,9.627473
Oceania,1864,8.189323
Oceania,1865,11.068156
Oceania,1866,8.248839
Oceania,1867,8.36189
Oceania,1868,4.1742115
Oceania,1869,10.228664
Oceania,1870,11.585829
Oceania,1871,8.408911
Oceania,1872,10.35696
Oceania,1873,11.281106
Oceania,1874,10.477118
Oceania,1875,11.869601
Oceania,1876,13.879597
Oceania,1877,11.3093
Oceania,1878,9.6615715
Oceania,1879,13.652296
Oceania,1880,8.255969
Oceania,1881,10.267154
Oceania,1882,9.807181
Oceania,1883,8.737965
Oceania,1884,10.83275
Oceania,1885,7.7872334
Oceania,1886,8.173296
Oceania,1887,10.791246
Oceania,1888,10.452981
Oceania,1889,9.170536
Oceania,1890,30.02239
Oceania,1891,33.977894
Oceania,1892,36.73746
Oceania,1893,37.308716
Oceania,1894,37.21665
Oceania,1895,39.326687
Oceania,1896,37.62602
Oceania,1897,39.882904
Oceania,1898,39.049797
Oceania,1899,38.5634
Oceania,1900,21.604841
Oceania,1901,18.034771
Oceania,1902,14.47301
Oceania,1903,14.894808
Oceania,1904,15.165121
Oceania,1905,15.928569
Oceania,1906,12.184271
Oceania,1907,12.628081
Oceania,1908,11.0915365
Oceania,1909,10.527373
Oceania,1910,10.507069
Oceania,1911,9.946138
Oceania,1912,9.857283
Oceania,1913,9.711581
Oceania,1914,9.312686
Oceania,1915,10.545519
Oceania,1916,10.18423
Oceania,1917,8.010615
Oceania,1918,9.947017
Oceania,1919,8.679123
Oceania,1920,16.143663
Oceania,1921,18.125801
Oceania,1922,19.4836
Oceania,1923,22.152431
Oceania,1924,21.683004
Oceania,1925,21.209806
Oceania,1926,22.620441
Oceania,1927,23.500443
Oceania,1928,23.54436
Oceania,1929,22.562355
Oceania,1930,16.531218
Oceania,1931,13.884948
Oceania,1932,12.764753
Oceania,1933,10.883428
Oceania,1934,10.40908
Oceania,1935,9.623057
Oceania,1936,7.7556806
Oceania,1937,7.8774257
Oceania,1938,7.914939
Oceania,1939,6.9332657
Oceania,1940,6.640871
Oceania,1941,8.35449
Oceania,1942,6.850089
Oceania,1943,7.455735
Oceania,1944,6.828172
Oceania,1945,5.957315
Oceania,1946,6.5305533
Oceania,1947,5.458651
Oceania,1948,6.6312256
Oceania,1949,6.565428
Oceania,1950,9.730756
Oceania,1951,11.8422
Oceania,1952,12.02392
Oceania,1953,13.582683
Oceania,1954,14.806867
Oceania,1955,13.845118
Oceania,1956,14.681365
Oceania,1957,15.708676
Oceania,1958,15.420688
Oceania,1959,14.31894
Oceania,1960,10.836072
Oceania,1961,15.016682
Oceania,1962,8.545163
Oceania,1963,12.251677
Oceania,1964,13.73994
Oceania,1965,14.771035
Oceania,1966,13.027123
Oceania,1967,23.808514
Oceania,1968,13.101138
Oceania,1969,7.069445
Oceania,1970,4.71309
Oceania,1971,5.0876184
Oceania,1972,0.58820856
Oceania,1973,1.299055
Oceania,1974,1.438579
Oceania,1975,5.325722
Oceania,1976,3.7614336
Oceania,1977,9.1693945
Oceania,1978,6.814319
Oceania,1979,6.5378914
Oceania,1980,8.169437
Oceania,1981,8.465328
Oceania,1982,5.3676534
Oceania,1983,12.000996
Oceania,1984,6.1800227
Oceania,1985,5.7759237
Oceania,1986,2.2641525
Oceania,1987,1.5433532
Oceania,1988,0.9372475
Oceania,1989,0.6413583
Oceania,1990,0.6482559
Oceania,1991,-0.89972794
Oceania,1992,2.8497367
Oceania,1993,3.291221
Oceania,1994,2.3062742
Oceania,1995,8.301707
Oceania,1996,9.064091
Oceania,1997,6.515963
Oceania,1998,8.68322
Oceania,1999,6.715238
Oceania,2000,8.542172
Oceania,2001,5.3447843
Oceania,2002,3.3368156
Oceania,2003,8.724846
Oceania,2004,6.871744
Oceania,2005,3.6553028
Oceania,2006,3.1324408
Oceania,2007,4.0836816
Oceania,2008,9.299421
Oceania,2009,4.4869876
Oceania,2010,15.510663
Oceania,2011,8.501925
Oceania,2012,5.14633
Oceania,2013,5.5568986
Oceania,2014,3.551295
Oceania,2015,2.2745202
Oceania,2016,4.2939076
Oceania,2017,3.6407359
Oceania,2018,2.3954911
Oceania,2019,2.0028949
Oceania,2020,3.1813345
Oceania,2021,2.9494994
Oceania,2022,2.8999975
Oceania,2023,2.8605251
Oman,1850,-0.013850073
Oman,1851,-0.017730769
Oman,1852,-0.020965619
Oman,1853,-0.023873612
Oman,1854,-0.026561452
Oman,1855,-0.029134927
Oman,1856,-0.031385537
Oman,1857,-0.033628285
Oman,1858,-0.035654597
Oman,1859,-0.03756967
Oman,1860,-0.03916628
Oman,1861,-0.04065361
Oman,1862,-0.041928593
Oman,1863,-0.04319914
Oman,1864,-0.044465147
Oman,1865,-0.045623634
Oman,1866,-0.0467781
Oman,1867,-0.04792843
Oman,1868,-0.048972316
Oman,1869,-0.050012305
Oman,1870,-0.052784353
Oman,1871,-0.054935135
Oman,1872,-0.05656943
Oman,1873,-0.058096502
Oman,1874,-0.059314113
Oman,1875,-0.06052735
Oman,1876,-0.061635192
Oman,1877,-0.06273904
Oman,1878,-0.063738376
Oman,1879,-0.064734094
Oman,1880,-0.056996312
Oman,1881,-0.052290194
Oman,1882,-0.049000267
Oman,1883,-0.046719793
Oman,1884,-0.044945315
Oman,1885,-0.043475386
Oman,1886,-0.042407636
Oman,1887,-0.04154172
Oman,1888,-0.040876728
Oman,1889,-0.04041151
Oman,1890,-0.043991987
Oman,1891,-0.046083096
Oman,1892,-0.047282364
Oman,1893,-0.048183024
Oman,1894,-0.04888455
Oman,1895,-0.049485892
Oman,1896,-0.050085057
Oman,1897,-0.050779644
Oman,1898,-0.051374443
Oman,1899,-0.051984835
Oman,1900,-0.054634266
Oman,1901,-0.056403026
Oman,1902,-0.057679504
Oman,1903,-0.05865674
Oman,1904,-0.059611116
Oman,1905,-0.06035786
Oman,1906,-0.061177496
Oman,1907,-0.06188621
Oman,1908,-0.06257676
Oman,1909,-0.06335313
Oman,1910,-0.08979826
Oman,1911,-0.107621394
Oman,1912,-0.12116536
Oman,1913,-0.13229376
Oman,1914,-0.14154837
Oman,1915,-0.14963818
Oman,1916,-0.15665546
Oman,1917,-0.16295469
Oman,1918,-0.16833694
Oman,1919,-0.17316887
Oman,1920,-0.17815095
Oman,1921,-0.18553942
Oman,1922,-0.19289134
Oman,1923,-0.19960238
Oman,1924,-0.20559038
Oman,1925,-0.21077487
Oman,1926,-0.21541838
Oman,1927,-0.21944015
Oman,1928,-0.22301376
Oman,1929,-0.22622856
Oman,1930,-0.24106829
Oman,1931,-0.25024068
Oman,1932,-0.2568311
Oman,1933,-0.26195413
Oman,1934,-0.26612568
Oman,1935,-0.26968774
Oman,1936,-0.27281275
Oman,1937,-0.27558672
Oman,1938,-0.27809614
Oman,1939,-0.28025904
Oman,1940,-0.294689
Oman,1941,-0.30590305
Oman,1942,-0.31499726
Oman,1943,-0.32272938
Oman,1944,-0.32927132
Oman,1945,-0.33496076
Oman,1946,-0.33996728
Oman,1947,-0.34445736
Oman,1948,-0.34843692
Oman,1949,-0.3507068
Oman,1950,-0.34824064
Oman,1951,-0.3430301
Oman,1952,-0.3406169
Oman,1953,-0.3424746
Oman,1954,-0.3509797
Oman,1955,-0.36005646
Oman,1956,-0.3930359
Oman,1957,-0.44351488
Oman,1958,-0.5286905
Oman,1959,-0.72756624
Oman,1960,-0.6173795
Oman,1961,-0.53329766
Oman,1962,-0.46300805
Oman,1963,-0.36386427
Oman,1964,-0.3325254
Oman,1965,-0.29783985
Oman,1966,-0.19067462
Oman,1967,-0.125166
Oman,1968,-0.15221092
Oman,1969,-0.07984365
Oman,1970,-0.10671706
Oman,1971,-0.042338356
Oman,1972,-0.03812755
Oman,1973,-0.028960934
Oman,1974,-0.018345753
Oman,1975,-0.008515253
Oman,1976,-0.000629667
Oman,1977,0.033715017
Oman,1978,0.000325596
Oman,1979,-0.009033768
Oman,1980,-0.011783963
Oman,1981,-0.014381755
Oman,1982,0.072877616
Oman,1983,0.10913669
Oman,1984,0.091094755
Oman,1985,0.15452847
Oman,1986,0.12941125
Oman,1987,0.11749051
Oman,1988,0.12563743
Oman,1989,0.12269474
Oman,1990,0.07434278
Oman,1991,0.089114904
Oman,1992,0.010302835
Oman,1993,0.00681462
Oman,1994,-0.000176002
Oman,1995,0.002799203
Oman,1996,0.000730463
Oman,1997,0.013380339
Oman,1998,0.03641821
Oman,1999,0.0478805
Oman,2000,0.037280776
Oman,2001,0.024313785
Oman,2002,0.014266619
Oman,2003,0.010339042
Oman,2004,-0.01497736
Oman,2005,-0.020407211
Oman,2006,0.003992204
Oman,2007,0.019017614
Oman,2008,0.061408702
Oman,2009,0.026054282
Oman,2010,0.043145746
Oman,2011,0.012158918
Oman,2012,-0.004927268
Oman,2013,-0.001127717
Oman,2014,0.08456955
Oman,2015,0.053162698
Oman,2016,0.11825204
Oman,2017,0.106318034
Oman,2018,0.07038994
Oman,2019,0.041538373
Oman,2020,0.075249605
Oman,2021,0.08103273
Oman,2022,0.08113942
Oman,2023,0.07892977
Pakistan,1850,0.015360081
Pakistan,1851,0.011165505
Pakistan,1852,0.007364926
Pakistan,1853,0.003151762
Pakistan,1854,0.001003767
Pakistan,1855,-0.001200477
Pakistan,1856,-0.003268916
Pakistan,1857,-0.004385622
Pakistan,1858,-0.007169163
Pakistan,1859,-0.009013987
Pakistan,1860,-0.013274258
Pakistan,1861,-0.014748775
Pakistan,1862,-0.019338064
Pakistan,1863,-0.021250447
Pakistan,1864,-0.023929551
Pakistan,1865,-0.024191389
Pakistan,1866,-0.028132925
Pakistan,1867,-0.029837614
Pakistan,1868,-0.030734532
Pakistan,1869,-0.033349518
Pakistan,1870,-0.043547906
Pakistan,1871,-0.048526973
Pakistan,1872,-0.051395584
Pakistan,1873,-0.05524072
Pakistan,1874,-0.056792576
Pakistan,1875,-0.058461793
Pakistan,1876,-0.059997294
Pakistan,1877,-0.06064524
Pakistan,1878,-0.06280327
Pakistan,1879,-0.06410703
Pakistan,1880,-0.06755946
Pakistan,1881,-0.06874259
Pakistan,1882,-0.07317528
Pakistan,1883,-0.073566094
Pakistan,1884,-0.07677226
Pakistan,1885,-0.07651504
Pakistan,1886,-0.07989057
Pakistan,1887,-0.081210956
Pakistan,1888,-0.081462264
Pakistan,1889,-0.083179906
Pakistan,1890,-0.09172222
Pakistan,1891,-0.09505695
Pakistan,1892,-0.09351518
Pakistan,1893,-0.08980883
Pakistan,1894,-0.0830811
Pakistan,1895,-0.07590723
Pakistan,1896,-0.068467714
Pakistan,1897,-0.060410637
Pakistan,1898,-0.05406603
Pakistan,1899,-0.04719103
Pakistan,1900,-0.04675513
Pakistan,1901,-0.043570686
Pakistan,1902,-0.039723452
Pakistan,1903,-0.035351526
Pakistan,1904,-0.03284291
Pakistan,1905,-0.02871485
Pakistan,1906,-0.025094828
Pakistan,1907,-0.021566346
Pakistan,1908,-0.017641423
Pakistan,1909,-0.015494182
Pakistan,1910,0.20935354
Pakistan,1911,0.31252304
Pakistan,1912,0.36797103
Pakistan,1913,0.39568335
Pakistan,1914,0.4140253
Pakistan,1915,0.42202267
Pakistan,1916,0.4292815
Pakistan,1917,0.42992863
Pakistan,1918,0.43008888
Pakistan,1919,0.4300093
Pakistan,1920,0.6526605
Pakistan,1921,0.741047
Pakistan,1922,0.78205025
Pakistan,1923,0.80067253
Pakistan,1924,0.80803025
Pakistan,1925,0.8085283
Pakistan,1926,0.8055106
Pakistan,1927,0.7990797
Pakistan,1928,0.7917007
Pakistan,1929,0.78230715
Pakistan,1930,0.87030184
Pakistan,1931,0.9088699
Pakistan,1932,0.9255793
Pakistan,1933,0.93172747
Pakistan,1934,0.9291478
Pakistan,1935,0.9228715
Pakistan,1936,0.9143702
Pakistan,1937,0.9061477
Pakistan,1938,0.8948235
Pakistan,1939,0.8852859
Pakistan,1940,1.4649067
Pakistan,1941,1.728441
Pakistan,1942,1.8621922
Pakistan,1943,1.933046
Pakistan,1944,1.9686452
Pakistan,1945,1.9833993
Pakistan,1946,1.9865961
Pakistan,1947,1.9786576
Pakistan,1948,2.0957315
Pakistan,1949,2.1864994
Pakistan,1950,1.9922351
Pakistan,1951,1.878093
Pakistan,1952,1.8451871
Pakistan,1953,1.8447376
Pakistan,1954,1.856653
Pakistan,1955,1.8773143
Pakistan,1956,1.8997335
Pakistan,1957,1.9241116
Pakistan,1958,1.9504515
Pakistan,1959,1.9751545
Pakistan,1960,2.033452
Pakistan,1961,1.3971789
Pakistan,1962,1.0042309
Pakistan,1963,1.2646298
Pakistan,1964,1.7698537
Pakistan,1965,1.2505354
Pakistan,1966,0.8878138
Pakistan,1967,0.5381426
Pakistan,1968,-0.056144968
Pakistan,1969,0.06777167
Pakistan,1970,-0.07544957
Pakistan,1971,-0.038749702
Pakistan,1972,0.5642944
Pakistan,1973,0.12247017
Pakistan,1974,0.2283986
Pakistan,1975,0.037484962
Pakistan,1976,0.1296772
Pakistan,1977,0.3617109
Pakistan,1978,0.18219423
Pakistan,1979,0.7194283
Pakistan,1980,0.1936501
Pakistan,1981,0.97569185
Pakistan,1982,0.11548263
Pakistan,1983,0.35609436
Pakistan,1984,0.11324589
Pakistan,1985,-0.23783769
Pakistan,1986,0.1300176
Pakistan,1987,-0.19321492
Pakistan,1988,-0.029662902
Pakistan,1989,-0.16946468
Pakistan,1990,-0.12220964
Pakistan,1991,-0.0708594
Pakistan,1992,0.049700603
Pakistan,1993,0.022891767
Pakistan,1994,0.07609381
Pakistan,1995,0.071027845
Pakistan,1996,0.20625778
Pakistan,1997,0.18010963
Pakistan,1998,0.14653894
Pakistan,1999,0.107943274
Pakistan,2000,0.1665235
Pakistan,2001,0.11462228
Pakistan,2002,0.105334684
Pakistan,2003,-0.012097038
Pakistan,2004,-0.040906686
Pakistan,2005,-0.003209936
Pakistan,2006,-0.026205739
Pakistan,2007,-0.08907424
Pakistan,2008,-0.07212818
Pakistan,2009,-0.052577406
Pakistan,2010,0.091123246
Pakistan,2011,0.06485146
Pakistan,2012,0.07387192
Pakistan,2013,0.035652816
Pakistan,2014,0.015232993
Pakistan,2015,0.12505104
Pakistan,2016,0.110853165
Pakistan,2017,0.06724299
Pakistan,2018,0.043952722
Pakistan,2019,0.031429954
Pakistan,2020,0.024295108
Pakistan,2021,0.023954688
Pakistan,2022,0.024410415
Pakistan,2023,0.024876261
Palau,1850,0
Palau,1851,0
Palau,1852,0
Palau,1853,0
Palau,1854,0
Palau,1855,0
Palau,1856,0
Palau,1857,0
Palau,1858,0
Palau,1859,0
Palau,1860,0
Palau,1861,0
Palau,1862,0
Palau,1863,0
Palau,1864,0
Palau,1865,0
Palau,1866,0
Palau,1867,0
Palau,1868,0
Palau,1869,0
Palau,1870,0
Palau,1871,0
Palau,1872,0
Palau,1873,0
Palau,1874,0
Palau,1875,0
Palau,1876,0
Palau,1877,0
Palau,1878,0
Palau,1879,0
Palau,1880,0
Palau,1881,0
Palau,1882,0
Palau,1883,0
Palau,1884,0
Palau,1885,0
Palau,1886,0
Palau,1887,0
Palau,1888,0
Palau,1889,0
Palau,1890,0
Palau,1891,0
Palau,1892,0
Palau,1893,0
Palau,1894,0
Palau,1895,0
Palau,1896,0
Palau,1897,0
Palau,1898,0
Palau,1899,0
Palau,1900,0
Palau,1901,0
Palau,1902,0
Palau,1903,0
Palau,1904,0
Palau,1905,0
Palau,1906,0
Palau,1907,0
Palau,1908,0
Palau,1909,0
Palau,1910,0
Palau,1911,0
Palau,1912,0
Palau,1913,0
Palau,1914,0
Palau,1915,0
Palau,1916,0
Palau,1917,0
Palau,1918,0
Palau,1919,0
Palau,1920,0
Palau,1921,0
Palau,1922,0
Palau,1923,0
Palau,1924,0
Palau,1925,0
Palau,1926,0
Palau,1927,0
Palau,1928,0
Palau,1929,0
Palau,1930,0
Palau,1931,0
Palau,1932,0
Palau,1933,0
Palau,1934,0
Palau,1935,0
Palau,1936,0
Palau,1937,0
Palau,1938,0
Palau,1939,0
Palau,1940,0
Palau,1941,0
Palau,1942,0
Palau,1943,0
Palau,1944,0
Palau,1945,0
Palau,1946,0
Palau,1947,0
Palau,1948,0
Palau,1949,0
Palau,1950,0
Palau,1951,0
Palau,1952,0
Palau,1953,0
Palau,1954,0
Palau,1955,0
Palau,1956,0
Palau,1957,0
Palau,1958,0
Palau,1959,0
Palau,1960,0
Palau,1961,0
Palau,1962,0
Palau,1963,0
Palau,1964,0
Palau,1965,0
Palau,1966,0
Palau,1967,0
Palau,1968,0
Palau,1969,0
Palau,1970,0
Palau,1971,0
Palau,1972,0
Palau,1973,0
Palau,1974,0
Palau,1975,0
Palau,1976,0
Palau,1977,0
Palau,1978,0
Palau,1979,0
Palau,1980,0
Palau,1981,0
Palau,1982,0
Palau,1983,0
Palau,1984,0
Palau,1985,0
Palau,1986,0
Palau,1987,0
Palau,1988,0
Palau,1989,0
Palau,1990,0
Palau,1991,0
Palau,1992,0
Palau,1993,0
Palau,1994,0
Palau,1995,0
Palau,1996,0
Palau,1997,0
Palau,1998,0
Palau,1999,0
Palau,2000,0
Palau,2001,0
Palau,2002,0
Palau,2003,0
Palau,2004,0
Palau,2005,0
Palau,2006,0
Palau,2007,0
Palau,2008,0
Palau,2009,0
Palau,2010,0
Palau,2011,0
Palau,2012,0
Palau,2013,0
Palau,2014,0
Palau,2015,0
Palau,2016,0
Palau,2017,0
Palau,2018,0
Palau,2019,0
Palau,2020,0
Palau,2021,0
Palau,2022,0
Palau,2023,0
Palestine,1850,-0.02333125
Palestine,1851,-0.029882826
Palestine,1852,-0.03528279
Palestine,1853,-0.03975284
Palestine,1854,-0.043935895
Palestine,1855,-0.047829885
Palestine,1856,-0.051434644
Palestine,1857,-0.054956384
Palestine,1858,-0.05818637
Palestine,1859,-0.06153239
Palestine,1860,-0.07584964
Palestine,1861,-0.088259876
Palestine,1862,-0.099424236
Palestine,1863,-0.10995731
Palestine,1864,-0.11967854
Palestine,1865,-0.12879643
Palestine,1866,-0.13732353
Palestine,1867,-0.1452726
Palestine,1868,-0.15245801
Palestine,1869,-0.15908098
Palestine,1870,-0.16242985
Palestine,1871,-0.16764598
Palestine,1872,-0.17242646
Palestine,1873,-0.17723611
Palestine,1874,-0.1815464
Palestine,1875,-0.18536952
Palestine,1876,-0.18888615
Palestine,1877,-0.19193462
Palestine,1878,-0.19469287
Palestine,1879,-0.19700073
Palestine,1880,-0.19335134
Palestine,1881,-0.19197522
Palestine,1882,-0.1915231
Palestine,1883,-0.19133365
Palestine,1884,-0.1914264
Palestine,1885,-0.19148655
Palestine,1886,-0.19166441
Palestine,1887,-0.19180675
Palestine,1888,-0.19176707
Palestine,1889,-0.19183703
Palestine,1890,-0.20204224
Palestine,1891,-0.20883782
Palestine,1892,-0.21388096
Palestine,1893,-0.21777262
Palestine,1894,-0.22082458
Palestine,1895,-0.22305658
Palestine,1896,-0.2248951
Palestine,1897,-0.2262213
Palestine,1898,-0.22718237
Palestine,1899,-0.22779118
Palestine,1900,-0.21889734
Palestine,1901,-0.21315286
Palestine,1902,-0.20909575
Palestine,1903,-0.20581496
Palestine,1904,-0.20317227
Palestine,1905,-0.20079182
Palestine,1906,-0.19850643
Palestine,1907,-0.19635463
Palestine,1908,-0.1943313
Palestine,1909,-0.19243096
Palestine,1910,-0.12102664
Palestine,1911,-0.07728856
Palestine,1912,-0.046863317
Palestine,1913,-0.024024675
Palestine,1914,-0.005749561
Palestine,1915,0.009500013
Palestine,1916,0.023081703
Palestine,1917,0.035071075
Palestine,1918,0.04514858
Palestine,1919,0.0531099
Palestine,1920,0.059539452
Palestine,1921,0.067291744
Palestine,1922,0.07451242
Palestine,1923,0.08078457
Palestine,1924,0.085836746
Palestine,1925,0.08981241
Palestine,1926,0.09287751
Palestine,1927,0.09483859
Palestine,1928,0.09594669
Palestine,1929,0.0962673
Palestine,1930,0.10218928
Palestine,1931,0.10503198
Palestine,1932,0.105030045
Palestine,1933,0.1028224
Palestine,1934,0.09844153
Palestine,1935,0.09431162
Palestine,1936,0.09067928
Palestine,1937,0.08821547
Palestine,1938,0.085026756
Palestine,1939,0.081378244
Palestine,1940,0.06821431
Palestine,1941,0.061191984
Palestine,1942,0.056010734
Palestine,1943,0.05162839
Palestine,1944,0.047430914
Palestine,1945,0.04333469
Palestine,1946,0.039579548
Palestine,1947,0.03600587
Palestine,1948,0.032582264
Palestine,1949,0.029127654
Palestine,1950,0.16070464
Palestine,1951,0.34209785
Palestine,1952,0.29764625
Palestine,1953,0.2973413
Palestine,1954,0.2682517
Palestine,1955,0.22197056
Palestine,1956,0.18016835
Palestine,1957,0.1774957
Palestine,1958,0.13665882
Palestine,1959,0.096748255
Palestine,1960,0.15014182
Palestine,1961,0.03435995
Palestine,1962,0.10602607
Palestine,1963,0.057036016
Palestine,1964,-0.008737416
Palestine,1965,0.047170732
Palestine,1966,0.008469984
Palestine,1967,-0.017678602
Palestine,1968,-0.031619124
Palestine,1969,-0.005135336
Palestine,1970,0.00997867
Palestine,1971,0.011921898
Palestine,1972,0.071536936
Palestine,1973,0.07415054
Palestine,1974,0.024090461
Palestine,1975,0.004840389
Palestine,1976,0.014947206
Palestine,1977,0.02069455
Palestine,1978,0.022177165
Palestine,1979,0.021064386
Palestine,1980,0.034694396
Palestine,1981,0.03885233
Palestine,1982,0.01981104
Palestine,1983,0.028067455
Palestine,1984,0.07674932
Palestine,1985,0.071549624
Palestine,1986,0.0657945
Palestine,1987,0.041760627
Palestine,1988,0.013508937
Palestine,1989,-0.019072406
Palestine,1990,-0.029051375
Palestine,1991,0.050778724
Palestine,1992,0.022601971
Palestine,1993,-0.014580328
Palestine,1994,-0.009489168
Palestine,1995,-0.045930322
Palestine,1996,-0.03885721
Palestine,1997,-0.034108967
Palestine,1998,0.003301851
Palestine,1999,0.011581127
Palestine,2000,0.03482934
Palestine,2001,-0.012238806
Palestine,2002,-0.098318316
Palestine,2003,-0.09730354
Palestine,2004,-0.09842332
Palestine,2005,-0.08940193
Palestine,2006,-0.0819135
Palestine,2007,-0.07299289
Palestine,2008,-0.03744391
Palestine,2009,-0.055466507
Palestine,2010,-0.046301015
Palestine,2011,-0.019086216
Palestine,2012,-0.00083445
Palestine,2013,-0.002207631
Palestine,2014,0.009948587
Palestine,2015,-0.005745366
Palestine,2016,0.10302288
Palestine,2017,0.07772685
Palestine,2018,0.035797447
Palestine,2019,0.017567165
Palestine,2020,0.003346256
Palestine,2021,0.023975428
Palestine,2022,0.033834416
Palestine,2023,0.039456826
Panama,1850,31.246637
Panama,1851,28.32198
Panama,1852,29.486715
Panama,1853,32.215656
Panama,1854,28.477903
Panama,1855,26.505674
Panama,1856,25.599184
Panama,1857,23.697205
Panama,1858,25.486778
Panama,1859,21.459835
Panama,1860,23.056986
Panama,1861,29.055239
Panama,1862,21.58066
Panama,1863,17.96224
Panama,1864,19.940958
Panama,1865,19.110924
Panama,1866,16.76209
Panama,1867,17.164602
Panama,1868,18.335987
Panama,1869,26.547346
Panama,1870,17.651878
Panama,1871,15.728758
Panama,1872,14.052965
Panama,1873,13.051224
Panama,1874,13.971801
Panama,1875,12.317321
Panama,1876,10.773548
Panama,1877,11.433232
Panama,1878,11.084349
Panama,1879,10.582294
Panama,1880,21.151691
Panama,1881,22.821766
Panama,1882,18.98497
Panama,1883,17.762333
Panama,1884,17.381935
Panama,1885,18.358786
Panama,1886,21.213785
Panama,1887,22.177496
Panama,1888,23.868166
Panama,1889,19.899282
Panama,1890,19.353619
Panama,1891,21.080761
Panama,1892,26.067305
Panama,1893,28.633827
Panama,1894,21.267109
Panama,1895,20.844343
Panama,1896,19.612785
Panama,1897,22.28307
Panama,1898,21.752718
Panama,1899,23.115479
Panama,1900,27.503538
Panama,1901,33.48829
Panama,1902,31.079992
Panama,1903,34.411453
Panama,1904,38.517467
Panama,1905,32.931366
Panama,1906,33.047012
Panama,1907,33.425102
Panama,1908,41.63506
Panama,1909,33.954666
Panama,1910,28.023304
Panama,1911,25.801153
Panama,1912,28.818558
Panama,1913,24.074776
Panama,1914,24.628908
Panama,1915,25.202719
Panama,1916,20.682863
Panama,1917,20.799524
Panama,1918,19.488441
Panama,1919,21.630465
Panama,1920,24.34013
Panama,1921,22.611235
Panama,1922,21.206245
Panama,1923,20.475464
Panama,1924,22.683716
Panama,1925,23.360405
Panama,1926,27.438435
Panama,1927,24.328672
Panama,1928,20.939606
Panama,1929,21.450901
Panama,1930,33.653324
Panama,1931,41.135166
Panama,1932,46.172928
Panama,1933,39.846962
Panama,1934,45.15261
Panama,1935,41.900337
Panama,1936,37.73541
Panama,1937,40.277527
Panama,1938,38.9756
Panama,1939,36.528454
Panama,1940,41.79057
Panama,1941,44.176907
Panama,1942,43.993114
Panama,1943,43.41185
Panama,1944,41.80056
Panama,1945,41.086987
Panama,1946,38.558567
Panama,1947,37.95073
Panama,1948,37.49831
Panama,1949,35.888664
Panama,1950,35.645298
Panama,1951,35.293034
Panama,1952,35.80079
Panama,1953,38.221085
Panama,1954,37.225864
Panama,1955,38.238758
Panama,1956,38.715088
Panama,1957,38.803455
Panama,1958,40.32911
Panama,1959,50.8831
Panama,1960,19.965525
Panama,1961,17.633373
Panama,1962,14.687292
Panama,1963,11.801592
Panama,1964,12.981256
Panama,1965,12.040855
Panama,1966,6.717671
Panama,1967,9.863406
Panama,1968,8.704744
Panama,1969,6.2802544
Panama,1970,13.238858
Panama,1971,12.52461
Panama,1972,14.683847
Panama,1973,10.703961
Panama,1974,12.032617
Panama,1975,12.57313
Panama,1976,12.509473
Panama,1977,7.6399264
Panama,1978,7.308426
Panama,1979,6.664289
Panama,1980,11.920257
Panama,1981,13.713876
Panama,1982,10.165832
Panama,1983,11.784451
Panama,1984,10.225475
Panama,1985,9.629246
Panama,1986,9.550605
Panama,1987,9.455255
Panama,1988,9.745332
Panama,1989,8.77224
Panama,1990,6.1561785
Panama,1991,6.215165
Panama,1992,4.265989
Panama,1993,3.4737372
Panama,1994,4.7877274
Panama,1995,3.918103
Panama,1996,4.382219
Panama,1997,5.316279
Panama,1998,10.653905
Panama,1999,14.283966
Panama,2000,7.5124583
Panama,2001,5.45933
Panama,2002,4.3176184
Panama,2003,4.073439
Panama,2004,3.537367
Panama,2005,2.4282398
Panama,2006,3.5143542
Panama,2007,2.9796188
Panama,2008,3.8230784
Panama,2009,6.8542895
Panama,2010,3.028055
Panama,2011,1.0427139
Panama,2012,1.7277384
Panama,2013,1.4964856
Panama,2014,0.945736
Panama,2015,1.0236663
Panama,2016,1.1006554
Panama,2017,1.5661764
Panama,2018,0.8946271
Panama,2019,0.96490955
Panama,2020,1.1975315
Panama,2021,0.9899654
Panama,2022,0.9476895
Panama,2023,0.9257956
Papua New Guinea,1850,-5.5249524
Papua New Guinea,1851,3.2150602
Papua New Guinea,1852,-3.9141681
Papua New Guinea,1853,-8.716694
Papua New Guinea,1854,-5.460206
Papua New Guinea,1855,-1.7801408
Papua New Guinea,1856,-11.382455
Papua New Guinea,1857,-4.954023
Papua New Guinea,1858,0.76127607
Papua New Guinea,1859,-5.4086657
Papua New Guinea,1860,2.3135011
Papua New Guinea,1861,-2.2042654
Papua New Guinea,1862,-9.867754
Papua New Guinea,1863,-2.5144186
Papua New Guinea,1864,-4.8247085
Papua New Guinea,1865,4.67657
Papua New Guinea,1866,-2.0895228
Papua New Guinea,1867,-3.2528017
Papua New Guinea,1868,-19.856665
Papua New Guinea,1869,5.427604
Papua New Guinea,1870,3.6766405
Papua New Guinea,1871,-7.7430997
Papua New Guinea,1872,-4.7596955
Papua New Guinea,1873,-3.1218386
Papua New Guinea,1874,-6.244241
Papua New Guinea,1875,-3.4537122
Papua New Guinea,1876,17.732157
Papua New Guinea,1877,-2.6303768
Papua New Guinea,1878,-10.204435
Papua New Guinea,1879,2.2858453
Papua New Guinea,1880,-11.538941
Papua New Guinea,1881,-3.3313522
Papua New Guinea,1882,-2.8649948
Papua New Guinea,1883,-11.138781
Papua New Guinea,1884,-4.0850725
Papua New Guinea,1885,-12.054226
Papua New Guinea,1886,-8.696816
Papua New Guinea,1887,-1.4383763
Papua New Guinea,1888,2.0728185
Papua New Guinea,1889,2.7698064
Papua New Guinea,1890,110.76876
Papua New Guinea,1891,133.29247
Papua New Guinea,1892,144.26596
Papua New Guinea,1893,146.6195
Papua New Guinea,1894,151.3615
Papua New Guinea,1895,162.42152
Papua New Guinea,1896,160.75443
Papua New Guinea,1897,166.40565
Papua New Guinea,1898,171.30527
Papua New Guinea,1899,168.7788
Papua New Guinea,1900,60.329014
Papua New Guinea,1901,37.04749
Papua New Guinea,1902,20.532623
Papua New Guinea,1903,18.76555
Papua New Guinea,1904,17.169472
Papua New Guinea,1905,27.482975
Papua New Guinea,1906,7.3150725
Papua New Guinea,1907,9.491045
Papua New Guinea,1908,0.96739554
Papua New Guinea,1909,0.47405493
Papua New Guinea,1910,-0.90693724
Papua New Guinea,1911,0.11815483
Papua New Guinea,1912,1.1109324
Papua New Guinea,1913,-3.053186
Papua New Guinea,1914,0.8043433
Papua New Guinea,1915,9.598395
Papua New Guinea,1916,14.422579
Papua New Guinea,1917,-8.998293
Papua New Guinea,1918,6.2489243
Papua New Guinea,1919,-1.274125
Papua New Guinea,1920,1.6538976
Papua New Guinea,1921,-4.598291
Papua New Guinea,1922,-17.592522
Papua New Guinea,1923,6.803817
Papua New Guinea,1924,-3.4122903
Papua New Guinea,1925,-15.739171
Papua New Guinea,1926,-4.405808
Papua New Guinea,1927,5.07226
Papua New Guinea,1928,8.226646
Papua New Guinea,1929,-8.708607
Papua New Guinea,1930,-4.3200917
Papua New Guinea,1931,0.9986533
Papua New Guinea,1932,2.8233328
Papua New Guinea,1933,-2.3113256
Papua New Guinea,1934,-0.025254909
Papua New Guinea,1935,3.5559163
Papua New Guinea,1936,-12.096799
Papua New Guinea,1937,-6.510826
Papua New Guinea,1938,-0.42077702
Papua New Guinea,1939,-3.9469967
Papua New Guinea,1940,-8.166823
Papua New Guinea,1941,5.679024
Papua New Guinea,1942,-5.3705764
Papua New Guinea,1943,0.40142477
Papua New Guinea,1944,-3.221339
Papua New Guinea,1945,-7.995889
Papua New Guinea,1946,-3.079462
Papua New Guinea,1947,-9.888737
Papua New Guinea,1948,0.26515043
Papua New Guinea,1949,0.8855665
Papua New Guinea,1950,-3.9332619
Papua New Guinea,1951,0.9010393
Papua New Guinea,1952,-8.317639
Papua New Guinea,1953,-0.2358442
Papua New Guinea,1954,4.04184
Papua New Guinea,1955,-5.318221
Papua New Guinea,1956,-2.3468568
Papua New Guinea,1957,0.26427194
Papua New Guinea,1958,-1.3909571
Papua New Guinea,1959,-11.456767
Papua New Guinea,1960,-13.265047
Papua New Guinea,1961,-1.1244361
Papua New Guinea,1962,-10.530966
Papua New Guinea,1963,-2.653497
Papua New Guinea,1964,-3.582307
Papua New Guinea,1965,-10.688225
Papua New Guinea,1966,2.4406106
Papua New Guinea,1967,2.97737
Papua New Guinea,1968,9.694977
Papua New Guinea,1969,0.4550952
Papua New Guinea,1970,6.2686567
Papua New Guinea,1971,1.3543239
Papua New Guinea,1972,-0.25856102
Papua New Guinea,1973,6.330833
Papua New Guinea,1974,6.858431
Papua New Guinea,1975,8.271833
Papua New Guinea,1976,8.083142
Papua New Guinea,1977,3.8467214
Papua New Guinea,1978,2.878348
Papua New Guinea,1979,2.961132
Papua New Guinea,1980,9.157672
Papua New Guinea,1981,4.0288196
Papua New Guinea,1982,7.703748
Papua New Guinea,1983,3.2391322
Papua New Guinea,1984,2.1928706
Papua New Guinea,1985,16.037344
Papua New Guinea,1986,3.7811315
Papua New Guinea,1987,9.039332
Papua New Guinea,1988,9.853044
Papua New Guinea,1989,10.510175
Papua New Guinea,1990,5.1560717
Papua New Guinea,1991,3.8291066
Papua New Guinea,1992,9.984134
Papua New Guinea,1993,8.446245
Papua New Guinea,1994,4.393186
Papua New Guinea,1995,7.823962
Papua New Guinea,1996,10.586382
Papua New Guinea,1997,8.662413
Papua New Guinea,1998,7.98171
Papua New Guinea,1999,7.478108
Papua New Guinea,2000,7.236945
Papua New Guinea,2001,6.094192
Papua New Guinea,2002,4.3263907
Papua New Guinea,2003,5.681269
Papua New Guinea,2004,3.3844965
Papua New Guinea,2005,5.2376533
Papua New Guinea,2006,8.8533
Papua New Guinea,2007,6.6235666
Papua New Guinea,2008,6.0056977
Papua New Guinea,2009,4.9759536
Papua New Guinea,2010,4.07792
Papua New Guinea,2011,4.1167164
Papua New Guinea,2012,2.5721333
Papua New Guinea,2013,3.9732676
Papua New Guinea,2014,4.659331
Papua New Guinea,2015,3.8050647
Papua New Guinea,2016,7.4883604
Papua New Guinea,2017,4.599298
Papua New Guinea,2018,2.987897
Papua New Guinea,2019,2.840567
Papua New Guinea,2020,3.144379
Papua New Guinea,2021,3.1479807
Papua New Guinea,2022,3.4430351
Papua New Guinea,2023,3.3536134
Paraguay,1850,8.84974
Paraguay,1851,7.5805597
Paraguay,1852,6.972053
Paraguay,1853,6.534812
Paraguay,1854,6.2704363
Paraguay,1855,6.143314
Paraguay,1856,5.940358
Paraguay,1857,5.8083353
Paraguay,1858,5.7073526
Paraguay,1859,5.6672
Paraguay,1860,5.2646317
Paraguay,1861,4.964047
Paraguay,1862,4.804022
Paraguay,1863,4.7750373
Paraguay,1864,4.5762634
Paraguay,1865,4.472918
Paraguay,1866,4.6154013
Paraguay,1867,4.441259
Paraguay,1868,4.3448524
Paraguay,1869,4.4351635
Paraguay,1870,4.2509284
Paraguay,1871,4.2022753
Paraguay,1872,4.2995176
Paraguay,1873,4.424305
Paraguay,1874,4.5357876
Paraguay,1875,4.6978307
Paraguay,1876,4.9163113
Paraguay,1877,4.971517
Paraguay,1878,5.2674875
Paraguay,1879,5.277475
Paraguay,1880,5.390211
Paraguay,1881,5.308596
Paraguay,1882,5.053817
Paraguay,1883,4.674338
Paraguay,1884,4.3528433
Paraguay,1885,3.976177
Paraguay,1886,3.6579387
Paraguay,1887,3.3667235
Paraguay,1888,3.0852258
Paraguay,1889,2.9238348
Paraguay,1890,2.8919113
Paraguay,1891,2.9271247
Paraguay,1892,3.0032063
Paraguay,1893,3.1409273
Paraguay,1894,3.2874804
Paraguay,1895,3.4258878
Paraguay,1896,3.6070356
Paraguay,1897,3.8056185
Paraguay,1898,3.9316833
Paraguay,1899,4.067586
Paraguay,1900,16.34409
Paraguay,1901,22.136412
Paraguay,1902,25.326155
Paraguay,1903,27.03131
Paraguay,1904,27.699394
Paraguay,1905,28.572687
Paraguay,1906,28.718618
Paraguay,1907,28.661484
Paraguay,1908,28.415619
Paraguay,1909,28.090984
Paraguay,1910,27.449045
Paraguay,1911,27.222174
Paraguay,1912,26.486912
Paraguay,1913,26.124332
Paraguay,1914,25.491667
Paraguay,1915,24.988997
Paraguay,1916,24.671629
Paraguay,1917,24.089802
Paraguay,1918,23.629662
Paraguay,1919,23.157482
Paraguay,1920,22.364168
Paraguay,1921,21.64271
Paraguay,1922,21.093357
Paraguay,1923,20.850359
Paraguay,1924,20.18228
Paraguay,1925,19.84432
Paraguay,1926,19.263775
Paraguay,1927,18.81897
Paraguay,1928,18.543941
Paraguay,1929,18.06579
Paraguay,1930,17.202282
Paraguay,1931,16.696611
Paraguay,1932,16.284346
Paraguay,1933,15.7622175
Paraguay,1934,15.347044
Paraguay,1935,14.976615
Paraguay,1936,14.679144
Paraguay,1937,14.375424
Paraguay,1938,14.007743
Paraguay,1939,13.7113285
Paraguay,1940,12.95172
Paraguay,1941,12.377607
Paraguay,1942,11.903049
Paraguay,1943,11.572839
Paraguay,1944,11.2234535
Paraguay,1945,10.819279
Paraguay,1946,10.554343
Paraguay,1947,10.233666
Paraguay,1948,9.90399
Paraguay,1949,9.944334
Paraguay,1950,14.877121
Paraguay,1951,16.873644
Paraguay,1952,18.015915
Paraguay,1953,18.79629
Paraguay,1954,19.33549
Paraguay,1955,19.58162
Paraguay,1956,19.908318
Paraguay,1957,20.265049
Paraguay,1958,20.571257
Paraguay,1959,20.495945
Paraguay,1960,30.42897
Paraguay,1961,20.105215
Paraguay,1962,16.711342
Paraguay,1963,16.82688
Paraguay,1964,15.589731
Paraguay,1965,15.049668
Paraguay,1966,12.330759
Paraguay,1967,11.153655
Paraguay,1968,10.409881
Paraguay,1969,9.594205
Paraguay,1970,9.31935
Paraguay,1971,8.828056
Paraguay,1972,8.163291
Paraguay,1973,16.368773
Paraguay,1974,20.23147
Paraguay,1975,21.941902
Paraguay,1976,22.086842
Paraguay,1977,22.960272
Paraguay,1978,21.869865
Paraguay,1979,22.154903
Paraguay,1980,21.892395
Paraguay,1981,15.719538
Paraguay,1982,13.087386
Paraguay,1983,12.362505
Paraguay,1984,11.565218
Paraguay,1985,11.768536
Paraguay,1986,11.580253
Paraguay,1987,11.11815
Paraguay,1988,10.561356
Paraguay,1989,9.862763
Paraguay,1990,9.414336
Paraguay,1991,13.4416685
Paraguay,1992,8.335657
Paraguay,1993,10.159623
Paraguay,1994,19.528234
Paraguay,1995,12.702888
Paraguay,1996,8.509322
Paraguay,1997,15.102267
Paraguay,1998,12.908438
Paraguay,1999,10.276127
Paraguay,2000,10.89413
Paraguay,2001,10.919444
Paraguay,2002,9.487232
Paraguay,2003,10.132426
Paraguay,2004,9.672633
Paraguay,2005,9.481645
Paraguay,2006,9.609571
Paraguay,2007,9.400227
Paraguay,2008,9.94706
Paraguay,2009,11.288835
Paraguay,2010,11.332031
Paraguay,2011,13.612822
Paraguay,2012,11.115666
Paraguay,2013,12.472422
Paraguay,2014,12.592104
Paraguay,2015,7.5711427
Paraguay,2016,5.8302507
Paraguay,2017,5.4146047
Paraguay,2018,3.8502026
Paraguay,2019,3.0362196
Paraguay,2020,2.4918225
Paraguay,2021,2.4662068
Paraguay,2022,2.3706036
Paraguay,2023,2.2775462
Peru,1850,2.317963
Peru,1851,1.0066508
Peru,1852,2.4912744
Peru,1853,3.9693477
Peru,1854,1.825547
Peru,1855,2.6923814
Peru,1856,2.8993483
Peru,1857,2.766069
Peru,1858,2.0563848
Peru,1859,3.2123997
Peru,1860,2.5994473
Peru,1861,3.7484026
Peru,1862,3.4239342
Peru,1863,2.6813848
Peru,1864,3.6669128
Peru,1865,3.1671925
Peru,1866,2.4929361
Peru,1867,3.346148
Peru,1868,3.4533138
Peru,1869,2.647306
Peru,1870,4.6982765
Peru,1871,3.0914927
Peru,1872,3.9370787
Peru,1873,4.162659
Peru,1874,4.343853
Peru,1875,5.0089264
Peru,1876,4.3219986
Peru,1877,5.027903
Peru,1878,4.7203913
Peru,1879,4.9595785
Peru,1880,5.827419
Peru,1881,6.26662
Peru,1882,6.491304
Peru,1883,7.137154
Peru,1884,7.843329
Peru,1885,7.6455255
Peru,1886,7.630081
Peru,1887,7.4354253
Peru,1888,8.543291
Peru,1889,7.651711
Peru,1890,7.1946874
Peru,1891,7.6110606
Peru,1892,6.800054
Peru,1893,6.851111
Peru,1894,7.4998693
Peru,1895,6.713799
Peru,1896,6.114341
Peru,1897,5.7793856
Peru,1898,6.0522594
Peru,1899,6.8380466
Peru,1900,6.0589776
Peru,1901,5.2329464
Peru,1902,5.2771645
Peru,1903,4.5461826
Peru,1904,4.963451
Peru,1905,4.4005227
Peru,1906,4.0530534
Peru,1907,3.7311747
Peru,1908,4.1315064
Peru,1909,3.786061
Peru,1910,4.0438037
Peru,1911,3.887145
Peru,1912,3.7869883
Peru,1913,3.8122454
Peru,1914,3.6163726
Peru,1915,3.2827883
Peru,1916,3.1946826
Peru,1917,4.104109
Peru,1918,3.2063966
Peru,1919,2.9714344
Peru,1920,3.3706074
Peru,1921,4.040637
Peru,1922,3.6508112
Peru,1923,3.4364944
Peru,1924,3.4202168
Peru,1925,3.3860133
Peru,1926,3.7709754
Peru,1927,3.6307702
Peru,1928,3.5769007
Peru,1929,3.0360205
Peru,1930,4.852707
Peru,1931,4.183582
Peru,1932,5.628204
Peru,1933,5.344983
Peru,1934,4.6270704
Peru,1935,5.176165
Peru,1936,5.2048526
Peru,1937,5.2010326
Peru,1938,4.845078
Peru,1939,5.328643
Peru,1940,4.5402083
Peru,1941,3.1918523
Peru,1942,3.3928401
Peru,1943,2.3536987
Peru,1944,2.7348263
Peru,1945,2.0565746
Peru,1946,2.2830267
Peru,1947,1.9142711
Peru,1948,1.9464512
Peru,1949,1.7908331
Peru,1950,2.6731296
Peru,1951,2.865308
Peru,1952,3.4306622
Peru,1953,3.5055132
Peru,1954,3.7582572
Peru,1955,3.8112175
Peru,1956,3.6969147
Peru,1957,4.188285
Peru,1958,4.8408694
Peru,1959,5.252343
Peru,1960,5.8481183
Peru,1961,4.9353824
Peru,1962,7.065355
Peru,1963,8.091955
Peru,1964,7.613101
Peru,1965,4.97287
Peru,1966,3.7999392
Peru,1967,3.550556
Peru,1968,3.1813872
Peru,1969,3.2558303
Peru,1970,3.4618926
Peru,1971,7.0271444
Peru,1972,7.0341306
Peru,1973,6.53928
Peru,1974,4.943589
Peru,1975,4.449188
Peru,1976,4.137748
Peru,1977,3.8493578
Peru,1978,3.7241848
Peru,1979,3.4095554
Peru,1980,3.3989825
Peru,1981,3.0125968
Peru,1982,2.902643
Peru,1983,2.8174145
Peru,1984,2.8846664
Peru,1985,2.9173539
Peru,1986,2.4501474
Peru,1987,2.331884
Peru,1988,2.0956018
Peru,1989,3.802155
Peru,1990,2.657396
Peru,1991,2.4436576
Peru,1992,2.799666
Peru,1993,4.381519
Peru,1994,3.9446433
Peru,1995,2.667171
Peru,1996,2.6492493
Peru,1997,2.3204424
Peru,1998,3.6812658
Peru,1999,3.18147
Peru,2000,3.6215675
Peru,2001,3.4520886
Peru,2002,2.9242785
Peru,2003,5.577169
Peru,2004,3.8983703
Peru,2005,3.4185886
Peru,2006,3.1408355
Peru,2007,2.8884635
Peru,2008,2.3612504
Peru,2009,2.2101998
Peru,2010,2.0816662
Peru,2011,2.1006007
Peru,2012,1.5492218
Peru,2013,1.1762282
Peru,2014,0.99604475
Peru,2015,0.28991234
Peru,2016,0.39195544
Peru,2017,0.472679
Peru,2018,0.33837408
Peru,2019,0.17775154
Peru,2020,0.20727406
Peru,2021,0.19100827
Peru,2022,0.12574574
Peru,2023,0.17810889
Philippines,1850,16.197079
Philippines,1851,19.367472
Philippines,1852,15.992423
Philippines,1853,20.769964
Philippines,1854,15.751434
Philippines,1855,16.046204
Philippines,1856,15.292291
Philippines,1857,16.923248
Philippines,1858,15.674853
Philippines,1859,15.312535
Philippines,1860,14.071355
Philippines,1861,13.514316
Philippines,1862,14.28996
Philippines,1863,14.601136
Philippines,1864,12.682825
Philippines,1865,11.785864
Philippines,1866,13.518048
Philippines,1867,13.304128
Philippines,1868,13.128694
Philippines,1869,12.005181
Philippines,1870,14.539212
Philippines,1871,12.52347
Philippines,1872,13.905629
Philippines,1873,10.769688
Philippines,1874,12.443455
Philippines,1875,10.748659
Philippines,1876,10.534412
Philippines,1877,9.905873
Philippines,1878,11.963453
Philippines,1879,10.586004
Philippines,1880,10.65152
Philippines,1881,8.480484
Philippines,1882,6.192769
Philippines,1883,7.6502824
Philippines,1884,9.09031
Philippines,1885,7.5079293
Philippines,1886,8.763061
Philippines,1887,9.213351
Philippines,1888,8.438206
Philippines,1889,7.590633
Philippines,1890,6.6083336
Philippines,1891,8.681146
Philippines,1892,6.1087213
Philippines,1893,9.068458
Philippines,1894,8.447237
Philippines,1895,8.542917
Philippines,1896,9.271293
Philippines,1897,7.711266
Philippines,1898,8.223164
Philippines,1899,7.387685
Philippines,1900,9.537399
Philippines,1901,12.124961
Philippines,1902,11.265839
Philippines,1903,12.139796
Philippines,1904,13.098812
Philippines,1905,13.25841
Philippines,1906,13.569882
Philippines,1907,13.488282
Philippines,1908,12.660842
Philippines,1909,11.332007
Philippines,1910,12.163048
Philippines,1911,12.078825
Philippines,1912,14.591733
Philippines,1913,12.379165
Philippines,1914,13.571301
Philippines,1915,13.777683
Philippines,1916,11.9499655
Philippines,1917,11.334549
Philippines,1918,12.608773
Philippines,1919,12.332137
Philippines,1920,10.791871
Philippines,1921,9.641109
Philippines,1922,8.981984
Philippines,1923,7.924839
Philippines,1924,7.6891418
Philippines,1925,8.173069
Philippines,1926,7.054215
Philippines,1927,6.842659
Philippines,1928,5.987278
Philippines,1929,6.623162
Philippines,1930,6.799801
Philippines,1931,7.6904764
Philippines,1932,7.61329
Philippines,1933,8.246398
Philippines,1934,6.965208
Philippines,1935,7.6981177
Philippines,1936,7.1843677
Philippines,1937,7.303753
Philippines,1938,7.0640655
Philippines,1939,6.704745
Philippines,1940,4.2479
Philippines,1941,2.6960068
Philippines,1942,2.1558442
Philippines,1943,1.9845183
Philippines,1944,1.5205783
Philippines,1945,1.5514454
Philippines,1946,1.7724556
Philippines,1947,1.2456644
Philippines,1948,1.3315907
Philippines,1949,1.2359447
Philippines,1950,4.0275526
Philippines,1951,5.364596
Philippines,1952,6.634529
Philippines,1953,7.7354174
Philippines,1954,9.067607
Philippines,1955,8.9411745
Philippines,1956,9.041514
Philippines,1957,9.364346
Philippines,1958,8.909898
Philippines,1959,9.204979
Philippines,1960,5.770079
Philippines,1961,4.6557655
Philippines,1962,4.2898583
Philippines,1963,6.322695
Philippines,1964,4.6391563
Philippines,1965,3.084723
Philippines,1966,4.1888256
Philippines,1967,2.7332292
Philippines,1968,2.1152124
Philippines,1969,2.441591
Philippines,1970,1.7767563
Philippines,1971,2.5997434
Philippines,1972,3.1790047
Philippines,1973,4.284417
Philippines,1974,5.5678864
Philippines,1975,7.145095
Philippines,1976,7.4535747
Philippines,1977,4.8549566
Philippines,1978,4.7119627
Philippines,1979,4.742968
Philippines,1980,3.3201075
Philippines,1981,2.6150248
Philippines,1982,2.0747602
Philippines,1983,1.6232919
Philippines,1984,1.6780704
Philippines,1985,1.4825485
Philippines,1986,1.2191222
Philippines,1987,1.1140637
Philippines,1988,1.0385189
Philippines,1989,0.9352484
Philippines,1990,0.851746
Philippines,1991,0.6382257
Philippines,1992,0.49437204
Philippines,1993,0.3572736
Philippines,1994,0.38264534
Philippines,1995,0.61698276
Philippines,1996,1.1566632
Philippines,1997,0.3688982
Philippines,1998,0.36006418
Philippines,1999,0.30180404
Philippines,2000,0.251754
Philippines,2001,0.20352034
Philippines,2002,0.5369244
Philippines,2003,0.94471484
Philippines,2004,0.37902224
Philippines,2005,0.9651243
Philippines,2006,1.0456425
Philippines,2007,1.2159727
Philippines,2008,0.8908363
Philippines,2009,0.594172
Philippines,2010,0.92120385
Philippines,2011,1.006415
Philippines,2012,0.73192763
Philippines,2013,0.6893702
Philippines,2014,0.5611307
Philippines,2015,0.48241022
Philippines,2016,0.44776627
Philippines,2017,0.3712547
Philippines,2018,0.2912282
Philippines,2019,0.26442757
Philippines,2020,0.24935915
Philippines,2021,0.23860645
Philippines,2022,0.24093302
Philippines,2023,0.23616411
Poland,1850,2.9918704
Poland,1851,3.04431
Poland,1852,3.0706503
Poland,1853,3.0526242
Poland,1854,3.0141962
Poland,1855,2.97402
Poland,1856,2.8909209
Poland,1857,2.839923
Poland,1858,2.766153
Poland,1859,2.7389238
Poland,1860,2.6395183
Poland,1861,2.5590725
Poland,1862,2.4938617
Poland,1863,2.4438887
Poland,1864,2.3596566
Poland,1865,2.304796
Poland,1866,2.2466304
Poland,1867,2.2117581
Poland,1868,2.1245246
Poland,1869,2.0773692
Poland,1870,2.2066033
Poland,1871,2.2022064
Poland,1872,2.1900551
Poland,1873,2.153008
Poland,1874,2.1236327
Poland,1875,2.0855234
Poland,1876,2.020622
Poland,1877,1.9721304
Poland,1878,1.909263
Poland,1879,1.8851936
Poland,1880,1.8332492
Poland,1881,1.7748524
Poland,1882,1.7261382
Poland,1883,1.6830677
Poland,1884,1.6268705
Poland,1885,1.592328
Poland,1886,1.5452482
Poland,1887,1.5356753
Poland,1888,1.455456
Poland,1889,1.4258827
Poland,1890,1.3070345
Poland,1891,1.249229
Poland,1892,1.2228397
Poland,1893,1.1791431
Poland,1894,1.1547921
Poland,1895,1.124638
Poland,1896,1.0780832
Poland,1897,1.0492957
Poland,1898,1.0145566
Poland,1899,1.0126556
Poland,1900,1.0131884
Poland,1901,0.9897426
Poland,1902,0.9683297
Poland,1903,0.9564477
Poland,1904,0.9439992
Poland,1905,0.9384722
Poland,1906,0.92483604
Poland,1907,0.89342654
Poland,1908,0.88195616
Poland,1909,0.8689456
Poland,1910,0.57516676
Poland,1911,0.33094674
Poland,1912,0.08482396
Poland,1913,-0.13082528
Poland,1914,-0.34420887
Poland,1915,-0.5636772
Poland,1916,-0.7616869
Poland,1917,-0.96339357
Poland,1918,-1.1367081
Poland,1919,-1.3465095
Poland,1920,-0.77275926
Poland,1921,-0.34473914
Poland,1922,0.04384226
Poland,1923,0.4075904
Poland,1924,0.71996295
Poland,1925,1.0273429
Poland,1926,1.2984092
Poland,1927,1.5392208
Poland,1928,1.7689025
Poland,1929,1.9445388
Poland,1930,1.3278021
Poland,1931,1.0159774
Poland,1932,0.81721777
Poland,1933,0.6194523
Poland,1934,0.46746606
Poland,1935,0.2946433
Poland,1936,0.15452258
Poland,1937,0.022958694
Poland,1938,-0.095476404
Poland,1939,-0.21007769
Poland,1940,-0.416829
Poland,1941,-0.6034816
Poland,1942,-0.7760571
Poland,1943,-0.9483781
Poland,1944,-1.1408339
Poland,1945,-1.3343077
Poland,1946,-1.5140818
Poland,1947,-1.6855664
Poland,1948,-1.861978
Poland,1949,-2.0129058
Poland,1950,-1.4702786
Poland,1951,-1.0482041
Poland,1952,-0.69150764
Poland,1953,-0.38547269
Poland,1954,-0.15523316
Poland,1955,0.031391684
Poland,1956,0.15668204
Poland,1957,0.2243192
Poland,1958,0.20326124
Poland,1959,0.17876229
Poland,1960,0.07649996
Poland,1961,-0.04666706
Poland,1962,-0.14947641
Poland,1963,-0.17628756
Poland,1964,-0.3433579
Poland,1965,-0.31089252
Poland,1966,-0.4084748
Poland,1967,-0.4003504
Poland,1968,-0.5176501
Poland,1969,-0.49349403
Poland,1970,-0.4948856
Poland,1971,-0.54087156
Poland,1972,-0.53684324
Poland,1973,-0.53265744
Poland,1974,-0.48816133
Poland,1975,-0.46744445
Poland,1976,-0.4525056
Poland,1977,-0.44271505
Poland,1978,-0.4480402
Poland,1979,-0.43178305
Poland,1980,-0.46467286
Poland,1981,-0.43873048
Poland,1982,-0.40298495
Poland,1983,-0.20528369
Poland,1984,-0.29314885
Poland,1985,-0.3038435
Poland,1986,-0.2769628
Poland,1987,-0.28952828
Poland,1988,-0.27440605
Poland,1989,-0.25935775
Poland,1990,-0.25807264
Poland,1991,-0.24977075
Poland,1992,-0.233808
Poland,1993,-0.21557464
Poland,1994,-0.13612914
Poland,1995,-0.31980398
Poland,1996,-0.27363148
Poland,1997,-0.22686876
Poland,1998,-0.11534133
Poland,1999,-0.18361025
Poland,2000,-0.48858795
Poland,2001,-0.860384
Poland,2002,-1.1190674
Poland,2003,-0.7498298
Poland,2004,-1.1275716
Poland,2005,-0.90804106
Poland,2006,-1.2512802
Poland,2007,-0.8641174
Poland,2008,-0.9340979
Poland,2009,-1.6257818
Poland,2010,-0.8779892
Poland,2011,-1.2994359
Poland,2012,-1.3685901
Poland,2013,-1.2367191
Poland,2014,-1.2502075
Poland,2015,-1.2192936
Poland,2016,-1.1441342
Poland,2017,-1.1112506
Poland,2018,-0.89638275
Poland,2019,-0.8031063
Poland,2020,-0.92734796
Poland,2021,-0.89946365
Poland,2022,-0.8529918
Poland,2023,-0.8047307
Portugal,1850,0.5624113
Portugal,1851,0.5933835
Portugal,1852,0.6109481
Portugal,1853,0.6223207
Portugal,1854,0.6328294
Portugal,1855,0.63902414
Portugal,1856,0.64623946
Portugal,1857,0.6502978
Portugal,1858,0.65372145
Portugal,1859,0.654519
Portugal,1860,0.78858304
Portugal,1861,0.8470673
Portugal,1862,0.88275343
Portugal,1863,0.9083022
Portugal,1864,0.9290031
Portugal,1865,0.9460927
Portugal,1866,0.9603501
Portugal,1867,0.9778313
Portugal,1868,0.9833471
Portugal,1869,0.9929346
Portugal,1870,1.0007225
Portugal,1871,1.0125778
Portugal,1872,1.0208426
Portugal,1873,1.0275599
Portugal,1874,1.0329132
Portugal,1875,1.035146
Portugal,1876,1.0383132
Portugal,1877,1.0387409
Portugal,1878,1.039259
Portugal,1879,1.0348917
Portugal,1880,1.103382
Portugal,1881,1.130087
Portugal,1882,1.1451317
Portugal,1883,1.1532378
Portugal,1884,1.1602434
Portugal,1885,1.1645902
Portugal,1886,1.1680511
Portugal,1887,1.1788509
Portugal,1888,1.1721623
Portugal,1889,1.1733623
Portugal,1890,1.0647012
Portugal,1891,1.0205493
Portugal,1892,0.9906948
Portugal,1893,0.96725976
Portugal,1894,0.94700783
Portugal,1895,0.92684174
Portugal,1896,0.9098218
Portugal,1897,0.892374
Portugal,1898,0.87658924
Portugal,1899,0.8584685
Portugal,1900,0.95216984
Portugal,1901,0.98546
Portugal,1902,1.0013101
Portugal,1903,1.0084955
Portugal,1904,1.0131786
Portugal,1905,1.0152255
Portugal,1906,1.0139017
Portugal,1907,1.0128156
Portugal,1908,1.0090308
Portugal,1909,1.0058231
Portugal,1910,0.8023087
Portugal,1911,0.7044511
Portugal,1912,0.6382216
Portugal,1913,0.5853349
Portugal,1914,0.53894275
Portugal,1915,0.4994427
Portugal,1916,0.46371886
Portugal,1917,0.43237013
Portugal,1918,0.40989444
Portugal,1919,0.37786072
Portugal,1920,0.63401395
Portugal,1921,0.7432289
Portugal,1922,0.8039981
Portugal,1923,0.84541774
Portugal,1924,0.87746567
Portugal,1925,0.90270776
Portugal,1926,0.9235519
Portugal,1927,0.941026
Portugal,1928,0.95435286
Portugal,1929,0.9695435
Portugal,1930,1.0749552
Portugal,1931,1.1247948
Portugal,1932,1.1585091
Portugal,1933,1.1852225
Portugal,1934,1.2057576
Portugal,1935,1.2206739
Portugal,1936,1.2312912
Portugal,1937,1.2414794
Portugal,1938,1.2514088
Portugal,1939,1.2548678
Portugal,1940,1.0680705
Portugal,1941,0.99408627
Portugal,1942,0.9531422
Portugal,1943,0.9208041
Portugal,1944,0.9013817
Portugal,1945,0.8781198
Portugal,1946,0.84904665
Portugal,1947,0.83347744
Portugal,1948,0.820785
Portugal,1949,0.8128877
Portugal,1950,0.6143588
Portugal,1951,0.54686207
Portugal,1952,0.5190459
Portugal,1953,0.50570834
Portugal,1954,0.4821454
Portugal,1955,0.45163664
Portugal,1956,0.40800658
Portugal,1957,0.36457175
Portugal,1958,0.3162815
Portugal,1959,0.4628529
Portugal,1960,0.22709884
Portugal,1961,0.20724219
Portugal,1962,0.1918223
Portugal,1963,0.18418723
Portugal,1964,0.18941721
Portugal,1965,0.18419799
Portugal,1966,0.19905731
Portugal,1967,0.15493052
Portugal,1968,0.23413925
Portugal,1969,0.1948441
Portugal,1970,0.24127248
Portugal,1971,0.2176033
Portugal,1972,0.20937763
Portugal,1973,0.20890813
Portugal,1974,0.20657505
Portugal,1975,0.20914777
Portugal,1976,0.21507688
Portugal,1977,0.2112459
Portugal,1978,0.22549498
Portugal,1979,0.21252011
Portugal,1980,0.20274845
Portugal,1981,0.18881746
Portugal,1982,0.18011269
Portugal,1983,0.18178234
Portugal,1984,0.18292326
Portugal,1985,0.18951452
Portugal,1986,0.20480244
Portugal,1987,0.20460942
Portugal,1988,0.1772535
Portugal,1989,0.07656368
Portugal,1990,-0.000649211
Portugal,1991,-0.07313195
Portugal,1992,0.033887304
Portugal,1993,-0.22513907
Portugal,1994,-0.34769106
Portugal,1995,-0.90913504
Portugal,1996,-1.1633983
Portugal,1997,-0.55191785
Portugal,1998,-0.5870278
Portugal,1999,0.31997308
Portugal,2000,-0.37472877
Portugal,2001,-0.24106608
Portugal,2002,-0.5609693
Portugal,2003,-0.67692345
Portugal,2004,-1.2326775
Portugal,2005,-0.9963252
Portugal,2006,-1.13789
Portugal,2007,-0.33454755
Portugal,2008,-0.58118457
Portugal,2009,-0.7280529
Portugal,2010,-0.647003
Portugal,2011,-0.463805
Portugal,2012,-0.1982474
Portugal,2013,-0.38485488
Portugal,2014,-0.42542076
Portugal,2015,-0.45762274
Portugal,2016,-0.3044997
Portugal,2017,-0.17316672
Portugal,2018,-0.024644768
Portugal,2019,-0.021913502
Portugal,2020,-0.011450813
Portugal,2021,0.065364435
Portugal,2022,0.106933475
Portugal,2023,0.1378635
Qatar,1850,-0.005200114
Qatar,1851,-0.005204915
Qatar,1852,-0.005210096
Qatar,1853,-0.005214916
Qatar,1854,-0.005219745
Qatar,1855,-0.007837433
Qatar,1856,-0.007844704
Qatar,1857,-0.007851989
Qatar,1858,-0.007859849
Qatar,1859,-0.007867163
Qatar,1860,-0.010500072
Qatar,1861,-0.013137325
Qatar,1862,-0.013149584
Qatar,1863,-0.015795372
Qatar,1864,-0.01581014
Qatar,1865,-0.015824934
Qatar,1866,-0.01848105
Qatar,1867,-0.018498378
Qatar,1868,-0.021160843
Qatar,1869,-0.02115626
Qatar,1870,-0.021125766
Qatar,1871,-0.021071095
Qatar,1872,-0.023613319
Qatar,1873,-0.023495547
Qatar,1874,-0.023378944
Qatar,1875,-0.023261853
Qatar,1876,-0.023145925
Qatar,1877,-0.025588378
Qatar,1878,-0.025462126
Qatar,1879,-0.02533536
Qatar,1880,-0.025208117
Qatar,1881,-0.025082147
Qatar,1882,-0.024957428
Qatar,1883,-0.02483226
Qatar,1884,-0.024708342
Qatar,1885,-0.02704422
Qatar,1886,-0.026910597
Qatar,1887,-0.02677651
Qatar,1888,-0.02664199
Qatar,1889,-0.026510557
Qatar,1890,-0.026376965
Qatar,1891,-0.02624642
Qatar,1892,-0.026115468
Qatar,1893,-0.025985816
Qatar,1894,-0.025855787
Qatar,1895,-0.025728695
Qatar,1896,-0.025599593
Qatar,1897,-0.025473392
Qatar,1898,-0.025346834
Qatar,1899,-0.025219949
Qatar,1900,-0.02737563
Qatar,1901,-0.027239947
Qatar,1902,-0.027105603
Qatar,1903,-0.026970923
Qatar,1904,-0.026835937
Qatar,1905,-0.026703916
Qatar,1906,-0.026569977
Qatar,1907,-0.026438965
Qatar,1908,-0.026307665
Qatar,1909,-0.028343946
Qatar,1910,0.02817628
Qatar,1911,0.060295038
Qatar,1912,0.07912221
Qatar,1913,0.09339359
Qatar,1914,0.10323501
Qatar,1915,0.11083386
Qatar,1916,0.11623839
Qatar,1917,0.12155645
Qatar,1918,0.1246189
Qatar,1919,0.12761611
Qatar,1920,0.16471027
Qatar,1921,0.1872233
Qatar,1922,0.19947392
Qatar,1923,0.20953928
Qatar,1924,0.21554083
Qatar,1925,0.22143045
Qatar,1926,0.2233797
Qatar,1927,0.22528471
Qatar,1928,0.22714622
Qatar,1929,0.22709206
Qatar,1930,0.2731711
Qatar,1931,0.29833257
Qatar,1932,0.3121541
Qatar,1933,0.32211384
Qatar,1934,0.32653743
Qatar,1935,0.3291018
Qatar,1936,0.33159164
Qatar,1937,0.33054462
Qatar,1938,0.32775894
Qatar,1939,0.3249895
Qatar,1940,0.36465305
Qatar,1941,0.38513538
Qatar,1942,0.3969014
Qatar,1943,0.40181968
Qatar,1944,0.40499777
Qatar,1945,0.4032091
Qatar,1946,0.39982048
Qatar,1947,0.39485514
Qatar,1948,0.38676876
Qatar,1949,0.3731636
Qatar,1950,0.4393901
Qatar,1951,0.42858076
Qatar,1952,0.34988326
Qatar,1953,0.23584744
Qatar,1954,0.12347876
Qatar,1955,0.03468967
Qatar,1956,-0.052156582
Qatar,1957,-0.1460381
Qatar,1958,-0.28783575
Qatar,1959,-0.8574137
Qatar,1960,-0.6629232
Qatar,1961,-0.5071951
Qatar,1962,-0.381949
Qatar,1963,-0.2888821
Qatar,1964,-0.21916576
Qatar,1965,-0.16706559
Qatar,1966,-0.12744789
Qatar,1967,-0.09720384
Qatar,1968,-0.07390318
Qatar,1969,-0.056212146
Qatar,1970,-0.042205084
Qatar,1971,-0.034043487
Qatar,1972,-0.02726693
Qatar,1973,0.11299276
Qatar,1974,0.040703308
Qatar,1975,0.014993371
Qatar,1976,0
Qatar,1977,-0.004717352
Qatar,1978,0.075167365
Qatar,1979,0.18969703
Qatar,1980,0.16296487
Qatar,1981,0.1507968
Qatar,1982,0.14844151
Qatar,1983,0.14570731
Qatar,1984,0.07889333
Qatar,1985,0.106745385
Qatar,1986,0.12006422
Qatar,1987,0.07199462
Qatar,1988,0.030739225
Qatar,1989,0.074122116
Qatar,1990,0.04387147
Qatar,1991,0.17401315
Qatar,1992,0.14168951
Qatar,1993,0.08409237
Qatar,1994,0.049668174
Qatar,1995,0.075947575
Qatar,1996,0.04377539
Qatar,1997,0.028488444
Qatar,1998,0.026004931
Qatar,1999,0.022194423
Qatar,2000,0.0323823
Qatar,2001,0.01621514
Qatar,2002,0.029624421
Qatar,2003,0.008758405
Qatar,2004,0.000758107
Qatar,2005,0.013628278
Qatar,2006,0.014877573
Qatar,2007,0.025557546
Qatar,2008,0.022365874
Qatar,2009,0.021161577
Qatar,2010,0.02257302
Qatar,2011,0.019807996
Qatar,2012,0.019769846
Qatar,2013,0.020189293
Qatar,2014,0.010537858
Qatar,2015,0.006339925
Qatar,2016,0.013066927
Qatar,2017,0.007282895
Qatar,2018,0.004870126
Qatar,2019,0.003457246
Qatar,2020,0.003136842
Qatar,2021,0.003839799
Qatar,2022,0.004154972
Qatar,2023,0.00423095
Romania,1850,2.976413
Romania,1851,2.9903312
Romania,1852,3.0209973
Romania,1853,3.0392938
Romania,1854,2.986503
Romania,1855,2.9480863
Romania,1856,2.9518032
Romania,1857,2.9534156
Romania,1858,2.9156394
Romania,1859,2.9045398
Romania,1860,2.8371313
Romania,1861,2.7971532
Romania,1862,2.7556658
Romania,1863,2.7192442
Romania,1864,2.6950486
Romania,1865,2.696054
Romania,1866,2.675052
Romania,1867,2.6583884
Romania,1868,2.6334126
Romania,1869,2.576429
Romania,1870,2.5562673
Romania,1871,2.5393512
Romania,1872,2.5486546
Romania,1873,2.552106
Romania,1874,2.4927576
Romania,1875,2.4444814
Romania,1876,2.4402895
Romania,1877,2.4300983
Romania,1878,2.381937
Romania,1879,2.3709862
Romania,1880,2.2964063
Romania,1881,2.2540054
Romania,1882,2.206314
Romania,1883,2.166787
Romania,1884,2.1374316
Romania,1885,2.1341474
Romania,1886,2.1077795
Romania,1887,2.0920508
Romania,1888,2.0603745
Romania,1889,2.002223
Romania,1890,1.974843
Romania,1891,1.9520131
Romania,1892,1.9538783
Romania,1893,1.9562352
Romania,1894,1.8891273
Romania,1895,1.8411614
Romania,1896,1.8364477
Romania,1897,1.8212013
Romania,1898,1.774758
Romania,1899,1.75826
Romania,1900,1.9491493
Romania,1901,1.993847
Romania,1902,2.025986
Romania,1903,2.0765884
Romania,1904,2.1130142
Romania,1905,2.0865512
Romania,1906,2.071823
Romania,1907,2.09428
Romania,1908,2.1103082
Romania,1909,2.082185
Romania,1910,1.6360834
Romania,1911,1.4698141
Romania,1912,1.3532952
Romania,1913,1.2503188
Romania,1914,1.1595504
Romania,1915,1.0900306
Romania,1916,1.0485413
Romania,1917,0.98822796
Romania,1918,0.95361954
Romania,1919,0.8939124
Romania,1920,2.0578046
Romania,1921,2.5144198
Romania,1922,2.775811
Romania,1923,2.9516761
Romania,1924,3.0921392
Romania,1925,3.2587538
Romania,1926,3.3539588
Romania,1927,3.481236
Romania,1928,3.5499449
Romania,1929,3.6003299
Romania,1930,2.72253
Romania,1931,2.4038153
Romania,1932,2.1975744
Romania,1933,2.0567417
Romania,1934,1.9354907
Romania,1935,1.8235301
Romania,1936,1.7400773
Romania,1937,1.6284236
Romania,1938,1.557335
Romania,1939,1.497383
Romania,1940,1.4499499
Romania,1941,1.4177581
Romania,1942,1.3831419
Romania,1943,1.4015701
Romania,1944,1.3625715
Romania,1945,1.3511566
Romania,1946,1.3541939
Romania,1947,1.3023181
Romania,1948,1.2776775
Romania,1949,1.2726618
Romania,1950,2.1668727
Romania,1951,2.2617705
Romania,1952,2.3474784
Romania,1953,2.3432307
Romania,1954,2.3854003
Romania,1955,2.4312885
Romania,1956,2.4327793
Romania,1957,2.4259953
Romania,1958,2.333781
Romania,1959,2.3581142
Romania,1960,2.1538181
Romania,1961,2.2710943
Romania,1962,1.9159791
Romania,1963,1.7176262
Romania,1964,1.7179546
Romania,1965,1.6677951
Romania,1966,1.454447
Romania,1967,1.989779
Romania,1968,1.4069799
Romania,1969,1.1359504
Romania,1970,1.0433667
Romania,1971,0.96076244
Romania,1972,0.7881738
Romania,1973,0.8712867
Romania,1974,0.83091325
Romania,1975,0.7577953
Romania,1976,0.68907154
Romania,1977,0.62280715
Romania,1978,0.5419942
Romania,1979,0.476349
Romania,1980,0.4066916
Romania,1981,0.46311897
Romania,1982,0.5239702
Romania,1983,0.52080166
Romania,1984,0.6303169
Romania,1985,0.59100336
Romania,1986,0.7493861
Romania,1987,0.6363821
Romania,1988,-0.04057712
Romania,1989,-0.024919102
Romania,1990,0.03439031
Romania,1991,-0.10673602
Romania,1992,-0.12111713
Romania,1993,-0.1622591
Romania,1994,0.00479974
Romania,1995,-0.09412243
Romania,1996,-0.007964558
Romania,1997,-0.12728502
Romania,1998,0.06972744
Romania,1999,0.23018813
Romania,2000,-0.036300607
Romania,2001,0.002727957
Romania,2002,0.13004437
Romania,2003,-0.56895417
Romania,2004,-0.23435864
Romania,2005,-0.54144704
Romania,2006,-0.8852
Romania,2007,-0.70773727
Romania,2008,-0.60194546
Romania,2009,1.096764
Romania,2010,-0.04355192
Romania,2011,-0.46821696
Romania,2012,-0.056309395
Romania,2013,-0.33256924
Romania,2014,-0.29492924
Romania,2015,-0.639205
Romania,2016,-0.7262212
Romania,2017,-0.7848697
Romania,2018,-0.25634772
Romania,2019,-0.6754262
Romania,2020,-0.6863031
Romania,2021,-0.7272277
Romania,2022,-0.74846494
Romania,2023,-0.7667644
Russia,1850,13.318672
Russia,1851,15.130955
Russia,1852,14.711266
Russia,1853,14.753229
Russia,1854,15.47847
Russia,1855,13.918012
Russia,1856,15.60578
Russia,1857,13.85153
Russia,1858,13.780992
Russia,1859,13.446895
Russia,1860,11.884823
Russia,1861,14.089755
Russia,1862,14.020226
Russia,1863,13.252208
Russia,1864,12.669808
Russia,1865,12.63002
Russia,1866,13.087762
Russia,1867,11.98979
Russia,1868,11.970004
Russia,1869,11.767646
Russia,1870,13.433058
Russia,1871,11.944967
Russia,1872,14.0295925
Russia,1873,12.4740505
Russia,1874,14.536288
Russia,1875,14.588147
Russia,1876,14.22052
Russia,1877,13.753296
Russia,1878,13.678904
Russia,1879,13.15877
Russia,1880,14.633745
Russia,1881,14.341905
Russia,1882,15.311415
Russia,1883,13.237954
Russia,1884,15.992675
Russia,1885,15.339283
Russia,1886,14.177559
Russia,1887,15.069267
Russia,1888,13.915633
Russia,1889,14.640342
Russia,1890,16.023071
Russia,1891,16.979748
Russia,1892,16.815723
Russia,1893,17.35796
Russia,1894,17.111727
Russia,1895,16.622927
Russia,1896,15.536588
Russia,1897,16.497967
Russia,1898,16.428354
Russia,1899,16.19958
Russia,1900,17.868185
Russia,1901,17.98112
Russia,1902,19.240278
Russia,1903,19.08644
Russia,1904,19.423155
Russia,1905,20.41174
Russia,1906,20.766655
Russia,1907,19.727383
Russia,1908,20.37788
Russia,1909,20.899902
Russia,1910,16.940838
Russia,1911,14.69174
Russia,1912,12.889751
Russia,1913,11.161937
Russia,1914,10.700932
Russia,1915,9.640062
Russia,1916,9.419803
Russia,1917,8.488802
Russia,1918,7.7123833
Russia,1919,7.2175474
Russia,1920,8.710288
Russia,1921,10.056966
Russia,1922,9.619281
Russia,1923,10.310211
Russia,1924,10.932617
Russia,1925,9.976702
Russia,1926,10.021957
Russia,1927,10.620921
Russia,1928,10.60813
Russia,1929,10.4010935
Russia,1930,12.506896
Russia,1931,14.438371
Russia,1932,14.903805
Russia,1933,15.055532
Russia,1934,15.836216
Russia,1935,15.494226
Russia,1936,16.29333
Russia,1937,16.862183
Russia,1938,16.90729
Russia,1939,16.877321
Russia,1940,11.33332
Russia,1941,9.748835
Russia,1942,7.737684
Russia,1943,5.7840033
Russia,1944,4.851477
Russia,1945,3.7727675
Russia,1946,2.2743857
Russia,1947,1.4614005
Russia,1948,-0.006981228
Russia,1949,-1.0316955
Russia,1950,1.6721662
Russia,1951,2.9103477
Russia,1952,3.5580888
Russia,1953,4.436613
Russia,1954,5.383735
Russia,1955,6.023255
Russia,1956,6.510082
Russia,1957,6.932664
Russia,1958,5.4515066
Russia,1959,10.299472
Russia,1960,6.3496394
Russia,1961,7.3073387
Russia,1962,4.3898025
Russia,1963,3.9478061
Russia,1964,3.5060923
Russia,1965,3.4039268
Russia,1966,3.2454703
Russia,1967,3.2794673
Russia,1968,3.3347495
Russia,1969,3.1420352
Russia,1970,4.4128466
Russia,1971,2.9016037
Russia,1972,2.6269937
Russia,1973,3.304169
Russia,1974,2.823679
Russia,1975,2.458985
Russia,1976,2.9398751
Russia,1977,2.9754314
Russia,1978,2.9451022
Russia,1979,2.4050205
Russia,1980,3.4906368
Russia,1981,2.84274
Russia,1982,2.3450725
Russia,1983,2.5205717
Russia,1984,2.552646
Russia,1985,2.4937897
Russia,1986,2.4334474
Russia,1987,2.5251908
Russia,1988,2.5727487
Russia,1989,1.9595331
Russia,1990,2.1208415
Russia,1991,1.9966693
Russia,1992,1.2540941
Russia,1993,0.50767916
Russia,1994,0.68186826
Russia,1995,-0.03440012
Russia,1996,3.264611
Russia,1997,0.51303166
Russia,1998,0.016501408
Russia,1999,0.35550466
Russia,2000,-0.043980666
Russia,2001,-0.50420225
Russia,2002,-0.6255948
Russia,2003,-0.15428367
Russia,2004,0.13694516
Russia,2005,-0.23916216
Russia,2006,0.30822647
Russia,2007,0.37788504
Russia,2008,0.42435348
Russia,2009,1.3439157
Russia,2010,2.7443695
Russia,2011,0.5392026
Russia,2012,2.6103702
Russia,2013,1.6519015
Russia,2014,0.7378296
Russia,2015,2.7524316
Russia,2016,2.8250573
Russia,2017,2.580314
Russia,2018,2.5436554
Russia,2019,1.4931846
Russia,2020,2.093295
Russia,2021,2.29948
Russia,2022,2.7633142
Russia,2023,2.755685
Rwanda,1850,0.6579244
Rwanda,1851,0.6452053
Rwanda,1852,0.6786106
Rwanda,1853,0.64998513
Rwanda,1854,0.6448601
Rwanda,1855,0.64222395
Rwanda,1856,0.66894966
Rwanda,1857,0.6555016
Rwanda,1858,0.65094
Rwanda,1859,0.6510423
Rwanda,1860,0.6532305
Rwanda,1861,0.65539056
Rwanda,1862,0.6579297
Rwanda,1863,0.6603207
Rwanda,1864,0.6629463
Rwanda,1865,0.66561466
Rwanda,1866,0.66825444
Rwanda,1867,0.67077
Rwanda,1868,0.6729471
Rwanda,1869,0.67545366
Rwanda,1870,0.67750376
Rwanda,1871,0.740407
Rwanda,1872,0.7021297
Rwanda,1873,0.69243175
Rwanda,1874,0.69090307
Rwanda,1875,0.6902532
Rwanda,1876,0.6917806
Rwanda,1877,0.6923361
Rwanda,1878,0.7613991
Rwanda,1879,0.7176774
Rwanda,1880,0.71649814
Rwanda,1881,0.71630025
Rwanda,1882,0.71730936
Rwanda,1883,0.7170146
Rwanda,1884,0.71703744
Rwanda,1885,0.71728045
Rwanda,1886,0.7172116
Rwanda,1887,0.7175917
Rwanda,1888,0.7172501
Rwanda,1889,0.71831995
Rwanda,1890,0.741119
Rwanda,1891,0.7547842
Rwanda,1892,0.7664571
Rwanda,1893,0.77826047
Rwanda,1894,0.7908551
Rwanda,1895,0.7989884
Rwanda,1896,0.8082278
Rwanda,1897,0.81684035
Rwanda,1898,0.82521915
Rwanda,1899,0.83361715
Rwanda,1900,0.876221
Rwanda,1901,0.93380123
Rwanda,1902,0.9345466
Rwanda,1903,1.0209223
Rwanda,1904,1.088773
Rwanda,1905,1.0190523
Rwanda,1906,1.0065151
Rwanda,1907,1.0439956
Rwanda,1908,1.0251305
Rwanda,1909,1.0073723
Rwanda,1910,1.0169449
Rwanda,1911,1.0524346
Rwanda,1912,1.0262715
Rwanda,1913,1.0219889
Rwanda,1914,1.0681757
Rwanda,1915,1.0437133
Rwanda,1916,1.0422179
Rwanda,1917,1.0454395
Rwanda,1918,1.0998107
Rwanda,1919,1.0693362
Rwanda,1920,1.1121047
Rwanda,1921,1.1591272
Rwanda,1922,1.171827
Rwanda,1923,1.2479854
Rwanda,1924,1.1967688
Rwanda,1925,1.2350177
Rwanda,1926,1.2031076
Rwanda,1927,1.1893626
Rwanda,1928,1.1732882
Rwanda,1929,1.1489707
Rwanda,1930,1.2322593
Rwanda,1931,1.2758807
Rwanda,1932,1.3944227
Rwanda,1933,1.4232582
Rwanda,1934,1.370271
Rwanda,1935,1.3273637
Rwanda,1936,1.2993835
Rwanda,1937,1.3221067
Rwanda,1938,1.2883171
Rwanda,1939,1.2220815
Rwanda,1940,1.5962828
Rwanda,1941,1.8911815
Rwanda,1942,1.8593928
Rwanda,1943,1.9216337
Rwanda,1944,1.9698082
Rwanda,1945,2.089002
Rwanda,1946,1.9479795
Rwanda,1947,1.9729424
Rwanda,1948,1.7857788
Rwanda,1949,2.1550467
Rwanda,1950,2.3102188
Rwanda,1951,1.9989119
Rwanda,1952,1.9034125
Rwanda,1953,1.8521248
Rwanda,1954,1.8133183
Rwanda,1955,1.8913658
Rwanda,1956,1.8458546
Rwanda,1957,1.6147927
Rwanda,1958,1.8412482
Rwanda,1959,1.9080713
Rwanda,1960,1.5559927
Rwanda,1961,1.4995371
Rwanda,1962,1.5533261
Rwanda,1963,1.5380565
Rwanda,1964,1.4246851
Rwanda,1965,1.331982
Rwanda,1966,1.2802033
Rwanda,1967,1.1942115
Rwanda,1968,1.2592503
Rwanda,1969,1.1455572
Rwanda,1970,1.5512602
Rwanda,1971,2.0446117
Rwanda,1972,1.6891198
Rwanda,1973,2.1561003
Rwanda,1974,1.9884624
Rwanda,1975,1.7828978
Rwanda,1976,1.6160356
Rwanda,1977,1.4510576
Rwanda,1978,1.3021257
Rwanda,1979,1.1724656
Rwanda,1980,1.312066
Rwanda,1981,1.1776032
Rwanda,1982,1.0087004
Rwanda,1983,0.9233975
Rwanda,1984,0.83415127
Rwanda,1985,0.73656
Rwanda,1986,0.6593795
Rwanda,1987,0.6030733
Rwanda,1988,0.5152145
Rwanda,1989,0.5931832
Rwanda,1990,0.49099287
Rwanda,1991,0.44695297
Rwanda,1992,0.13444787
Rwanda,1993,0.030396026
Rwanda,1994,0.092944495
Rwanda,1995,0.45142695
Rwanda,1996,0.54880846
Rwanda,1997,0.4747021
Rwanda,1998,0.5569966
Rwanda,1999,1.1664327
Rwanda,2000,1.2665102
Rwanda,2001,1.0144725
Rwanda,2002,0.76989406
Rwanda,2003,0.62281144
Rwanda,2004,0.5188769
Rwanda,2005,0.43681964
Rwanda,2006,0.41352373
Rwanda,2007,0.35520488
Rwanda,2008,0.37379885
Rwanda,2009,0.43259022
Rwanda,2010,0.41932076
Rwanda,2011,0.44423562
Rwanda,2012,0.421897
Rwanda,2013,0.4065472
Rwanda,2014,0.33459473
Rwanda,2015,0.28681532
Rwanda,2016,0.2602888
Rwanda,2017,0.22058158
Rwanda,2018,0.1930737
Rwanda,2019,0.17394732
Rwanda,2020,0.16084443
Rwanda,2021,0.15791024
Rwanda,2022,0.14500622
Rwanda,2023,0.13485278
Saint Kitts and Nevis,1850,0.7153505
Saint Kitts and Nevis,1851,0.4817586
Saint Kitts and Nevis,1852,0.35486683
Saint Kitts and Nevis,1853,0.27107576
Saint Kitts and Nevis,1854,0.2103766
Saint Kitts and Nevis,1855,0.1634255
Saint Kitts and Nevis,1856,0.12611553
Saint Kitts and Nevis,1857,0.09571284
Saint Kitts and Nevis,1858,0.07077842
Saint Kitts and Nevis,1859,0.051057875
Saint Kitts and Nevis,1860,1.3960129
Saint Kitts and Nevis,1861,1.845791
Saint Kitts and Nevis,1862,2.0665336
Saint Kitts and Nevis,1863,2.1963534
Saint Kitts and Nevis,1864,2.277304
Saint Kitts and Nevis,1865,2.3284776
Saint Kitts and Nevis,1866,2.3599296
Saint Kitts and Nevis,1867,2.376347
Saint Kitts and Nevis,1868,2.3822505
Saint Kitts and Nevis,1869,2.383201
Saint Kitts and Nevis,1870,1.5148693
Saint Kitts and Nevis,1871,1.2129976
Saint Kitts and Nevis,1872,1.0545213
Saint Kitts and Nevis,1873,0.95298815
Saint Kitts and Nevis,1874,0.8793118
Saint Kitts and Nevis,1875,0.82325584
Saint Kitts and Nevis,1876,0.77839017
Saint Kitts and Nevis,1877,0.7418964
Saint Kitts and Nevis,1878,0.7110314
Saint Kitts and Nevis,1879,0.6841036
Saint Kitts and Nevis,1880,0.8244526
Saint Kitts and Nevis,1881,0.8611093
Saint Kitts and Nevis,1882,0.87253207
Saint Kitts and Nevis,1883,0.875916
Saint Kitts and Nevis,1884,0.8745113
Saint Kitts and Nevis,1885,0.8707298
Saint Kitts and Nevis,1886,0.86616683
Saint Kitts and Nevis,1887,0.8601081
Saint Kitts and Nevis,1888,0.8540949
Saint Kitts and Nevis,1889,0.8496038
Saint Kitts and Nevis,1890,0.46768486
Saint Kitts and Nevis,1891,0.33016995
Saint Kitts and Nevis,1892,0.2564874
Saint Kitts and Nevis,1893,0.20764667
Saint Kitts and Nevis,1894,0.17187555
Saint Kitts and Nevis,1895,0.14407857
Saint Kitts and Nevis,1896,0.12208589
Saint Kitts and Nevis,1897,0.10445598
Saint Kitts and Nevis,1898,0.08896864
Saint Kitts and Nevis,1899,0.07644214
Saint Kitts and Nevis,1900,0.14214219
Saint Kitts and Nevis,1901,0.16191775
Saint Kitts and Nevis,1902,0.16969007
Saint Kitts and Nevis,1903,0.17376642
Saint Kitts and Nevis,1904,0.1755563
Saint Kitts and Nevis,1905,0.17657831
Saint Kitts and Nevis,1906,0.1768188
Saint Kitts and Nevis,1907,0.1770583
Saint Kitts and Nevis,1908,0.17729673
Saint Kitts and Nevis,1909,0.1778174
Saint Kitts and Nevis,1910,-0.001616554
Saint Kitts and Nevis,1911,-0.12173301
Saint Kitts and Nevis,1912,-0.2225118
Saint Kitts and Nevis,1913,-0.31459644
Saint Kitts and Nevis,1914,-0.40074867
Saint Kitts and Nevis,1915,-0.48151487
Saint Kitts and Nevis,1916,-0.5592357
Saint Kitts and Nevis,1917,-0.63285655
Saint Kitts and Nevis,1918,-0.7055164
Saint Kitts and Nevis,1919,-0.77472067
Saint Kitts and Nevis,1920,-0.8075439
Saint Kitts and Nevis,1921,-0.8388713
Saint Kitts and Nevis,1922,-0.867534
Saint Kitts and Nevis,1923,-0.8924024
Saint Kitts and Nevis,1924,-0.91832393
Saint Kitts and Nevis,1925,-0.942505
Saint Kitts and Nevis,1926,-0.96679443
Saint Kitts and Nevis,1927,-0.98932356
Saint Kitts and Nevis,1928,-1.0119765
Saint Kitts and Nevis,1929,-1.033063
Saint Kitts and Nevis,1930,-1.0429761
Saint Kitts and Nevis,1931,-1.0511631
Saint Kitts and Nevis,1932,-1.0575676
Saint Kitts and Nevis,1933,-1.0621787
Saint Kitts and Nevis,1934,-1.0667402
Saint Kitts and Nevis,1935,-1.0711983
Saint Kitts and Nevis,1936,-1.0746576
Saint Kitts and Nevis,1937,-1.0780796
Saint Kitts and Nevis,1938,-1.0813842
Saint Kitts and Nevis,1939,-1.0824506
Saint Kitts and Nevis,1940,0.60128933
Saint Kitts and Nevis,1941,1.3078734
Saint Kitts and Nevis,1942,1.7383333
Saint Kitts and Nevis,1943,2.0440435
Saint Kitts and Nevis,1944,2.2787907
Saint Kitts and Nevis,1945,2.4656549
Saint Kitts and Nevis,1946,2.6174371
Saint Kitts and Nevis,1947,2.7421165
Saint Kitts and Nevis,1948,2.8455694
Saint Kitts and Nevis,1949,2.9317353
Saint Kitts and Nevis,1950,1.5094316
Saint Kitts and Nevis,1951,1.2055027
Saint Kitts and Nevis,1952,1.1890224
Saint Kitts and Nevis,1953,1.215762
Saint Kitts and Nevis,1954,1.2443693
Saint Kitts and Nevis,1955,1.2365885
Saint Kitts and Nevis,1956,1.176244
Saint Kitts and Nevis,1957,0.98752767
Saint Kitts and Nevis,1958,0.53068393
Saint Kitts and Nevis,1959,1.612176
Saint Kitts and Nevis,1960,0.7191525
Saint Kitts and Nevis,1961,0.43261766
Saint Kitts and Nevis,1962,0.29276466
Saint Kitts and Nevis,1963,0.20648631
Saint Kitts and Nevis,1964,0.14709233
Saint Kitts and Nevis,1965,0.10322742
Saint Kitts and Nevis,1966,0.069807276
Saint Kitts and Nevis,1967,0.042987876
Saint Kitts and Nevis,1968,-2.3185158
Saint Kitts and Nevis,1969,-1.3593228
Saint Kitts and Nevis,1970,-1.2353055
Saint Kitts and Nevis,1971,-1.1493276
Saint Kitts and Nevis,1972,-1.0815898
Saint Kitts and Nevis,1973,-1.026134
Saint Kitts and Nevis,1974,-0.97830737
Saint Kitts and Nevis,1975,-0.9348097
Saint Kitts and Nevis,1976,-0.8943987
Saint Kitts and Nevis,1977,-0.8573233
Saint Kitts and Nevis,1978,-0.8229514
Saint Kitts and Nevis,1979,-0.79141045
Saint Kitts and Nevis,1980,-0.76155066
Saint Kitts and Nevis,1981,-1.3572915
Saint Kitts and Nevis,1982,-1.2785807
Saint Kitts and Nevis,1983,-1.8517036
Saint Kitts and Nevis,1984,-1.7375903
Saint Kitts and Nevis,1985,-2.2857306
Saint Kitts and Nevis,1986,-2.1432207
Saint Kitts and Nevis,1987,-2.0210707
Saint Kitts and Nevis,1988,-1.9106585
Saint Kitts and Nevis,1989,-2.6743934
Saint Kitts and Nevis,1990,-2.1534274
Saint Kitts and Nevis,1991,-1.9080967
Saint Kitts and Nevis,1992,-1.732541
Saint Kitts and Nevis,1993,-3.074076
Saint Kitts and Nevis,1994,-2.7009075
Saint Kitts and Nevis,1995,-3.740155
Saint Kitts and Nevis,1996,-3.0048068
Saint Kitts and Nevis,1997,-2.6431923
Saint Kitts and Nevis,1998,0.6383333
Saint Kitts and Nevis,1999,-1.5348535
Saint Kitts and Nevis,2000,-1.7622396
Saint Kitts and Nevis,2001,-2.2180574
Saint Kitts and Nevis,2002,-2.052815
Saint Kitts and Nevis,2003,-1.9509466
Saint Kitts and Nevis,2004,-3.8312614
Saint Kitts and Nevis,2005,-3.4877944
Saint Kitts and Nevis,2006,-3.0583189
Saint Kitts and Nevis,2007,-2.9460166
Saint Kitts and Nevis,2008,-2.1631231
Saint Kitts and Nevis,2009,-1.5025424
Saint Kitts and Nevis,2010,-0.6691559
Saint Kitts and Nevis,2011,-1.4025553
Saint Kitts and Nevis,2012,-1.1900557
Saint Kitts and Nevis,2013,-1.5077163
Saint Kitts and Nevis,2014,-1.5178127
Saint Kitts and Nevis,2015,-1.579062
Saint Kitts and Nevis,2016,-1.3552197
Saint Kitts and Nevis,2017,-1.4685917
Saint Kitts and Nevis,2018,-1.4636039
Saint Kitts and Nevis,2019,-1.4321164
Saint Kitts and Nevis,2020,-1.3914518
Saint Kitts and Nevis,2021,-1.3044838
Saint Kitts and Nevis,2022,-1.2452656
Saint Kitts and Nevis,2023,-1.1906844
Saint Lucia,1850,0.86707544
Saint Lucia,1851,0.873204
Saint Lucia,1852,0.86073595
Saint Lucia,1853,0.8582342
Saint Lucia,1854,0.8425984
Saint Lucia,1855,0.8286683
Saint Lucia,1856,0.8234025
Saint Lucia,1857,0.8153972
Saint Lucia,1858,0.8005517
Saint Lucia,1859,0.7634744
Saint Lucia,1860,0.79318905
Saint Lucia,1861,0.8143679
Saint Lucia,1862,0.75135845
Saint Lucia,1863,0.76926416
Saint Lucia,1864,0.7515069
Saint Lucia,1865,0.74143386
Saint Lucia,1866,0.72552085
Saint Lucia,1867,0.7181548
Saint Lucia,1868,0.7050592
Saint Lucia,1869,0.6917907
Saint Lucia,1870,0.6717333
Saint Lucia,1871,0.66378784
Saint Lucia,1872,0.6512972
Saint Lucia,1873,0.64180005
Saint Lucia,1874,0.63038534
Saint Lucia,1875,0.6171684
Saint Lucia,1876,0.6012979
Saint Lucia,1877,0.5877357
Saint Lucia,1878,0.575404
Saint Lucia,1879,0.47911084
Saint Lucia,1880,0.56844854
Saint Lucia,1881,0.6134987
Saint Lucia,1882,0.5412034
Saint Lucia,1883,0.5355879
Saint Lucia,1884,0.52916336
Saint Lucia,1885,0.5245236
Saint Lucia,1886,0.5190745
Saint Lucia,1887,0.51706946
Saint Lucia,1888,0.5133744
Saint Lucia,1889,0.5094997
Saint Lucia,1890,0.57672405
Saint Lucia,1891,0.5794991
Saint Lucia,1892,0.57139635
Saint Lucia,1893,0.56386006
Saint Lucia,1894,0.55564946
Saint Lucia,1895,0.5475486
Saint Lucia,1896,0.5395596
Saint Lucia,1897,0.5295069
Saint Lucia,1898,0.52247655
Saint Lucia,1899,0.47568995
Saint Lucia,1900,0.5658821
Saint Lucia,1901,0.56464225
Saint Lucia,1902,0.5703522
Saint Lucia,1903,0.53720325
Saint Lucia,1904,0.5539998
Saint Lucia,1905,0.5687632
Saint Lucia,1906,0.56776434
Saint Lucia,1907,0.56951946
Saint Lucia,1908,0.56853044
Saint Lucia,1909,0.5693808
Saint Lucia,1910,0.25455374
Saint Lucia,1911,0.1724123
Saint Lucia,1912,0.122646056
Saint Lucia,1913,0.08946758
Saint Lucia,1914,0.064109646
Saint Lucia,1915,0.043092623
Saint Lucia,1916,0.027642896
Saint Lucia,1917,0.015681574
Saint Lucia,1918,0.031826418
Saint Lucia,1919,0.03158454
Saint Lucia,1920,-0.010856107
Saint Lucia,1921,-0.017684618
Saint Lucia,1922,-0.008730937
Saint Lucia,1923,0.009221632
Saint Lucia,1924,-0.046059083
Saint Lucia,1925,-0.047793902
Saint Lucia,1926,-0.05064922
Saint Lucia,1927,-0.052832197
Saint Lucia,1928,-0.050936587
Saint Lucia,1929,-0.05979094
Saint Lucia,1930,-0.042796597
Saint Lucia,1931,-0.020258823
Saint Lucia,1932,-0.022649573
Saint Lucia,1933,-0.029737243
Saint Lucia,1934,-0.033465486
Saint Lucia,1935,-0.03655813
Saint Lucia,1936,-0.040054798
Saint Lucia,1937,-0.03994168
Saint Lucia,1938,-0.04129725
Saint Lucia,1939,-0.042146124
Saint Lucia,1940,-0.06782797
Saint Lucia,1941,-0.06880752
Saint Lucia,1942,-0.06886343
Saint Lucia,1943,-0.06895081
Saint Lucia,1944,-0.06902583
Saint Lucia,1945,-0.06864028
Saint Lucia,1946,-0.06958365
Saint Lucia,1947,-0.070494376
Saint Lucia,1948,-0.07007473
Saint Lucia,1949,-0.06839809
Saint Lucia,1950,0.49541742
Saint Lucia,1951,0.54405993
Saint Lucia,1952,0.57223916
Saint Lucia,1953,0.4739974
Saint Lucia,1954,0.46854517
Saint Lucia,1955,0.39344496
Saint Lucia,1956,0.4157263
Saint Lucia,1957,0.4658011
Saint Lucia,1958,0.55307895
Saint Lucia,1959,1.5882639
Saint Lucia,1960,0.6119928
Saint Lucia,1961,0.40379623
Saint Lucia,1962,3.54144
Saint Lucia,1963,1.4100572
Saint Lucia,1964,0.7746862
Saint Lucia,1965,0.6307844
Saint Lucia,1966,3.6556628
Saint Lucia,1967,1.4176311
Saint Lucia,1968,0.8423323
Saint Lucia,1969,0.61690164
Saint Lucia,1970,3.4823349
Saint Lucia,1971,1.4041348
Saint Lucia,1972,0.8453869
Saint Lucia,1973,0.54993415
Saint Lucia,1974,0.7804823
Saint Lucia,1975,0.45047823
Saint Lucia,1976,0.32370254
Saint Lucia,1977,0.26043436
Saint Lucia,1978,0.88867384
Saint Lucia,1979,1.1552409
Saint Lucia,1980,1.2906536
Saint Lucia,1981,1.0831807
Saint Lucia,1982,1.0663229
Saint Lucia,1983,1.2872903
Saint Lucia,1984,1.348011
Saint Lucia,1985,1.0271493
Saint Lucia,1986,0.4442549
Saint Lucia,1987,0.26298362
Saint Lucia,1988,0.17726974
Saint Lucia,1989,0.07221371
Saint Lucia,1990,-0.30096856
Saint Lucia,1991,-0.27108443
Saint Lucia,1992,-0.23265545
Saint Lucia,1993,-0.2287386
Saint Lucia,1994,-0.611458
Saint Lucia,1995,-0.67061484
Saint Lucia,1996,-0.70012736
Saint Lucia,1997,-0.98170733
Saint Lucia,1998,-0.77189714
Saint Lucia,1999,-1.0470108
Saint Lucia,2000,-1.0561188
Saint Lucia,2001,-1.1418334
Saint Lucia,2002,-1.2102317
Saint Lucia,2003,-1.3775163
Saint Lucia,2004,-1.3173772
Saint Lucia,2005,-1.3672997
Saint Lucia,2006,-0.8250608
Saint Lucia,2007,-1.114798
Saint Lucia,2008,-1.0900536
Saint Lucia,2009,-1.0420369
Saint Lucia,2010,-0.99239725
Saint Lucia,2011,-0.8914422
Saint Lucia,2012,-0.70247144
Saint Lucia,2013,-0.587838
Saint Lucia,2014,-0.6953432
Saint Lucia,2015,-0.44484124
Saint Lucia,2016,-0.6313716
Saint Lucia,2017,-0.6423841
Saint Lucia,2018,-0.64757955
Saint Lucia,2019,-0.62806475
Saint Lucia,2020,-0.605297
Saint Lucia,2021,-0.585455
Saint Lucia,2022,-0.5630868
Saint Lucia,2023,-0.54068434
Saint Vincent and the Grenadines,1850,0.33557585
Saint Vincent and the Grenadines,1851,0.33522195
Saint Vincent and the Grenadines,1852,0.33356336
Saint Vincent and the Grenadines,1853,0.33182308
Saint Vincent and the Grenadines,1854,0.3300901
Saint Vincent and the Grenadines,1855,0.32836446
Saint Vincent and the Grenadines,1856,0.32664624
Saint Vincent and the Grenadines,1857,0.32494587
Saint Vincent and the Grenadines,1858,0.3232528
Saint Vincent and the Grenadines,1859,0.3200559
Saint Vincent and the Grenadines,1860,0.32693654
Saint Vincent and the Grenadines,1861,0.3287691
Saint Vincent and the Grenadines,1862,0.32566366
Saint Vincent and the Grenadines,1863,0.32448626
Saint Vincent and the Grenadines,1864,0.3210819
Saint Vincent and the Grenadines,1865,0.318819
Saint Vincent and the Grenadines,1866,0.3154682
Saint Vincent and the Grenadines,1867,0.3132452
Saint Vincent and the Grenadines,1868,0.30995786
Saint Vincent and the Grenadines,1869,0.30663294
Saint Vincent and the Grenadines,1870,0.30430856
Saint Vincent and the Grenadines,1871,0.3008938
Saint Vincent and the Grenadines,1872,0.29744726
Saint Vincent and the Grenadines,1873,0.29498047
Saint Vincent and the Grenadines,1874,0.29152802
Saint Vincent and the Grenadines,1875,0.28812453
Saint Vincent and the Grenadines,1876,0.28475425
Saint Vincent and the Grenadines,1877,0.2814324
Saint Vincent and the Grenadines,1878,0.27814388
Saint Vincent and the Grenadines,1879,0.27186033
Saint Vincent and the Grenadines,1880,0.27477896
Saint Vincent and the Grenadines,1881,0.27649668
Saint Vincent and the Grenadines,1882,0.27334264
Saint Vincent and the Grenadines,1883,0.2736899
Saint Vincent and the Grenadines,1884,0.27403802
Saint Vincent and the Grenadines,1885,0.27438003
Saint Vincent and the Grenadines,1886,0.2747299
Saint Vincent and the Grenadines,1887,0.2750807
Saint Vincent and the Grenadines,1888,0.27543238
Saint Vincent and the Grenadines,1889,0.2749052
Saint Vincent and the Grenadines,1890,0.2763001
Saint Vincent and the Grenadines,1891,0.274025
Saint Vincent and the Grenadines,1892,0.27091417
Saint Vincent and the Grenadines,1893,0.2670187
Saint Vincent and the Grenadines,1894,0.26318273
Saint Vincent and the Grenadines,1895,0.25939977
Saint Vincent and the Grenadines,1896,0.25566995
Saint Vincent and the Grenadines,1897,0.25199333
Saint Vincent and the Grenadines,1898,0.24836993
Saint Vincent and the Grenadines,1899,0.2437747
Saint Vincent and the Grenadines,1900,0.24641107
Saint Vincent and the Grenadines,1901,0.24548301
Saint Vincent and the Grenadines,1902,0.2476354
Saint Vincent and the Grenadines,1903,0.24874347
Saint Vincent and the Grenadines,1904,0.25327784
Saint Vincent and the Grenadines,1905,0.25789276
Saint Vincent and the Grenadines,1906,0.2616953
Saint Vincent and the Grenadines,1907,0.26555946
Saint Vincent and the Grenadines,1908,0.26856545
Saint Vincent and the Grenadines,1909,0.27157164
Saint Vincent and the Grenadines,1910,0.1479821
Saint Vincent and the Grenadines,1911,0.09903713
Saint Vincent and the Grenadines,1912,0.06728766
Saint Vincent and the Grenadines,1913,0.042846177
Saint Vincent and the Grenadines,1914,0.023208678
Saint Vincent and the Grenadines,1915,0.006476768
Saint Vincent and the Grenadines,1916,-0.008299399
Saint Vincent and the Grenadines,1917,-0.021139346
Saint Vincent and the Grenadines,1918,-0.030189509
Saint Vincent and the Grenadines,1919,-0.040032778
Saint Vincent and the Grenadines,1920,-0.059672795
Saint Vincent and the Grenadines,1921,-0.070920765
Saint Vincent and the Grenadines,1922,-0.07838005
Saint Vincent and the Grenadines,1923,-0.08476371
Saint Vincent and the Grenadines,1924,-0.095407546
Saint Vincent and the Grenadines,1925,-0.10152469
Saint Vincent and the Grenadines,1926,-0.10752688
Saint Vincent and the Grenadines,1927,-0.111709915
Saint Vincent and the Grenadines,1928,-0.1158156
Saint Vincent and the Grenadines,1929,-0.120262586
Saint Vincent and the Grenadines,1930,-0.12415323
Saint Vincent and the Grenadines,1931,-0.1258469
Saint Vincent and the Grenadines,1932,-0.12779744
Saint Vincent and the Grenadines,1933,-0.128413
Saint Vincent and the Grenadines,1934,-0.12966596
Saint Vincent and the Grenadines,1935,-0.12930991
Saint Vincent and the Grenadines,1936,-0.12960333
Saint Vincent and the Grenadines,1937,-0.12910451
Saint Vincent and the Grenadines,1938,-0.12854953
Saint Vincent and the Grenadines,1939,-0.12777624
Saint Vincent and the Grenadines,1940,-0.1307085
Saint Vincent and the Grenadines,1941,-0.13142498
Saint Vincent and the Grenadines,1942,-0.13257895
Saint Vincent and the Grenadines,1943,-0.13355249
Saint Vincent and the Grenadines,1944,-0.13513139
Saint Vincent and the Grenadines,1945,-0.13606036
Saint Vincent and the Grenadines,1946,-0.13697195
Saint Vincent and the Grenadines,1947,-0.13786414
Saint Vincent and the Grenadines,1948,-0.13812868
Saint Vincent and the Grenadines,1949,-0.13862123
Saint Vincent and the Grenadines,1950,0.35070735
Saint Vincent and the Grenadines,1951,0.59594166
Saint Vincent and the Grenadines,1952,0.76197433
Saint Vincent and the Grenadines,1953,0.88472617
Saint Vincent and the Grenadines,1954,0.9748733
Saint Vincent and the Grenadines,1955,1.0319829
Saint Vincent and the Grenadines,1956,1.0507743
Saint Vincent and the Grenadines,1957,1.0414445
Saint Vincent and the Grenadines,1958,0.9926809
Saint Vincent and the Grenadines,1959,1.162693
Saint Vincent and the Grenadines,1960,0.5481298
Saint Vincent and the Grenadines,1961,0.3581068
Saint Vincent and the Grenadines,1962,3.4972656
Saint Vincent and the Grenadines,1963,1.3587544
Saint Vincent and the Grenadines,1964,0.79783547
Saint Vincent and the Grenadines,1965,0.5767445
Saint Vincent and the Grenadines,1966,0.4538842
Saint Vincent and the Grenadines,1967,0.3695564
Saint Vincent and the Grenadines,1968,0.3173491
Saint Vincent and the Grenadines,1969,0.2714474
Saint Vincent and the Grenadines,1970,0.21540585
Saint Vincent and the Grenadines,1971,0.17896797
Saint Vincent and the Grenadines,1972,-0.19228382
Saint Vincent and the Grenadines,1973,-0.17641096
Saint Vincent and the Grenadines,1974,-0.16419102
Saint Vincent and the Grenadines,1975,-0.15991071
Saint Vincent and the Grenadines,1976,1.8122979
Saint Vincent and the Grenadines,1977,0.5519501
Saint Vincent and the Grenadines,1978,2.9276907
Saint Vincent and the Grenadines,1979,1.0863459
Saint Vincent and the Grenadines,1980,0.61653423
Saint Vincent and the Grenadines,1981,0.08999543
Saint Vincent and the Grenadines,1982,2.5299137
Saint Vincent and the Grenadines,1983,0.878866
Saint Vincent and the Grenadines,1984,0.44719034
Saint Vincent and the Grenadines,1985,2.7574825
Saint Vincent and the Grenadines,1986,0.64691967
Saint Vincent and the Grenadines,1987,0.10027951
Saint Vincent and the Grenadines,1988,-0.16791236
Saint Vincent and the Grenadines,1989,-0.34419683
Saint Vincent and the Grenadines,1990,-0.476321
Saint Vincent and the Grenadines,1991,-0.59863734
Saint Vincent and the Grenadines,1992,-0.6955498
Saint Vincent and the Grenadines,1993,-0.774705
Saint Vincent and the Grenadines,1994,-0.8507645
Saint Vincent and the Grenadines,1995,-0.91460586
Saint Vincent and the Grenadines,1996,0.026243635
Saint Vincent and the Grenadines,1997,-0.72338593
Saint Vincent and the Grenadines,1998,-0.9911892
Saint Vincent and the Grenadines,1999,-0.11281903
Saint Vincent and the Grenadines,2000,-0.66237867
Saint Vincent and the Grenadines,2001,-0.7821235
Saint Vincent and the Grenadines,2002,-0.81122607
Saint Vincent and the Grenadines,2003,-0.8127609
Saint Vincent and the Grenadines,2004,-0.80289763
Saint Vincent and the Grenadines,2005,-0.7874243
Saint Vincent and the Grenadines,2006,-0.737538
Saint Vincent and the Grenadines,2007,0.79798645
Saint Vincent and the Grenadines,2008,0.5687401
Saint Vincent and the Grenadines,2009,0.80490667
Saint Vincent and the Grenadines,2010,-0.061992668
Saint Vincent and the Grenadines,2011,-0.3392034
Saint Vincent and the Grenadines,2012,-0.2760488
Saint Vincent and the Grenadines,2013,2.1161795
Saint Vincent and the Grenadines,2014,0.25697213
Saint Vincent and the Grenadines,2015,-0.22752017
Saint Vincent and the Grenadines,2016,-0.42081666
Saint Vincent and the Grenadines,2017,-0.5220609
Saint Vincent and the Grenadines,2018,-0.584077
Saint Vincent and the Grenadines,2019,-0.621321
Saint Vincent and the Grenadines,2020,-0.6415337
Saint Vincent and the Grenadines,2021,-0.6540502
Saint Vincent and the Grenadines,2022,-0.65908325
Saint Vincent and the Grenadines,2023,-0.65874296
Samoa,1850,0.6652262
Samoa,1851,0.6280469
Samoa,1852,0.57088155
Samoa,1853,0.527406
Samoa,1854,0.49779564
Samoa,1855,0.47664928
Samoa,1856,0.46009594
Samoa,1857,0.44740567
Samoa,1858,0.43699086
Samoa,1859,0.42892393
Samoa,1860,0.33359635
Samoa,1861,0.4166008
Samoa,1862,0.49892622
Samoa,1863,0.5661754
Samoa,1864,0.6197633
Samoa,1865,0.6637247
Samoa,1866,0.7030268
Samoa,1867,0.73846185
Samoa,1868,0.76908547
Samoa,1869,0.79652166
Samoa,1870,0.9847424
Samoa,1871,0.9933865
Samoa,1872,0.9878103
Samoa,1873,0.9875285
Samoa,1874,0.99080735
Samoa,1875,0.9977362
Samoa,1876,1.0065532
Samoa,1877,1.0154274
Samoa,1878,1.0234585
Samoa,1879,1.0333977
Samoa,1880,0.8973138
Samoa,1881,0.9545888
Samoa,1882,1.0182254
Samoa,1883,1.0692589
Samoa,1884,1.1112626
Samoa,1885,1.1479568
Samoa,1886,1.1792407
Samoa,1887,1.2079121
Samoa,1888,1.2329682
Samoa,1889,1.2573082
Samoa,1890,1.4709743
Samoa,1891,1.4779361
Samoa,1892,1.4697907
Samoa,1893,1.4656
Samoa,1894,1.4694343
Samoa,1895,1.4742588
Samoa,1896,1.4822391
Samoa,1897,1.4912715
Samoa,1898,1.5003719
Samoa,1899,1.5031581
Samoa,1900,1.0735008
Samoa,1901,0.6670117
Samoa,1902,0.32218656
Samoa,1903,0.028300462
Samoa,1904,-0.22501738
Samoa,1905,-0.44330093
Samoa,1906,-0.6347391
Samoa,1907,-0.8032249
Samoa,1908,-0.9515301
Samoa,1909,-1.0866185
Samoa,1910,-0.8312419
Samoa,1911,-0.35873896
Samoa,1912,0.046817824
Samoa,1913,0.38359734
Samoa,1914,0.6687416
Samoa,1915,0.9145812
Samoa,1916,1.131741
Samoa,1917,1.326441
Samoa,1918,1.5035425
Samoa,1919,1.6479028
Samoa,1920,2.1169612
Samoa,1921,2.3010585
Samoa,1922,2.3990216
Samoa,1923,2.4429448
Samoa,1924,2.4650104
Samoa,1925,2.4684222
Samoa,1926,2.4566922
Samoa,1927,2.433021
Samoa,1928,2.3994217
Samoa,1929,2.3697639
Samoa,1930,2.5504217
Samoa,1931,2.6675065
Samoa,1932,2.7543106
Samoa,1933,2.8262928
Samoa,1934,2.876896
Samoa,1935,2.9128382
Samoa,1936,2.935413
Samoa,1937,2.9479845
Samoa,1938,2.952722
Samoa,1939,2.94949
Samoa,1940,3.2338178
Samoa,1941,3.3771048
Samoa,1942,3.4696674
Samoa,1943,3.534898
Samoa,1944,3.5791852
Samoa,1945,3.6072998
Samoa,1946,3.6227531
Samoa,1947,3.627591
Samoa,1948,3.6236024
Samoa,1949,3.6038437
Samoa,1950,3.6624637
Samoa,1951,3.6320488
Samoa,1952,3.5993197
Samoa,1953,3.5763226
Samoa,1954,3.560635
Samoa,1955,3.5562646
Samoa,1956,3.5523999
Samoa,1957,3.553579
Samoa,1958,3.5589492
Samoa,1959,3.5061705
Samoa,1960,2.6604269
Samoa,1961,2.6068072
Samoa,1962,2.1230817
Samoa,1963,1.7837198
Samoa,1964,3.527642
Samoa,1965,2.6429546
Samoa,1966,2.139258
Samoa,1967,2.1583562
Samoa,1968,1.7810737
Samoa,1969,1.6894128
Samoa,1970,1.596641
Samoa,1971,1.346083
Samoa,1972,1.1613634
Samoa,1973,1.0125735
Samoa,1974,1.2103621
Samoa,1975,2.2949145
Samoa,1976,2.3370607
Samoa,1977,1.8078902
Samoa,1978,2.2698874
Samoa,1979,1.943603
Samoa,1980,2.5177524
Samoa,1981,1.9868177
Samoa,1982,1.8390113
Samoa,1983,1.6714594
Samoa,1984,1.430577
Samoa,1985,1.3659937
Samoa,1986,0.98101526
Samoa,1987,0.9479782
Samoa,1988,-2.0185404
Samoa,1989,-1.7514831
Samoa,1990,-1.5647948
Samoa,1991,-1.6542517
Samoa,1992,-1.4712371
Samoa,1993,-1.4827962
Samoa,1994,-1.3706137
Samoa,1995,-1.2731916
Samoa,1996,-1.1869507
Samoa,1997,-1.0831529
Samoa,1998,-1.1693944
Samoa,1999,-1.5010945
Samoa,2000,-1.3340948
Samoa,2001,-1.3400607
Samoa,2002,-1.4482448
Samoa,2003,-1.544684
Samoa,2004,-1.7822301
Samoa,2005,-1.7549726
Samoa,2006,-1.7782559
Samoa,2007,-2.042437
Samoa,2008,-1.9985981
Samoa,2009,-0.47739226
Samoa,2010,0.5771663
Samoa,2011,1.4001529
Samoa,2012,2.0547745
Samoa,2013,2.6311233
Samoa,2014,3.2007265
Samoa,2015,1.844495
Samoa,2016,0.8613486
Samoa,2017,0.59338486
Samoa,2018,0.4063814
Samoa,2019,0.26621482
Samoa,2020,0.1575226
Samoa,2021,-0.022284498
Samoa,2022,-0.17551872
Samoa,2023,-0.30765897
Sao Tome and Principe,1850,4.30844
Sao Tome and Principe,1851,2.4789994
Sao Tome and Principe,1852,3.4465659
Sao Tome and Principe,1853,2.2873688
Sao Tome and Principe,1854,5.5293713
Sao Tome and Principe,1855,3.0337412
Sao Tome and Principe,1856,4.5642433
Sao Tome and Principe,1857,4.109796
Sao Tome and Principe,1858,3.4919252
Sao Tome and Principe,1859,3.9232285
Sao Tome and Principe,1860,3.6146653
Sao Tome and Principe,1861,2.9602733
Sao Tome and Principe,1862,3.4739368
Sao Tome and Principe,1863,2.7359035
Sao Tome and Principe,1864,4.4890537
Sao Tome and Principe,1865,3.0152533
Sao Tome and Principe,1866,4.312567
Sao Tome and Principe,1867,2.492423
Sao Tome and Principe,1868,3.5159307
Sao Tome and Principe,1869,2.7559454
Sao Tome and Principe,1870,4.400271
Sao Tome and Principe,1871,3.784366
Sao Tome and Principe,1872,3.8667784
Sao Tome and Principe,1873,2.330514
Sao Tome and Principe,1874,5.05168
Sao Tome and Principe,1875,4.2805514
Sao Tome and Principe,1876,3.3898363
Sao Tome and Principe,1877,3.1060648
Sao Tome and Principe,1878,3.8232212
Sao Tome and Principe,1879,3.3734043
Sao Tome and Principe,1880,3.024091
Sao Tome and Principe,1881,3.6395628
Sao Tome and Principe,1882,2.9142287
Sao Tome and Principe,1883,3.590931
Sao Tome and Principe,1884,3.6736646
Sao Tome and Principe,1885,3.3853545
Sao Tome and Principe,1886,3.1210923
Sao Tome and Principe,1887,3.4229314
Sao Tome and Principe,1888,3.0976324
Sao Tome and Principe,1889,2.3374505
Sao Tome and Principe,1890,4.8618984
Sao Tome and Principe,1891,4.2891507
Sao Tome and Principe,1892,3.3270705
Sao Tome and Principe,1893,2.2053926
Sao Tome and Principe,1894,2.7379277
Sao Tome and Principe,1895,2.0354512
Sao Tome and Principe,1896,2.8072772
Sao Tome and Principe,1897,3.2078505
Sao Tome and Principe,1898,3.0256245
Sao Tome and Principe,1899,3.3164973
Sao Tome and Principe,1900,3.5921917
Sao Tome and Principe,1901,2.252629
Sao Tome and Principe,1902,0.74227905
Sao Tome and Principe,1903,2.9758294
Sao Tome and Principe,1904,2.475237
Sao Tome and Principe,1905,3.3772016
Sao Tome and Principe,1906,2.0867085
Sao Tome and Principe,1907,2.279645
Sao Tome and Principe,1908,2.0884066
Sao Tome and Principe,1909,2.456528
Sao Tome and Principe,1910,1.1877741
Sao Tome and Principe,1911,1.8293618
Sao Tome and Principe,1912,1.8719498
Sao Tome and Principe,1913,1.3685462
Sao Tome and Principe,1914,2.3110414
Sao Tome and Principe,1915,1.4707724
Sao Tome and Principe,1916,1.9714527
Sao Tome and Principe,1917,1.8380232
Sao Tome and Principe,1918,2.0949342
Sao Tome and Principe,1919,2.04777
Sao Tome and Principe,1920,2.3669648
Sao Tome and Principe,1921,1.5798109
Sao Tome and Principe,1922,2.0637155
Sao Tome and Principe,1923,1.2420872
Sao Tome and Principe,1924,1.3588468
Sao Tome and Principe,1925,1.5056682
Sao Tome and Principe,1926,1.0671065
Sao Tome and Principe,1927,1.446994
Sao Tome and Principe,1928,2.0184238
Sao Tome and Principe,1929,1.1184548
Sao Tome and Principe,1930,1.3681811
Sao Tome and Principe,1931,1.2327073
Sao Tome and Principe,1932,1.1401321
Sao Tome and Principe,1933,1.0808312
Sao Tome and Principe,1934,1.4080594
Sao Tome and Principe,1935,0.8894709
Sao Tome and Principe,1936,1.391513
Sao Tome and Principe,1937,0.6274624
Sao Tome and Principe,1938,1.1781083
Sao Tome and Principe,1939,0.6685418
Sao Tome and Principe,1940,0.40591937
Sao Tome and Principe,1941,0.29824772
Sao Tome and Principe,1942,0.06531194
Sao Tome and Principe,1943,-0.6467632
Sao Tome and Principe,1944,-1.224096
Sao Tome and Principe,1945,-0.8388924
Sao Tome and Principe,1946,-0.62390924
Sao Tome and Principe,1947,-1.0410454
Sao Tome and Principe,1948,-1.059467
Sao Tome and Principe,1949,-0.9059836
Sao Tome and Principe,1950,-1.0133622
Sao Tome and Principe,1951,-2.305209
Sao Tome and Principe,1952,-1.8278418
Sao Tome and Principe,1953,-2.2998745
Sao Tome and Principe,1954,-3.2507153
Sao Tome and Principe,1955,-1.8797164
Sao Tome and Principe,1956,-2.0444221
Sao Tome and Principe,1957,-2.1709418
Sao Tome and Principe,1958,-2.3975036
Sao Tome and Principe,1959,-4.831403
Sao Tome and Principe,1960,-5.0495934
Sao Tome and Principe,1961,-4.5002384
Sao Tome and Principe,1962,-4.49358
Sao Tome and Principe,1963,-4.6835756
Sao Tome and Principe,1964,-3.2592454
Sao Tome and Principe,1965,-3.4832163
Sao Tome and Principe,1966,-3.684503
Sao Tome and Principe,1967,-3.566726
Sao Tome and Principe,1968,-3.3300178
Sao Tome and Principe,1969,-2.8208334
Sao Tome and Principe,1970,-1.0719664
Sao Tome and Principe,1971,-2.1742642
Sao Tome and Principe,1972,-2.5448778
Sao Tome and Principe,1973,-2.4050975
Sao Tome and Principe,1974,-2.080072
Sao Tome and Principe,1975,-1.7926886
Sao Tome and Principe,1976,-1.7786207
Sao Tome and Principe,1977,-1.4034408
Sao Tome and Principe,1978,-1.5650271
Sao Tome and Principe,1979,-1.6918854
Sao Tome and Principe,1980,-1.4705689
Sao Tome and Principe,1981,-2.0558527
Sao Tome and Principe,1982,-1.1394694
Sao Tome and Principe,1983,-2.316663
Sao Tome and Principe,1984,-1.1260332
Sao Tome and Principe,1985,-1.7344179
Sao Tome and Principe,1986,-1.8817389
Sao Tome and Principe,1987,-0.58875203
Sao Tome and Principe,1988,-1.2586068
Sao Tome and Principe,1989,-1.7021258
Sao Tome and Principe,1990,-0.72299516
Sao Tome and Principe,1991,-0.8563105
Sao Tome and Principe,1992,-1.0713031
Sao Tome and Principe,1993,-0.20114118
Sao Tome and Principe,1994,-1.1157331
Sao Tome and Principe,1995,-1.1157943
Sao Tome and Principe,1996,-1.2250261
Sao Tome and Principe,1997,1.8703434
Sao Tome and Principe,1998,2.9440837
Sao Tome and Principe,1999,1.7093316
Sao Tome and Principe,2000,0.8693029
Sao Tome and Principe,2001,0.056333024
Sao Tome and Principe,2002,-0.021022769
Sao Tome and Principe,2003,0.94351935
Sao Tome and Principe,2004,-0.19890691
Sao Tome and Principe,2005,-0.62554383
Sao Tome and Principe,2006,-0.1946959
Sao Tome and Principe,2007,-0.49128887
Sao Tome and Principe,2008,-0.47699162
Sao Tome and Principe,2009,-0.53735393
Sao Tome and Principe,2010,0.9905099
Sao Tome and Principe,2011,0.7185166
Sao Tome and Principe,2012,0.02108571
Sao Tome and Principe,2013,1.0277969
Sao Tome and Principe,2014,0.25795472
Sao Tome and Principe,2015,1.8899105
Sao Tome and Principe,2016,1.1476706
Sao Tome and Principe,2017,0.33250824
Sao Tome and Principe,2018,0.32464588
Sao Tome and Principe,2019,0.13188875
Sao Tome and Principe,2020,0.08830865
Sao Tome and Principe,2021,0.16196318
Sao Tome and Principe,2022,0.13926326
Sao Tome and Principe,2023,0.1466654
Saudi Arabia,1850,-0.11469409
Saudi Arabia,1851,-0.118331894
Saudi Arabia,1852,-0.121779874
Saudi Arabia,1853,-0.12510334
Saudi Arabia,1854,-0.12826914
Saudi Arabia,1855,-0.13130988
Saudi Arabia,1856,-0.13419242
Saudi Arabia,1857,-0.13693282
Saudi Arabia,1858,-0.13953091
Saudi Arabia,1859,-0.14198624
Saudi Arabia,1860,-0.14682788
Saudi Arabia,1861,-0.1501575
Saudi Arabia,1862,-0.15284878
Saudi Arabia,1863,-0.15514866
Saudi Arabia,1864,-0.15723869
Saudi Arabia,1865,-0.15915148
Saudi Arabia,1866,-0.16096973
Saudi Arabia,1867,-0.1627099
Saudi Arabia,1868,-0.16437171
Saudi Arabia,1869,-0.16598842
Saudi Arabia,1870,-0.15822877
Saudi Arabia,1871,-0.15403059
Saudi Arabia,1872,-0.15143102
Saudi Arabia,1873,-0.14971492
Saudi Arabia,1874,-0.14851627
Saudi Arabia,1875,-0.14770249
Saudi Arabia,1876,-0.14712356
Saudi Arabia,1877,-0.14679712
Saudi Arabia,1878,-0.1466734
Saudi Arabia,1879,-0.1467363
Saudi Arabia,1880,-0.14666577
Saudi Arabia,1881,-0.14666413
Saudi Arabia,1882,-0.14673169
Saudi Arabia,1883,-0.14691937
Saudi Arabia,1884,-0.14722764
Saudi Arabia,1885,-0.14764002
Saudi Arabia,1886,-0.14820784
Saudi Arabia,1887,-0.14888063
Saudi Arabia,1888,-0.14969285
Saudi Arabia,1889,-0.15057695
Saudi Arabia,1890,-0.15537514
Saudi Arabia,1891,-0.15818669
Saudi Arabia,1892,-0.16027084
Saudi Arabia,1893,-0.16205351
Saudi Arabia,1894,-0.16372238
Saudi Arabia,1895,-0.16531143
Saudi Arabia,1896,-0.16694087
Saudi Arabia,1897,-0.16859375
Saudi Arabia,1898,-0.17028731
Saudi Arabia,1899,-0.17186382
Saudi Arabia,1900,-0.17758091
Saudi Arabia,1901,-0.18093866
Saudi Arabia,1902,-0.18322758
Saudi Arabia,1903,-0.1848774
Saudi Arabia,1904,-0.18629543
Saudi Arabia,1905,-0.18760313
Saudi Arabia,1906,-0.1888693
Saudi Arabia,1907,-0.19011149
Saudi Arabia,1908,-0.19132991
Saudi Arabia,1909,-0.1924834
Saudi Arabia,1910,-0.2199268
Saudi Arabia,1911,-0.23799895
Saudi Arabia,1912,-0.25134373
Saudi Arabia,1913,-0.26176012
Saudi Arabia,1914,-0.27027276
Saudi Arabia,1915,-0.27738494
Saudi Arabia,1916,-0.28342736
Saudi Arabia,1917,-0.28859437
Saudi Arabia,1918,-0.29191694
Saudi Arabia,1919,-0.29456824
Saudi Arabia,1920,-0.26539108
Saudi Arabia,1921,-0.24551827
Saudi Arabia,1922,-0.23022835
Saudi Arabia,1923,-0.21770386
Saudi Arabia,1924,-0.20703971
Saudi Arabia,1925,-0.19778274
Saudi Arabia,1926,-0.1896737
Saudi Arabia,1927,-0.18249194
Saudi Arabia,1928,-0.17615554
Saudi Arabia,1929,-0.1705561
Saudi Arabia,1930,-0.17336008
Saudi Arabia,1931,-0.17261809
Saudi Arabia,1932,-0.17069262
Saudi Arabia,1933,-0.16839737
Saudi Arabia,1934,-0.16607442
Saudi Arabia,1935,-0.1638895
Saudi Arabia,1936,-0.16189343
Saudi Arabia,1937,-0.16012178
Saudi Arabia,1938,-0.15856898
Saudi Arabia,1939,-0.15722914
Saudi Arabia,1940,-0.16541214
Saudi Arabia,1941,-0.16919366
Saudi Arabia,1942,-0.17108123
Saudi Arabia,1943,-0.17204203
Saudi Arabia,1944,-0.17252964
Saudi Arabia,1945,-0.17279412
Saudi Arabia,1946,-0.17295274
Saudi Arabia,1947,-0.17308186
Saudi Arabia,1948,-0.17320637
Saudi Arabia,1949,-0.17295137
Saudi Arabia,1950,-0.02682552
Saudi Arabia,1951,0.13776648
Saudi Arabia,1952,0.23494843
Saudi Arabia,1953,0.29071802
Saudi Arabia,1954,0.31786895
Saudi Arabia,1955,0.33027887
Saudi Arabia,1956,0.33679476
Saudi Arabia,1957,0.34656605
Saudi Arabia,1958,0.36349413
Saudi Arabia,1959,0.38392907
Saudi Arabia,1960,0.11595179
Saudi Arabia,1961,0.21417189
Saudi Arabia,1962,0.27914143
Saudi Arabia,1963,0.3876896
Saudi Arabia,1964,0.3605154
Saudi Arabia,1965,0.36743504
Saudi Arabia,1966,0.35334137
Saudi Arabia,1967,0.5102583
Saudi Arabia,1968,0.6045063
Saudi Arabia,1969,0.6006473
Saudi Arabia,1970,0.624698
Saudi Arabia,1971,0.66148937
Saudi Arabia,1972,0.7000549
Saudi Arabia,1973,0.8186109
Saudi Arabia,1974,0.68865144
Saudi Arabia,1975,0.7542077
Saudi Arabia,1976,0.6989816
Saudi Arabia,1977,0.6497318
Saudi Arabia,1978,0.61837626
Saudi Arabia,1979,0.59061205
Saudi Arabia,1980,0.5533669
Saudi Arabia,1981,0.54180145
Saudi Arabia,1982,1.1149083
Saudi Arabia,1983,1.142367
Saudi Arabia,1984,1.3201714
Saudi Arabia,1985,1.2104446
Saudi Arabia,1986,1.2910225
Saudi Arabia,1987,1.1419873
Saudi Arabia,1988,1.093227
Saudi Arabia,1989,1.1770815
Saudi Arabia,1990,1.1365684
Saudi Arabia,1991,0.79931587
Saudi Arabia,1992,0.56003875
Saudi Arabia,1993,0.34352922
Saudi Arabia,1994,0.23845622
Saudi Arabia,1995,0.1681958
Saudi Arabia,1996,0.12577282
Saudi Arabia,1997,0.1007524
Saudi Arabia,1998,0.08582647
Saudi Arabia,1999,0.076938696
Saudi Arabia,2000,0.07734684
Saudi Arabia,2001,0.06798506
Saudi Arabia,2002,0.12444932
Saudi Arabia,2003,0.032232847
Saudi Arabia,2004,0.034694433
Saudi Arabia,2005,-0.002036959
Saudi Arabia,2006,0.020897299
Saudi Arabia,2007,-0.03223981
Saudi Arabia,2008,-0.08352934
Saudi Arabia,2009,-0.0744976
Saudi Arabia,2010,-0.06195878
Saudi Arabia,2011,-0.06283186
Saudi Arabia,2012,-0.06481296
Saudi Arabia,2013,0.21327896
Saudi Arabia,2014,0.13356549
Saudi Arabia,2015,0.05330206
Saudi Arabia,2016,0.041608278
Saudi Arabia,2017,0.049261447
Saudi Arabia,2018,0.00826555
Saudi Arabia,2019,-0.007766205
Saudi Arabia,2020,-0.010872181
Saudi Arabia,2021,0.000687695
Saudi Arabia,2022,0.003875206
Saudi Arabia,2023,0.004625128
Senegal,1850,0.83091253
Senegal,1851,0.86708844
Senegal,1852,0.8784777
Senegal,1853,0.8772936
Senegal,1854,0.87067354
Senegal,1855,0.8613858
Senegal,1856,0.8505404
Senegal,1857,0.83755875
Senegal,1858,0.8257861
Senegal,1859,0.8145029
Senegal,1860,0.8041919
Senegal,1861,0.7865101
Senegal,1862,0.77151024
Senegal,1863,0.7589705
Senegal,1864,0.7482702
Senegal,1865,0.7386196
Senegal,1866,0.72960544
Senegal,1867,0.7213902
Senegal,1868,0.7127334
Senegal,1869,0.703983
Senegal,1870,0.75752264
Senegal,1871,0.77869177
Senegal,1872,0.78800195
Senegal,1873,0.78967804
Senegal,1874,0.7881288
Senegal,1875,0.78443354
Senegal,1876,0.7792739
Senegal,1877,0.77356106
Senegal,1878,0.7664261
Senegal,1879,0.7589426
Senegal,1880,0.82792485
Senegal,1881,0.85863215
Senegal,1882,0.8758238
Senegal,1883,0.88444126
Senegal,1884,0.8886856
Senegal,1885,0.89080364
Senegal,1886,0.89020157
Senegal,1887,0.88764846
Senegal,1888,0.88383067
Senegal,1889,0.8803966
Senegal,1890,0.98902714
Senegal,1891,1.044563
Senegal,1892,1.0787288
Senegal,1893,1.0994234
Senegal,1894,1.1135961
Senegal,1895,1.1226655
Senegal,1896,1.1269231
Senegal,1897,1.3201164
Senegal,1898,1.1947105
Senegal,1899,1.1570146
Senegal,1900,2.5330145
Senegal,1901,3.6099064
Senegal,1902,3.8805144
Senegal,1903,4.2761965
Senegal,1904,4.6750402
Senegal,1905,4.766876
Senegal,1906,4.834485
Senegal,1907,5.095938
Senegal,1908,5.013658
Senegal,1909,5.0852113
Senegal,1910,3.147134
Senegal,1911,2.1159964
Senegal,1912,1.486019
Senegal,1913,1.0574144
Senegal,1914,0.74265814
Senegal,1915,0.50120604
Senegal,1916,0.3095342
Senegal,1917,0.15025972
Senegal,1918,0.017159196
Senegal,1919,-0.095591374
Senegal,1920,1.551576
Senegal,1921,2.4115477
Senegal,1922,2.9385102
Senegal,1923,3.2878244
Senegal,1924,3.6836138
Senegal,1925,3.9115047
Senegal,1926,3.9148288
Senegal,1927,4.437501
Senegal,1928,4.423431
Senegal,1929,4.561965
Senegal,1930,4.6663365
Senegal,1931,4.6104054
Senegal,1932,4.345526
Senegal,1933,4.686455
Senegal,1934,4.40493
Senegal,1935,4.453294
Senegal,1936,4.181063
Senegal,1937,4.612771
Senegal,1938,4.337466
Senegal,1939,4.243711
Senegal,1940,5.9171724
Senegal,1941,6.955498
Senegal,1942,6.988866
Senegal,1943,7.2115254
Senegal,1944,7.0437307
Senegal,1945,7.1721997
Senegal,1946,7.02918
Senegal,1947,6.895665
Senegal,1948,7.01815
Senegal,1949,6.600469
Senegal,1950,6.161051
Senegal,1951,5.557077
Senegal,1952,5.1610317
Senegal,1953,5.093753
Senegal,1954,4.8785596
Senegal,1955,4.7559347
Senegal,1956,4.5882072
Senegal,1957,4.7830997
Senegal,1958,4.511639
Senegal,1959,4.4597497
Senegal,1960,3.043153
Senegal,1961,2.3691635
Senegal,1962,3.6404412
Senegal,1963,2.5426133
Senegal,1964,3.7131128
Senegal,1965,2.3932626
Senegal,1966,3.2726402
Senegal,1967,4.7944865
Senegal,1968,1.7388474
Senegal,1969,0.79887533
Senegal,1970,1.5345268
Senegal,1971,0.91643393
Senegal,1972,1.2810295
Senegal,1973,1.5677165
Senegal,1974,0.99555415
Senegal,1975,0.7287526
Senegal,1976,-0.29250446
Senegal,1977,-0.29057318
Senegal,1978,-0.22506298
Senegal,1979,-0.19388296
Senegal,1980,-0.037495002
Senegal,1981,0.05665436
Senegal,1982,-0.025750108
Senegal,1983,-0.015259753
Senegal,1984,-0.010012224
Senegal,1985,0.043749277
Senegal,1986,0.042786535
Senegal,1987,0.12121784
Senegal,1988,0.050540008
Senegal,1989,0.078904636
Senegal,1990,-0.2642854
Senegal,1991,0.21997271
Senegal,1992,0.27914843
Senegal,1993,0.8151206
Senegal,1994,0.16186287
Senegal,1995,0.98071283
Senegal,1996,-0.35053986
Senegal,1997,-0.97389734
Senegal,1998,3.4401956
Senegal,1999,1.326109
Senegal,2000,0.123609446
Senegal,2001,-0.21325909
Senegal,2002,-0.5090413
Senegal,2003,-0.17412755
Senegal,2004,0.45006907
Senegal,2005,-0.43479788
Senegal,2006,-0.29145253
Senegal,2007,3.30361
Senegal,2008,1.643986
Senegal,2009,0.9843756
Senegal,2010,0.02818893
Senegal,2011,-0.11716792
Senegal,2012,-0.14114594
Senegal,2013,-0.13342752
Senegal,2014,1.1836572
Senegal,2015,0.4950156
Senegal,2016,0.36338878
Senegal,2017,0.20332123
Senegal,2018,0.123461485
Senegal,2019,0.076692976
Senegal,2020,0.05099954
Senegal,2021,0.05350632
Senegal,2022,0.05351199
Senegal,2023,0.05174689
Serbia,1850,7.1989784
Serbia,1851,7.392763
Serbia,1852,7.573387
Serbia,1853,7.754797
Serbia,1854,7.857423
Serbia,1855,7.9674606
Serbia,1856,8.155672
Serbia,1857,8.242972
Serbia,1858,8.331977
Serbia,1859,8.459394
Serbia,1860,8.509023
Serbia,1861,8.486496
Serbia,1862,8.514409
Serbia,1863,8.577935
Serbia,1864,8.640107
Serbia,1865,8.783707
Serbia,1866,8.846142
Serbia,1867,8.948317
Serbia,1868,8.963916
Serbia,1869,8.985654
Serbia,1870,9.007305
Serbia,1871,9.0736475
Serbia,1872,9.138231
Serbia,1873,9.217489
Serbia,1874,9.206582
Serbia,1875,9.222148
Serbia,1876,9.356058
Serbia,1877,9.353614
Serbia,1878,9.375061
Serbia,1879,9.421243
Serbia,1880,9.395108
Serbia,1881,9.226603
Serbia,1882,9.086877
Serbia,1883,8.998277
Serbia,1884,8.872452
Serbia,1885,8.873471
Serbia,1886,8.782103
Serbia,1887,8.730019
Serbia,1888,8.577368
Serbia,1889,8.431211
Serbia,1890,8.277257
Serbia,1891,8.171614
Serbia,1892,8.0775175
Serbia,1893,7.9858527
Serbia,1894,7.806504
Serbia,1895,7.6715665
Serbia,1896,7.647089
Serbia,1897,7.474273
Serbia,1898,7.361803
Serbia,1899,7.2905917
Serbia,1900,7.197322
Serbia,1901,7.002096
Serbia,1902,6.9331813
Serbia,1903,6.8446326
Serbia,1904,6.781462
Serbia,1905,6.6147
Serbia,1906,6.4965324
Serbia,1907,6.465474
Serbia,1908,6.341014
Serbia,1909,6.2090797
Serbia,1910,6.022707
Serbia,1911,5.956162
Serbia,1912,5.7534094
Serbia,1913,5.582327
Serbia,1914,5.4579825
Serbia,1915,5.3351107
Serbia,1916,5.309943
Serbia,1917,5.2132826
Serbia,1918,5.130281
Serbia,1919,4.9675503
Serbia,1920,4.7909646
Serbia,1921,4.774115
Serbia,1922,4.6312175
Serbia,1923,4.512371
Serbia,1924,4.333049
Serbia,1925,4.296765
Serbia,1926,4.1517673
Serbia,1927,4.156752
Serbia,1928,4.0836377
Serbia,1929,3.8867128
Serbia,1930,3.7685306
Serbia,1931,3.6460712
Serbia,1932,3.4577484
Serbia,1933,3.390293
Serbia,1934,3.3103771
Serbia,1935,3.2616503
Serbia,1936,3.1681092
Serbia,1937,3.0207224
Serbia,1938,2.9636655
Serbia,1939,2.9029725
Serbia,1940,2.703645
Serbia,1941,2.613388
Serbia,1942,2.5231245
Serbia,1943,2.5833962
Serbia,1944,2.4306273
Serbia,1945,2.339155
Serbia,1946,2.3336034
Serbia,1947,2.2337563
Serbia,1948,2.189785
Serbia,1949,2.1203144
Serbia,1950,3.3917537
Serbia,1951,3.57489
Serbia,1952,3.7039952
Serbia,1953,3.5496733
Serbia,1954,3.4435322
Serbia,1955,3.28821
Serbia,1956,3.0964015
Serbia,1957,2.9863837
Serbia,1958,2.8718371
Serbia,1959,3.004735
Serbia,1960,2.1635761
Serbia,1961,1.7595775
Serbia,1962,1.4485852
Serbia,1963,1.3132161
Serbia,1964,1.0482628
Serbia,1965,0.8550135
Serbia,1966,0.7757067
Serbia,1967,0.66976684
Serbia,1968,0.58544904
Serbia,1969,0.44827658
Serbia,1970,0.3131249
Serbia,1971,0.21956901
Serbia,1972,0.119833715
Serbia,1973,0.06693621
Serbia,1974,0.018260494
Serbia,1975,-0.047617
Serbia,1976,-0.15428625
Serbia,1977,-0.13172178
Serbia,1978,-0.21734601
Serbia,1979,-0.030121777
Serbia,1980,-0.1632864
Serbia,1981,-0.21605399
Serbia,1982,-0.24195296
Serbia,1983,-0.22934283
Serbia,1984,-0.2507152
Serbia,1985,-0.19443423
Serbia,1986,-0.22611248
Serbia,1987,-0.23606183
Serbia,1988,-0.18684775
Serbia,1989,-0.24227035
Serbia,1990,-0.37935653
Serbia,1991,-0.9996501
Serbia,1992,-0.8357205
Serbia,1993,-0.8441363
Serbia,1994,-0.7589285
Serbia,1995,-0.88481855
Serbia,1996,-0.8340282
Serbia,1997,-0.51317227
Serbia,1998,-1.8682208
Serbia,1999,-1.7508072
Serbia,2000,-1.6481699
Serbia,2001,-1.6694627
Serbia,2002,-1.5646595
Serbia,2003,-1.4151658
Serbia,2004,-1.155553
Serbia,2005,-4.255474
Serbia,2006,-4.0088086
Serbia,2007,-3.628879
Serbia,2008,-3.7580445
Serbia,2009,-3.3667626
Serbia,2010,-3.358061
Serbia,2011,-3.4588966
Serbia,2012,-3.2495792
Serbia,2013,-3.0819776
Serbia,2014,-3.053602
Serbia,2015,-2.8303738
Serbia,2016,-2.8650022
Serbia,2017,-2.54176
Serbia,2018,-2.5983806
Serbia,2019,-2.326717
Serbia,2020,-2.3339605
Serbia,2021,-2.2550204
Serbia,2022,-2.1688755
Serbia,2023,-2.0747294
Seychelles,1850,0
Seychelles,1851,0
Seychelles,1852,0
Seychelles,1853,0
Seychelles,1854,0
Seychelles,1855,0
Seychelles,1856,0
Seychelles,1857,0
Seychelles,1858,0
Seychelles,1859,0
Seychelles,1860,0
Seychelles,1861,0
Seychelles,1862,0
Seychelles,1863,0
Seychelles,1864,0
Seychelles,1865,0
Seychelles,1866,0
Seychelles,1867,0
Seychelles,1868,0
Seychelles,1869,0
Seychelles,1870,0
Seychelles,1871,0
Seychelles,1872,0
Seychelles,1873,0
Seychelles,1874,0
Seychelles,1875,0
Seychelles,1876,0
Seychelles,1877,0
Seychelles,1878,0
Seychelles,1879,0
Seychelles,1880,0
Seychelles,1881,0
Seychelles,1882,0
Seychelles,1883,0
Seychelles,1884,0
Seychelles,1885,0
Seychelles,1886,0
Seychelles,1887,0
Seychelles,1888,0
Seychelles,1889,0
Seychelles,1890,0
Seychelles,1891,0
Seychelles,1892,0
Seychelles,1893,0
Seychelles,1894,0
Seychelles,1895,0
Seychelles,1896,0
Seychelles,1897,0
Seychelles,1898,0
Seychelles,1899,0
Seychelles,1900,0
Seychelles,1901,0
Seychelles,1902,0
Seychelles,1903,0
Seychelles,1904,0
Seychelles,1905,0
Seychelles,1906,0
Seychelles,1907,0
Seychelles,1908,0
Seychelles,1909,0
Seychelles,1910,0
Seychelles,1911,0
Seychelles,1912,0
Seychelles,1913,0
Seychelles,1914,0
Seychelles,1915,0
Seychelles,1916,0
Seychelles,1917,0
Seychelles,1918,0
Seychelles,1919,0
Seychelles,1920,0
Seychelles,1921,0
Seychelles,1922,0
Seychelles,1923,0
Seychelles,1924,0
Seychelles,1925,0
Seychelles,1926,0
Seychelles,1927,0
Seychelles,1928,0
Seychelles,1929,0
Seychelles,1930,0
Seychelles,1931,0
Seychelles,1932,0
Seychelles,1933,0
Seychelles,1934,0
Seychelles,1935,0
Seychelles,1936,0
Seychelles,1937,0
Seychelles,1938,0
Seychelles,1939,0
Seychelles,1940,0
Seychelles,1941,0
Seychelles,1942,0
Seychelles,1943,0
Seychelles,1944,0
Seychelles,1945,0
Seychelles,1946,0
Seychelles,1947,0
Seychelles,1948,0
Seychelles,1949,0
Seychelles,1950,0
Seychelles,1951,0
Seychelles,1952,0
Seychelles,1953,0
Seychelles,1954,0
Seychelles,1955,0
Seychelles,1956,0
Seychelles,1957,0
Seychelles,1958,0
Seychelles,1959,0
Seychelles,1960,0
Seychelles,1961,0
Seychelles,1962,0
Seychelles,1963,0
Seychelles,1964,0
Seychelles,1965,0
Seychelles,1966,0
Seychelles,1967,0
Seychelles,1968,0
Seychelles,1969,0
Seychelles,1970,0
Seychelles,1971,0
Seychelles,1972,0
Seychelles,1973,0
Seychelles,1974,0
Seychelles,1975,0
Seychelles,1976,0
Seychelles,1977,0
Seychelles,1978,0
Seychelles,1979,0
Seychelles,1980,0
Seychelles,1981,0
Seychelles,1982,0
Seychelles,1983,0
Seychelles,1984,0
Seychelles,1985,0
Seychelles,1986,0
Seychelles,1987,0
Seychelles,1988,0
Seychelles,1989,0
Seychelles,1990,0
Seychelles,1991,0
Seychelles,1992,0
Seychelles,1993,0
Seychelles,1994,0
Seychelles,1995,0
Seychelles,1996,0
Seychelles,1997,0
Seychelles,1998,0
Seychelles,1999,0
Seychelles,2000,0
Seychelles,2001,0
Seychelles,2002,0
Seychelles,2003,0
Seychelles,2004,0
Seychelles,2005,0
Seychelles,2006,0
Seychelles,2007,0
Seychelles,2008,0
Seychelles,2009,0
Seychelles,2010,0
Seychelles,2011,0
Seychelles,2012,0
Seychelles,2013,0
Seychelles,2014,0
Seychelles,2015,0
Seychelles,2016,0
Seychelles,2017,0
Seychelles,2018,0
Seychelles,2019,0
Seychelles,2020,0
Seychelles,2021,0
Seychelles,2022,0
Seychelles,2023,0
Sierra Leone,1850,3.4032552
Sierra Leone,1851,4.6175632
Sierra Leone,1852,5.229984
Sierra Leone,1853,5.76361
Sierra Leone,1854,5.9498277
Sierra Leone,1855,6.149606
Sierra Leone,1856,6.2421193
Sierra Leone,1857,6.328923
Sierra Leone,1858,6.3537893
Sierra Leone,1859,6.6410108
Sierra Leone,1860,4.909222
Sierra Leone,1861,4.658326
Sierra Leone,1862,4.4237494
Sierra Leone,1863,4.2647686
Sierra Leone,1864,4.0347853
Sierra Leone,1865,4.2225447
Sierra Leone,1866,4.023118
Sierra Leone,1867,3.8740811
Sierra Leone,1868,3.9148154
Sierra Leone,1869,3.8000398
Sierra Leone,1870,4.286288
Sierra Leone,1871,5.027061
Sierra Leone,1872,4.760647
Sierra Leone,1873,5.054265
Sierra Leone,1874,4.9437313
Sierra Leone,1875,4.848329
Sierra Leone,1876,4.9532456
Sierra Leone,1877,4.831155
Sierra Leone,1878,4.819213
Sierra Leone,1879,4.9273424
Sierra Leone,1880,5.743943
Sierra Leone,1881,6.1629977
Sierra Leone,1882,6.4292145
Sierra Leone,1883,6.513906
Sierra Leone,1884,6.6761665
Sierra Leone,1885,6.5779176
Sierra Leone,1886,6.786389
Sierra Leone,1887,6.525925
Sierra Leone,1888,6.5927277
Sierra Leone,1889,6.7599115
Sierra Leone,1890,7.7147098
Sierra Leone,1891,8.251939
Sierra Leone,1892,8.995475
Sierra Leone,1893,9.006394
Sierra Leone,1894,9.111648
Sierra Leone,1895,8.971273
Sierra Leone,1896,8.971058
Sierra Leone,1897,9.13607
Sierra Leone,1898,9.134076
Sierra Leone,1899,8.939863
Sierra Leone,1900,10.631871
Sierra Leone,1901,11.32675
Sierra Leone,1902,11.91807
Sierra Leone,1903,11.92337
Sierra Leone,1904,12.245723
Sierra Leone,1905,12.110278
Sierra Leone,1906,11.84664
Sierra Leone,1907,12.157767
Sierra Leone,1908,12.049738
Sierra Leone,1909,12.1053505
Sierra Leone,1910,13.067368
Sierra Leone,1911,13.563833
Sierra Leone,1912,14.996389
Sierra Leone,1913,14.266238
Sierra Leone,1914,13.97189
Sierra Leone,1915,14.596607
Sierra Leone,1916,14.194046
Sierra Leone,1917,14.338022
Sierra Leone,1918,14.272567
Sierra Leone,1919,14.391966
Sierra Leone,1920,16.181282
Sierra Leone,1921,17.0001
Sierra Leone,1922,17.374516
Sierra Leone,1923,17.815624
Sierra Leone,1924,17.1829
Sierra Leone,1925,17.770733
Sierra Leone,1926,17.186714
Sierra Leone,1927,17.585081
Sierra Leone,1928,16.663736
Sierra Leone,1929,16.966658
Sierra Leone,1930,19.072966
Sierra Leone,1931,19.917454
Sierra Leone,1932,20.011581
Sierra Leone,1933,20.113531
Sierra Leone,1934,20.253887
Sierra Leone,1935,19.916687
Sierra Leone,1936,20.213598
Sierra Leone,1937,19.993057
Sierra Leone,1938,19.64838
Sierra Leone,1939,19.177177
Sierra Leone,1940,21.087112
Sierra Leone,1941,21.890724
Sierra Leone,1942,22.020462
Sierra Leone,1943,21.8967
Sierra Leone,1944,21.797855
Sierra Leone,1945,21.634836
Sierra Leone,1946,21.164444
Sierra Leone,1947,21.012724
Sierra Leone,1948,20.625467
Sierra Leone,1949,20.622005
Sierra Leone,1950,14.071593
Sierra Leone,1951,10.837012
Sierra Leone,1952,7.877918
Sierra Leone,1953,6.4075403
Sierra Leone,1954,5.4874015
Sierra Leone,1955,4.8049874
Sierra Leone,1956,4.389342
Sierra Leone,1957,3.9376984
Sierra Leone,1958,3.630313
Sierra Leone,1959,3.3856962
Sierra Leone,1960,3.1721396
Sierra Leone,1961,3.6159613
Sierra Leone,1962,3.7314763
Sierra Leone,1963,3.7032886
Sierra Leone,1964,3.6420708
Sierra Leone,1965,3.567988
Sierra Leone,1966,3.4768977
Sierra Leone,1967,3.7340672
Sierra Leone,1968,3.4598424
Sierra Leone,1969,3.3099222
Sierra Leone,1970,3.1868553
Sierra Leone,1971,3.0442247
Sierra Leone,1972,2.9513543
Sierra Leone,1973,2.857573
Sierra Leone,1974,2.7750874
Sierra Leone,1975,2.70191
Sierra Leone,1976,2.642531
Sierra Leone,1977,2.9248307
Sierra Leone,1978,2.9971817
Sierra Leone,1979,2.7032998
Sierra Leone,1980,2.51821
Sierra Leone,1981,2.9700274
Sierra Leone,1982,2.5429544
Sierra Leone,1983,2.9568148
Sierra Leone,1984,5.0739455
Sierra Leone,1985,3.8487854
Sierra Leone,1986,2.9949958
Sierra Leone,1987,2.4237711
Sierra Leone,1988,2.067278
Sierra Leone,1989,1.8357772
Sierra Leone,1990,1.6343935
Sierra Leone,1991,1.3986359
Sierra Leone,1992,1.3204979
Sierra Leone,1993,1.2346044
Sierra Leone,1994,1.2942445
Sierra Leone,1995,1.2547961
Sierra Leone,1996,1.2045552
Sierra Leone,1997,1.2535104
Sierra Leone,1998,1.3541696
Sierra Leone,1999,1.9267337
Sierra Leone,2000,9.071918
Sierra Leone,2001,14.413611
Sierra Leone,2002,19.630615
Sierra Leone,2003,18.209736
Sierra Leone,2004,14.159429
Sierra Leone,2005,16.99846
Sierra Leone,2006,8.304423
Sierra Leone,2007,6.9039373
Sierra Leone,2008,6.627232
Sierra Leone,2009,6.79825
Sierra Leone,2010,6.228604
Sierra Leone,2011,3.6280398
Sierra Leone,2012,3.803677
Sierra Leone,2013,2.5904133
Sierra Leone,2014,2.0217848
Sierra Leone,2015,1.7314851
Sierra Leone,2016,1.6258147
Sierra Leone,2017,1.4490101
Sierra Leone,2018,1.2708998
Sierra Leone,2019,1.1508224
Sierra Leone,2020,1.0918083
Sierra Leone,2021,0.9920825
Sierra Leone,2022,0.8812936
Sierra Leone,2023,0.80602235
Singapore,1850,9.259114
Singapore,1851,6.6493435
Singapore,1852,21.607513
Singapore,1853,10.059441
Singapore,1854,6.606906
Singapore,1855,20.805517
Singapore,1856,9.85209
Singapore,1857,6.6990666
Singapore,1858,5.274611
Singapore,1859,13.378921
Singapore,1860,7.1480784
Singapore,1861,5.4323525
Singapore,1862,4.7107396
Singapore,1863,4.478604
Singapore,1864,4.0572467
Singapore,1865,4.195861
Singapore,1866,7.0893106
Singapore,1867,4.8575616
Singapore,1868,4.0215693
Singapore,1869,3.9584458
Singapore,1870,2.9785495
Singapore,1871,2.26952
Singapore,1872,2.1051586
Singapore,1873,1.8705972
Singapore,1874,1.5311149
Singapore,1875,1.3919737
Singapore,1876,1.2978309
Singapore,1877,1.288805
Singapore,1878,1.0959129
Singapore,1879,0.9105606
Singapore,1880,0.98061925
Singapore,1881,0.9955281
Singapore,1882,0.75450724
Singapore,1883,0.9124053
Singapore,1884,0.84760433
Singapore,1885,0.5307541
Singapore,1886,0.71564066
Singapore,1887,0.77938646
Singapore,1888,0.54478586
Singapore,1889,0.49473566
Singapore,1890,0.39675984
Singapore,1891,0.34906393
Singapore,1892,0.26515877
Singapore,1893,0.3030275
Singapore,1894,0.2895831
Singapore,1895,0.1724159
Singapore,1896,-0.009242197
Singapore,1897,0.12028991
Singapore,1898,0.14230204
Singapore,1899,0.13857521
Singapore,1900,0.2032294
Singapore,1901,0.24514985
Singapore,1902,0.00512414
Singapore,1903,0.25777686
Singapore,1904,0.042841706
Singapore,1905,0.15778792
Singapore,1906,0.14351471
Singapore,1907,0.19020948
Singapore,1908,0.12976143
Singapore,1909,0.15736935
Singapore,1910,0.15864424
Singapore,1911,0.20513144
Singapore,1912,0.20934203
Singapore,1913,0.15242325
Singapore,1914,0.23506941
Singapore,1915,0.3801868
Singapore,1916,0.2434679
Singapore,1917,0.8717599
Singapore,1918,0.4664714
Singapore,1919,0.3585133
Singapore,1920,0.003224709
Singapore,1921,0.07054039
Singapore,1922,0.060675703
Singapore,1923,0.12506391
Singapore,1924,0.08077333
Singapore,1925,0.10607995
Singapore,1926,0.03909866
Singapore,1927,0.015952487
Singapore,1928,-0.041629896
Singapore,1929,0.04324476
Singapore,1930,0.006125405
Singapore,1931,0.0445657
Singapore,1932,0.006026475
Singapore,1933,0.03974915
Singapore,1934,0.019621799
Singapore,1935,0.037559647
Singapore,1936,0.067633815
Singapore,1937,0.049767584
Singapore,1938,0.004668926
Singapore,1939,0.04800514
Singapore,1940,0.05902095
Singapore,1941,0.06782187
Singapore,1942,0.06011574
Singapore,1943,0.06312975
Singapore,1944,0.06050551
Singapore,1945,0.05875495
Singapore,1946,0.057804007
Singapore,1947,0.058955017
Singapore,1948,0.052000824
Singapore,1949,0.04169745
Singapore,1950,0.012185961
Singapore,1951,-0.005729326
Singapore,1952,-0.005824405
Singapore,1953,0.00314726
Singapore,1954,0.017819105
Singapore,1955,0.020621052
Singapore,1956,-0.041700188
Singapore,1957,-0.0279654
Singapore,1958,-0.042715203
Singapore,1959,-0.1754982
Singapore,1960,-0.19457406
Singapore,1961,-0.13641073
Singapore,1962,-0.12438734
Singapore,1963,-0.08815264
Singapore,1964,-0.071613654
Singapore,1965,-0.08010447
Singapore,1966,-0.05955066
Singapore,1967,-0.028035019
Singapore,1968,-0.064473696
Singapore,1969,-0.020015147
Singapore,1970,-0.045249905
Singapore,1971,-0.024427826
Singapore,1972,-0.030760508
Singapore,1973,-0.026546197
Singapore,1974,-0.037459265
Singapore,1975,-0.02941228
Singapore,1976,0.002771047
Singapore,1977,0.001744388
Singapore,1978,-0.013472831
Singapore,1979,0.003344711
Singapore,1980,0.002916228
Singapore,1981,0.005253393
Singapore,1982,0.023051891
Singapore,1983,0.011595196
Singapore,1984,0.04046592
Singapore,1985,0.06493435
Singapore,1986,0.0903243
Singapore,1987,0.10423296
Singapore,1988,0.093998715
Singapore,1989,0.07734206
Singapore,1990,0.056692027
Singapore,1991,0.04889237
Singapore,1992,0.065457575
Singapore,1993,0.083078966
Singapore,1994,0.12890276
Singapore,1995,0.09943966
Singapore,1996,0.080438755
Singapore,1997,0.07490944
Singapore,1998,0.0742875
Singapore,1999,0.056006078
Singapore,2000,0.046853375
Singapore,2001,0.056436017
Singapore,2002,0.05514316
Singapore,2003,0.043571044
Singapore,2004,0.038907953
Singapore,2005,0.031993207
Singapore,2006,0.026313912
Singapore,2007,0.032650635
Singapore,2008,0.033128344
Singapore,2009,0.03473355
Singapore,2010,0.03466998
Singapore,2011,0.04775331
Singapore,2012,0.040832646
Singapore,2013,0.026805397
Singapore,2014,0.061137646
Singapore,2015,0.024078304
Singapore,2016,0.017610924
Singapore,2017,0.013520871
Singapore,2018,0.012628855
Singapore,2019,0.014217832
Singapore,2020,0.015164246
Singapore,2021,0.01380712
Singapore,2022,0.013424256
Singapore,2023,0.012702713
Slovakia,1850,2.1618347
Slovakia,1851,2.1061568
Slovakia,1852,2.1007924
Slovakia,1853,2.1021059
Slovakia,1854,2.0654433
Slovakia,1855,2.0362685
Slovakia,1856,2.014997
Slovakia,1857,1.9936575
Slovakia,1858,1.9802731
Slovakia,1859,1.9880441
Slovakia,1860,1.8213018
Slovakia,1861,1.7352415
Slovakia,1862,1.693046
Slovakia,1863,1.6665938
Slovakia,1864,1.6219637
Slovakia,1865,1.5962051
Slovakia,1866,1.5974138
Slovakia,1867,1.5839581
Slovakia,1868,1.5261433
Slovakia,1869,1.4971265
Slovakia,1870,1.5206499
Slovakia,1871,1.5022149
Slovakia,1872,1.4877553
Slovakia,1873,1.4935222
Slovakia,1874,1.4752266
Slovakia,1875,1.4341913
Slovakia,1876,1.4261584
Slovakia,1877,1.4035352
Slovakia,1878,1.3870785
Slovakia,1879,1.3785427
Slovakia,1880,1.3977426
Slovakia,1881,1.3677772
Slovakia,1882,1.3515582
Slovakia,1883,1.335534
Slovakia,1884,1.3202711
Slovakia,1885,1.312835
Slovakia,1886,1.3241556
Slovakia,1887,1.3236121
Slovakia,1888,1.2640955
Slovakia,1889,1.2419612
Slovakia,1890,1.1948247
Slovakia,1891,1.1548935
Slovakia,1892,1.1322109
Slovakia,1893,1.1363341
Slovakia,1894,1.1063392
Slovakia,1895,1.0688919
Slovakia,1896,1.0625838
Slovakia,1897,1.0532701
Slovakia,1898,1.0459027
Slovakia,1899,1.0557171
Slovakia,1900,1.0559736
Slovakia,1901,1.030661
Slovakia,1902,0.9953888
Slovakia,1903,0.9824768
Slovakia,1904,1.0074232
Slovakia,1905,0.9918353
Slovakia,1906,0.95309013
Slovakia,1907,0.9460615
Slovakia,1908,0.9283647
Slovakia,1909,0.917132
Slovakia,1910,0.8303315
Slovakia,1911,0.81248134
Slovakia,1912,0.74525523
Slovakia,1913,0.72057366
Slovakia,1914,0.68179196
Slovakia,1915,0.6516851
Slovakia,1916,0.6203871
Slovakia,1917,0.61011744
Slovakia,1918,0.58857846
Slovakia,1919,0.5231295
Slovakia,1920,1.089288
Slovakia,1921,1.3182281
Slovakia,1922,1.4441156
Slovakia,1923,1.5647868
Slovakia,1924,1.6320742
Slovakia,1925,1.7299129
Slovakia,1926,1.814704
Slovakia,1927,1.8891705
Slovakia,1928,1.9595187
Slovakia,1929,1.9866998
Slovakia,1930,1.4372623
Slovakia,1931,1.2064481
Slovakia,1932,1.0627917
Slovakia,1933,0.9159759
Slovakia,1934,0.7928435
Slovakia,1935,0.6557614
Slovakia,1936,0.52802986
Slovakia,1937,0.42159793
Slovakia,1938,0.32208547
Slovakia,1939,0.23090525
Slovakia,1940,0.12268342
Slovakia,1941,0.052935988
Slovakia,1942,0.000789134
Slovakia,1943,-0.047304135
Slovakia,1944,-0.13580702
Slovakia,1945,-0.21451794
Slovakia,1946,-0.2650536
Slovakia,1947,-0.30538982
Slovakia,1948,-0.36611307
Slovakia,1949,-0.40616274
Slovakia,1950,0.46347278
Slovakia,1951,0.87211466
Slovakia,1952,1.1754528
Slovakia,1953,1.3831002
Slovakia,1954,1.5243365
Slovakia,1955,1.6097915
Slovakia,1956,1.6606238
Slovakia,1957,1.6707219
Slovakia,1958,1.6411077
Slovakia,1959,1.8968452
Slovakia,1960,1.6644014
Slovakia,1961,1.229721
Slovakia,1962,1.0052127
Slovakia,1963,0.84195197
Slovakia,1964,0.70560384
Slovakia,1965,0.59830236
Slovakia,1966,0.5711293
Slovakia,1967,0.53745925
Slovakia,1968,0.4929241
Slovakia,1969,0.42610937
Slovakia,1970,0.42661434
Slovakia,1971,0.4392267
Slovakia,1972,0.40371537
Slovakia,1973,0.38791427
Slovakia,1974,0.3445281
Slovakia,1975,0.35802454
Slovakia,1976,0.39724648
Slovakia,1977,0.39536667
Slovakia,1978,0.39604643
Slovakia,1979,0.35728732
Slovakia,1980,0.37331235
Slovakia,1981,0.41432106
Slovakia,1982,0.43949816
Slovakia,1983,0.44002727
Slovakia,1984,0.40326265
Slovakia,1985,0.39857885
Slovakia,1986,0.4073659
Slovakia,1987,0.38693458
Slovakia,1988,0.3546413
Slovakia,1989,0.34558928
Slovakia,1990,0.31284416
Slovakia,1991,0.23037171
Slovakia,1992,0.3287886
Slovakia,1993,0.23002212
Slovakia,1994,0.39082792
Slovakia,1995,0.31434783
Slovakia,1996,0.35617977
Slovakia,1997,0.36406428
Slovakia,1998,0.44498408
Slovakia,1999,0.5118442
Slovakia,2000,-0.02923735
Slovakia,2001,-0.091603525
Slovakia,2002,0.011262558
Slovakia,2003,-0.6660243
Slovakia,2004,-0.419602
Slovakia,2005,-0.22023593
Slovakia,2006,-0.06896926
Slovakia,2007,0.18166171
Slovakia,2008,0.23860283
Slovakia,2009,0.39585972
Slovakia,2010,0.48502168
Slovakia,2011,0.53661036
Slovakia,2012,0.42104414
Slovakia,2013,0.48964217
Slovakia,2014,0.57937276
Slovakia,2015,0.715262
Slovakia,2016,0.9033252
Slovakia,2017,0.69186467
Slovakia,2018,0.3889239
Slovakia,2019,0.23113704
Slovakia,2020,0.11350044
Slovakia,2021,0.016991412
Slovakia,2022,-0.058489896
Slovakia,2023,-0.115490876
Slovenia,1850,1.6859998
Slovenia,1851,1.7185433
Slovenia,1852,1.7893806
Slovenia,1853,1.7807364
Slovenia,1854,1.7483523
Slovenia,1855,1.8029206
Slovenia,1856,1.8523293
Slovenia,1857,1.906922
Slovenia,1858,1.9348023
Slovenia,1859,1.879393
Slovenia,1860,2.0371213
Slovenia,1861,1.9875596
Slovenia,1862,1.9806356
Slovenia,1863,1.9449246
Slovenia,1864,1.9568124
Slovenia,1865,1.9926206
Slovenia,1866,2.026212
Slovenia,1867,2.098597
Slovenia,1868,2.0821548
Slovenia,1869,2.1862814
Slovenia,1870,2.2024744
Slovenia,1871,2.3317192
Slovenia,1872,2.430436
Slovenia,1873,2.479815
Slovenia,1874,2.483347
Slovenia,1875,2.6028972
Slovenia,1876,2.65489
Slovenia,1877,2.755548
Slovenia,1878,2.7912498
Slovenia,1879,2.7682626
Slovenia,1880,2.9227715
Slovenia,1881,2.930987
Slovenia,1882,2.998
Slovenia,1883,3.0085845
Slovenia,1884,3.0489848
Slovenia,1885,3.1175952
Slovenia,1886,3.1921287
Slovenia,1887,3.207404
Slovenia,1888,3.2150807
Slovenia,1889,3.2986357
Slovenia,1890,3.2756848
Slovenia,1891,3.3227675
Slovenia,1892,3.4111333
Slovenia,1893,3.4129553
Slovenia,1894,3.3660173
Slovenia,1895,3.4212708
Slovenia,1896,3.431689
Slovenia,1897,3.4978783
Slovenia,1898,3.4894347
Slovenia,1899,3.3888476
Slovenia,1900,3.5273435
Slovenia,1901,3.4846952
Slovenia,1902,3.5015492
Slovenia,1903,3.5589771
Slovenia,1904,3.5391572
Slovenia,1905,3.478067
Slovenia,1906,3.5230846
Slovenia,1907,3.5225286
Slovenia,1908,3.566124
Slovenia,1909,3.5301304
Slovenia,1910,3.5698268
Slovenia,1911,3.7023163
Slovenia,1912,3.6568062
Slovenia,1913,3.6835818
Slovenia,1914,3.6759586
Slovenia,1915,3.688452
Slovenia,1916,3.7263775
Slovenia,1917,3.7859342
Slovenia,1918,3.764353
Slovenia,1919,3.7519982
Slovenia,1920,3.8123336
Slovenia,1921,3.8337653
Slovenia,1922,3.845118
Slovenia,1923,3.7205124
Slovenia,1924,3.5721009
Slovenia,1925,3.5273464
Slovenia,1926,3.4731023
Slovenia,1927,3.5103302
Slovenia,1928,3.3908305
Slovenia,1929,3.37968
Slovenia,1930,3.1782591
Slovenia,1931,3.2293983
Slovenia,1932,3.0720797
Slovenia,1933,3.0164201
Slovenia,1934,2.918395
Slovenia,1935,3.0037265
Slovenia,1936,2.8647027
Slovenia,1937,2.7542877
Slovenia,1938,2.845768
Slovenia,1939,2.7056167
Slovenia,1940,2.6086166
Slovenia,1941,2.617624
Slovenia,1942,2.7076743
Slovenia,1943,2.709991
Slovenia,1944,2.6409333
Slovenia,1945,2.654408
Slovenia,1946,2.6703832
Slovenia,1947,2.4951603
Slovenia,1948,2.32869
Slovenia,1949,2.481564
Slovenia,1950,2.1852384
Slovenia,1951,1.9063733
Slovenia,1952,1.9760692
Slovenia,1953,1.8260826
Slovenia,1954,1.6828438
Slovenia,1955,1.5950694
Slovenia,1956,1.5226034
Slovenia,1957,1.452967
Slovenia,1958,1.3892881
Slovenia,1959,1.3749709
Slovenia,1960,1.2429495
Slovenia,1961,1.1323086
Slovenia,1962,1.0053229
Slovenia,1963,0.97093606
Slovenia,1964,0.93837196
Slovenia,1965,0.84227693
Slovenia,1966,0.8004181
Slovenia,1967,0.97912216
Slovenia,1968,0.9817938
Slovenia,1969,0.9612336
Slovenia,1970,0.90701854
Slovenia,1971,0.9091666
Slovenia,1972,0.6453002
Slovenia,1973,0.5793337
Slovenia,1974,0.44263533
Slovenia,1975,0.35242167
Slovenia,1976,0.2912729
Slovenia,1977,0.34799805
Slovenia,1978,0.19531189
Slovenia,1979,0.28049213
Slovenia,1980,0.10131163
Slovenia,1981,0.023520252
Slovenia,1982,0.04076772
Slovenia,1983,0.055474885
Slovenia,1984,0.04703568
Slovenia,1985,0.11929408
Slovenia,1986,0.10782471
Slovenia,1987,0.085076645
Slovenia,1988,0.110812694
Slovenia,1989,0.10789556
Slovenia,1990,0.00012837
Slovenia,1991,-0.29258686
Slovenia,1992,-0.59121734
Slovenia,1993,-0.747645
Slovenia,1994,-0.8169411
Slovenia,1995,-0.9932355
Slovenia,1996,-1.2165273
Slovenia,1997,-0.8764699
Slovenia,1998,-0.4968751
Slovenia,1999,-0.22429954
Slovenia,2000,-0.119171925
Slovenia,2001,0.009686511
Slovenia,2002,-0.04980331
Slovenia,2003,0.14099175
Slovenia,2004,0.013692881
Slovenia,2005,-0.04946844
Slovenia,2006,-0.07935039
Slovenia,2007,3.5055509
Slovenia,2008,1.3639936
Slovenia,2009,1.5080764
Slovenia,2010,1.6418384
Slovenia,2011,1.7693039
Slovenia,2012,2.1309571
Slovenia,2013,1.867971
Slovenia,2014,1.7175854
Slovenia,2015,1.7366788
Slovenia,2016,1.6873928
Slovenia,2017,1.7018764
Slovenia,2018,1.3056456
Slovenia,2019,1.4161497
Slovenia,2020,1.0843147
Slovenia,2021,1.0848886
Slovenia,2022,0.9805327
Slovenia,2023,0.87125707
Solomon Islands,1850,11.846942
Solomon Islands,1851,2.1546438
Solomon Islands,1852,2.853354
Solomon Islands,1853,-3.1817129
Solomon Islands,1854,-0.5597914
Solomon Islands,1855,-3.7018135
Solomon Islands,1856,7.74502
Solomon Islands,1857,0.9105497
Solomon Islands,1858,-2.7386472
Solomon Islands,1859,9.28686
Solomon Islands,1860,-0.3311285
Solomon Islands,1861,0.690186
Solomon Islands,1862,1.9085472
Solomon Islands,1863,0.46748367
Solomon Islands,1864,0.17844938
Solomon Islands,1865,1.288998
Solomon Islands,1866,-3.3464725
Solomon Islands,1867,2.191055
Solomon Islands,1868,5.049301
Solomon Islands,1869,0.3878439
Solomon Islands,1870,0.71135736
Solomon Islands,1871,-2.2477083
Solomon Islands,1872,-2.3879507
Solomon Islands,1873,1.9059222
Solomon Islands,1874,5.7010837
Solomon Islands,1875,-0.78419906
Solomon Islands,1876,1.6544216
Solomon Islands,1877,-2.6119335
Solomon Islands,1878,5.9916434
Solomon Islands,1879,1.1018336
Solomon Islands,1880,0.080185466
Solomon Islands,1881,-0.7188401
Solomon Islands,1882,-3.10385
Solomon Islands,1883,-1.1905168
Solomon Islands,1884,1.4054967
Solomon Islands,1885,-1.916645
Solomon Islands,1886,-1.3705544
Solomon Islands,1887,4.830507
Solomon Islands,1888,1.4183025
Solomon Islands,1889,0.25936922
Solomon Islands,1890,-1.9043024
Solomon Islands,1891,0.51734394
Solomon Islands,1892,-0.9205383
Solomon Islands,1893,4.3652005
Solomon Islands,1894,0.053386707
Solomon Islands,1895,0.5033294
Solomon Islands,1896,-0.8341438
Solomon Islands,1897,2.5621424
Solomon Islands,1898,-1.0581483
Solomon Islands,1899,-0.14111684
Solomon Islands,1900,0.06500165
Solomon Islands,1901,1.2624707
Solomon Islands,1902,-1.5715842
Solomon Islands,1903,-0.58769614
Solomon Islands,1904,-1.5053953
Solomon Islands,1905,6.4202847
Solomon Islands,1906,-1.3463666
Solomon Islands,1907,1.1176006
Solomon Islands,1908,0.7792404
Solomon Islands,1909,1.6676689
Solomon Islands,1910,0.018463843
Solomon Islands,1911,-0.22580634
Solomon Islands,1912,-2.627551
Solomon Islands,1913,2.1427045
Solomon Islands,1914,4.9680347
Solomon Islands,1915,2.1874847
Solomon Islands,1916,2.381788
Solomon Islands,1917,2.7010858
Solomon Islands,1918,0.021501333
Solomon Islands,1919,-0.4949027
Solomon Islands,1920,3.7131724
Solomon Islands,1921,-0.38143566
Solomon Islands,1922,-2.262096
Solomon Islands,1923,0.37643835
Solomon Islands,1924,-0.080073446
Solomon Islands,1925,2.2194805
Solomon Islands,1926,2.6420386
Solomon Islands,1927,5.2887
Solomon Islands,1928,5.0589542
Solomon Islands,1929,4.222544
Solomon Islands,1930,2.0562303
Solomon Islands,1931,8.992542
Solomon Islands,1932,-0.4300581
Solomon Islands,1933,4.9362903
Solomon Islands,1934,3.7423286
Solomon Islands,1935,3.1491692
Solomon Islands,1936,9.114891
Solomon Islands,1937,1.9154133
Solomon Islands,1938,6.7088876
Solomon Islands,1939,2.6123283
Solomon Islands,1940,2.8234694
Solomon Islands,1941,-0.35405266
Solomon Islands,1942,3.7462144
Solomon Islands,1943,6.4382463
Solomon Islands,1944,8.241678
Solomon Islands,1945,0.057012834
Solomon Islands,1946,6.364362
Solomon Islands,1947,6.412705
Solomon Islands,1948,4.3057294
Solomon Islands,1949,7.757355
Solomon Islands,1950,4.977656
Solomon Islands,1951,5.8798532
Solomon Islands,1952,9.7305765
Solomon Islands,1953,7.7482586
Solomon Islands,1954,15.557361
Solomon Islands,1955,9.8212595
Solomon Islands,1956,8.026112
Solomon Islands,1957,8.542973
Solomon Islands,1958,15.747337
Solomon Islands,1959,22.105091
Solomon Islands,1960,14.17687
Solomon Islands,1961,4.5666003
Solomon Islands,1962,6.4268785
Solomon Islands,1963,1.6705436
Solomon Islands,1964,4.537446
Solomon Islands,1965,2.3847857
Solomon Islands,1966,3.0406148
Solomon Islands,1967,2.207847
Solomon Islands,1968,2.1844237
Solomon Islands,1969,1.8307143
Solomon Islands,1970,2.796574
Solomon Islands,1971,3.1377256
Solomon Islands,1972,3.0831487
Solomon Islands,1973,2.981468
Solomon Islands,1974,2.8919394
Solomon Islands,1975,2.5715322
Solomon Islands,1976,4.4901075
Solomon Islands,1977,5.0263286
Solomon Islands,1978,7.0471063
Solomon Islands,1979,4.127084
Solomon Islands,1980,3.3096585
Solomon Islands,1981,8.178999
Solomon Islands,1982,6.3721175
Solomon Islands,1983,7.6072617
Solomon Islands,1984,4.9553504
Solomon Islands,1985,7.8881154
Solomon Islands,1986,4.2267265
Solomon Islands,1987,5.9383297
Solomon Islands,1988,4.923908
Solomon Islands,1989,3.392054
Solomon Islands,1990,4.2162495
Solomon Islands,1991,5.26048
Solomon Islands,1992,5.1385975
Solomon Islands,1993,4.943013
Solomon Islands,1994,4.878083
Solomon Islands,1995,4.031871
Solomon Islands,1996,3.9719875
Solomon Islands,1997,4.418692
Solomon Islands,1998,4.9505453
Solomon Islands,1999,3.617252
Solomon Islands,2000,4.2356725
Solomon Islands,2001,5.135412
Solomon Islands,2002,6.2705054
Solomon Islands,2003,6.4333067
Solomon Islands,2004,10.362311
Solomon Islands,2005,10.641057
Solomon Islands,2006,7.965208
Solomon Islands,2007,8.63926
Solomon Islands,2008,9.911935
Solomon Islands,2009,11.37978
Solomon Islands,2010,10.759303
Solomon Islands,2011,9.336306
Solomon Islands,2012,7.4487457
Solomon Islands,2013,14.9565325
Solomon Islands,2014,10.093114
Solomon Islands,2015,12.019407
Solomon Islands,2016,10.452166
Solomon Islands,2017,10.552381
Solomon Islands,2018,8.54434
Solomon Islands,2019,7.6105103
Solomon Islands,2020,6.87519
Solomon Islands,2021,7.0055304
Solomon Islands,2022,6.9119225
Solomon Islands,2023,6.7469187
Somalia,1850,0.22878592
Somalia,1851,0.2254364
Somalia,1852,0.2231816
Somalia,1853,0.22155637
Somalia,1854,0.21990496
Somalia,1855,0.21820244
Somalia,1856,0.2165233
Somalia,1857,0.21476826
Somalia,1858,0.21298692
Somalia,1859,0.21120411
Somalia,1860,0.24962848
Somalia,1861,0.26935565
Somalia,1862,0.2812401
Somalia,1863,0.2888164
Somalia,1864,0.29382688
Somalia,1865,0.29714313
Somalia,1866,0.29928756
Somalia,1867,0.3007086
Somalia,1868,0.3014807
Somalia,1869,0.30179283
Somalia,1870,0.30767277
Somalia,1871,0.31101418
Somalia,1872,0.31266668
Somalia,1873,0.31328067
Somalia,1874,0.31321958
Somalia,1875,0.31270957
Somalia,1876,0.31177598
Somalia,1877,0.3106441
Somalia,1878,0.30928913
Somalia,1879,0.3077366
Somalia,1880,0.3146206
Somalia,1881,0.31739348
Somalia,1882,0.3183241
Somalia,1883,0.3182599
Somalia,1884,0.3175256
Somalia,1885,0.31632057
Somalia,1886,0.31481972
Somalia,1887,0.31309736
Somalia,1888,0.31125307
Somalia,1889,0.30911407
Somalia,1890,0.31750387
Somalia,1891,0.32048696
Somalia,1892,0.32099187
Somalia,1893,0.32004008
Somalia,1894,0.3183322
Somalia,1895,0.3161673
Somalia,1896,0.31367028
Somalia,1897,0.31098998
Somalia,1898,0.3081278
Somalia,1899,0.30518147
Somalia,1900,0.30750278
Somalia,1901,0.3077428
Somalia,1902,0.30678043
Somalia,1903,0.30512765
Somalia,1904,0.3030043
Somalia,1905,0.30055666
Somalia,1906,0.29788253
Somalia,1907,0.29505455
Somalia,1908,0.29209742
Somalia,1909,0.28911763
Somalia,1910,0.46284878
Somalia,1911,0.55469805
Somalia,1912,0.6105574
Somalia,1913,0.6466654
Somalia,1914,0.6706847
Somalia,1915,0.6870063
Somalia,1916,0.69822586
Somalia,1917,0.7059238
Somalia,1918,0.7107975
Somalia,1919,0.7126783
Somalia,1920,0.75668424
Somalia,1921,0.85047203
Somalia,1922,0.9663113
Somalia,1923,1.0913533
Somalia,1924,1.2195274
Somalia,1925,1.3461094
Somalia,1926,1.4681525
Somalia,1927,1.5840505
Somalia,1928,1.6928611
Somalia,1929,1.7949156
Somalia,1930,1.9204327
Somalia,1931,2.026215
Somalia,1932,2.120128
Somalia,1933,2.2053828
Somalia,1934,2.282915
Somalia,1935,2.3538551
Somalia,1936,2.4190423
Somalia,1937,2.4791331
Somalia,1938,2.5346072
Somalia,1939,2.5822668
Somalia,1940,2.6555767
Somalia,1941,2.7071285
Somalia,1942,2.745082
Somalia,1943,2.7725384
Somalia,1944,2.7948568
Somalia,1945,2.8131342
Somalia,1946,2.827913
Somalia,1947,2.8396935
Somalia,1948,2.8488295
Somalia,1949,2.851442
Somalia,1950,3.2912004
Somalia,1951,3.4302874
Somalia,1952,3.5234313
Somalia,1953,3.6108556
Somalia,1954,3.6783528
Somalia,1955,3.7477503
Somalia,1956,3.8013175
Somalia,1957,3.8617663
Somalia,1958,3.9112623
Somalia,1959,3.9616783
Somalia,1960,3.2871113
Somalia,1961,3.0701442
Somalia,1962,2.9042966
Somalia,1963,2.7763221
Somalia,1964,2.677541
Somalia,1965,2.6056216
Somalia,1966,2.540863
Somalia,1967,2.4846942
Somalia,1968,2.4370377
Somalia,1969,2.3927898
Somalia,1970,2.354585
Somalia,1971,2.2907584
Somalia,1972,2.175021
Somalia,1973,2.1219332
Somalia,1974,2.2325137
Somalia,1975,2.104583
Somalia,1976,2.0841107
Somalia,1977,1.9837761
Somalia,1978,1.8657633
Somalia,1979,1.7314337
Somalia,1980,1.7002319
Somalia,1981,1.7460269
Somalia,1982,1.7945572
Somalia,1983,1.8536097
Somalia,1984,1.8463503
Somalia,1985,1.767957
Somalia,1986,1.6796987
Somalia,1987,1.5727605
Somalia,1988,1.5098006
Somalia,1989,1.5042744
Somalia,1990,1.4670504
Somalia,1991,1.5336717
Somalia,1992,1.7464182
Somalia,1993,1.7801721
Somalia,1994,1.7345247
Somalia,1995,1.715756
Somalia,1996,1.7192245
Somalia,1997,1.7191607
Somalia,1998,1.6879151
Somalia,1999,1.6834015
Somalia,2000,1.6960775
Somalia,2001,1.8293412
Somalia,2002,2.0536556
Somalia,2003,2.2363915
Somalia,2004,2.002758
Somalia,2005,1.7180581
Somalia,2006,1.561558
Somalia,2007,2.0753834
Somalia,2008,1.792453
Somalia,2009,1.7132584
Somalia,2010,1.4844671
Somalia,2011,1.4971461
Somalia,2012,1.9811704
Somalia,2013,1.578505
Somalia,2014,1.3573675
Somalia,2015,1.2626212
Somalia,2016,1.2085994
Somalia,2017,1.1839614
Somalia,2018,1.1829512
Somalia,2019,1.1867024
Somalia,2020,1.1940448
Somalia,2021,1.2081531
Somalia,2022,1.2365869
Somalia,2023,1.267984
South Africa,1850,0.92875916
South Africa,1851,0.9905932
South Africa,1852,1.0352817
South Africa,1853,1.056479
South Africa,1854,1.0759616
South Africa,1855,1.0964664
South Africa,1856,1.1117282
South Africa,1857,1.1235448
South Africa,1858,1.1287676
South Africa,1859,1.1325898
South Africa,1860,1.3946563
South Africa,1861,1.5108691
South Africa,1862,1.5942111
South Africa,1863,1.6474746
South Africa,1864,1.6803858
South Africa,1865,1.6998498
South Africa,1866,1.7276425
South Africa,1867,1.7233707
South Africa,1868,1.7287124
South Africa,1869,1.7282019
South Africa,1870,3.5587642
South Africa,1871,4.4746914
South Africa,1872,5.035152
South Africa,1873,5.3990893
South Africa,1874,5.675587
South Africa,1875,5.876027
South Africa,1876,6.000022
South Africa,1877,6.1216893
South Africa,1878,6.2090735
South Africa,1879,6.237071
South Africa,1880,5.186173
South Africa,1881,4.63169
South Africa,1882,4.290945
South Africa,1883,4.0557795
South Africa,1884,3.9058514
South Africa,1885,3.7439723
South Africa,1886,3.622772
South Africa,1887,3.5273476
South Africa,1888,3.434198
South Africa,1889,3.3574858
South Africa,1890,4.353043
South Africa,1891,4.7978196
South Africa,1892,5.069087
South Africa,1893,5.2414365
South Africa,1894,5.3309236
South Africa,1895,5.4058228
South Africa,1896,5.4490857
South Africa,1897,5.462502
South Africa,1898,5.4733562
South Africa,1899,5.479704
South Africa,1900,5.8396854
South Africa,1901,5.990914
South Africa,1902,6.064221
South Africa,1903,6.065478
South Africa,1904,6.0619426
South Africa,1905,6.0397363
South Africa,1906,5.988699
South Africa,1907,5.942375
South Africa,1908,5.8912106
South Africa,1909,5.8338027
South Africa,1910,5.6434197
South Africa,1911,5.5338173
South Africa,1912,5.437028
South Africa,1913,5.3570933
South Africa,1914,5.2541776
South Africa,1915,5.1786075
South Africa,1916,5.093984
South Africa,1917,5.037417
South Africa,1918,4.967281
South Africa,1919,4.8715444
South Africa,1920,5.1512647
South Africa,1921,5.253995
South Africa,1922,5.307418
South Africa,1923,5.2691026
South Africa,1924,5.2429585
South Africa,1925,5.18233
South Africa,1926,5.12563
South Africa,1927,5.0400267
South Africa,1928,4.952928
South Africa,1929,4.9003835
South Africa,1930,4.9539933
South Africa,1931,4.9572926
South Africa,1932,4.9156275
South Africa,1933,4.870855
South Africa,1934,4.838329
South Africa,1935,4.7459106
South Africa,1936,4.664577
South Africa,1937,4.6132607
South Africa,1938,4.531326
South Africa,1939,4.4564414
South Africa,1940,5.4608116
South Africa,1941,5.9347672
South Africa,1942,6.183717
South Africa,1943,6.322091
South Africa,1944,6.3695436
South Africa,1945,6.4090357
South Africa,1946,6.396633
South Africa,1947,6.3645945
South Africa,1948,6.324003
South Africa,1949,6.2691293
South Africa,1950,6.093682
South Africa,1951,6.420957
South Africa,1952,6.4614534
South Africa,1953,6.541471
South Africa,1954,6.4658
South Africa,1955,6.3982253
South Africa,1956,6.4363785
South Africa,1957,6.676867
South Africa,1958,6.8471923
South Africa,1959,6.898456
South Africa,1960,7.538542
South Africa,1961,5.526324
South Africa,1962,4.565203
South Africa,1963,3.9984455
South Africa,1964,3.5985231
South Africa,1965,3.3318362
South Africa,1966,3.7052088
South Africa,1967,3.8042607
South Africa,1968,3.7694688
South Africa,1969,3.6755793
South Africa,1970,3.5727754
South Africa,1971,3.4335158
South Africa,1972,3.2751138
South Africa,1973,3.0960379
South Africa,1974,2.9436827
South Africa,1975,2.7711923
South Africa,1976,2.592764
South Africa,1977,2.438589
South Africa,1978,2.237066
South Africa,1979,2.0826201
South Africa,1980,2.019741
South Africa,1981,1.9772032
South Africa,1982,1.8920345
South Africa,1983,1.8506538
South Africa,1984,1.7182814
South Africa,1985,2.1625671
South Africa,1986,1.8340392
South Africa,1987,1.8789274
South Africa,1988,1.9569296
South Africa,1989,1.9713073
South Africa,1990,1.9142781
South Africa,1991,2.0973306
South Africa,1992,2.1569366
South Africa,1993,1.8229861
South Africa,1994,1.7133454
South Africa,1995,1.8061827
South Africa,1996,1.6821198
South Africa,1997,1.5532875
South Africa,1998,1.4860964
South Africa,1999,1.4432043
South Africa,2000,1.2250881
South Africa,2001,1.1408187
South Africa,2002,0.96187
South Africa,2003,0.8344568
South Africa,2004,0.7794859
South Africa,2005,0.6189607
South Africa,2006,0.68797773
South Africa,2007,0.835834
South Africa,2008,0.6341138
South Africa,2009,0.44157144
South Africa,2010,0.20889154
South Africa,2011,0.13441333
South Africa,2012,0.15763795
South Africa,2013,0.095646136
South Africa,2014,0.030324414
South Africa,2015,0.02339532
South Africa,2016,-0.011712617
South Africa,2017,-0.065684244
South Africa,2018,-0.044410866
South Africa,2019,-0.01344274
South Africa,2020,-0.008594582
South Africa,2021,0.003505975
South Africa,2022,0.008734386
South Africa,2023,0.010993912
South America,1850,10.691546
South America,1851,11.075018
South America,1852,11.089204
South America,1853,12.441897
South America,1854,11.1515
South America,1855,12.367281
South America,1856,12.621168
South America,1857,12.795429
South America,1858,12.357651
South America,1859,11.276693
South America,1860,8.570751
South America,1861,9.718698
South America,1862,8.583794
South America,1863,6.7782307
South America,1864,7.2547646
South America,1865,6.944903
South America,1866,6.1154304
South America,1867,6.28115
South America,1868,6.905715
South America,1869,5.865824
South America,1870,6.7736483
South America,1871,8.041665
South America,1872,7.690995
South America,1873,8.146818
South America,1874,7.5769973
South America,1875,8.785622
South America,1876,7.977603
South America,1877,7.183675
South America,1878,7.9221873
South America,1879,6.4689507
South America,1880,9.471829
South America,1881,10.054664
South America,1882,10.708497
South America,1883,11.574208
South America,1884,11.388498
South America,1885,11.284891
South America,1886,10.869372
South America,1887,12.153454
South America,1888,10.681469
South America,1889,11.255264
South America,1890,9.958247
South America,1891,10.905823
South America,1892,10.019467
South America,1893,10.410028
South America,1894,9.719987
South America,1895,9.883221
South America,1896,9.430343
South America,1897,9.503053
South America,1898,9.195447
South America,1899,9.606122
South America,1900,10.871415
South America,1901,11.780045
South America,1902,12.333393
South America,1903,12.076912
South America,1904,12.398153
South America,1905,12.554252
South America,1906,12.043442
South America,1907,11.644895
South America,1908,12.045298
South America,1909,12.143866
South America,1910,13.335496
South America,1911,14.889397
South America,1912,14.804522
South America,1913,14.612057
South America,1914,14.608539
South America,1915,14.448403
South America,1916,14.75109
South America,1917,14.550014
South America,1918,14.407835
South America,1919,14.271276
South America,1920,15.388584
South America,1921,15.715792
South America,1922,16.106041
South America,1923,16.35809
South America,1924,16.06195
South America,1925,16.007483
South America,1926,15.874717
South America,1927,16.169804
South America,1928,15.561414
South America,1929,14.901841
South America,1930,12.175259
South America,1931,10.565718
South America,1932,10.451639
South America,1933,9.8547735
South America,1934,9.205517
South America,1935,8.736691
South America,1936,8.686347
South America,1937,8.30043
South America,1938,7.927797
South America,1939,7.429617
South America,1940,9.662854
South America,1941,10.21391
South America,1942,10.589572
South America,1943,10.50086
South America,1944,10.256932
South America,1945,9.875257
South America,1946,9.80625
South America,1947,9.502149
South America,1948,9.361936
South America,1949,9.098544
South America,1950,11.308102
South America,1951,12.201867
South America,1952,12.70807
South America,1953,12.783965
South America,1954,12.833849
South America,1955,12.994559
South America,1956,13.044755
South America,1957,13.032807
South America,1958,13.244858
South America,1959,13.6724825
South America,1960,12.742635
South America,1961,12.517771
South America,1962,11.737581
South America,1963,11.26614
South America,1964,11.459987
South America,1965,10.279274
South America,1966,9.761217
South America,1967,9.465915
South America,1968,8.8345585
South America,1969,8.3554535
South America,1970,10.143462
South America,1971,8.849082
South America,1972,8.44634
South America,1973,8.319975
South America,1974,8.139361
South America,1975,7.946367
South America,1976,8.13178
South America,1977,7.724576
South America,1978,7.7188497
South America,1979,7.696113
South America,1980,7.8472304
South America,1981,7.426838
South America,1982,7.386472
South America,1983,7.2157645
South America,1984,8.760357
South America,1985,6.620463
South America,1986,6.8261003
South America,1987,6.4146633
South America,1988,5.988843
South America,1989,5.7979517
South America,1990,5.762416
South America,1991,5.8367043
South America,1992,6.017409
South America,1993,5.761636
South America,1994,7.397591
South America,1995,6.827285
South America,1996,6.458273
South America,1997,6.974039
South America,1998,7.8608165
South America,1999,7.460403
South America,2000,6.370737
South America,2001,5.8268127
South America,2002,6.6434126
South America,2003,10.453427
South America,2004,7.920245
South America,2005,6.7894707
South America,2006,6.259622
South America,2007,5.2739778
South America,2008,4.550892
South America,2009,4.5009675
South America,2010,3.8603103
South America,2011,4.0946684
South America,2012,4.653358
South America,2013,4.177509
South America,2014,4.2276936
South America,2015,3.8577442
South America,2016,3.434779
South America,2017,3.3759408
South America,2018,3.3773897
South America,2019,3.4534593
South America,2020,3.5197911
South America,2021,4.057002
South America,2022,3.636599
South America,2023,3.5432138
South Korea,1850,0.09361697
South Korea,1851,0.09541126
South Korea,1852,0.07340875
South Korea,1853,0.092097014
South Korea,1854,0.09094704
South Korea,1855,0.089568935
South Korea,1856,0.09686919
South Korea,1857,0.08741027
South Korea,1858,0.09912891
South Korea,1859,0.08273038
South Korea,1860,0.07800907
South Korea,1861,0.08671517
South Korea,1862,0.093433104
South Korea,1863,0.093807675
South Korea,1864,0.09249252
South Korea,1865,0.076970436
South Korea,1866,0.10077615
South Korea,1867,0.09937928
South Korea,1868,0.10763837
South Korea,1869,0.10787867
South Korea,1870,0.10806329
South Korea,1871,0.11435176
South Korea,1872,0.10903539
South Korea,1873,0.123222984
South Korea,1874,0.13089538
South Korea,1875,0.14331894
South Korea,1876,0.1573671
South Korea,1877,0.16571927
South Korea,1878,0.19327267
South Korea,1879,0.20446809
South Korea,1880,0.19035144
South Korea,1881,0.11690595
South Korea,1882,0.077363476
South Korea,1883,0.048154242
South Korea,1884,0.018685937
South Korea,1885,-0.005992298
South Korea,1886,-0.011544766
South Korea,1887,-0.034170892
South Korea,1888,-0.0435774
South Korea,1889,-0.05383152
South Korea,1890,-0.06948142
South Korea,1891,-0.07746159
South Korea,1892,-0.09382128
South Korea,1893,-0.10296238
South Korea,1894,-0.11054652
South Korea,1895,-0.11759625
South Korea,1896,-0.11600534
South Korea,1897,-0.12351627
South Korea,1898,-0.12140664
South Korea,1899,-0.13558787
South Korea,1900,-0.14055355
South Korea,1901,-0.1356708
South Korea,1902,-0.13259168
South Korea,1903,-0.14017469
South Korea,1904,-0.14222226
South Korea,1905,-0.13636729
South Korea,1906,-0.13971527
South Korea,1907,-0.13137273
South Korea,1908,-0.13399583
South Korea,1909,-0.12921754
South Korea,1910,-0.07760814
South Korea,1911,-0.027428819
South Korea,1912,0.020374352
South Korea,1913,0.06069012
South Korea,1914,0.09710386
South Korea,1915,0.1156923
South Korea,1916,0.12802748
South Korea,1917,0.18473545
South Korea,1918,0.1889268
South Korea,1919,0.21625315
South Korea,1920,0.22723159
South Korea,1921,0.23573409
South Korea,1922,0.2570373
South Korea,1923,0.24307065
South Korea,1924,0.28245154
South Korea,1925,0.266358
South Korea,1926,0.26599634
South Korea,1927,0.28412327
South Korea,1928,0.30407533
South Korea,1929,0.34827605
South Korea,1930,0.2782645
South Korea,1931,0.23774461
South Korea,1932,0.24939905
South Korea,1933,0.20387074
South Korea,1934,0.19357571
South Korea,1935,0.19392909
South Korea,1936,0.16378698
South Korea,1937,0.17258765
South Korea,1938,0.15224849
South Korea,1939,0.19110714
South Korea,1940,0.1525849
South Korea,1941,0.13081264
South Korea,1942,0.15468253
South Korea,1943,0.15661168
South Korea,1944,0.14999513
South Korea,1945,0.11387469
South Korea,1946,0.11506873
South Korea,1947,0.107205614
South Korea,1948,0.10170897
South Korea,1949,0.10933343
South Korea,1950,0.0657608
South Korea,1951,0.04987142
South Korea,1952,0.035414133
South Korea,1953,0.019096637
South Korea,1954,0.004903461
South Korea,1955,-0.002861638
South Korea,1956,-0.041327808
South Korea,1957,-0.068393536
South Korea,1958,-0.11372617
South Korea,1959,-4.3842726
South Korea,1960,-3.953319
South Korea,1961,-3.71569
South Korea,1962,-3.4592614
South Korea,1963,-3.1389372
South Korea,1964,-2.8509073
South Korea,1965,-2.651339
South Korea,1966,-2.4851482
South Korea,1967,-2.3210444
South Korea,1968,-2.1936226
South Korea,1969,-2.0843
South Korea,1970,-1.985215
South Korea,1971,-1.8925318
South Korea,1972,-1.7890321
South Korea,1973,-1.6877567
South Korea,1974,-1.5902568
South Korea,1975,-1.5047488
South Korea,1976,-1.4340005
South Korea,1977,-1.3631119
South Korea,1978,-1.3012027
South Korea,1979,-1.2441627
South Korea,1980,-1.1857169
South Korea,1981,-1.1224078
South Korea,1982,-1.0579711
South Korea,1983,-1.0110976
South Korea,1984,-0.9515971
South Korea,1985,-0.9077095
South Korea,1986,-0.8519561
South Korea,1987,-0.80787647
South Korea,1988,-0.7688309
South Korea,1989,-0.7384206
South Korea,1990,-0.7081189
South Korea,1991,-0.6847521
South Korea,1992,-0.6520648
South Korea,1993,-0.6384613
South Korea,1994,-0.6245951
South Korea,1995,-0.62567335
South Korea,1996,-0.6068932
South Korea,1997,-0.5856572
South Korea,1998,-0.5596237
South Korea,1999,-0.49684668
South Korea,2000,-0.50827605
South Korea,2001,-0.4992835
South Korea,2002,-0.487516
South Korea,2003,-0.4717869
South Korea,2004,-0.44867292
South Korea,2005,-0.43808877
South Korea,2006,-0.4246729
South Korea,2007,-0.4118279
South Korea,2008,-0.4011966
South Korea,2009,-0.37978727
South Korea,2010,-0.3846619
South Korea,2011,-0.30639642
South Korea,2012,-0.33054975
South Korea,2013,-0.32893527
South Korea,2014,-0.3163782
South Korea,2015,-0.31764
South Korea,2016,-0.31250906
South Korea,2017,-0.31036407
South Korea,2018,-0.30497476
South Korea,2019,-0.2994777
South Korea,2020,-0.29849213
South Korea,2021,-0.29669517
South Korea,2022,-0.2948615
South Korea,2023,-0.29249796
South Sudan,1850,3.9469657
South Sudan,1851,3.8926086
South Sudan,1852,3.8529367
South Sudan,1853,3.8021574
South Sudan,1854,3.7574873
South Sudan,1855,3.7122338
South Sudan,1856,3.669264
South Sudan,1857,3.6271348
South Sudan,1858,3.5908225
South Sudan,1859,3.5496006
South Sudan,1860,3.49386
South Sudan,1861,3.4628015
South Sudan,1862,3.4336686
South Sudan,1863,3.405093
South Sudan,1864,3.3728588
South Sudan,1865,3.343569
South Sudan,1866,3.3105474
South Sudan,1867,3.2825532
South Sudan,1868,3.2497668
South Sudan,1869,3.2187998
South Sudan,1870,3.234523
South Sudan,1871,3.2080944
South Sudan,1872,3.17554
South Sudan,1873,3.1502695
South Sudan,1874,3.1201782
South Sudan,1875,3.0888731
South Sudan,1876,3.055906
South Sudan,1877,3.02613
South Sudan,1878,2.9989412
South Sudan,1879,2.9813948
South Sudan,1880,2.95774
South Sudan,1881,2.944828
South Sudan,1882,2.9348745
South Sudan,1883,2.912084
South Sudan,1884,2.8886619
South Sudan,1885,2.8666363
South Sudan,1886,2.8548648
South Sudan,1887,2.8235714
South Sudan,1888,2.7997806
South Sudan,1889,2.7740805
South Sudan,1890,2.7680721
South Sudan,1891,2.7546134
South Sudan,1892,2.7405334
South Sudan,1893,2.7210157
South Sudan,1894,2.7027295
South Sudan,1895,2.681954
South Sudan,1896,2.6614604
South Sudan,1897,2.63969
South Sudan,1898,2.618498
South Sudan,1899,2.597296
South Sudan,1900,2.5860775
South Sudan,1901,2.5825121
South Sudan,1902,2.5733547
South Sudan,1903,2.560219
South Sudan,1904,2.5516737
South Sudan,1905,2.531449
South Sudan,1906,2.5135925
South Sudan,1907,2.4961905
South Sudan,1908,2.479014
South Sudan,1909,2.4660578
South Sudan,1910,2.4301028
South Sudan,1911,2.4386904
South Sudan,1912,2.4477885
South Sudan,1913,2.4448543
South Sudan,1914,2.4355283
South Sudan,1915,2.4309232
South Sudan,1916,2.4230905
South Sudan,1917,2.403753
South Sudan,1918,2.3914204
South Sudan,1919,2.3819659
South Sudan,1920,2.408226
South Sudan,1921,2.4406977
South Sudan,1922,2.4675088
South Sudan,1923,2.482883
South Sudan,1924,2.4925628
South Sudan,1925,2.497201
South Sudan,1926,2.4987726
South Sudan,1927,2.5016067
South Sudan,1928,2.49884
South Sudan,1929,2.4862454
South Sudan,1930,2.5336614
South Sudan,1931,2.6018722
South Sudan,1932,2.6439965
South Sudan,1933,2.6862385
South Sudan,1934,2.7009583
South Sudan,1935,2.6930857
South Sudan,1936,2.695629
South Sudan,1937,2.7084029
South Sudan,1938,2.705402
South Sudan,1939,2.6927805
South Sudan,1940,2.7808928
South Sudan,1941,3.0799718
South Sudan,1942,3.3120353
South Sudan,1943,3.4920323
South Sudan,1944,3.6078594
South Sudan,1945,3.669868
South Sudan,1946,3.6900823
South Sudan,1947,3.7218344
South Sudan,1948,3.7307703
South Sudan,1949,3.7730246
South Sudan,1950,3.6994684
South Sudan,1951,4.094302
South Sudan,1952,3.999888
South Sudan,1953,4.2388244
South Sudan,1954,4.4486737
South Sudan,1955,4.498003
South Sudan,1956,4.5833135
South Sudan,1957,4.46179
South Sudan,1958,4.762797
South Sudan,1959,5.063945
South Sudan,1960,4.985209
South Sudan,1961,4.794306
South Sudan,1962,4.375043
South Sudan,1963,4.0897136
South Sudan,1964,3.58894
South Sudan,1965,3.5820427
South Sudan,1966,3.6131039
South Sudan,1967,3.3947754
South Sudan,1968,3.3711941
South Sudan,1969,3.344891
South Sudan,1970,3.3785942
South Sudan,1971,3.236543
South Sudan,1972,3.0197861
South Sudan,1973,2.7900083
South Sudan,1974,2.8885467
South Sudan,1975,2.6499667
South Sudan,1976,2.4781725
South Sudan,1977,2.2667608
South Sudan,1978,2.2106702
South Sudan,1979,2.379844
South Sudan,1980,2.3340626
South Sudan,1981,2.3623257
South Sudan,1982,2.3811386
South Sudan,1983,3.4271858
South Sudan,1984,3.696503
South Sudan,1985,4.4771137
South Sudan,1986,5.3215585
South Sudan,1987,5.535445
South Sudan,1988,5.977929
South Sudan,1989,6.8276725
South Sudan,1990,6.1197896
South Sudan,1991,-0.35039064
South Sudan,1992,10.474031
South Sudan,1993,14.209608
South Sudan,1994,11.164975
South Sudan,1995,9.80017
South Sudan,1996,9.1322
South Sudan,1997,7.1395383
South Sudan,1998,5.803805
South Sudan,1999,5.0768514
South Sudan,2000,4.3315473
South Sudan,2001,3.8530107
South Sudan,2002,1.616194
South Sudan,2003,5.349565
South Sudan,2004,3.7865655
South Sudan,2005,4.9159513
South Sudan,2006,3.8559608
South Sudan,2007,3.9762378
South Sudan,2008,3.2635536
South Sudan,2009,2.739438
South Sudan,2010,2.1013532
South Sudan,2011,-0.17798853
South Sudan,2012,2.594444
South Sudan,2013,2.1041107
South Sudan,2014,1.9306567
South Sudan,2015,1.3760661
South Sudan,2016,0.909374
South Sudan,2017,1.6242652
South Sudan,2018,-1.1152533
South Sudan,2019,1.7078296
South Sudan,2020,1.7011521
South Sudan,2021,0.97402865
South Sudan,2022,0.90768427
South Sudan,2023,0.8975097
Spain,1850,2.0334718
Spain,1851,1.8991107
Spain,1852,1.820568
Spain,1853,1.7629071
Spain,1854,1.7172298
Spain,1855,1.6788579
Spain,1856,1.6423993
Spain,1857,1.6084107
Spain,1858,1.5812768
Spain,1859,1.5554034
Spain,1860,1.4706676
Spain,1861,1.4223008
Spain,1862,1.3863094
Spain,1863,1.3524721
Spain,1864,1.3207856
Spain,1865,1.2953928
Spain,1866,1.2685469
Spain,1867,1.2543682
Spain,1868,1.2284234
Spain,1869,1.2112522
Spain,1870,1.1239432
Spain,1871,1.0808018
Spain,1872,1.0502924
Spain,1873,1.0250612
Spain,1874,1.004014
Spain,1875,0.9859666
Spain,1876,0.96799153
Spain,1877,0.94986445
Spain,1878,0.9377065
Spain,1879,0.9248133
Spain,1880,0.8406991
Spain,1881,0.7972371
Spain,1882,0.76809484
Spain,1883,0.7426002
Spain,1884,0.71992034
Spain,1885,0.70282334
Spain,1886,0.68408084
Spain,1887,0.6759836
Spain,1888,0.6580676
Spain,1889,0.646915
Spain,1890,0.97258013
Spain,1891,1.1096325
Spain,1892,1.1858097
Spain,1893,1.2342964
Spain,1894,1.2685175
Spain,1895,1.2936223
Spain,1896,1.3106741
Spain,1897,1.3225205
Spain,1898,1.3348016
Spain,1899,1.3426973
Spain,1900,1.2833157
Spain,1901,1.2608811
Spain,1902,1.2511953
Spain,1903,1.2409662
Spain,1904,1.2284611
Spain,1905,1.2193956
Spain,1906,1.2101578
Spain,1907,1.1995393
Spain,1908,1.1879168
Spain,1909,1.1805024
Spain,1910,1.4120299
Spain,1911,1.5093261
Spain,1912,1.56525
Spain,1913,1.6016707
Spain,1914,1.6244035
Spain,1915,1.6393306
Spain,1916,1.6513898
Spain,1917,1.6574409
Spain,1918,1.6690571
Spain,1919,1.667492
Spain,1920,1.7753783
Spain,1921,1.8241405
Spain,1922,1.8506969
Spain,1923,1.8683214
Spain,1924,1.8788774
Spain,1925,1.8866903
Spain,1926,1.8944522
Spain,1927,1.8937204
Spain,1928,1.8957771
Spain,1929,1.8980477
Spain,1930,1.8350552
Spain,1931,1.8129017
Spain,1932,1.8001652
Spain,1933,1.7906972
Spain,1934,1.7818869
Spain,1935,1.7772796
Spain,1936,1.7679504
Spain,1937,1.7625333
Spain,1938,1.7576858
Spain,1939,1.7484976
Spain,1940,1.2625499
Spain,1941,1.0399795
Spain,1942,0.90923244
Spain,1943,0.8147473
Spain,1944,0.74218494
Spain,1945,0.68535423
Spain,1946,0.635529
Spain,1947,0.5949542
Spain,1948,0.5624221
Spain,1949,0.5371966
Spain,1950,0.56703573
Spain,1951,0.5737345
Spain,1952,0.58295226
Spain,1953,0.5970358
Spain,1954,0.6120467
Spain,1955,0.62776786
Spain,1956,0.65232253
Spain,1957,0.69554496
Spain,1958,0.7519459
Spain,1959,1.3127363
Spain,1960,0.5713463
Spain,1961,0.5812578
Spain,1962,0.34904626
Spain,1963,0.05032606
Spain,1964,0.0947538
Spain,1965,-0.25228506
Spain,1966,0.53704524
Spain,1967,0.02655952
Spain,1968,1.0389514
Spain,1969,0.18711215
Spain,1970,1.5755677
Spain,1971,0.61899716
Spain,1972,0.1924862
Spain,1973,-0.007176626
Spain,1974,-0.10753463
Spain,1975,-0.25238556
Spain,1976,-0.2831054
Spain,1977,-0.28741145
Spain,1978,-0.3112724
Spain,1979,-0.32331884
Spain,1980,-0.30753383
Spain,1981,-0.2838359
Spain,1982,-0.2564604
Spain,1983,-0.2608282
Spain,1984,-0.32611206
Spain,1985,-0.28484485
Spain,1986,-0.29036248
Spain,1987,-0.28164414
Spain,1988,-0.27015647
Spain,1989,-0.3251388
Spain,1990,-0.34886768
Spain,1991,-0.41993877
Spain,1992,-0.5943127
Spain,1993,-0.61350846
Spain,1994,-1.1382182
Spain,1995,-0.10612172
Spain,1996,-0.38850626
Spain,1997,-0.8679987
Spain,1998,-0.6355644
Spain,1999,-0.5613291
Spain,2000,-0.7362734
Spain,2001,-0.6584718
Spain,2002,-0.37567893
Spain,2003,-0.33850098
Spain,2004,-0.43138736
Spain,2005,-0.522408
Spain,2006,-0.58271056
Spain,2007,-0.52904737
Spain,2008,-0.522006
Spain,2009,-0.4903186
Spain,2010,-0.616396
Spain,2011,0.25935367
Spain,2012,-0.33641225
Spain,2013,-0.31744033
Spain,2014,-0.34176192
Spain,2015,-0.45849496
Spain,2016,-0.42701823
Spain,2017,-0.3223193
Spain,2018,-0.31931105
Spain,2019,-0.30679533
Spain,2020,-0.27117607
Spain,2021,-0.2446632
Spain,2022,-0.21998936
Spain,2023,-0.19766077
Sri Lanka,1850,10.789222
Sri Lanka,1851,10.022219
Sri Lanka,1852,9.613902
Sri Lanka,1853,9.422792
Sri Lanka,1854,9.633205
Sri Lanka,1855,9.717006
Sri Lanka,1856,9.881108
Sri Lanka,1857,9.857944
Sri Lanka,1858,9.876068
Sri Lanka,1859,10.407926
Sri Lanka,1860,8.912972
Sri Lanka,1861,7.1631594
Sri Lanka,1862,6.2474356
Sri Lanka,1863,5.87375
Sri Lanka,1864,5.354915
Sri Lanka,1865,4.8310957
Sri Lanka,1866,4.4179506
Sri Lanka,1867,4.546559
Sri Lanka,1868,4.2072043
Sri Lanka,1869,3.8323174
Sri Lanka,1870,2.3918915
Sri Lanka,1871,1.7836491
Sri Lanka,1872,1.462792
Sri Lanka,1873,1.260874
Sri Lanka,1874,1.204286
Sri Lanka,1875,1.0364044
Sri Lanka,1876,0.9355805
Sri Lanka,1877,0.8606533
Sri Lanka,1878,0.8009535
Sri Lanka,1879,0.7513333
Sri Lanka,1880,1.2901106
Sri Lanka,1881,1.4779936
Sri Lanka,1882,1.7259171
Sri Lanka,1883,1.7314898
Sri Lanka,1884,1.7969528
Sri Lanka,1885,1.7918813
Sri Lanka,1886,1.873993
Sri Lanka,1887,1.796649
Sri Lanka,1888,1.7717545
Sri Lanka,1889,2.0944893
Sri Lanka,1890,2.644515
Sri Lanka,1891,3.615554
Sri Lanka,1892,4.040581
Sri Lanka,1893,3.5515275
Sri Lanka,1894,3.826809
Sri Lanka,1895,3.6563096
Sri Lanka,1896,3.824114
Sri Lanka,1897,4.4094343
Sri Lanka,1898,4.098469
Sri Lanka,1899,4.142946
Sri Lanka,1900,3.6880074
Sri Lanka,1901,3.0165873
Sri Lanka,1902,2.5878909
Sri Lanka,1903,2.9134371
Sri Lanka,1904,2.6212354
Sri Lanka,1905,2.6612203
Sri Lanka,1906,2.758545
Sri Lanka,1907,2.5708573
Sri Lanka,1908,2.330297
Sri Lanka,1909,2.6533883
Sri Lanka,1910,2.1213267
Sri Lanka,1911,2.0894783
Sri Lanka,1912,1.8341992
Sri Lanka,1913,1.803033
Sri Lanka,1914,2.0977423
Sri Lanka,1915,1.7397252
Sri Lanka,1916,1.849627
Sri Lanka,1917,1.6605291
Sri Lanka,1918,1.6229565
Sri Lanka,1919,1.8450829
Sri Lanka,1920,1.5219607
Sri Lanka,1921,1.3937492
Sri Lanka,1922,1.3585765
Sri Lanka,1923,1.3549209
Sri Lanka,1924,1.2251338
Sri Lanka,1925,1.181039
Sri Lanka,1926,1.1618775
Sri Lanka,1927,1.1533238
Sri Lanka,1928,1.2445923
Sri Lanka,1929,1.227901
Sri Lanka,1930,1.2658478
Sri Lanka,1931,1.2862804
Sri Lanka,1932,1.3365228
Sri Lanka,1933,1.3273032
Sri Lanka,1934,1.3340808
Sri Lanka,1935,1.3440133
Sri Lanka,1936,1.4643072
Sri Lanka,1937,1.4012104
Sri Lanka,1938,1.4923389
Sri Lanka,1939,1.4243453
Sri Lanka,1940,2.5254548
Sri Lanka,1941,3.0893705
Sri Lanka,1942,3.4086971
Sri Lanka,1943,3.7551758
Sri Lanka,1944,4.008532
Sri Lanka,1945,3.9274082
Sri Lanka,1946,3.9074192
Sri Lanka,1947,3.8901062
Sri Lanka,1948,3.6711206
Sri Lanka,1949,4.065903
Sri Lanka,1950,3.0759068
Sri Lanka,1951,2.7969818
Sri Lanka,1952,2.6295846
Sri Lanka,1953,2.6631045
Sri Lanka,1954,2.5643342
Sri Lanka,1955,2.7261949
Sri Lanka,1956,2.7403526
Sri Lanka,1957,2.9636226
Sri Lanka,1958,2.9730942
Sri Lanka,1959,2.2729282
Sri Lanka,1960,1.6228317
Sri Lanka,1961,1.3245866
Sri Lanka,1962,11.691415
Sri Lanka,1963,7.645207
Sri Lanka,1964,5.9308033
Sri Lanka,1965,4.6448402
Sri Lanka,1966,3.9202077
Sri Lanka,1967,3.891705
Sri Lanka,1968,2.7043636
Sri Lanka,1969,2.1627436
Sri Lanka,1970,1.8738605
Sri Lanka,1971,1.6763636
Sri Lanka,1972,1.5292785
Sri Lanka,1973,1.4137915
Sri Lanka,1974,1.2556973
Sri Lanka,1975,1.7980638
Sri Lanka,1976,2.0125406
Sri Lanka,1977,2.0919309
Sri Lanka,1978,1.1754519
Sri Lanka,1979,0.8873579
Sri Lanka,1980,0.78217
Sri Lanka,1981,0.58972484
Sri Lanka,1982,0.72413427
Sri Lanka,1983,0.644973
Sri Lanka,1984,0.6393286
Sri Lanka,1985,0.737653
Sri Lanka,1986,0.72567743
Sri Lanka,1987,0.6620138
Sri Lanka,1988,0.63205516
Sri Lanka,1989,0.5737314
Sri Lanka,1990,0.58487874
Sri Lanka,1991,0.722516
Sri Lanka,1992,0.6775819
Sri Lanka,1993,0.7593311
Sri Lanka,1994,0.9890457
Sri Lanka,1995,0.8939992
Sri Lanka,1996,0.88679165
Sri Lanka,1997,0.68618476
Sri Lanka,1998,0.75819904
Sri Lanka,1999,0.5884371
Sri Lanka,2000,0.5691569
Sri Lanka,2001,0.5233457
Sri Lanka,2002,0.598222
Sri Lanka,2003,0.66740674
Sri Lanka,2004,2.4484582
Sri Lanka,2005,1.0106281
Sri Lanka,2006,0.9385102
Sri Lanka,2007,2.4902709
Sri Lanka,2008,1.5690179
Sri Lanka,2009,1.214353
Sri Lanka,2010,1.7888607
Sri Lanka,2011,1.1865746
Sri Lanka,2012,0.8137615
Sri Lanka,2013,0.6238521
Sri Lanka,2014,0.5168273
Sri Lanka,2015,0.6476772
Sri Lanka,2016,0.5781708
Sri Lanka,2017,0.42788267
Sri Lanka,2018,0.34036586
Sri Lanka,2019,0.29030633
Sri Lanka,2020,0.25853392
Sri Lanka,2021,0.25925252
Sri Lanka,2022,0.24907754
Sri Lanka,2023,0.23724736
Sudan,1850,0.301799
Sudan,1851,0.28421283
Sudan,1852,0.27607122
Sudan,1853,0.26799482
Sudan,1854,0.26206833
Sudan,1855,0.2563059
Sudan,1856,0.25401026
Sudan,1857,0.24478385
Sudan,1858,0.23938553
Sudan,1859,0.2359889
Sudan,1860,0.2278751
Sudan,1861,0.22093305
Sudan,1862,0.21848015
Sudan,1863,0.21776494
Sudan,1864,0.21583039
Sudan,1865,0.21366896
Sudan,1866,0.20919451
Sudan,1867,0.20576505
Sudan,1868,0.20329133
Sudan,1869,0.20529403
Sudan,1870,0.21602385
Sudan,1871,0.22396237
Sudan,1872,0.22569028
Sudan,1873,0.22262895
Sudan,1874,0.2231548
Sudan,1875,0.22176145
Sudan,1876,0.22148679
Sudan,1877,0.22136927
Sudan,1878,0.2190063
Sudan,1879,0.21795848
Sudan,1880,0.22923069
Sudan,1881,0.23564065
Sudan,1882,0.24124953
Sudan,1883,0.24284875
Sudan,1884,0.25602922
Sudan,1885,0.25141987
Sudan,1886,0.25331342
Sudan,1887,0.25847685
Sudan,1888,0.25494984
Sudan,1889,0.25103137
Sudan,1890,0.272138
Sudan,1891,0.28449312
Sudan,1892,0.2994884
Sudan,1893,0.2977549
Sudan,1894,0.30079058
Sudan,1895,0.3038807
Sudan,1896,0.30466703
Sudan,1897,0.30326915
Sudan,1898,0.30710325
Sudan,1899,0.31016433
Sudan,1900,0.33949968
Sudan,1901,0.3523666
Sudan,1902,0.36375433
Sudan,1903,0.36996624
Sudan,1904,0.37553087
Sudan,1905,0.3816543
Sudan,1906,0.38165784
Sudan,1907,0.38038754
Sudan,1908,0.38260722
Sudan,1909,0.38270488
Sudan,1910,0.42846793
Sudan,1911,0.46052724
Sudan,1912,0.47649342
Sudan,1913,0.48977888
Sudan,1914,0.49422014
Sudan,1915,0.50008
Sudan,1916,0.50715137
Sudan,1917,0.5140365
Sudan,1918,0.51415044
Sudan,1919,0.50788796
Sudan,1920,0.59323245
Sudan,1921,0.6421491
Sudan,1922,0.66695184
Sudan,1923,0.6869796
Sudan,1924,0.69669694
Sudan,1925,0.7013072
Sudan,1926,0.71133125
Sudan,1927,0.7140156
Sudan,1928,0.71611094
Sudan,1929,0.7186896
Sudan,1930,0.91562325
Sudan,1931,1.0179772
Sudan,1932,1.074707
Sudan,1933,1.1080732
Sudan,1934,1.1255454
Sudan,1935,1.1445074
Sudan,1936,1.1581687
Sudan,1937,1.1636164
Sudan,1938,1.1859459
Sudan,1939,1.1745427
Sudan,1940,1.8024724
Sudan,1941,2.173091
Sudan,1942,2.4080653
Sudan,1943,2.5131438
Sudan,1944,2.6001072
Sudan,1945,2.6499448
Sudan,1946,2.6782336
Sudan,1947,2.7242687
Sudan,1948,2.7394166
Sudan,1949,2.7502644
Sudan,1950,3.0888755
Sudan,1951,3.335248
Sudan,1952,3.485325
Sudan,1953,3.6431656
Sudan,1954,3.7803652
Sudan,1955,3.8252132
Sudan,1956,3.9677794
Sudan,1957,4.027946
Sudan,1958,4.168784
Sudan,1959,4.2330317
Sudan,1960,4.2635684
Sudan,1961,3.119365
Sudan,1962,2.4176831
Sudan,1963,2.038307
Sudan,1964,1.833242
Sudan,1965,1.6922226
Sudan,1966,1.5943546
Sudan,1967,1.4268198
Sudan,1968,1.3913665
Sudan,1969,1.285843
Sudan,1970,1.2694794
Sudan,1971,1.2185652
Sudan,1972,1.1693475
Sudan,1973,0.8744642
Sudan,1974,0.9341012
Sudan,1975,0.9021444
Sudan,1976,0.87143
Sudan,1977,0.67225033
Sudan,1978,0.43637332
Sudan,1979,0.32983002
Sudan,1980,0.31002396
Sudan,1981,0.35756314
Sudan,1982,0.3512776
Sudan,1983,0.5530687
Sudan,1984,0.64973533
Sudan,1985,0.72693837
Sudan,1986,0.7679985
Sudan,1987,0.7536285
Sudan,1988,0.6535798
Sudan,1989,0.7089944
Sudan,1990,0.6892117
Sudan,1991,0.023467202
Sudan,1992,4.0125256
Sudan,1993,3.2575922
Sudan,1994,4.068993
Sudan,1995,3.0901735
Sudan,1996,1.6854218
Sudan,1997,0.8790509
Sudan,1998,0.42769152
Sudan,1999,0.1498954
Sudan,2000,0.36801097
Sudan,2001,0.50128555
Sudan,2002,2.722042
Sudan,2003,1.7319
Sudan,2004,2.0447693
Sudan,2005,1.3541412
Sudan,2006,1.5403951
Sudan,2007,1.1840533
Sudan,2008,1.5974665
Sudan,2009,1.2085284
Sudan,2010,2.1951818
Sudan,2011,4.542963
Sudan,2012,2.6168404
Sudan,2013,1.5858339
Sudan,2014,1.7007253
Sudan,2015,1.3165197
Sudan,2016,1.094852
Sudan,2017,1.0581222
Sudan,2018,0.4608191
Sudan,2019,0.4940031
Sudan,2020,0.40272984
Sudan,2021,0.37215912
Sudan,2022,0.35901764
Sudan,2023,0.34864655
Suriname,1850,2.7385955
Suriname,1851,2.5470579
Suriname,1852,2.4824452
Suriname,1853,2.4728353
Suriname,1854,2.4662404
Suriname,1855,2.5329223
Suriname,1856,2.467232
Suriname,1857,2.4709196
Suriname,1858,2.4716105
Suriname,1859,2.4608
Suriname,1860,2.9022543
Suriname,1861,3.0663726
Suriname,1862,3.773406
Suriname,1863,3.4159756
Suriname,1864,3.352179
Suriname,1865,3.3394494
Suriname,1866,3.4159784
Suriname,1867,3.3786407
Suriname,1868,3.391831
Suriname,1869,3.575761
Suriname,1870,3.4858737
Suriname,1871,3.9598117
Suriname,1872,3.632115
Suriname,1873,3.5457656
Suriname,1874,3.5326347
Suriname,1875,3.6072478
Suriname,1876,3.5493562
Suriname,1877,3.5480082
Suriname,1878,3.5610173
Suriname,1879,4.245427
Suriname,1880,3.745013
Suriname,1881,3.6490023
Suriname,1882,4.692926
Suriname,1883,3.9453104
Suriname,1884,3.7508976
Suriname,1885,3.726414
Suriname,1886,3.6433637
Suriname,1887,3.6390288
Suriname,1888,3.8165622
Suriname,1889,3.6835055
Suriname,1890,3.6867054
Suriname,1891,3.7086692
Suriname,1892,4.2416224
Suriname,1893,3.8924847
Suriname,1894,3.8160336
Suriname,1895,3.7929263
Suriname,1896,3.781947
Suriname,1897,3.7730167
Suriname,1898,3.801493
Suriname,1899,3.7896583
Suriname,1900,3.767523
Suriname,1901,3.778135
Suriname,1902,3.7870767
Suriname,1903,3.788933
Suriname,1904,4.5280843
Suriname,1905,4.0429835
Suriname,1906,3.936164
Suriname,1907,4.1491466
Suriname,1908,3.9575055
Suriname,1909,3.8656673
Suriname,1910,4.940818
Suriname,1911,5.2608814
Suriname,1912,5.3289876
Suriname,1913,5.289885
Suriname,1914,5.2211547
Suriname,1915,5.59345
Suriname,1916,5.305972
Suriname,1917,5.0512486
Suriname,1918,4.835632
Suriname,1919,4.6777163
Suriname,1920,4.6834474
Suriname,1921,5.207494
Suriname,1922,4.7912607
Suriname,1923,4.8103895
Suriname,1924,4.679975
Suriname,1925,4.668631
Suriname,1926,4.625011
Suriname,1927,4.5810003
Suriname,1928,4.9594884
Suriname,1929,4.6550694
Suriname,1930,3.571419
Suriname,1931,3.139432
Suriname,1932,2.8932064
Suriname,1933,2.7321541
Suriname,1934,2.6267426
Suriname,1935,2.5284832
Suriname,1936,2.4557424
Suriname,1937,2.3875484
Suriname,1938,2.3361335
Suriname,1939,2.2830267
Suriname,1940,2.1435885
Suriname,1941,2.0847778
Suriname,1942,2.0545442
Suriname,1943,2.0370803
Suriname,1944,2.0252385
Suriname,1945,2.0159903
Suriname,1946,2.0078757
Suriname,1947,2.0100584
Suriname,1948,2.0085912
Suriname,1949,1.9985106
Suriname,1950,3.0729005
Suriname,1951,2.974135
Suriname,1952,2.8256881
Suriname,1953,2.664191
Suriname,1954,2.5312145
Suriname,1955,2.845413
Suriname,1956,2.4160516
Suriname,1957,2.2199244
Suriname,1958,1.9433054
Suriname,1959,1.606363
Suriname,1960,1.7361269
Suriname,1961,3.0731926
Suriname,1962,2.0312963
Suriname,1963,6.9767914
Suriname,1964,4.2962756
Suriname,1965,2.6603818
Suriname,1966,2.072204
Suriname,1967,1.8569047
Suriname,1968,4.6186852
Suriname,1969,3.1150212
Suriname,1970,5.6067257
Suriname,1971,3.683821
Suriname,1972,4.6515274
Suriname,1973,3.5797558
Suriname,1974,3.1179376
Suriname,1975,3.1731715
Suriname,1976,3.8382108
Suriname,1977,3.346455
Suriname,1978,4.0656147
Suriname,1979,7.06691
Suriname,1980,7.601657
Suriname,1981,6.850023
Suriname,1982,5.5884914
Suriname,1983,5.731981
Suriname,1984,6.144923
Suriname,1985,5.743977
Suriname,1986,7.4925137
Suriname,1987,4.8897896
Suriname,1988,3.3627782
Suriname,1989,2.6756997
Suriname,1990,2.9009004
Suriname,1991,2.8849268
Suriname,1992,8.982726
Suriname,1993,5.5426474
Suriname,1994,6.9698596
Suriname,1995,7.110004
Suriname,1996,4.3605227
Suriname,1997,4.0320745
Suriname,1998,6.703847
Suriname,1999,4.20053
Suriname,2000,5.382845
Suriname,2001,2.8752747
Suriname,2002,8.040164
Suriname,2003,7.5861173
Suriname,2004,3.496759
Suriname,2005,2.953709
Suriname,2006,1.7276052
Suriname,2007,2.4209116
Suriname,2008,8.72924
Suriname,2009,3.525833
Suriname,2010,4.0707335
Suriname,2011,2.027201
Suriname,2012,7.775518
Suriname,2013,6.8903456
Suriname,2014,4.0563855
Suriname,2015,2.9627879
Suriname,2016,3.0343084
Suriname,2017,2.9728374
Suriname,2018,2.803167
Suriname,2019,2.7678692
Suriname,2020,2.1104293
Suriname,2021,2.0517614
Suriname,2022,1.8117493
Suriname,2023,1.5235398
Sweden,1850,7.893482
Sweden,1851,7.8805237
Sweden,1852,7.919333
Sweden,1853,7.874326
Sweden,1854,7.860998
Sweden,1855,7.8917756
Sweden,1856,7.882874
Sweden,1857,7.8420486
Sweden,1858,7.79765
Sweden,1859,7.898055
Sweden,1860,7.8060684
Sweden,1861,7.7635417
Sweden,1862,7.8835344
Sweden,1863,7.8847513
Sweden,1864,7.8952546
Sweden,1865,7.8760986
Sweden,1866,7.8858967
Sweden,1867,7.914325
Sweden,1868,7.9233623
Sweden,1869,7.9160304
Sweden,1870,7.960297
Sweden,1871,7.936336
Sweden,1872,7.972259
Sweden,1873,8.008528
Sweden,1874,7.9491186
Sweden,1875,7.934187
Sweden,1876,7.928931
Sweden,1877,7.9022336
Sweden,1878,7.9682393
Sweden,1879,7.935227
Sweden,1880,7.4756513
Sweden,1881,7.231037
Sweden,1882,7.2611027
Sweden,1883,7.195793
Sweden,1884,7.036487
Sweden,1885,7.005569
Sweden,1886,6.97042
Sweden,1887,6.945548
Sweden,1888,6.9465594
Sweden,1889,6.7954383
Sweden,1890,6.8928447
Sweden,1891,6.86388
Sweden,1892,6.9522395
Sweden,1893,6.8077164
Sweden,1894,6.7813816
Sweden,1895,6.7613792
Sweden,1896,6.7776594
Sweden,1897,6.715242
Sweden,1898,6.7094555
Sweden,1899,6.6377134
Sweden,1900,6.6052723
Sweden,1901,6.681236
Sweden,1902,6.6314273
Sweden,1903,6.653278
Sweden,1904,6.7429113
Sweden,1905,6.6876
Sweden,1906,6.6707754
Sweden,1907,6.692904
Sweden,1908,6.6717324
Sweden,1909,6.63834
Sweden,1910,6.3941054
Sweden,1911,6.278439
Sweden,1912,6.119783
Sweden,1913,6.0621247
Sweden,1914,5.986406
Sweden,1915,5.908073
Sweden,1916,5.8290935
Sweden,1917,5.710344
Sweden,1918,5.689982
Sweden,1919,5.567936
Sweden,1920,5.5405903
Sweden,1921,5.4394784
Sweden,1922,5.424226
Sweden,1923,5.32557
Sweden,1924,5.2256484
Sweden,1925,5.158874
Sweden,1926,5.0829635
Sweden,1927,4.977741
Sweden,1928,4.9191985
Sweden,1929,4.7921276
Sweden,1930,4.6487947
Sweden,1931,4.4851184
Sweden,1932,4.34265
Sweden,1933,4.1571293
Sweden,1934,4.0381665
Sweden,1935,3.8676832
Sweden,1936,3.7190344
Sweden,1937,3.5599258
Sweden,1938,3.413074
Sweden,1939,3.2402449
Sweden,1940,3.143553
Sweden,1941,2.9911962
Sweden,1942,2.8749135
Sweden,1943,3.314922
Sweden,1944,3.4582732
Sweden,1945,3.5192075
Sweden,1946,3.4936507
Sweden,1947,3.4357004
Sweden,1948,3.3606715
Sweden,1949,3.196135
Sweden,1950,3.0126479
Sweden,1951,2.6933527
Sweden,1952,2.241539
Sweden,1953,1.783506
Sweden,1954,1.2276264
Sweden,1955,0.64903104
Sweden,1956,-0.042748068
Sweden,1957,-0.69933337
Sweden,1958,-1.5865947
Sweden,1959,-3.9010515
Sweden,1960,-3.3347898
Sweden,1961,-3.825017
Sweden,1962,-4.2091417
Sweden,1963,-4.197323
Sweden,1964,-4.2144256
Sweden,1965,-4.158854
Sweden,1966,-3.9840434
Sweden,1967,-3.8854086
Sweden,1968,-3.5863883
Sweden,1969,-3.4304364
Sweden,1970,-3.1847775
Sweden,1971,-3.0008595
Sweden,1972,-2.9341006
Sweden,1973,-2.7090187
Sweden,1974,-2.5532815
Sweden,1975,-2.3923213
Sweden,1976,-2.3218446
Sweden,1977,-2.2449563
Sweden,1978,-2.2221909
Sweden,1979,-2.0850253
Sweden,1980,-2.0678189
Sweden,1981,-1.9883492
Sweden,1982,-1.9137133
Sweden,1983,-1.8207651
Sweden,1984,-1.812393
Sweden,1985,-1.7562579
Sweden,1986,-1.6767672
Sweden,1987,-1.5854863
Sweden,1988,-1.5209594
Sweden,1989,-1.3772306
Sweden,1990,-1.3989172
Sweden,1991,-1.3852415
Sweden,1992,-1.2239643
Sweden,1993,-1.1582718
Sweden,1994,-1.1053991
Sweden,1995,-0.65661204
Sweden,1996,-0.8620488
Sweden,1997,-0.7518195
Sweden,1998,-0.6687479
Sweden,1999,-0.9927905
Sweden,2000,-0.3938153
Sweden,2001,-0.34766477
Sweden,2002,-0.44763654
Sweden,2003,-0.28106225
Sweden,2004,0.21081817
Sweden,2005,0.30770463
Sweden,2006,0.092477776
Sweden,2007,0.17949887
Sweden,2008,0.15589337
Sweden,2009,0.19765529
Sweden,2010,0.18325105
Sweden,2011,0.11936724
Sweden,2012,0.14439796
Sweden,2013,0.14230348
Sweden,2014,0.22111595
Sweden,2015,0.27007475
Sweden,2016,0.31853142
Sweden,2017,0.44475195
Sweden,2018,0.45381603
Sweden,2019,0.5025482
Sweden,2020,0.5339568
Sweden,2021,0.61540407
Sweden,2022,0.6506207
Sweden,2023,0.66862166
Switzerland,1850,1.5576025
Switzerland,1851,1.5245858
Switzerland,1852,1.5198256
Switzerland,1853,1.5798932
Switzerland,1854,1.4803765
Switzerland,1855,1.5683038
Switzerland,1856,1.4906224
Switzerland,1857,1.3922389
Switzerland,1858,1.3793346
Switzerland,1859,1.2594914
Switzerland,1860,1.4286222
Switzerland,1861,1.2738419
Switzerland,1862,1.298998
Switzerland,1863,1.2196376
Switzerland,1864,1.2160866
Switzerland,1865,1.1516494
Switzerland,1866,1.1547812
Switzerland,1867,1.1946747
Switzerland,1868,1.2007424
Switzerland,1869,1.1586833
Switzerland,1870,1.1106722
Switzerland,1871,1.060511
Switzerland,1872,1.0358516
Switzerland,1873,1.0703155
Switzerland,1874,0.9806891
Switzerland,1875,1.0511255
Switzerland,1876,0.9933134
Switzerland,1877,0.92274183
Switzerland,1878,0.9204179
Switzerland,1879,0.833047
Switzerland,1880,0.90041345
Switzerland,1881,0.75998914
Switzerland,1882,0.7641014
Switzerland,1883,0.6925354
Switzerland,1884,0.67816657
Switzerland,1885,0.6195313
Switzerland,1886,0.6071223
Switzerland,1887,0.62504345
Switzerland,1888,0.61250216
Switzerland,1889,0.5714486
Switzerland,1890,0.7283662
Switzerland,1891,0.77562374
Switzerland,1892,0.8157182
Switzerland,1893,0.888194
Switzerland,1894,0.86408323
Switzerland,1895,0.96063066
Switzerland,1896,0.956819
Switzerland,1897,0.9430054
Switzerland,1898,0.978737
Switzerland,1899,0.9388052
Switzerland,1900,1.1017864
Switzerland,1901,1.0456487
Switzerland,1902,1.0835516
Switzerland,1903,1.1063049
Switzerland,1904,1.1682867
Switzerland,1905,1.131075
Switzerland,1906,1.211104
Switzerland,1907,1.1945757
Switzerland,1908,1.1710985
Switzerland,1909,1.1956363
Switzerland,1910,0.9185742
Switzerland,1911,0.920078
Switzerland,1912,0.77015984
Switzerland,1913,0.736076
Switzerland,1914,0.65303874
Switzerland,1915,0.60842586
Switzerland,1916,0.5372086
Switzerland,1917,0.5050666
Switzerland,1918,0.49230814
Switzerland,1919,0.4571529
Switzerland,1920,0.42757317
Switzerland,1921,0.4732235
Switzerland,1922,0.37261385
Switzerland,1923,0.3601396
Switzerland,1924,0.32805836
Switzerland,1925,0.3235639
Switzerland,1926,0.29650316
Switzerland,1927,0.27672642
Switzerland,1928,0.2696166
Switzerland,1929,0.2651214
Switzerland,1930,0.216198
Switzerland,1931,0.20402579
Switzerland,1932,0.20193599
Switzerland,1933,0.18790133
Switzerland,1934,0.17137933
Switzerland,1935,0.14337736
Switzerland,1936,0.12712272
Switzerland,1937,0.11964358
Switzerland,1938,0.11693062
Switzerland,1939,0.088195294
Switzerland,1940,0.1557183
Switzerland,1941,0.17869551
Switzerland,1942,0.20346896
Switzerland,1943,0.21872644
Switzerland,1944,0.22452137
Switzerland,1945,0.22785509
Switzerland,1946,0.22470772
Switzerland,1947,0.24596168
Switzerland,1948,0.23270474
Switzerland,1949,0.2565177
Switzerland,1950,0.29594088
Switzerland,1951,0.3328289
Switzerland,1952,0.35106593
Switzerland,1953,0.35115117
Switzerland,1954,0.33643463
Switzerland,1955,0.320064
Switzerland,1956,0.31582054
Switzerland,1957,0.32971632
Switzerland,1958,0.36277544
Switzerland,1959,0.6772537
Switzerland,1960,0.6065031
Switzerland,1961,0.3870684
Switzerland,1962,0.2959062
Switzerland,1963,0.22957787
Switzerland,1964,0.19362704
Switzerland,1965,0.13782303
Switzerland,1966,0.10404585
Switzerland,1967,0.12093295
Switzerland,1968,0.122753
Switzerland,1969,0.06465425
Switzerland,1970,0.040013794
Switzerland,1971,0.06996603
Switzerland,1972,0.027457908
Switzerland,1973,0.015545125
Switzerland,1974,0.041381806
Switzerland,1975,0.019856043
Switzerland,1976,0.005801932
Switzerland,1977,0.06398995
Switzerland,1978,0.17162824
Switzerland,1979,0.09529228
Switzerland,1980,0.096815094
Switzerland,1981,0.1152331
Switzerland,1982,0.11955466
Switzerland,1983,0.14207923
Switzerland,1984,0.13513702
Switzerland,1985,0.107186586
Switzerland,1986,0.09172544
Switzerland,1987,0.09794598
Switzerland,1988,0.12052575
Switzerland,1989,0.08807613
Switzerland,1990,0.11510305
Switzerland,1991,0.074321486
Switzerland,1992,0.07136673
Switzerland,1993,0.10583157
Switzerland,1994,0.09652028
Switzerland,1995,0.075695425
Switzerland,1996,0.033770517
Switzerland,1997,0.054346602
Switzerland,1998,0.06672788
Switzerland,1999,0.022140734
Switzerland,2000,0.102790706
Switzerland,2001,0.07325111
Switzerland,2002,0.04136829
Switzerland,2003,0.054744627
Switzerland,2004,-0.000659944
Switzerland,2005,-0.016299173
Switzerland,2006,-0.010107466
Switzerland,2007,-0.012256493
Switzerland,2008,-0.032244746
Switzerland,2009,-0.03754163
Switzerland,2010,-0.036599267
Switzerland,2011,-0.04284209
Switzerland,2012,-0.040950973
Switzerland,2013,-0.019118927
Switzerland,2014,-0.037578665
Switzerland,2015,-0.03570279
Switzerland,2016,-0.04732875
Switzerland,2017,-0.020345023
Switzerland,2018,-0.030271262
Switzerland,2019,-0.052571196
Switzerland,2020,-0.044813354
Switzerland,2021,-0.04596531
Switzerland,2022,-0.041723654
Switzerland,2023,-0.033742346
Syria,1850,0.52295256
Syria,1851,0.52267814
Syria,1852,0.52121794
Syria,1853,0.51917344
Syria,1854,0.51681924
Syria,1855,0.5142563
Syria,1856,0.5115832
Syria,1857,0.5088257
Syria,1858,0.50598484
Syria,1859,0.5031096
Syria,1860,0.501373
Syria,1861,0.4999998
Syria,1862,0.49853525
Syria,1863,0.4969092
Syria,1864,0.495123
Syria,1865,0.49320203
Syria,1866,0.49112445
Syria,1867,0.4889388
Syria,1868,0.48664564
Syria,1869,0.48424676
Syria,1870,1.2343993
Syria,1871,1.6109507
Syria,1872,1.828842
Syria,1873,1.9656836
Syria,1874,2.057465
Syria,1875,2.1227548
Syria,1876,2.171561
Syria,1877,2.209489
Syria,1878,2.2397335
Syria,1879,2.2641833
Syria,1880,2.2523065
Syria,1881,2.2517219
Syria,1882,2.2547965
Syria,1883,2.2587085
Syria,1884,2.2622123
Syria,1885,2.2647448
Syria,1886,2.2661157
Syria,1887,2.266296
Syria,1888,2.2653189
Syria,1889,2.2632813
Syria,1890,1.329207
Syria,1891,0.8389218
Syria,1892,0.5392763
Syria,1893,0.33874825
Syria,1894,0.19457728
Syria,1895,0.08449588
Syria,1896,-0.003803458
Syria,1897,-0.077175364
Syria,1898,-0.13973737
Syria,1899,-0.19360325
Syria,1900,-0.24476333
Syria,1901,-0.28785405
Syria,1902,-0.32419103
Syria,1903,-0.35469142
Syria,1904,-0.38078135
Syria,1905,-0.40308568
Syria,1906,-0.42212355
Syria,1907,-0.43835273
Syria,1908,-0.4520606
Syria,1909,-0.46350226
Syria,1910,-0.45841748
Syria,1911,-0.4576733
Syria,1912,-0.45835674
Syria,1913,-0.45930177
Syria,1914,-0.46006113
Syria,1915,-0.4604366
Syria,1916,-0.46030802
Syria,1917,-0.45967898
Syria,1918,-0.4586275
Syria,1919,-0.45711395
Syria,1920,-0.4421134
Syria,1921,-0.43158844
Syria,1922,-0.42299893
Syria,1923,-0.41538668
Syria,1924,-0.40830946
Syria,1925,-0.40157065
Syria,1926,-0.39508617
Syria,1927,-0.38881972
Syria,1928,-0.38272184
Syria,1929,-0.37678847
Syria,1930,2.6883461
Syria,1931,4.1734715
Syria,1932,4.994601
Syria,1933,5.4786143
Syria,1934,5.7759886
Syria,1935,5.964258
Syria,1936,6.085324
Syria,1937,6.1625185
Syria,1938,6.209311
Syria,1939,6.2337914
Syria,1940,4.8319526
Syria,1941,4.146993
Syria,1942,3.758514
Syria,1943,3.5165844
Syria,1944,3.3526564
Syria,1945,3.2319114
Syria,1946,3.1359267
Syria,1947,3.0547988
Syria,1948,2.9831
Syria,1949,2.9105666
Syria,1950,3.5433812
Syria,1951,4.020968
Syria,1952,4.3550944
Syria,1953,4.668171
Syria,1954,4.868798
Syria,1955,5.0848846
Syria,1956,5.230588
Syria,1957,5.368229
Syria,1958,5.443059
Syria,1959,5.486141
Syria,1960,5.256223
Syria,1961,3.7217457
Syria,1962,3.52148
Syria,1963,3.3782694
Syria,1964,1.816601
Syria,1965,-0.4184947
Syria,1966,-0.39239863
Syria,1967,-1.1887771
Syria,1968,-0.69232374
Syria,1969,-0.50612026
Syria,1970,-0.48389244
Syria,1971,0.26295826
Syria,1972,-0.4043344
Syria,1973,0.57528263
Syria,1974,-1.2535383
Syria,1975,-0.028373696
Syria,1976,-0.79413414
Syria,1977,-0.3769448
Syria,1978,0.043472394
Syria,1979,-0.27900887
Syria,1980,0.03609346
Syria,1981,0.004835141
Syria,1982,-0.5338757
Syria,1983,-0.24122326
Syria,1984,-0.3698592
Syria,1985,-0.3440508
Syria,1986,-0.2818765
Syria,1987,-0.47578192
Syria,1988,-0.4024355
Syria,1989,0.1291589
Syria,1990,-0.14779012
Syria,1991,-0.21557313
Syria,1992,-0.37686133
Syria,1993,-0.11741514
Syria,1994,-0.13578574
Syria,1995,-0.20902216
Syria,1996,-0.043700434
Syria,1997,-0.15576914
Syria,1998,-0.07641653
Syria,1999,-0.27950963
Syria,2000,0.023933623
Syria,2001,-0.09837682
Syria,2002,0.035137583
Syria,2003,0.36768526
Syria,2004,0.05422616
Syria,2005,0.043058816
Syria,2006,0.19305958
Syria,2007,0.019063799
Syria,2008,-0.019753907
Syria,2009,0.032157023
Syria,2010,0.026486225
Syria,2011,0.030539673
Syria,2012,0.006270412
Syria,2013,-0.004621668
Syria,2014,-0.024486776
Syria,2015,-0.026647352
Syria,2016,-0.012295551
Syria,2017,-0.01834609
Syria,2018,-0.038891792
Syria,2019,-0.03353742
Syria,2020,-0.032141455
Syria,2021,-0.027936386
Syria,2022,-0.024702752
Syria,2023,-0.021808926
Tajikistan,1850,0.8730276
Tajikistan,1851,0.87121034
Tajikistan,1852,0.867187
Tajikistan,1853,0.8629334
Tajikistan,1854,0.8588022
Tajikistan,1855,0.8548482
Tajikistan,1856,0.84721965
Tajikistan,1857,0.83791935
Tajikistan,1858,0.83138555
Tajikistan,1859,0.82539773
Tajikistan,1860,0.82884485
Tajikistan,1861,0.82788897
Tajikistan,1862,0.8251689
Tajikistan,1863,0.8203052
Tajikistan,1864,0.81393534
Tajikistan,1865,0.8085529
Tajikistan,1866,0.8032544
Tajikistan,1867,0.7978838
Tajikistan,1868,0.79239213
Tajikistan,1869,0.78693634
Tajikistan,1870,0.7897083
Tajikistan,1871,0.7914782
Tajikistan,1872,0.79065114
Tajikistan,1873,0.78695637
Tajikistan,1874,0.78311884
Tajikistan,1875,0.77890646
Tajikistan,1876,0.7743754
Tajikistan,1877,0.7696289
Tajikistan,1878,0.7647196
Tajikistan,1879,0.7596986
Tajikistan,1880,0.76238585
Tajikistan,1881,0.7568558
Tajikistan,1882,0.7504667
Tajikistan,1883,0.7441756
Tajikistan,1884,0.73802537
Tajikistan,1885,0.732013
Tajikistan,1886,0.7260928
Tajikistan,1887,0.720263
Tajikistan,1888,0.7144791
Tajikistan,1889,0.708953
Tajikistan,1890,0.7102014
Tajikistan,1891,0.7078069
Tajikistan,1892,0.7039621
Tajikistan,1893,0.6996816
Tajikistan,1894,0.69497794
Tajikistan,1895,0.69010264
Tajikistan,1896,0.68514067
Tajikistan,1897,0.68029034
Tajikistan,1898,0.67527807
Tajikistan,1899,0.6702622
Tajikistan,1900,0.66849685
Tajikistan,1901,0.6659129
Tajikistan,1902,0.6623461
Tajikistan,1903,0.65819377
Tajikistan,1904,0.6536936
Tajikistan,1905,0.64903903
Tajikistan,1906,0.6442706
Tajikistan,1907,0.6394997
Tajikistan,1908,0.63187647
Tajikistan,1909,0.6181582
Tajikistan,1910,0.612859
Tajikistan,1911,0.60548884
Tajikistan,1912,0.5982014
Tajikistan,1913,0.591302
Tajikistan,1914,0.5848494
Tajikistan,1915,0.5788334
Tajikistan,1916,0.5731766
Tajikistan,1917,0.5678379
Tajikistan,1918,0.56264186
Tajikistan,1919,0.5576225
Tajikistan,1920,0.55527174
Tajikistan,1921,0.5498421
Tajikistan,1922,0.54430836
Tajikistan,1923,0.5390474
Tajikistan,1924,0.53402233
Tajikistan,1925,0.529411
Tajikistan,1926,0.5247485
Tajikistan,1927,0.520277
Tajikistan,1928,0.515784
Tajikistan,1929,0.51135904
Tajikistan,1930,0.50779
Tajikistan,1931,0.5012914
Tajikistan,1932,0.4957292
Tajikistan,1933,0.49048275
Tajikistan,1934,0.48543134
Tajikistan,1935,0.48057064
Tajikistan,1936,0.47586894
Tajikistan,1937,0.47132283
Tajikistan,1938,0.46679237
Tajikistan,1939,0.4623867
Tajikistan,1940,0.458875
Tajikistan,1941,0.45375153
Tajikistan,1942,0.4485
Tajikistan,1943,0.44333225
Tajikistan,1944,0.43829885
Tajikistan,1945,0.43339637
Tajikistan,1946,0.42864782
Tajikistan,1947,0.42402512
Tajikistan,1948,0.41952488
Tajikistan,1949,0.41328308
Tajikistan,1950,1.4045455
Tajikistan,1951,1.8890885
Tajikistan,1952,2.1571684
Tajikistan,1953,2.3039594
Tajikistan,1954,2.367464
Tajikistan,1955,2.418233
Tajikistan,1956,2.450035
Tajikistan,1957,2.4912052
Tajikistan,1958,2.571561
Tajikistan,1959,2.6609328
Tajikistan,1960,1.7336686
Tajikistan,1961,1.3946861
Tajikistan,1962,1.0351406
Tajikistan,1963,0.7569859
Tajikistan,1964,0.61776537
Tajikistan,1965,0.40610564
Tajikistan,1966,0.33801576
Tajikistan,1967,0.2836892
Tajikistan,1968,0.2723846
Tajikistan,1969,0.22758716
Tajikistan,1970,0.1873456
Tajikistan,1971,0.21297081
Tajikistan,1972,0.17278089
Tajikistan,1973,0.20664442
Tajikistan,1974,0.14309013
Tajikistan,1975,0.13012752
Tajikistan,1976,0.124957725
Tajikistan,1977,0.08929278
Tajikistan,1978,0.051530864
Tajikistan,1979,0.064972855
Tajikistan,1980,0.08447394
Tajikistan,1981,0.09193479
Tajikistan,1982,0.08594141
Tajikistan,1983,0.06262133
Tajikistan,1984,0.06296711
Tajikistan,1985,0.05466296
Tajikistan,1986,0.0490623
Tajikistan,1987,0.027715448
Tajikistan,1988,-0.0019341
Tajikistan,1989,-0.017981911
Tajikistan,1990,-0.003685222
Tajikistan,1991,0.048766084
Tajikistan,1992,0.16266145
Tajikistan,1993,-0.00593284
Tajikistan,1994,-0.10461788
Tajikistan,1995,-0.19613092
Tajikistan,1996,-0.08042535
Tajikistan,1997,-0.20506038
Tajikistan,1998,-0.19180334
Tajikistan,1999,-0.15819663
Tajikistan,2000,-0.15446126
Tajikistan,2001,-0.1379977
Tajikistan,2002,-0.12996411
Tajikistan,2003,-0.12826298
Tajikistan,2004,-0.103798464
Tajikistan,2005,-0.06083319
Tajikistan,2006,-0.07046073
Tajikistan,2007,-0.046619825
Tajikistan,2008,0.045700468
Tajikistan,2009,-0.015091027
Tajikistan,2010,-0.044554487
Tajikistan,2011,-0.051775347
Tajikistan,2012,0.1716092
Tajikistan,2013,0.27340806
Tajikistan,2014,0.33548856
Tajikistan,2015,0.3628819
Tajikistan,2016,0.38422602
Tajikistan,2017,0.21835059
Tajikistan,2018,0.12695852
Tajikistan,2019,0.086298846
Tajikistan,2020,0.06029333
Tajikistan,2021,0.07848644
Tajikistan,2022,0.084667735
Tajikistan,2023,0.0866367
Tanzania,1850,1.341732
Tanzania,1851,1.2743632
Tanzania,1852,1.2783936
Tanzania,1853,1.2261522
Tanzania,1854,1.1999304
Tanzania,1855,1.1950718
Tanzania,1856,1.1770107
Tanzania,1857,1.1630546
Tanzania,1858,1.1519057
Tanzania,1859,1.2352836
Tanzania,1860,1.2633073
Tanzania,1861,1.2323151
Tanzania,1862,1.2464706
Tanzania,1863,1.2573037
Tanzania,1864,1.2332889
Tanzania,1865,1.3431485
Tanzania,1866,1.2769016
Tanzania,1867,1.3039813
Tanzania,1868,1.2832142
Tanzania,1869,1.2768586
Tanzania,1870,1.2968353
Tanzania,1871,1.3671685
Tanzania,1872,1.3605791
Tanzania,1873,1.334571
Tanzania,1874,1.3455945
Tanzania,1875,1.404197
Tanzania,1876,1.3731142
Tanzania,1877,1.3699536
Tanzania,1878,1.373521
Tanzania,1879,1.3725053
Tanzania,1880,1.3903928
Tanzania,1881,1.3978131
Tanzania,1882,1.4645547
Tanzania,1883,1.4698436
Tanzania,1884,1.4449363
Tanzania,1885,1.4346629
Tanzania,1886,1.5525266
Tanzania,1887,1.4965875
Tanzania,1888,1.4763029
Tanzania,1889,1.4531387
Tanzania,1890,1.6008689
Tanzania,1891,1.6633363
Tanzania,1892,1.6676389
Tanzania,1893,1.7436968
Tanzania,1894,1.7683537
Tanzania,1895,1.7789397
Tanzania,1896,1.8765545
Tanzania,1897,1.8413424
Tanzania,1898,1.850215
Tanzania,1899,1.8342161
Tanzania,1900,2.0642993
Tanzania,1901,2.1265986
Tanzania,1902,2.2113855
Tanzania,1903,2.1955736
Tanzania,1904,2.2399437
Tanzania,1905,2.270521
Tanzania,1906,2.3204823
Tanzania,1907,2.3281794
Tanzania,1908,2.3566794
Tanzania,1909,2.3594432
Tanzania,1910,2.6863031
Tanzania,1911,2.8534863
Tanzania,1912,3.0013287
Tanzania,1913,2.9803722
Tanzania,1914,3.0886629
Tanzania,1915,3.167686
Tanzania,1916,3.122911
Tanzania,1917,3.1871572
Tanzania,1918,3.1201262
Tanzania,1919,3.345822
Tanzania,1920,3.6543195
Tanzania,1921,3.903164
Tanzania,1922,4.027471
Tanzania,1923,4.158959
Tanzania,1924,4.2828445
Tanzania,1925,4.204728
Tanzania,1926,4.276378
Tanzania,1927,4.3075633
Tanzania,1928,4.389865
Tanzania,1929,4.3223457
Tanzania,1930,5.078142
Tanzania,1931,5.719864
Tanzania,1932,6.2088485
Tanzania,1933,6.23434
Tanzania,1934,6.4429145
Tanzania,1935,6.534761
Tanzania,1936,6.4825315
Tanzania,1937,6.5037904
Tanzania,1938,6.7607403
Tanzania,1939,6.7096906
Tanzania,1940,10.237793
Tanzania,1941,12.085349
Tanzania,1942,13.459753
Tanzania,1943,14.200651
Tanzania,1944,14.5301695
Tanzania,1945,14.640288
Tanzania,1946,15.335495
Tanzania,1947,15.109289
Tanzania,1948,14.83927
Tanzania,1949,15.356366
Tanzania,1950,14.791349
Tanzania,1951,13.684669
Tanzania,1952,13.373811
Tanzania,1953,13.676855
Tanzania,1954,13.329861
Tanzania,1955,12.971964
Tanzania,1956,13.026139
Tanzania,1957,12.885564
Tanzania,1958,12.297299
Tanzania,1959,12.00679
Tanzania,1960,12.188233
Tanzania,1961,9.35417
Tanzania,1962,19.273178
Tanzania,1963,15.404016
Tanzania,1964,11.020836
Tanzania,1965,8.044535
Tanzania,1966,6.511803
Tanzania,1967,5.56171
Tanzania,1968,4.96882
Tanzania,1969,13.385583
Tanzania,1970,13.668935
Tanzania,1971,9.172447
Tanzania,1972,6.5061054
Tanzania,1973,5.1395197
Tanzania,1974,4.3011403
Tanzania,1975,3.5920906
Tanzania,1976,3.135271
Tanzania,1977,9.239335
Tanzania,1978,7.699672
Tanzania,1979,4.90029
Tanzania,1980,5.414303
Tanzania,1981,3.8846612
Tanzania,1982,3.1018078
Tanzania,1983,2.5745597
Tanzania,1984,7.2876754
Tanzania,1985,5.9296174
Tanzania,1986,3.6927364
Tanzania,1987,2.8369262
Tanzania,1988,2.2839913
Tanzania,1989,1.8356898
Tanzania,1990,1.9680674
Tanzania,1991,1.5773371
Tanzania,1992,2.0406377
Tanzania,1993,2.0392795
Tanzania,1994,2.058008
Tanzania,1995,2.2321644
Tanzania,1996,2.0533264
Tanzania,1997,2.0308173
Tanzania,1998,2.5596874
Tanzania,1999,2.0218067
Tanzania,2000,1.8405869
Tanzania,2001,1.6566412
Tanzania,2002,2.021686
Tanzania,2003,2.8975482
Tanzania,2004,3.3627467
Tanzania,2005,3.693478
Tanzania,2006,4.501364
Tanzania,2007,4.22296
Tanzania,2008,3.3455946
Tanzania,2009,3.2245994
Tanzania,2010,3.7600164
Tanzania,2011,2.8043408
Tanzania,2012,2.514469
Tanzania,2013,2.1727464
Tanzania,2014,2.2762256
Tanzania,2015,1.999997
Tanzania,2016,1.859663
Tanzania,2017,1.6533173
Tanzania,2018,1.2254398
Tanzania,2019,0.94694346
Tanzania,2020,0.77245617
Tanzania,2021,0.7370744
Tanzania,2022,0.6747554
Tanzania,2023,0.6090185
Thailand,1850,2.669043
Thailand,1851,3.0035124
Thailand,1852,3.9839945
Thailand,1853,4.043551
Thailand,1854,3.8759658
Thailand,1855,4.1753283
Thailand,1856,3.947032
Thailand,1857,4.0826507
Thailand,1858,3.7132928
Thailand,1859,3.8600492
Thailand,1860,4.2903757
Thailand,1861,3.8702228
Thailand,1862,4.381992
Thailand,1863,4.089448
Thailand,1864,3.8874292
Thailand,1865,3.9045587
Thailand,1866,3.5598264
Thailand,1867,3.9211104
Thailand,1868,3.6192908
Thailand,1869,3.9863067
Thailand,1870,3.1674526
Thailand,1871,3.3715196
Thailand,1872,3.0558505
Thailand,1873,2.7650783
Thailand,1874,2.749017
Thailand,1875,2.8523524
Thailand,1876,3.118642
Thailand,1877,2.223101
Thailand,1878,2.2745361
Thailand,1879,2.5914
Thailand,1880,3.57131
Thailand,1881,4.9624567
Thailand,1882,5.35906
Thailand,1883,5.6211486
Thailand,1884,5.7039723
Thailand,1885,5.665669
Thailand,1886,5.4013243
Thailand,1887,5.343227
Thailand,1888,5.4078016
Thailand,1889,5.542886
Thailand,1890,6.1467676
Thailand,1891,6.2291107
Thailand,1892,5.7422175
Thailand,1893,5.9298687
Thailand,1894,5.5973682
Thailand,1895,5.467016
Thailand,1896,5.7306895
Thailand,1897,6.2784095
Thailand,1898,5.891458
Thailand,1899,5.468071
Thailand,1900,7.1072125
Thailand,1901,7.805398
Thailand,1902,8.142079
Thailand,1903,9.136426
Thailand,1904,8.951305
Thailand,1905,8.820524
Thailand,1906,8.700873
Thailand,1907,8.751961
Thailand,1908,9.084575
Thailand,1909,8.897679
Thailand,1910,8.625868
Thailand,1911,9.233177
Thailand,1912,9.83859
Thailand,1913,9.867268
Thailand,1914,9.568904
Thailand,1915,9.123235
Thailand,1916,9.226539
Thailand,1917,9.22713
Thailand,1918,9.296377
Thailand,1919,8.846911
Thailand,1920,9.716805
Thailand,1921,10.933694
Thailand,1922,11.32095
Thailand,1923,11.074848
Thailand,1924,10.662297
Thailand,1925,10.637676
Thailand,1926,10.784378
Thailand,1927,10.393718
Thailand,1928,9.891779
Thailand,1929,9.840231
Thailand,1930,10.674106
Thailand,1931,10.76626
Thailand,1932,10.54796
Thailand,1933,10.28121
Thailand,1934,10.675516
Thailand,1935,10.472403
Thailand,1936,9.932757
Thailand,1937,9.765977
Thailand,1938,9.841028
Thailand,1939,9.432064
Thailand,1940,11.257233
Thailand,1941,12.982089
Thailand,1942,13.293032
Thailand,1943,13.043299
Thailand,1944,13.111599
Thailand,1945,12.920344
Thailand,1946,12.344396
Thailand,1947,12.197805
Thailand,1948,11.831343
Thailand,1949,11.395634
Thailand,1950,10.912107
Thailand,1951,10.648129
Thailand,1952,10.731035
Thailand,1953,10.631447
Thailand,1954,10.614096
Thailand,1955,10.766692
Thailand,1956,10.764691
Thailand,1957,10.524073
Thailand,1958,10.871727
Thailand,1959,9.525835
Thailand,1960,6.116959
Thailand,1961,7.84415
Thailand,1962,10.709323
Thailand,1963,9.191561
Thailand,1964,8.112571
Thailand,1965,7.878479
Thailand,1966,7.5658937
Thailand,1967,6.8500757
Thailand,1968,6.4684734
Thailand,1969,7.205005
Thailand,1970,5.801416
Thailand,1971,10.956663
Thailand,1972,13.887206
Thailand,1973,14.182526
Thailand,1974,10.565525
Thailand,1975,8.462735
Thailand,1976,8.414512
Thailand,1977,7.9870496
Thailand,1978,7.0633235
Thailand,1979,5.959963
Thailand,1980,6.437907
Thailand,1981,6.7775946
Thailand,1982,4.752775
Thailand,1983,3.9577188
Thailand,1984,5.921523
Thailand,1985,4.6927147
Thailand,1986,5.613806
Thailand,1987,3.9079304
Thailand,1988,2.635185
Thailand,1989,2.1673737
Thailand,1990,2.2972474
Thailand,1991,1.4749366
Thailand,1992,1.0910063
Thailand,1993,1.3728838
Thailand,1994,1.5807614
Thailand,1995,1.6566026
Thailand,1996,1.6602223
Thailand,1997,1.4575113
Thailand,1998,1.4425503
Thailand,1999,1.3767178
Thailand,2000,1.3977977
Thailand,2001,1.4321038
Thailand,2002,1.3666737
Thailand,2003,1.4186271
Thailand,2004,1.425921
Thailand,2005,1.4428984
Thailand,2006,1.4191772
Thailand,2007,1.772998
Thailand,2008,1.4936923
Thailand,2009,1.4113071
Thailand,2010,1.5363339
Thailand,2011,1.186226
Thailand,2012,0.92681783
Thailand,2013,0.82432556
Thailand,2014,0.9728111
Thailand,2015,0.76111925
Thailand,2016,0.66843367
Thailand,2017,0.63176376
Thailand,2018,0.55773973
Thailand,2019,0.5207611
Thailand,2020,0.494762
Thailand,2021,0.4840596
Thailand,2022,0.47105268
Thailand,2023,0.45995712
Togo,1850,-0.17535387
Togo,1851,-0.21149012
Togo,1852,-0.27506757
Togo,1853,-0.34628215
Togo,1854,-0.41821307
Togo,1855,-0.4876906
Togo,1856,-0.5535037
Togo,1857,-0.61509633
Togo,1858,-0.67240924
Togo,1859,-0.7255183
Togo,1860,-0.48397925
Togo,1861,-0.36503643
Togo,1862,-0.28301933
Togo,1863,-0.21865036
Togo,1864,-0.1653337
Togo,1865,-0.12010994
Togo,1866,-0.08126486
Togo,1867,-0.04770842
Togo,1868,-0.018698715
Togo,1869,0.00629314
Togo,1870,-0.057135105
Togo,1871,-0.08197134
Togo,1872,-0.096280344
Togo,1873,-0.10645348
Togo,1874,-0.114597596
Togo,1875,-0.121791944
Togo,1876,-0.128419
Togo,1877,-0.13484734
Togo,1878,-0.14113954
Togo,1879,-0.14747228
Togo,1880,-0.16687828
Togo,1881,-0.17689791
Togo,1882,-0.18466428
Togo,1883,-0.1916407
Togo,1884,-0.19822048
Togo,1885,-0.2047978
Togo,1886,-0.21153574
Togo,1887,-0.21794042
Togo,1888,-0.22418039
Togo,1889,-0.23036428
Togo,1890,-0.15543407
Togo,1891,-0.14133914
Togo,1892,-0.14171243
Togo,1893,-0.1471511
Togo,1894,-0.155018
Togo,1895,-0.16413282
Togo,1896,-0.17400979
Togo,1897,-0.18427767
Togo,1898,-0.19472626
Togo,1899,-0.20534927
Togo,1900,-0.29892448
Togo,1901,-0.34149554
Togo,1902,-0.36995304
Togo,1903,-0.392435
Togo,1904,-0.4114067
Togo,1905,-0.4281267
Togo,1906,-0.44315872
Togo,1907,-0.457004
Togo,1908,-0.46977967
Togo,1909,-0.4816389
Togo,1910,3.3533554
Togo,1911,5.154003
Togo,1912,6.312396
Togo,1913,7.162183
Togo,1914,7.8234267
Togo,1915,8.353997
Togo,1916,8.78693
Togo,1917,9.142747
Togo,1918,9.442284
Togo,1919,9.674647
Togo,1920,10.390952
Togo,1921,10.762424
Togo,1922,10.998771
Togo,1923,11.148222
Togo,1924,11.243234
Togo,1925,11.293632
Togo,1926,11.305912
Togo,1927,12.25562
Togo,1928,11.535368
Togo,1929,12.014588
Togo,1930,12.639248
Togo,1931,12.834509
Togo,1932,12.685807
Togo,1933,11.844865
Togo,1934,12.340032
Togo,1935,11.542394
Togo,1936,11.411282
Togo,1937,11.201357
Togo,1938,10.981698
Togo,1939,10.751024
Togo,1940,10.891166
Togo,1941,10.637542
Togo,1942,10.287531
Togo,1943,11.250836
Togo,1944,10.492437
Togo,1945,9.819152
Togo,1946,10.469073
Togo,1947,10.547581
Togo,1948,9.356559
Togo,1949,10.149028
Togo,1950,9.636943
Togo,1951,8.297342
Togo,1952,6.673606
Togo,1953,5.359137
Togo,1954,5.322063
Togo,1955,4.945743
Togo,1956,4.7300477
Togo,1957,4.7452064
Togo,1958,4.7508793
Togo,1959,4.200248
Togo,1960,2.7070806
Togo,1961,2.1023595
Togo,1962,1.7812798
Togo,1963,1.4729462
Togo,1964,1.6133262
Togo,1965,1.3298725
Togo,1966,1.0899943
Togo,1967,1.0771087
Togo,1968,1.0309353
Togo,1969,0.70970213
Togo,1970,-0.07689606
Togo,1971,-0.21761678
Togo,1972,-0.30526242
Togo,1973,-0.33804268
Togo,1974,-0.2958082
Togo,1975,-0.25938156
Togo,1976,-0.312692
Togo,1977,3.0073984
Togo,1978,2.9690685
Togo,1979,1.7062362
Togo,1980,1.0667276
Togo,1981,0.81589663
Togo,1982,0.564823
Togo,1983,1.8976953
Togo,1984,1.1737628
Togo,1985,0.7739843
Togo,1986,1.064735
Togo,1987,1.4807574
Togo,1988,0.8734887
Togo,1989,1.056353
Togo,1990,1.2619219
Togo,1991,1.1662159
Togo,1992,1.3336788
Togo,1993,1.326714
Togo,1994,1.6714748
Togo,1995,1.7472014
Togo,1996,2.266914
Togo,1997,2.0636399
Togo,1998,1.6686375
Togo,1999,1.4821668
Togo,2000,1.3196604
Togo,2001,1.075364
Togo,2002,0.8591517
Togo,2003,0.37322235
Togo,2004,0.7992088
Togo,2005,1.5403607
Togo,2006,1.1379533
Togo,2007,1.2521709
Togo,2008,1.0618907
Togo,2009,0.66522557
Togo,2010,0.78841454
Togo,2011,1.9110427
Togo,2012,0.9880998
Togo,2013,0.6166247
Togo,2014,0.5230815
Togo,2015,0.3864452
Togo,2016,0.22953135
Togo,2017,0.3202339
Togo,2018,0.14441736
Togo,2019,0.07852708
Togo,2020,0.03289274
Togo,2021,0.04223466
Togo,2022,0.035246532
Togo,2023,0.026274128
Tonga,1850,1.2386801
Tonga,1851,1.2280462
Tonga,1852,1.2091889
Tonga,1853,1.1939715
Tonga,1854,1.1827567
Tonga,1855,1.1735579
Tonga,1856,1.164349
Tonga,1857,1.1571958
Tonga,1858,1.1519578
Tonga,1859,1.1448793
Tonga,1860,1.0318958
Tonga,1861,0.9579461
Tonga,1862,0.9016426
Tonga,1863,0.85520065
Tonga,1864,0.81663346
Tonga,1865,0.78207856
Tonga,1866,0.75146353
Tonga,1867,0.7248344
Tonga,1868,0.70208156
Tonga,1869,0.6813339
Tonga,1870,0.65883124
Tonga,1871,0.64205384
Tonga,1872,0.6253703
Tonga,1873,0.61060476
Tonga,1874,0.5978037
Tonga,1875,0.5850441
Tonga,1876,0.5742254
Tonga,1877,0.5652735
Tonga,1878,0.5563716
Tonga,1879,0.54751945
Tonga,1880,0.5368965
Tonga,1881,0.5281213
Tonga,1882,0.52123094
Tonga,1883,0.5143533
Tonga,1884,0.5075391
Tonga,1885,0.5025324
Tonga,1886,0.49755374
Tonga,1887,0.49260268
Tonga,1888,0.48765528
Tonga,1889,0.48453403
Tonga,1890,0.47612
Tonga,1891,0.47125968
Tonga,1892,0.46466637
Tonga,1893,0.45986488
Tonga,1894,0.4568404
Tonga,1895,0.45208707
Tonga,1896,0.44910067
Tonga,1897,0.4461307
Tonga,1898,0.443156
Tonga,1899,0.43910143
Tonga,1900,0.4357023
Tonga,1901,0.4278556
Tonga,1902,0.41909587
Tonga,1903,0.40950492
Tonga,1904,0.40009195
Tonga,1905,0.3924689
Tonga,1906,0.3834181
Tonga,1907,0.37608856
Tonga,1908,0.36891532
Tonga,1909,0.36226627
Tonga,1910,0.30718833
Tonga,1911,0.27426466
Tonga,1912,0.24959719
Tonga,1913,0.2299792
Tonga,1914,0.2135613
Tonga,1915,0.19884686
Tonga,1916,0.18578422
Tonga,1917,0.17433783
Tonga,1918,0.16466184
Tonga,1919,0.1562792
Tonga,1920,0.14247918
Tonga,1921,0.13144037
Tonga,1922,0.12312004
Tonga,1923,0.114854895
Tonga,1924,0.106803626
Tonga,1925,0.10147502
Tonga,1926,0.0950406
Tonga,1927,0.089991696
Tonga,1928,0.08507276
Tonga,1929,0.08144059
Tonga,1930,0.07206878
Tonga,1931,0.06638303
Tonga,1932,0.060841326
Tonga,1933,0.055446267
Tonga,1934,0.052388072
Tonga,1935,0.048339147
Tonga,1936,0.045461677
Tonga,1937,0.04266273
Tonga,1938,0.03994186
Tonga,1939,0.037188783
Tonga,1940,0.031475972
Tonga,1941,0.026879063
Tonga,1942,0.022424072
Tonga,1943,0.01904743
Tonga,1944,0.016729388
Tonga,1945,0.013676107
Tonga,1946,0.011616732
Tonga,1947,0.010471564
Tonga,1948,0.008601673
Tonga,1949,0.006826906
Tonga,1950,0.93445283
Tonga,1951,1.3841618
Tonga,1952,1.5894512
Tonga,1953,1.6520933
Tonga,1954,1.6135094
Tonga,1955,0.7963548
Tonga,1956,1.7007817
Tonga,1957,1.7807976
Tonga,1958,1.8309748
Tonga,1959,1.9644845
Tonga,1960,1.4348423
Tonga,1961,1.8834225
Tonga,1962,1.3658305
Tonga,1963,1.1921666
Tonga,1964,1.7167171
Tonga,1965,1.9736769
Tonga,1966,1.5103563
Tonga,1967,1.2311451
Tonga,1968,2.4187005
Tonga,1969,1.2994288
Tonga,1970,1.1039467
Tonga,1971,0.93564725
Tonga,1972,0.8006358
Tonga,1973,0.6897476
Tonga,1974,0.5945401
Tonga,1975,-0.08432318
Tonga,1976,0.104968056
Tonga,1977,0.13489117
Tonga,1978,0.13385198
Tonga,1979,0.73868394
Tonga,1980,0.4655864
Tonga,1981,0.3630836
Tonga,1982,-0.27605966
Tonga,1983,-0.0729277
Tonga,1984,-0.023564626
Tonga,1985,-0.007480604
Tonga,1986,-0.000747915
Tonga,1987,0.001862622
Tonga,1988,-0.49066138
Tonga,1989,-0.29498136
Tonga,1990,-0.22719403
Tonga,1991,-0.19041866
Tonga,1992,-0.16488
Tonga,1993,-0.14498276
Tonga,1994,0.45077372
Tonga,1995,0.22599676
Tonga,1996,-0.87650603
Tonga,1997,-0.49430385
Tonga,1998,-0.3712256
Tonga,1999,-0.66947305
Tonga,2000,-0.49220738
Tonga,2001,-0.4123153
Tonga,2002,-0.35992837
Tonga,2003,-0.31963992
Tonga,2004,-0.28637263
Tonga,2005,0.15088467
Tonga,2006,0.04829222
Tonga,2007,0.006524889
Tonga,2008,0.5434769
Tonga,2009,0.2960573
Tonga,2010,0.2061226
Tonga,2011,0.7029314
Tonga,2012,0.44442096
Tonga,2013,0.8995947
Tonga,2014,0.8810568
Tonga,2015,0.64535874
Tonga,2016,0.52203923
Tonga,2017,0.4362153
Tonga,2018,0.36972228
Tonga,2019,0.31665438
Tonga,2020,0.27010268
Tonga,2021,0.23384278
Tonga,2022,0.20271817
Tonga,2023,0.17520203
Trinidad and Tobago,1850,13.264238
Trinidad and Tobago,1851,11.942773
Trinidad and Tobago,1852,11.244847
Trinidad and Tobago,1853,10.777909
Trinidad and Tobago,1854,10.439308
Trinidad and Tobago,1855,10.170955
Trinidad and Tobago,1856,9.943472
Trinidad and Tobago,1857,9.740828
Trinidad and Tobago,1858,9.554596
Trinidad and Tobago,1859,9.376972
Trinidad and Tobago,1860,8.729684
Trinidad and Tobago,1861,8.4018135
Trinidad and Tobago,1862,8.163226
Trinidad and Tobago,1863,7.9619713
Trinidad and Tobago,1864,7.7831163
Trinidad and Tobago,1865,7.6181464
Trinidad and Tobago,1866,7.463043
Trinidad and Tobago,1867,7.315191
Trinidad and Tobago,1868,7.172978
Trinidad and Tobago,1869,7.0210357
Trinidad and Tobago,1870,11.037598
Trinidad and Tobago,1871,12.246359
Trinidad and Tobago,1872,12.666933
Trinidad and Tobago,1873,12.75544
Trinidad and Tobago,1874,12.685966
Trinidad and Tobago,1875,12.527915
Trinidad and Tobago,1876,12.317063
Trinidad and Tobago,1877,12.074501
Trinidad and Tobago,1878,11.81249
Trinidad and Tobago,1879,11.557478
Trinidad and Tobago,1880,10.062802
Trinidad and Tobago,1881,9.417015
Trinidad and Tobago,1882,9.011102
Trinidad and Tobago,1883,8.709435
Trinidad and Tobago,1884,8.454735
Trinidad and Tobago,1885,8.228057
Trinidad and Tobago,1886,8.019417
Trinidad and Tobago,1887,7.823582
Trinidad and Tobago,1888,7.637397
Trinidad and Tobago,1889,7.4645333
Trinidad and Tobago,1890,6.031261
Trinidad and Tobago,1891,5.4531703
Trinidad and Tobago,1892,5.115905
Trinidad and Tobago,1893,4.8809824
Trinidad and Tobago,1894,4.698813
Trinidad and Tobago,1895,4.5487685
Trinidad and Tobago,1896,4.419722
Trinidad and Tobago,1897,4.3053617
Trinidad and Tobago,1898,4.201685
Trinidad and Tobago,1899,4.1058083
Trinidad and Tobago,1900,6.786372
Trinidad and Tobago,1901,7.6412907
Trinidad and Tobago,1902,7.9938407
Trinidad and Tobago,1903,8.142082
Trinidad and Tobago,1904,8.185409
Trinidad and Tobago,1905,8.168269
Trinidad and Tobago,1906,8.114215
Trinidad and Tobago,1907,8.036482
Trinidad and Tobago,1908,7.943154
Trinidad and Tobago,1909,7.847224
Trinidad and Tobago,1910,5.76667
Trinidad and Tobago,1911,4.991429
Trinidad and Tobago,1912,4.576937
Trinidad and Tobago,1913,4.3108425
Trinidad and Tobago,1914,4.1194854
Trinidad and Tobago,1915,3.9719067
Trinidad and Tobago,1916,3.8517663
Trinidad and Tobago,1917,3.7499304
Trinidad and Tobago,1918,3.662264
Trinidad and Tobago,1919,3.592944
Trinidad and Tobago,1920,2.1367674
Trinidad and Tobago,1921,1.5417879
Trinidad and Tobago,1922,1.1894666
Trinidad and Tobago,1923,0.940176
Trinidad and Tobago,1924,0.74548054
Trinidad and Tobago,1925,0.58519846
Trinidad and Tobago,1926,0.44852203
Trinidad and Tobago,1927,0.32909888
Trinidad and Tobago,1928,0.22281584
Trinidad and Tobago,1929,0.1269927
Trinidad and Tobago,1930,0.42838484
Trinidad and Tobago,1931,0.53065306
Trinidad and Tobago,1932,0.5776179
Trinidad and Tobago,1933,0.6018103
Trinidad and Tobago,1934,0.6148248
Trinidad and Tobago,1935,0.62141
Trinidad and Tobago,1936,0.62394273
Trinidad and Tobago,1937,0.62371427
Trinidad and Tobago,1938,0.62139404
Trinidad and Tobago,1939,0.6159786
Trinidad and Tobago,1940,1.3498226
Trinidad and Tobago,1941,1.5945143
Trinidad and Tobago,1942,1.7006174
Trinidad and Tobago,1943,1.7468553
Trinidad and Tobago,1944,1.7633995
Trinidad and Tobago,1945,1.7621564
Trinidad and Tobago,1946,1.7494206
Trinidad and Tobago,1947,1.7289442
Trinidad and Tobago,1948,1.702986
Trinidad and Tobago,1949,1.6728569
Trinidad and Tobago,1950,0.7669375
Trinidad and Tobago,1951,0.40217406
Trinidad and Tobago,1952,0.17976974
Trinidad and Tobago,1953,-0.004489806
Trinidad and Tobago,1954,-0.18896447
Trinidad and Tobago,1955,-0.40327567
Trinidad and Tobago,1956,-0.65996134
Trinidad and Tobago,1957,-1.0526128
Trinidad and Tobago,1958,-1.5264292
Trinidad and Tobago,1959,-2.3104415
Trinidad and Tobago,1960,-2.096092
Trinidad and Tobago,1961,-1.9017882
Trinidad and Tobago,1962,-1.5685855
Trinidad and Tobago,1963,-1.5475366
Trinidad and Tobago,1964,-1.4566853
Trinidad and Tobago,1965,-1.3579859
Trinidad and Tobago,1966,-1.2616729
Trinidad and Tobago,1967,-1.1740755
Trinidad and Tobago,1968,-1.1248876
Trinidad and Tobago,1969,-1.0079681
Trinidad and Tobago,1970,-0.052699693
Trinidad and Tobago,1971,-0.5134831
Trinidad and Tobago,1972,1.9272637
Trinidad and Tobago,1973,0.58956075
Trinidad and Tobago,1974,-0.17497595
Trinidad and Tobago,1975,-0.35449728
Trinidad and Tobago,1976,-0.42764837
Trinidad and Tobago,1977,-0.4550174
Trinidad and Tobago,1978,-0.4766071
Trinidad and Tobago,1979,-0.6247618
Trinidad and Tobago,1980,-0.7579865
Trinidad and Tobago,1981,-0.90449643
Trinidad and Tobago,1982,-1.2304082
Trinidad and Tobago,1983,-1.1636823
Trinidad and Tobago,1984,-1.1807061
Trinidad and Tobago,1985,-1.1126661
Trinidad and Tobago,1986,-1.0389736
Trinidad and Tobago,1987,-0.7561146
Trinidad and Tobago,1988,-0.8407985
Trinidad and Tobago,1989,0.28994578
Trinidad and Tobago,1990,0.525359
Trinidad and Tobago,1991,-0.16773729
Trinidad and Tobago,1992,-0.34561822
Trinidad and Tobago,1993,-0.32098207
Trinidad and Tobago,1994,-0.51375026
Trinidad and Tobago,1995,-0.39757022
Trinidad and Tobago,1996,-0.5988264
Trinidad and Tobago,1997,-0.7115947
Trinidad and Tobago,1998,-0.56325734
Trinidad and Tobago,1999,-0.47214973
Trinidad and Tobago,2000,-0.7236214
Trinidad and Tobago,2001,-0.7093166
Trinidad and Tobago,2002,-0.55033046
Trinidad and Tobago,2003,-0.73295105
Trinidad and Tobago,2004,-0.7507509
Trinidad and Tobago,2005,-0.6937788
Trinidad and Tobago,2006,-0.6453382
Trinidad and Tobago,2007,-0.61840343
Trinidad and Tobago,2008,-0.58146775
Trinidad and Tobago,2009,-0.5620609
Trinidad and Tobago,2010,-0.52652925
Trinidad and Tobago,2011,-0.501816
Trinidad and Tobago,2012,-0.45436966
Trinidad and Tobago,2013,-0.41806555
Trinidad and Tobago,2014,-0.34925812
Trinidad and Tobago,2015,-0.25568432
Trinidad and Tobago,2016,-0.2367722
Trinidad and Tobago,2017,-0.22366059
Trinidad and Tobago,2018,-0.207909
Trinidad and Tobago,2019,-0.19131309
Trinidad and Tobago,2020,-0.17773499
Trinidad and Tobago,2021,-0.16006581
Trinidad and Tobago,2022,-0.14613204
Trinidad and Tobago,2023,-0.13411297
Tunisia,1850,0.42971736
Tunisia,1851,0.44294524
Tunisia,1852,0.44892284
Tunisia,1853,0.45098066
Tunisia,1854,0.45086235
Tunisia,1855,0.44947928
Tunisia,1856,0.44730327
Tunisia,1857,0.4446036
Tunisia,1858,0.44151765
Tunisia,1859,0.43814868
Tunisia,1860,0.45321777
Tunisia,1861,0.45806497
Tunisia,1862,0.45901603
Tunisia,1863,0.4580586
Tunisia,1864,0.45601887
Tunisia,1865,0.45326886
Tunisia,1866,0.45010877
Tunisia,1867,0.44666225
Tunisia,1868,0.44296616
Tunisia,1869,0.43913677
Tunisia,1870,0.4673618
Tunisia,1871,0.48028332
Tunisia,1872,0.48608455
Tunisia,1873,0.48806396
Tunisia,1874,0.4878493
Tunisia,1875,0.4863441
Tunisia,1876,0.48398975
Tunisia,1877,0.48111078
Tunisia,1878,0.4778216
Tunisia,1879,0.47425723
Tunisia,1880,0.49813703
Tunisia,1881,0.50863826
Tunisia,1882,0.51286
Tunisia,1883,0.5136987
Tunisia,1884,0.51264197
Tunisia,1885,0.5104561
Tunisia,1886,0.50753725
Tunisia,1887,0.5041322
Tunisia,1888,0.5003671
Tunisia,1889,0.49639818
Tunisia,1890,0.548897
Tunisia,1891,0.57154554
Tunisia,1892,0.58220905
Tunisia,1893,0.58692163
Tunisia,1894,0.58829725
Tunisia,1895,0.5876704
Tunisia,1896,0.58581424
Tunisia,1897,0.58312863
Tunisia,1898,0.57985854
Tunisia,1899,0.57538027
Tunisia,1900,0.6241084
Tunisia,1901,0.64710176
Tunisia,1902,0.6566037
Tunisia,1903,0.65837026
Tunisia,1904,0.6562373
Tunisia,1905,0.6517801
Tunisia,1906,0.6459098
Tunisia,1907,0.63911504
Tunisia,1908,0.6317005
Tunisia,1909,0.6252954
Tunisia,1910,0.7249345
Tunisia,1911,0.7714398
Tunisia,1912,0.7971925
Tunisia,1913,0.8133266
Tunisia,1914,0.8231255
Tunisia,1915,0.82912856
Tunisia,1916,0.8327302
Tunisia,1917,0.83470255
Tunisia,1918,0.83585835
Tunisia,1919,0.8351168
Tunisia,1920,0.9792564
Tunisia,1921,1.056185
Tunisia,1922,1.1020753
Tunisia,1923,1.130937
Tunisia,1924,1.1507106
Tunisia,1925,1.164839
Tunisia,1926,1.1751916
Tunisia,1927,1.1828045
Tunisia,1928,1.1882801
Tunisia,1929,1.1903787
Tunisia,1930,1.5491152
Tunisia,1931,1.7224977
Tunisia,1932,1.8137317
Tunisia,1933,1.8611803
Tunisia,1934,1.8853155
Tunisia,1935,1.8955978
Tunisia,1936,1.8971934
Tunisia,1937,1.8929904
Tunisia,1938,1.8847
Tunisia,1939,1.8743502
Tunisia,1940,3.2249358
Tunisia,1941,3.885557
Tunisia,1942,4.2468405
Tunisia,1943,4.45471
Tunisia,1944,4.575364
Tunisia,1945,4.6441674
Tunisia,1946,4.680225
Tunisia,1947,4.6941547
Tunisia,1948,4.6920834
Tunisia,1949,4.6738997
Tunisia,1950,4.1079116
Tunisia,1951,3.653043
Tunisia,1952,3.233273
Tunisia,1953,2.8647785
Tunisia,1954,2.57619
Tunisia,1955,2.3210313
Tunisia,1956,2.1421893
Tunisia,1957,2.0522816
Tunisia,1958,2.0106616
Tunisia,1959,2.0195332
Tunisia,1960,1.4683837
Tunisia,1961,1.099614
Tunisia,1962,0.8825104
Tunisia,1963,1.5889143
Tunisia,1964,1.0653434
Tunisia,1965,0.80599415
Tunisia,1966,0.65233433
Tunisia,1967,0.53521025
Tunisia,1968,1.8504918
Tunisia,1969,2.759236
Tunisia,1970,1.6425512
Tunisia,1971,1.9224998
Tunisia,1972,1.9092788
Tunisia,1973,1.5646695
Tunisia,1974,1.5598303
Tunisia,1975,1.5209235
Tunisia,1976,1.2868549
Tunisia,1977,0.54218274
Tunisia,1978,0.20201159
Tunisia,1979,-0.4121994
Tunisia,1980,0.060371995
Tunisia,1981,0.45154807
Tunisia,1982,0.7689493
Tunisia,1983,0.51476014
Tunisia,1984,0.15453754
Tunisia,1985,-0.13732113
Tunisia,1986,-0.06515435
Tunisia,1987,-0.15295784
Tunisia,1988,0.120799445
Tunisia,1989,-0.03340547
Tunisia,1990,0.066629715
Tunisia,1991,0.013299689
Tunisia,1992,0.17457739
Tunisia,1993,-0.118682675
Tunisia,1994,0.2469132
Tunisia,1995,0.26131356
Tunisia,1996,0.112040274
Tunisia,1997,0.26508838
Tunisia,1998,0.34992906
Tunisia,1999,0.05291142
Tunisia,2000,-0.091193944
Tunisia,2001,-0.057438184
Tunisia,2002,0.04629843
Tunisia,2003,0.018171582
Tunisia,2004,-0.0588987
Tunisia,2005,0.11721092
Tunisia,2006,0.14962876
Tunisia,2007,0.3188684
Tunisia,2008,0.23487982
Tunisia,2009,1.0830313
Tunisia,2010,0.5963619
Tunisia,2011,0.19404128
Tunisia,2012,0.29182926
Tunisia,2013,-0.12735993
Tunisia,2014,-0.14424294
Tunisia,2015,-0.039319284
Tunisia,2016,0.22663249
Tunisia,2017,0.12817216
Tunisia,2018,0.06640409
Tunisia,2019,0.04207957
Tunisia,2020,0.032879263
Tunisia,2021,0.08721353
Tunisia,2022,0.1139656
Tunisia,2023,0.12768035
Turkey,1850,1.3440235
Turkey,1851,1.3434035
Turkey,1852,1.3406997
Turkey,1853,1.3372526
Turkey,1854,1.3328003
Turkey,1855,1.3281182
Turkey,1856,1.3256598
Turkey,1857,1.3207926
Turkey,1858,1.3167539
Turkey,1859,1.3144741
Turkey,1860,1.3012522
Turkey,1861,1.2933508
Turkey,1862,1.2893691
Turkey,1863,1.2852054
Turkey,1864,1.2822269
Turkey,1865,1.2796414
Turkey,1866,1.2736312
Turkey,1867,1.2710955
Turkey,1868,1.2683284
Turkey,1869,1.2651215
Turkey,1870,1.1086614
Turkey,1871,1.0419344
Turkey,1872,0.9942868
Turkey,1873,0.9550445
Turkey,1874,0.9188904
Turkey,1875,0.8886846
Turkey,1876,0.8615848
Turkey,1877,0.83713263
Turkey,1878,0.8151657
Turkey,1879,0.79404366
Turkey,1880,0.76189625
Turkey,1881,0.7367629
Turkey,1882,0.714194
Turkey,1883,0.69464236
Turkey,1884,0.6757015
Turkey,1885,0.6586411
Turkey,1886,0.6436722
Turkey,1887,0.6297451
Turkey,1888,0.615308
Turkey,1889,0.6021488
Turkey,1890,0.57052034
Turkey,1891,0.55050075
Turkey,1892,0.5358216
Turkey,1893,0.52167886
Turkey,1894,0.50665534
Turkey,1895,0.49643105
Turkey,1896,0.48561293
Turkey,1897,0.47151458
Turkey,1898,0.46459296
Turkey,1899,0.45308042
Turkey,1900,0.43757117
Turkey,1901,0.42424133
Turkey,1902,0.4105429
Turkey,1903,0.40078208
Turkey,1904,0.39094105
Turkey,1905,0.37992927
Turkey,1906,0.37070072
Turkey,1907,0.3618859
Turkey,1908,0.35335836
Turkey,1909,0.34554458
Turkey,1910,1.1399182
Turkey,1911,1.4897351
Turkey,1912,1.7333312
Turkey,1913,1.9358054
Turkey,1914,2.112444
Turkey,1915,2.2716753
Turkey,1916,2.4163697
Turkey,1917,2.546682
Turkey,1918,2.666241
Turkey,1919,2.7696033
Turkey,1920,3.0371115
Turkey,1921,3.1826196
Turkey,1922,3.288927
Turkey,1923,3.3668408
Turkey,1924,3.4305108
Turkey,1925,3.4853377
Turkey,1926,3.530734
Turkey,1927,3.5692582
Turkey,1928,3.5976856
Turkey,1929,3.6153793
Turkey,1930,4.759064
Turkey,1931,5.2074018
Turkey,1932,5.4694734
Turkey,1933,5.646382
Turkey,1934,5.7667475
Turkey,1935,5.8521233
Turkey,1936,5.9112363
Turkey,1937,5.9489126
Turkey,1938,5.965745
Turkey,1939,5.968898
Turkey,1940,5.3793263
Turkey,1941,5.134422
Turkey,1942,4.967858
Turkey,1943,4.8297715
Turkey,1944,4.707737
Turkey,1945,4.5971704
Turkey,1946,4.494082
Turkey,1947,4.3977246
Turkey,1948,4.3058395
Turkey,1949,4.2097116
Turkey,1950,5.2255344
Turkey,1951,5.590501
Turkey,1952,5.694
Turkey,1953,5.953584
Turkey,1954,5.8191977
Turkey,1955,5.750849
Turkey,1956,5.647666
Turkey,1957,5.4965563
Turkey,1958,5.225603
Turkey,1959,4.8439207
Turkey,1960,3.1082315
Turkey,1961,2.865714
Turkey,1962,4.4333572
Turkey,1963,2.738804
Turkey,1964,2.2359395
Turkey,1965,2.445197
Turkey,1966,1.7238456
Turkey,1967,2.3007524
Turkey,1968,4.453488
Turkey,1969,2.3280087
Turkey,1970,2.2460477
Turkey,1971,3.0363777
Turkey,1972,2.076085
Turkey,1973,1.4023492
Turkey,1974,0.997431
Turkey,1975,0.91325635
Turkey,1976,1.1732913
Turkey,1977,1.0315086
Turkey,1978,2.340501
Turkey,1979,1.1792029
Turkey,1980,0.96302325
Turkey,1981,0.1316856
Turkey,1982,-0.10629244
Turkey,1983,1.3345461
Turkey,1984,0.919458
Turkey,1985,0.59932667
Turkey,1986,1.3374656
Turkey,1987,0.6169707
Turkey,1988,0.8596419
Turkey,1989,0.42201865
Turkey,1990,0.49738714
Turkey,1991,0.2639385
Turkey,1992,0.21285424
Turkey,1993,0.49173474
Turkey,1994,0.12106186
Turkey,1995,-0.018560028
Turkey,1996,-0.073187046
Turkey,1997,0.283173
Turkey,1998,0.20226628
Turkey,1999,-0.0278068
Turkey,2000,0.14598842
Turkey,2001,0.30538514
Turkey,2002,-0.078230195
Turkey,2003,0.5827084
Turkey,2004,0.24288435
Turkey,2005,-0.13351789
Turkey,2006,-0.45109504
Turkey,2007,-0.5292955
Turkey,2008,-0.5305082
Turkey,2009,-0.36119613
Turkey,2010,-0.6247152
Turkey,2011,-0.39189288
Turkey,2012,-0.39403677
Turkey,2013,-0.25952244
Turkey,2014,-0.30702886
Turkey,2015,-0.22567526
Turkey,2016,-0.23498644
Turkey,2017,-0.17636797
Turkey,2018,-0.47799537
Turkey,2019,-0.38748696
Turkey,2020,-0.34822446
Turkey,2021,-0.3550051
Turkey,2022,-0.35965005
Turkey,2023,-0.36173868
Turkmenistan,1850,1.0830551
Turkmenistan,1851,1.0841557
Turkmenistan,1852,1.0807537
Turkmenistan,1853,1.0751092
Turkmenistan,1854,1.0682327
Turkmenistan,1855,1.0606707
Turkmenistan,1856,1.0527265
Turkmenistan,1857,1.0444819
Turkmenistan,1858,1.0361599
Turkmenistan,1859,1.0276953
Turkmenistan,1860,1.0348823
Turkmenistan,1861,1.0332747
Turkmenistan,1862,1.0280068
Turkmenistan,1863,1.0209962
Turkmenistan,1864,1.0130949
Turkmenistan,1865,1.0047225
Turkmenistan,1866,0.99622285
Turkmenistan,1867,0.9876002
Turkmenistan,1868,0.97898513
Turkmenistan,1869,0.970383
Turkmenistan,1870,1.012834
Turkmenistan,1871,1.02943
Turkmenistan,1872,1.0352075
Turkmenistan,1873,1.0353814
Turkmenistan,1874,1.0325388
Turkmenistan,1875,1.0279111
Turkmenistan,1876,1.0222046
Turkmenistan,1877,1.0158638
Turkmenistan,1878,1.0090247
Turkmenistan,1879,1.0018773
Turkmenistan,1880,1.0063847
Turkmenistan,1881,1.0044322
Turkmenistan,1882,0.99982387
Turkmenistan,1883,0.9939262
Turkmenistan,1884,0.98732775
Turkmenistan,1885,0.98021597
Turkmenistan,1886,0.9728784
Turkmenistan,1887,0.96532285
Turkmenistan,1888,0.9576632
Turkmenistan,1889,0.94995564
Turkmenistan,1890,0.95908004
Turkmenistan,1891,0.9590247
Turkmenistan,1892,0.95531857
Turkmenistan,1893,0.9498056
Turkmenistan,1894,0.943348
Turkmenistan,1895,0.9363254
Turkmenistan,1896,0.9290519
Turkmenistan,1897,0.92158675
Turkmenistan,1898,0.91398335
Turkmenistan,1899,0.9063944
Turkmenistan,1900,0.919526
Turkmenistan,1901,0.9216079
Turkmenistan,1902,0.9192284
Turkmenistan,1903,0.91456616
Turkmenistan,1904,0.9087064
Turkmenistan,1905,0.90218675
Turkmenistan,1906,0.8953011
Turkmenistan,1907,0.88819444
Turkmenistan,1908,0.8810099
Turkmenistan,1909,0.87370354
Turkmenistan,1910,0.88453007
Turkmenistan,1911,0.88576466
Turkmenistan,1912,0.8831043
Turkmenistan,1913,0.8784944
Turkmenistan,1914,0.8728353
Turkmenistan,1915,0.8665768
Turkmenistan,1916,0.860027
Turkmenistan,1917,0.85323673
Turkmenistan,1918,0.8462951
Turkmenistan,1919,0.83928835
Turkmenistan,1920,0.85020345
Turkmenistan,1921,0.85134274
Turkmenistan,1922,0.84860784
Turkmenistan,1923,0.843898
Turkmenistan,1924,0.83819854
Turkmenistan,1925,0.83191925
Turkmenistan,1926,0.8253806
Turkmenistan,1927,0.8186281
Turkmenistan,1928,0.811781
Turkmenistan,1929,0.8049176
Turkmenistan,1930,0.81734633
Turkmenistan,1931,0.82007957
Turkmenistan,1932,0.81841457
Turkmenistan,1933,0.8145018
Turkmenistan,1934,0.80939215
Turkmenistan,1935,0.8035719
Turkmenistan,1936,0.7974447
Turkmenistan,1937,0.79105246
Turkmenistan,1938,0.78457433
Turkmenistan,1939,0.77801347
Turkmenistan,1940,0.78000134
Turkmenistan,1941,0.77751505
Turkmenistan,1942,0.7730717
Turkmenistan,1943,0.7676363
Turkmenistan,1944,0.76171994
Turkmenistan,1945,0.75552815
Turkmenistan,1946,0.74919647
Turkmenistan,1947,0.7427917
Turkmenistan,1948,0.736379
Turkmenistan,1949,0.7272189
Turkmenistan,1950,1.3589457
Turkmenistan,1951,1.8844528
Turkmenistan,1952,2.328846
Turkmenistan,1953,2.6952362
Turkmenistan,1954,3.017424
Turkmenistan,1955,3.2645998
Turkmenistan,1956,3.4570403
Turkmenistan,1957,3.6185634
Turkmenistan,1958,3.7559004
Turkmenistan,1959,3.8674936
Turkmenistan,1960,2.183303
Turkmenistan,1961,1.4529992
Turkmenistan,1962,0.8191955
Turkmenistan,1963,0.4733376
Turkmenistan,1964,0.30037746
Turkmenistan,1965,0.06699295
Turkmenistan,1966,0.039693378
Turkmenistan,1967,0.006921879
Turkmenistan,1968,0.08263689
Turkmenistan,1969,0.023518858
Turkmenistan,1970,0.045124877
Turkmenistan,1971,0.057682045
Turkmenistan,1972,0.054720946
Turkmenistan,1973,0.10663423
Turkmenistan,1974,0.004851216
Turkmenistan,1975,0.005199601
Turkmenistan,1976,0.005928895
Turkmenistan,1977,-0.059235036
Turkmenistan,1978,-0.022424843
Turkmenistan,1979,-0.053082213
Turkmenistan,1980,-0.00234163
Turkmenistan,1981,0.012212691
Turkmenistan,1982,0.02309703
Turkmenistan,1983,-0.000262782
Turkmenistan,1984,0.02182813
Turkmenistan,1985,0.028578645
Turkmenistan,1986,0.036215678
Turkmenistan,1987,-0.003661154
Turkmenistan,1988,-0.075517595
Turkmenistan,1989,-0.10436489
Turkmenistan,1990,-0.019155456
Turkmenistan,1991,0.08702343
Turkmenistan,1992,1.2940505
Turkmenistan,1993,1.8450272
Turkmenistan,1994,1.515188
Turkmenistan,1995,0.7913975
Turkmenistan,1996,0.46823347
Turkmenistan,1997,0.31765148
Turkmenistan,1998,1.122936
Turkmenistan,1999,1.7819778
Turkmenistan,2000,2.0103264
Turkmenistan,2001,1.0616759
Turkmenistan,2002,0.63639325
Turkmenistan,2003,0.4097669
Turkmenistan,2004,0.27788663
Turkmenistan,2005,0.2002714
Turkmenistan,2006,0.2474007
Turkmenistan,2007,-0.024049375
Turkmenistan,2008,0.074281104
Turkmenistan,2009,-0.16261533
Turkmenistan,2010,-0.15480934
Turkmenistan,2011,-0.137641
Turkmenistan,2012,-0.12232461
Turkmenistan,2013,-0.104658365
Turkmenistan,2014,-0.089283496
Turkmenistan,2015,-0.0765371
Turkmenistan,2016,-0.06715611
Turkmenistan,2017,-0.051037926
Turkmenistan,2018,-0.016752454
Turkmenistan,2019,-0.02354926
Turkmenistan,2020,-0.02618096
Turkmenistan,2021,-0.019193161
Turkmenistan,2022,-0.014265492
Turkmenistan,2023,-0.010398357
Tuvalu,1850,0
Tuvalu,1851,0
Tuvalu,1852,0
Tuvalu,1853,0
Tuvalu,1854,0
Tuvalu,1855,0
Tuvalu,1856,0
Tuvalu,1857,0
Tuvalu,1858,0
Tuvalu,1859,0
Tuvalu,1860,0
Tuvalu,1861,0
Tuvalu,1862,0
Tuvalu,1863,0
Tuvalu,1864,0
Tuvalu,1865,0
Tuvalu,1866,0
Tuvalu,1867,0
Tuvalu,1868,0
Tuvalu,1869,0
Tuvalu,1870,0
Tuvalu,1871,0
Tuvalu,1872,0
Tuvalu,1873,0
Tuvalu,1874,0
Tuvalu,1875,0
Tuvalu,1876,0
Tuvalu,1877,0
Tuvalu,1878,0
Tuvalu,1879,0
Tuvalu,1880,0
Tuvalu,1881,0
Tuvalu,1882,0
Tuvalu,1883,0
Tuvalu,1884,0
Tuvalu,1885,0
Tuvalu,1886,0
Tuvalu,1887,0
Tuvalu,1888,0
Tuvalu,1889,0
Tuvalu,1890,0
Tuvalu,1891,0
Tuvalu,1892,0
Tuvalu,1893,0
Tuvalu,1894,0
Tuvalu,1895,0
Tuvalu,1896,0
Tuvalu,1897,0
Tuvalu,1898,0
Tuvalu,1899,0
Tuvalu,1900,0
Tuvalu,1901,0
Tuvalu,1902,0
Tuvalu,1903,0
Tuvalu,1904,0
Tuvalu,1905,0
Tuvalu,1906,0
Tuvalu,1907,0
Tuvalu,1908,0
Tuvalu,1909,0
Tuvalu,1910,0
Tuvalu,1911,0
Tuvalu,1912,0
Tuvalu,1913,0
Tuvalu,1914,0
Tuvalu,1915,0
Tuvalu,1916,0
Tuvalu,1917,0
Tuvalu,1918,0
Tuvalu,1919,0
Tuvalu,1920,0
Tuvalu,1921,0
Tuvalu,1922,0
Tuvalu,1923,0
Tuvalu,1924,0
Tuvalu,1925,0
Tuvalu,1926,0
Tuvalu,1927,0
Tuvalu,1928,0
Tuvalu,1929,0
Tuvalu,1930,0
Tuvalu,1931,0
Tuvalu,1932,0
Tuvalu,1933,0
Tuvalu,1934,0
Tuvalu,1935,0
Tuvalu,1936,0
Tuvalu,1937,0
Tuvalu,1938,0
Tuvalu,1939,0
Tuvalu,1940,0
Tuvalu,1941,0
Tuvalu,1942,0
Tuvalu,1943,0
Tuvalu,1944,0
Tuvalu,1945,0
Tuvalu,1946,0
Tuvalu,1947,0
Tuvalu,1948,0
Tuvalu,1949,0
Tuvalu,1950,0
Tuvalu,1951,0
Tuvalu,1952,0
Tuvalu,1953,0
Tuvalu,1954,0
Tuvalu,1955,0
Tuvalu,1956,0
Tuvalu,1957,0
Tuvalu,1958,0
Tuvalu,1959,0
Tuvalu,1960,0
Tuvalu,1961,0
Tuvalu,1962,0
Tuvalu,1963,0
Tuvalu,1964,0
Tuvalu,1965,0
Tuvalu,1966,0
Tuvalu,1967,0
Tuvalu,1968,0
Tuvalu,1969,0
Tuvalu,1970,0
Tuvalu,1971,0
Tuvalu,1972,0
Tuvalu,1973,0
Tuvalu,1974,0
Tuvalu,1975,0
Tuvalu,1976,0
Tuvalu,1977,0
Tuvalu,1978,0
Tuvalu,1979,0
Tuvalu,1980,0
Tuvalu,1981,0
Tuvalu,1982,0
Tuvalu,1983,0
Tuvalu,1984,0
Tuvalu,1985,0
Tuvalu,1986,0
Tuvalu,1987,0
Tuvalu,1988,0
Tuvalu,1989,0
Tuvalu,1990,0
Tuvalu,1991,0
Tuvalu,1992,0
Tuvalu,1993,0
Tuvalu,1994,0
Tuvalu,1995,0
Tuvalu,1996,0
Tuvalu,1997,0
Tuvalu,1998,0
Tuvalu,1999,0
Tuvalu,2000,0
Tuvalu,2001,0
Tuvalu,2002,0
Tuvalu,2003,0
Tuvalu,2004,0
Tuvalu,2005,0
Tuvalu,2006,0
Tuvalu,2007,0
Tuvalu,2008,0
Tuvalu,2009,0
Tuvalu,2010,0
Tuvalu,2011,0
Tuvalu,2012,0
Tuvalu,2013,0
Tuvalu,2014,0
Tuvalu,2015,0
Tuvalu,2016,0
Tuvalu,2017,0
Tuvalu,2018,0
Tuvalu,2019,0
Tuvalu,2020,0
Tuvalu,2021,0
Tuvalu,2022,0
Tuvalu,2023,0
Uganda,1850,1.6475174
Uganda,1851,1.5402712
Uganda,1852,1.4345827
Uganda,1853,1.3867179
Uganda,1854,1.4014091
Uganda,1855,1.352411
Uganda,1856,1.3251987
Uganda,1857,1.2957275
Uganda,1858,1.4509991
Uganda,1859,1.3642927
Uganda,1860,1.3633277
Uganda,1861,1.2911868
Uganda,1862,1.2508389
Uganda,1863,1.2296063
Uganda,1864,1.216861
Uganda,1865,1.2524152
Uganda,1866,1.2565821
Uganda,1867,1.2417345
Uganda,1868,1.2119035
Uganda,1869,1.2012852
Uganda,1870,1.186442
Uganda,1871,1.1980352
Uganda,1872,1.2059273
Uganda,1873,1.21388
Uganda,1874,1.1744988
Uganda,1875,1.1694392
Uganda,1876,1.2076348
Uganda,1877,1.182905
Uganda,1878,1.1817095
Uganda,1879,1.1470498
Uganda,1880,1.1818054
Uganda,1881,1.214394
Uganda,1882,1.2736157
Uganda,1883,1.2972616
Uganda,1884,1.3155693
Uganda,1885,1.2496947
Uganda,1886,1.2108198
Uganda,1887,1.290765
Uganda,1888,1.2360028
Uganda,1889,1.1987768
Uganda,1890,1.251427
Uganda,1891,1.2475871
Uganda,1892,1.226911
Uganda,1893,1.3071318
Uganda,1894,1.2713121
Uganda,1895,1.3748016
Uganda,1896,1.3358511
Uganda,1897,1.3324751
Uganda,1898,1.3686465
Uganda,1899,1.2963896
Uganda,1900,1.5152383
Uganda,1901,1.4186184
Uganda,1902,1.4191127
Uganda,1903,1.4706202
Uganda,1904,1.4996741
Uganda,1905,1.5471696
Uganda,1906,1.4739907
Uganda,1907,1.5360901
Uganda,1908,1.5290521
Uganda,1909,1.5083624
Uganda,1910,1.6393912
Uganda,1911,1.8893392
Uganda,1912,1.9263772
Uganda,1913,1.8831643
Uganda,1914,1.7842745
Uganda,1915,1.8547348
Uganda,1916,1.946557
Uganda,1917,2.044285
Uganda,1918,1.88186
Uganda,1919,1.7897617
Uganda,1920,1.9857637
Uganda,1921,2.0741003
Uganda,1922,2.076477
Uganda,1923,2.1149514
Uganda,1924,2.3429708
Uganda,1925,2.3623223
Uganda,1926,2.2389526
Uganda,1927,2.2207062
Uganda,1928,2.1948135
Uganda,1929,2.297931
Uganda,1930,2.6267083
Uganda,1931,2.6992223
Uganda,1932,2.758843
Uganda,1933,3.2544944
Uganda,1934,3.2648983
Uganda,1935,3.2764893
Uganda,1936,3.0717278
Uganda,1937,3.0843754
Uganda,1938,2.8640928
Uganda,1939,3.0983398
Uganda,1940,3.9748487
Uganda,1941,5.15021
Uganda,1942,5.278158
Uganda,1943,5.781299
Uganda,1944,5.940599
Uganda,1945,5.849939
Uganda,1946,6.085427
Uganda,1947,5.911403
Uganda,1948,5.7748036
Uganda,1949,5.927268
Uganda,1950,5.9721956
Uganda,1951,5.982979
Uganda,1952,5.957178
Uganda,1953,5.5783167
Uganda,1954,6.0009785
Uganda,1955,6.215906
Uganda,1956,5.710336
Uganda,1957,5.5621996
Uganda,1958,5.2825184
Uganda,1959,5.226935
Uganda,1960,4.0228877
Uganda,1961,4.7148676
Uganda,1962,5.9887342
Uganda,1963,11.3975725
Uganda,1964,9.349213
Uganda,1965,6.8444834
Uganda,1966,5.567222
Uganda,1967,5.0433044
Uganda,1968,4.5097246
Uganda,1969,4.1627617
Uganda,1970,4.0540633
Uganda,1971,4.004346
Uganda,1972,3.9045475
Uganda,1973,3.8053188
Uganda,1974,4.021912
Uganda,1975,4.0309854
Uganda,1976,3.2437422
Uganda,1977,3.0860744
Uganda,1978,2.618975
Uganda,1979,2.6231356
Uganda,1980,7.193951
Uganda,1981,5.215476
Uganda,1982,3.7738068
Uganda,1983,2.976241
Uganda,1984,2.4530003
Uganda,1985,1.8335787
Uganda,1986,1.7153604
Uganda,1987,1.4397436
Uganda,1988,1.2436004
Uganda,1989,1.08554
Uganda,1990,0.9154906
Uganda,1991,0.95990276
Uganda,1992,0.8734269
Uganda,1993,0.7910047
Uganda,1994,0.7035153
Uganda,1995,0.71933854
Uganda,1996,0.57796496
Uganda,1997,0.65796465
Uganda,1998,0.56751114
Uganda,1999,0.9190998
Uganda,2000,0.85417545
Uganda,2001,0.97215295
Uganda,2002,1.1435025
Uganda,2003,1.0733646
Uganda,2004,0.70299727
Uganda,2005,0.63414073
Uganda,2006,0.59343046
Uganda,2007,0.6199311
Uganda,2008,0.57710856
Uganda,2009,0.64408195
Uganda,2010,0.593035
Uganda,2011,0.48462752
Uganda,2012,0.37437645
Uganda,2013,0.29859787
Uganda,2014,0.24198383
Uganda,2015,0.16996013
Uganda,2016,0.15867569
Uganda,2017,0.12754083
Uganda,2018,0.11674772
Uganda,2019,0.108357444
Uganda,2020,0.09142465
Uganda,2021,0.07886586
Uganda,2022,0.07122675
Uganda,2023,0.06506583
Ukraine,1850,3.4090166
Ukraine,1851,3.670855
Ukraine,1852,3.852943
Ukraine,1853,3.9848669
Ukraine,1854,4.1024327
Ukraine,1855,4.185379
Ukraine,1856,4.252708
Ukraine,1857,4.3079743
Ukraine,1858,4.3720655
Ukraine,1859,4.4201946
Ukraine,1860,4.4352126
Ukraine,1861,4.4537287
Ukraine,1862,4.4723816
Ukraine,1863,4.487365
Ukraine,1864,4.4939632
Ukraine,1865,4.497473
Ukraine,1866,4.5090723
Ukraine,1867,4.50567
Ukraine,1868,4.4866714
Ukraine,1869,4.4744844
Ukraine,1870,5.052201
Ukraine,1871,5.260808
Ukraine,1872,5.4106617
Ukraine,1873,5.511199
Ukraine,1874,5.6180496
Ukraine,1875,5.683549
Ukraine,1876,5.731333
Ukraine,1877,5.7743506
Ukraine,1878,5.8149343
Ukraine,1879,5.853635
Ukraine,1880,6.092353
Ukraine,1881,6.206791
Ukraine,1882,6.278352
Ukraine,1883,6.333342
Ukraine,1884,6.378269
Ukraine,1885,6.4087424
Ukraine,1886,6.441744
Ukraine,1887,6.4659367
Ukraine,1888,6.4549975
Ukraine,1889,6.4601045
Ukraine,1890,7.0970807
Ukraine,1891,7.3328648
Ukraine,1892,7.512424
Ukraine,1893,7.626714
Ukraine,1894,7.7522006
Ukraine,1895,7.825501
Ukraine,1896,7.875196
Ukraine,1897,7.927557
Ukraine,1898,7.97361
Ukraine,1899,8.017424
Ukraine,1900,8.617522
Ukraine,1901,8.887912
Ukraine,1902,9.033368
Ukraine,1903,9.177107
Ukraine,1904,9.271206
Ukraine,1905,9.385857
Ukraine,1906,9.43327
Ukraine,1907,9.470087
Ukraine,1908,9.509633
Ukraine,1909,9.540378
Ukraine,1910,7.438488
Ukraine,1911,6.5358443
Ukraine,1912,5.9274364
Ukraine,1913,5.442681
Ukraine,1914,5.025509
Ukraine,1915,4.6602526
Ukraine,1916,4.329376
Ukraine,1917,4.0535083
Ukraine,1918,3.8112593
Ukraine,1919,3.5573711
Ukraine,1920,3.0766938
Ukraine,1921,2.7214687
Ukraine,1922,2.3889995
Ukraine,1923,2.115951
Ukraine,1924,1.8544052
Ukraine,1925,1.633725
Ukraine,1926,1.4099467
Ukraine,1927,1.23529
Ukraine,1928,1.0569292
Ukraine,1929,0.88906074
Ukraine,1930,1.4134736
Ukraine,1931,1.6068177
Ukraine,1932,1.7409768
Ukraine,1933,1.8287662
Ukraine,1934,1.9325366
Ukraine,1935,1.9952095
Ukraine,1936,2.0687234
Ukraine,1937,2.1145515
Ukraine,1938,2.153622
Ukraine,1939,2.2001464
Ukraine,1940,3.2504222
Ukraine,1941,3.6978512
Ukraine,1942,4.0279565
Ukraine,1943,4.3154106
Ukraine,1944,4.5238233
Ukraine,1945,4.695642
Ukraine,1946,4.882233
Ukraine,1947,5.010012
Ukraine,1948,5.117629
Ukraine,1949,5.20668
Ukraine,1950,3.7901714
Ukraine,1951,3.217777
Ukraine,1952,2.8481266
Ukraine,1953,2.5317426
Ukraine,1954,2.2594767
Ukraine,1955,2.0028377
Ukraine,1956,1.7739271
Ukraine,1957,1.5911809
Ukraine,1958,1.3949836
Ukraine,1959,1.2378718
Ukraine,1960,2.2906322
Ukraine,1961,2.1252348
Ukraine,1962,1.4469771
Ukraine,1963,1.1699657
Ukraine,1964,1.0190846
Ukraine,1965,0.74837744
Ukraine,1966,0.6921147
Ukraine,1967,0.6223433
Ukraine,1968,0.6731552
Ukraine,1969,0.5498879
Ukraine,1970,0.63048196
Ukraine,1971,0.51374924
Ukraine,1972,0.46061453
Ukraine,1973,0.5842173
Ukraine,1974,0.4477407
Ukraine,1975,0.45719716
Ukraine,1976,0.44061124
Ukraine,1977,0.3501074
Ukraine,1978,0.2885612
Ukraine,1979,0.33707377
Ukraine,1980,0.45704004
Ukraine,1981,0.38269854
Ukraine,1982,0.37818548
Ukraine,1983,0.3319736
Ukraine,1984,0.3434512
Ukraine,1985,0.33663976
Ukraine,1986,0.35038573
Ukraine,1987,0.26857695
Ukraine,1988,0.15703373
Ukraine,1989,0.108143434
Ukraine,1990,0.12732135
Ukraine,1991,0.36365736
Ukraine,1992,0.20789936
Ukraine,1993,0.14418572
Ukraine,1994,0.23646742
Ukraine,1995,0.10474976
Ukraine,1996,0.045399044
Ukraine,1997,-0.05431052
Ukraine,1998,-0.15305117
Ukraine,1999,0.3390706
Ukraine,2000,0.2751804
Ukraine,2001,0.09790402
Ukraine,2002,0.03878129
Ukraine,2003,0.06969513
Ukraine,2004,-0.02692208
Ukraine,2005,-0.004385819
Ukraine,2006,-0.037315287
Ukraine,2007,0.029870832
Ukraine,2008,-0.006284951
Ukraine,2009,0.25070482
Ukraine,2010,0.09964802
Ukraine,2011,0.06505708
Ukraine,2012,0.4285532
Ukraine,2013,0.21316658
Ukraine,2014,0.15777515
Ukraine,2015,0.38581082
Ukraine,2016,0.19448121
Ukraine,2017,0.122781426
Ukraine,2018,0.089790136
Ukraine,2019,0.07884331
Ukraine,2020,0.07332106
Ukraine,2021,0.056229718
Ukraine,2022,0.04874924
Ukraine,2023,0.040389393
United Arab Emirates,1850,-0.018250193
United Arab Emirates,1851,-0.019155547
United Arab Emirates,1852,-0.020060224
United Arab Emirates,1853,-0.020964228
United Arab Emirates,1854,-0.020956408
United Arab Emirates,1855,-0.021859402
United Arab Emirates,1856,-0.022761725
United Arab Emirates,1857,-0.022753242
United Arab Emirates,1858,-0.023654558
United Arab Emirates,1859,-0.023645751
United Arab Emirates,1860,-0.02545581
United Arab Emirates,1861,-0.026355134
United Arab Emirates,1862,-0.026345333
United Arab Emirates,1863,-0.027243663
United Arab Emirates,1864,-0.02723354
United Arab Emirates,1865,-0.028130867
United Arab Emirates,1866,-0.028120419
United Arab Emirates,1867,-0.029016754
United Arab Emirates,1868,-0.029005986
United Arab Emirates,1869,-0.029865138
United Arab Emirates,1870,-0.033392776
United Arab Emirates,1871,-0.03415982
United Arab Emirates,1872,-0.033983894
United Arab Emirates,1873,-0.03376877
United Arab Emirates,1874,-0.03355554
United Arab Emirates,1875,-0.033343393
United Arab Emirates,1876,-0.034004234
United Arab Emirates,1877,-0.033788748
United Arab Emirates,1878,-0.034436088
United Arab Emirates,1879,-0.034218207
United Arab Emirates,1880,-0.034002274
United Arab Emirates,1881,-0.03463138
United Arab Emirates,1882,-0.036091078
United Arab Emirates,1883,-0.036697548
United Arab Emirates,1884,-0.037293885
United Arab Emirates,1885,-0.037881866
United Arab Emirates,1886,-0.037642434
United Arab Emirates,1887,-0.03821749
United Arab Emirates,1888,-0.038783602
United Arab Emirates,1889,-0.038537994
United Arab Emirates,1890,-0.04068806
United Arab Emirates,1891,-0.041223764
United Arab Emirates,1892,-0.0425387
United Arab Emirates,1893,-0.04305247
United Arab Emirates,1894,-0.043557934
United Arab Emirates,1895,-0.044055182
United Arab Emirates,1896,-0.04454524
United Arab Emirates,1897,-0.044263188
United Arab Emirates,1898,-0.044742115
United Arab Emirates,1899,-0.045212243
United Arab Emirates,1900,-0.047173075
United Arab Emirates,1901,-0.048363253
United Arab Emirates,1902,-0.049536493
United Arab Emirates,1903,-0.04995729
United Arab Emirates,1904,-0.051101808
United Arab Emirates,1905,-0.05150448
United Arab Emirates,1906,-0.05190006
United Arab Emirates,1907,-0.052287605
United Arab Emirates,1908,-0.051957503
United Arab Emirates,1909,-0.05230953
United Arab Emirates,1910,-0.058242265
United Arab Emirates,1911,-0.06196599
United Arab Emirates,1912,-0.06490333
United Arab Emirates,1913,-0.06707113
United Arab Emirates,1914,-0.068517685
United Arab Emirates,1915,-0.06993265
United Arab Emirates,1916,-0.07131906
United Arab Emirates,1917,-0.07201414
United Arab Emirates,1918,-0.072717905
United Arab Emirates,1919,-0.07340472
United Arab Emirates,1920,-0.07858376
United Arab Emirates,1921,-0.08239306
United Arab Emirates,1922,-0.08486612
United Arab Emirates,1923,-0.08603445
United Arab Emirates,1924,-0.08717878
United Arab Emirates,1925,-0.0882966
United Arab Emirates,1926,-0.08816523
United Arab Emirates,1927,-0.08863734
United Arab Emirates,1928,-0.08849369
United Arab Emirates,1929,-0.088942185
United Arab Emirates,1930,-0.089967854
United Arab Emirates,1931,-0.09097201
United Arab Emirates,1932,-0.09137012
United Arab Emirates,1933,-0.09175436
United Arab Emirates,1934,-0.091554224
United Arab Emirates,1935,-0.091917746
United Arab Emirates,1936,-0.091706894
United Arab Emirates,1937,-0.09149261
United Arab Emirates,1938,-0.09127501
United Arab Emirates,1939,-0.091054216
United Arab Emirates,1940,-0.09572686
United Arab Emirates,1941,-0.09869614
United Arab Emirates,1942,-0.100538865
United Arab Emirates,1943,-0.10234341
United Arab Emirates,1944,-0.10358453
United Arab Emirates,1945,-0.10479893
United Arab Emirates,1946,-0.10495013
United Arab Emirates,1947,-0.10560408
United Arab Emirates,1948,-0.10573141
United Arab Emirates,1949,-0.10523983
United Arab Emirates,1950,-0.12444683
United Arab Emirates,1951,-0.10965922
United Arab Emirates,1952,-0.08518718
United Arab Emirates,1953,-0.07196192
United Arab Emirates,1954,-0.07050354
United Arab Emirates,1955,-0.07419862
United Arab Emirates,1956,-0.083945535
United Arab Emirates,1957,-0.095535986
United Arab Emirates,1958,-0.10986322
United Arab Emirates,1959,-0.13699116
United Arab Emirates,1960,-0.10938729
United Arab Emirates,1961,-0.08977267
United Arab Emirates,1962,-0.07331994
United Arab Emirates,1963,-0.057543814
United Arab Emirates,1964,-0.007573425
United Arab Emirates,1965,0.01710643
United Arab Emirates,1966,-0.002527695
United Arab Emirates,1967,-0.009177181
United Arab Emirates,1968,-0.014333316
United Arab Emirates,1969,0.040825278
United Arab Emirates,1970,0.008823862
United Arab Emirates,1971,0.001640622
United Arab Emirates,1972,0.014180857
United Arab Emirates,1973,0.01872468
United Arab Emirates,1974,0.020378156
United Arab Emirates,1975,0.019102175
United Arab Emirates,1976,0.018741747
United Arab Emirates,1977,0.01857358
United Arab Emirates,1978,0.018699167
United Arab Emirates,1979,0.03869005
United Arab Emirates,1980,0.04282068
United Arab Emirates,1981,0.022287408
United Arab Emirates,1982,0.042095732
United Arab Emirates,1983,0.02328432
United Arab Emirates,1984,0.029458767
United Arab Emirates,1985,0.030819772
United Arab Emirates,1986,0.017903818
United Arab Emirates,1987,0.016013272
United Arab Emirates,1988,0.011154876
United Arab Emirates,1989,0.06313387
United Arab Emirates,1990,0.046500154
United Arab Emirates,1991,0.052058943
United Arab Emirates,1992,0.043316245
United Arab Emirates,1993,0.042855557
United Arab Emirates,1994,0.0258887
United Arab Emirates,1995,0.025072573
United Arab Emirates,1996,0.031921305
United Arab Emirates,1997,0.02654325
United Arab Emirates,1998,0.24385421
United Arab Emirates,1999,0.16309808
United Arab Emirates,2000,0.10529884
United Arab Emirates,2001,0.062455002
United Arab Emirates,2002,0.0268542
United Arab Emirates,2003,0.015818669
United Arab Emirates,2004,0.0163059
United Arab Emirates,2005,-0.005294038
United Arab Emirates,2006,-0.007548833
United Arab Emirates,2007,0.015497407
United Arab Emirates,2008,-0.05446045
United Arab Emirates,2009,-0.038005646
United Arab Emirates,2010,-0.030586442
United Arab Emirates,2011,-0.028367873
United Arab Emirates,2012,-0.02277454
United Arab Emirates,2013,-0.016828058
United Arab Emirates,2014,-0.012668792
United Arab Emirates,2015,-0.010301928
United Arab Emirates,2016,-0.007919696
United Arab Emirates,2017,-0.006717523
United Arab Emirates,2018,-0.005774234
United Arab Emirates,2019,-0.005079227
United Arab Emirates,2020,-0.003327216
United Arab Emirates,2021,-0.003016839
United Arab Emirates,2022,-0.002471994
United Arab Emirates,2023,-0.001996908
United Kingdom,1850,0.31317386
United Kingdom,1851,0.20885871
United Kingdom,1852,0.09354925
United Kingdom,1853,0.05724778
United Kingdom,1854,0.038993094
United Kingdom,1855,-0.04906978
United Kingdom,1856,-0.15545806
United Kingdom,1857,-0.20999469
United Kingdom,1858,-0.2635554
United Kingdom,1859,-0.32426602
United Kingdom,1860,0.04833366
United Kingdom,1861,0.2725782
United Kingdom,1862,0.55234057
United Kingdom,1863,0.80227166
United Kingdom,1864,0.99411935
United Kingdom,1865,1.1358299
United Kingdom,1866,1.3046297
United Kingdom,1867,1.4146253
United Kingdom,1868,1.461237
United Kingdom,1869,1.4325156
United Kingdom,1870,1.4140095
United Kingdom,1871,1.3019707
United Kingdom,1872,1.190844
United Kingdom,1873,1.209915
United Kingdom,1874,1.2520708
United Kingdom,1875,1.1817417
United Kingdom,1876,1.0759697
United Kingdom,1877,1.0612175
United Kingdom,1878,1.0286086
United Kingdom,1879,0.9876042
United Kingdom,1880,1.083843
United Kingdom,1881,0.9379788
United Kingdom,1882,0.981631
United Kingdom,1883,1.0003587
United Kingdom,1884,0.9785809
United Kingdom,1885,0.91306007
United Kingdom,1886,0.92135274
United Kingdom,1887,0.9359685
United Kingdom,1888,0.93731326
United Kingdom,1889,0.86634964
United Kingdom,1890,0.9282504
United Kingdom,1891,0.89450616
United Kingdom,1892,0.84275424
United Kingdom,1893,0.8991568
United Kingdom,1894,0.95045096
United Kingdom,1895,0.9133932
United Kingdom,1896,0.84381324
United Kingdom,1897,0.8495072
United Kingdom,1898,0.8295368
United Kingdom,1899,0.80808944
United Kingdom,1900,0.9021267
United Kingdom,1901,0.8594112
United Kingdom,1902,0.8252133
United Kingdom,1903,0.7770943
United Kingdom,1904,0.8326592
United Kingdom,1905,0.87447196
United Kingdom,1906,0.8361995
United Kingdom,1907,0.77357334
United Kingdom,1908,0.7785269
United Kingdom,1909,0.7614329
United Kingdom,1910,0.74008405
United Kingdom,1911,0.8049401
United Kingdom,1912,0.69160765
United Kingdom,1913,0.7188313
United Kingdom,1914,0.7232897
United Kingdom,1915,0.7062143
United Kingdom,1916,0.65874165
United Kingdom,1917,0.6402271
United Kingdom,1918,0.5868984
United Kingdom,1919,0.50854176
United Kingdom,1920,0.3682964
United Kingdom,1921,0.40414456
United Kingdom,1922,0.31200245
United Kingdom,1923,0.25279322
United Kingdom,1924,0.20539075
United Kingdom,1925,0.21276708
United Kingdom,1926,0.20776607
United Kingdom,1927,0.17595549
United Kingdom,1928,0.19700204
United Kingdom,1929,0.22537546
United Kingdom,1930,0.18715416
United Kingdom,1931,0.1778297
United Kingdom,1932,0.20421208
United Kingdom,1933,0.24880797
United Kingdom,1934,0.24543872
United Kingdom,1935,0.23517162
United Kingdom,1936,0.22771111
United Kingdom,1937,0.24723904
United Kingdom,1938,0.2845746
United Kingdom,1939,0.2680889
United Kingdom,1940,0.31261757
United Kingdom,1941,0.34098896
United Kingdom,1942,0.3606588
United Kingdom,1943,0.39507326
United Kingdom,1944,0.4113809
United Kingdom,1945,0.41739598
United Kingdom,1946,0.41592816
United Kingdom,1947,0.44535086
United Kingdom,1948,0.45906785
United Kingdom,1949,0.4845146
United Kingdom,1950,0.39599454
United Kingdom,1951,0.37833452
United Kingdom,1952,0.4000527
United Kingdom,1953,0.410604
United Kingdom,1954,0.39830223
United Kingdom,1955,0.43403298
United Kingdom,1956,0.4385046
United Kingdom,1957,0.46074268
United Kingdom,1958,0.44839767
United Kingdom,1959,0.60639465
United Kingdom,1960,0.44056296
United Kingdom,1961,0.43040317
United Kingdom,1962,0.40266058
United Kingdom,1963,0.38237807
United Kingdom,1964,0.34295985
United Kingdom,1965,0.30856702
United Kingdom,1966,0.3026885
United Kingdom,1967,0.2594977
United Kingdom,1968,0.22633776
United Kingdom,1969,0.07804875
United Kingdom,1970,0.10127651
United Kingdom,1971,0.08665188
United Kingdom,1972,0.07457994
United Kingdom,1973,0.06755957
United Kingdom,1974,0.060824577
United Kingdom,1975,0.06468951
United Kingdom,1976,0.064767435
United Kingdom,1977,0.062270507
United Kingdom,1978,0.06570877
United Kingdom,1979,0.108022034
United Kingdom,1980,0.04919007
United Kingdom,1981,0.04487615
United Kingdom,1982,0.033282284
United Kingdom,1983,0.056306377
United Kingdom,1984,0.09220027
United Kingdom,1985,0.050000202
United Kingdom,1986,0.05310461
United Kingdom,1987,0.3839691
United Kingdom,1988,0.14719866
United Kingdom,1989,0.09605057
United Kingdom,1990,0.07324958
United Kingdom,1991,0.04893215
United Kingdom,1992,-0.15884405
United Kingdom,1993,-0.13569044
United Kingdom,1994,-0.06439383
United Kingdom,1995,0.12899606
United Kingdom,1996,0.23276672
United Kingdom,1997,0.11053052
United Kingdom,1998,-0.082082994
United Kingdom,1999,-0.09345848
United Kingdom,2000,0.013513252
United Kingdom,2001,0.000844806
United Kingdom,2002,0.032325156
United Kingdom,2003,0.07483657
United Kingdom,2004,0.11124096
United Kingdom,2005,0.7210405
United Kingdom,2006,0.3649167
United Kingdom,2007,0.29664105
United Kingdom,2008,0.18127768
United Kingdom,2009,0.12225122
United Kingdom,2010,0.1090016
United Kingdom,2011,0.16820563
United Kingdom,2012,0.2663525
United Kingdom,2013,0.24714017
United Kingdom,2014,0.18549371
United Kingdom,2015,0.30457819
United Kingdom,2016,0.2904863
United Kingdom,2017,0.20470925
United Kingdom,2018,0.2822786
United Kingdom,2019,0.17141894
United Kingdom,2020,0.13507421
United Kingdom,2021,0.14554043
United Kingdom,2022,0.14319687
United Kingdom,2023,0.13872892
United States,1850,33.81315
United States,1851,35.45075
United States,1852,36.51469
United States,1853,35.864513
United States,1854,36.24545
United States,1855,35.605297
United States,1856,35.642143
United States,1857,35.05742
United States,1858,35.06808
United States,1859,35.379074
United States,1860,30.476337
United States,1861,27.315365
United States,1862,26.273739
United States,1863,25.239565
United States,1864,23.740145
United States,1865,22.184166
United States,1866,21.75383
United States,1867,20.85382
United States,1868,20.054903
United States,1869,19.143509
United States,1870,27.312363
United States,1871,30.405294
United States,1872,31.533548
United States,1873,32.781376
United States,1874,33.49843
United States,1875,33.81943
United States,1876,34.077087
United States,1877,34.33123
United States,1878,34.89027
United States,1879,34.98532
United States,1880,31.012524
United States,1881,28.519592
United States,1882,27.871658
United States,1883,27.461035
United States,1884,26.412868
United States,1885,25.706047
United States,1886,24.718426
United States,1887,24.492819
United States,1888,23.740002
United States,1889,22.874327
United States,1890,23.947062
United States,1891,23.7442
United States,1892,23.072695
United States,1893,23.452074
United States,1894,23.098282
United States,1895,22.374792
United States,1896,22.258373
United States,1897,21.959946
United States,1898,21.877401
United States,1899,21.95011
United States,1900,20.311968
United States,1901,19.569746
United States,1902,19.184862
United States,1903,18.384169
United States,1904,18.229198
United States,1905,17.805216
United States,1906,17.365719
United States,1907,16.969322
United States,1908,16.73213
United States,1909,16.363243
United States,1910,15.125329
United States,1911,14.760812
United States,1912,13.974016
United States,1913,13.589262
United States,1914,13.43128
United States,1915,12.812756
United States,1916,12.608586
United States,1917,12.365681
United States,1918,12.10035
United States,1919,11.964353
United States,1920,11.613013
United States,1921,11.793448
United States,1922,11.193484
United States,1923,10.703842
United States,1924,10.260127
United States,1925,10.254605
United States,1926,9.813979
United States,1927,9.141958
United States,1928,9.155819
United States,1929,8.527215
United States,1930,7.4923835
United States,1931,7.195377
United States,1932,6.401885
United States,1933,6.0086346
United States,1934,5.8004155
United States,1935,5.275164
United States,1936,5.122799
United States,1937,4.738686
United States,1938,4.4566493
United States,1939,4.162652
United States,1940,4.7206044
United States,1941,4.8160095
United States,1942,4.7425146
United States,1943,4.7748528
United States,1944,4.758974
United States,1945,4.683647
United States,1946,4.5622153
United States,1947,4.588923
United States,1948,4.5061536
United States,1949,4.072232
United States,1950,3.080492
United States,1951,2.724507
United States,1952,2.326619
United States,1953,2.1043952
United States,1954,2.1324391
United States,1955,1.9355614
United States,1956,1.8114543
United States,1957,1.6437386
United States,1958,1.55711
United States,1959,1.1445061
United States,1960,1.1041769
United States,1961,0.37654448
United States,1962,1.1625489
United States,1963,0.65839124
United States,1964,0.39113727
United States,1965,0.2487302
United States,1966,0.09290039
United States,1967,2.427291
United States,1968,3.9330518
United States,1969,2.0739152
United States,1970,1.6252668
United States,1971,1.2882038
United States,1972,1.1686634
United States,1973,0.9245297
United States,1974,0.87554455
United States,1975,0.8420639
United States,1976,0.93677217
United States,1977,1.4897245
United States,1978,1.1110379
United States,1979,1.0281457
United States,1980,1.1524198
United States,1981,1.1165497
United States,1982,1.0785968
United States,1983,1.1619565
United States,1984,1.1716815
United States,1985,1.1865728
United States,1986,0.8887079
United States,1987,1.0477729
United States,1988,1.098062
United States,1989,1.0752882
United States,1990,1.1327354
United States,1991,0.91055435
United States,1992,0.7081945
United States,1993,0.6402508
United States,1994,0.81040746
United States,1995,0.37363067
United States,1996,0.2944378
United States,1997,0.3552654
United States,1998,0.41587862
United States,1999,0.54339415
United States,2000,0.49910277
United States,2001,0.16029689
United States,2002,0.008955786
United States,2003,0.20161691
United States,2004,-0.021696331
United States,2005,0.15480861
United States,2006,-0.13240889
United States,2007,-0.19306453
United States,2008,-0.03147911
United States,2009,-0.22688025
United States,2010,-0.044929836
United States,2011,-0.2972505
United States,2012,0.056228418
United States,2013,-0.11932417
United States,2014,0.17334978
United States,2015,0.1021508
United States,2016,0.22888912
United States,2017,0.37957698
United States,2018,0.2181748
United States,2019,0.17218727
United States,2020,0.17082343
United States,2021,0.27524978
United States,2022,0.2994517
United States,2023,0.3368737
Upper-middle-income countries,1850,1.4617826
Upper-middle-income countries,1851,1.599528
Upper-middle-income countries,1852,1.6524725
Upper-middle-income countries,1853,1.8160021
Upper-middle-income countries,1854,1.7645879
Upper-middle-income countries,1855,1.8312844
Upper-middle-income countries,1856,1.846657
Upper-middle-income countries,1857,1.8539681
Upper-middle-income countries,1858,1.8147739
Upper-middle-income countries,1859,1.836835
Upper-middle-income countries,1860,1.7737194
Upper-middle-income countries,1861,1.739765
Upper-middle-income countries,1862,1.7375667
Upper-middle-income countries,1863,1.6443418
Upper-middle-income countries,1864,1.5399696
Upper-middle-income countries,1865,1.509537
Upper-middle-income countries,1866,1.4641619
Upper-middle-income countries,1867,1.4619597
Upper-middle-income countries,1868,1.4410968
Upper-middle-income countries,1869,1.4221085
Upper-middle-income countries,1870,1.3984861
Upper-middle-income countries,1871,1.5786226
Upper-middle-income countries,1872,1.5440823
Upper-middle-income countries,1873,1.5194912
Upper-middle-income countries,1874,1.5280474
Upper-middle-income countries,1875,1.5930363
Upper-middle-income countries,1876,1.5967013
Upper-middle-income countries,1877,1.4478819
Upper-middle-income countries,1878,1.4896079
Upper-middle-income countries,1879,1.4686579
Upper-middle-income countries,1880,1.6525874
Upper-middle-income countries,1881,1.7982771
Upper-middle-income countries,1882,1.8857276
Upper-middle-income countries,1883,1.9121653
Upper-middle-income countries,1884,1.9158198
Upper-middle-income countries,1885,1.8939377
Upper-middle-income countries,1886,1.9106618
Upper-middle-income countries,1887,2.0200267
Upper-middle-income countries,1888,1.8920202
Upper-middle-income countries,1889,2.005659
Upper-middle-income countries,1890,2.1731286
Upper-middle-income countries,1891,2.4122162
Upper-middle-income countries,1892,2.382409
Upper-middle-income countries,1893,2.424716
Upper-middle-income countries,1894,2.444398
Upper-middle-income countries,1895,2.4571753
Upper-middle-income countries,1896,2.4654193
Upper-middle-income countries,1897,2.5372036
Upper-middle-income countries,1898,2.46696
Upper-middle-income countries,1899,2.5477002
Upper-middle-income countries,1900,2.6428633
Upper-middle-income countries,1901,2.806886
Upper-middle-income countries,1902,2.8967884
Upper-middle-income countries,1903,2.9328573
Upper-middle-income countries,1904,2.940826
Upper-middle-income countries,1905,2.9806728
Upper-middle-income countries,1906,2.9771612
Upper-middle-income countries,1907,2.9414349
Upper-middle-income countries,1908,2.9829106
Upper-middle-income countries,1909,3.0089386
Upper-middle-income countries,1910,2.9753385
Upper-middle-income countries,1911,3.1985104
Upper-middle-income countries,1912,3.1343615
Upper-middle-income countries,1913,3.0750952
Upper-middle-income countries,1914,3.137214
Upper-middle-income countries,1915,3.093991
Upper-middle-income countries,1916,3.0380747
Upper-middle-income countries,1917,3.0576303
Upper-middle-income countries,1918,3.0451038
Upper-middle-income countries,1919,2.9428546
Upper-middle-income countries,1920,3.0063596
Upper-middle-income countries,1921,3.0458055
Upper-middle-income countries,1922,3.011815
Upper-middle-income countries,1923,3.10506
Upper-middle-income countries,1924,3.026875
Upper-middle-income countries,1925,3.0187662
Upper-middle-income countries,1926,3.0163543
Upper-middle-income countries,1927,3.032699
Upper-middle-income countries,1928,2.9893246
Upper-middle-income countries,1929,2.9634783
Upper-middle-income countries,1930,2.8873975
Upper-middle-income countries,1931,2.78219
Upper-middle-income countries,1932,2.8147058
Upper-middle-income countries,1933,2.7961392
Upper-middle-income countries,1934,2.754258
Upper-middle-income countries,1935,2.6878085
Upper-middle-income countries,1936,2.6606927
Upper-middle-income countries,1937,2.6981635
Upper-middle-income countries,1938,2.6693316
Upper-middle-income countries,1939,2.615918
Upper-middle-income countries,1940,3.1506498
Upper-middle-income countries,1941,3.3921556
Upper-middle-income countries,1942,3.5428655
Upper-middle-income countries,1943,3.6006324
Upper-middle-income countries,1944,3.6156478
Upper-middle-income countries,1945,3.6134193
Upper-middle-income countries,1946,3.6774187
Upper-middle-income countries,1947,3.6504805
Upper-middle-income countries,1948,3.6319442
Upper-middle-income countries,1949,3.6410046
Upper-middle-income countries,1950,4.2008076
Upper-middle-income countries,1951,4.5531015
Upper-middle-income countries,1952,4.283192
Upper-middle-income countries,1953,4.0922503
Upper-middle-income countries,1954,4.341709
Upper-middle-income countries,1955,4.2532616
Upper-middle-income countries,1956,4.04921
Upper-middle-income countries,1957,3.9706306
Upper-middle-income countries,1958,3.7432296
Upper-middle-income countries,1959,3.7942202
Upper-middle-income countries,1960,3.2812986
Upper-middle-income countries,1961,3.6916723
Upper-middle-income countries,1962,3.673208
Upper-middle-income countries,1963,3.6124372
Upper-middle-income countries,1964,3.314701
Upper-middle-income countries,1965,3.218798
Upper-middle-income countries,1966,2.8773453
Upper-middle-income countries,1967,2.6033163
Upper-middle-income countries,1968,2.5692005
Upper-middle-income countries,1969,2.9479773
Upper-middle-income countries,1970,2.8998828
Upper-middle-income countries,1971,2.6363692
Upper-middle-income countries,1972,3.03059
Upper-middle-income countries,1973,2.7941089
Upper-middle-income countries,1974,2.6233537
Upper-middle-income countries,1975,2.432761
Upper-middle-income countries,1976,2.3310332
Upper-middle-income countries,1977,2.573759
Upper-middle-income countries,1978,2.7003644
Upper-middle-income countries,1979,2.1762192
Upper-middle-income countries,1980,2.1892214
Upper-middle-income countries,1981,2.0786288
Upper-middle-income countries,1982,2.0303216
Upper-middle-income countries,1983,1.9542211
Upper-middle-income countries,1984,2.5812805
Upper-middle-income countries,1985,2.2444015
Upper-middle-income countries,1986,2.5337164
Upper-middle-income countries,1987,2.2473457
Upper-middle-income countries,1988,2.0177763
Upper-middle-income countries,1989,1.9449852
Upper-middle-income countries,1990,1.7841047
Upper-middle-income countries,1991,1.6833285
Upper-middle-income countries,1992,1.7602937
Upper-middle-income countries,1993,1.6156552
Upper-middle-income countries,1994,1.9421227
Upper-middle-income countries,1995,1.7335258
Upper-middle-income countries,1996,1.7148017
Upper-middle-income countries,1997,2.55014
Upper-middle-income countries,1998,2.0028682
Upper-middle-income countries,1999,1.9573956
Upper-middle-income countries,2000,1.5833462
Upper-middle-income countries,2001,1.4185681
Upper-middle-income countries,2002,1.572007
Upper-middle-income countries,2003,1.9427654
Upper-middle-income countries,2004,1.6545013
Upper-middle-income countries,2005,1.4387915
Upper-middle-income countries,2006,1.5900383
Upper-middle-income countries,2007,1.1863818
Upper-middle-income countries,2008,1.0799457
Upper-middle-income countries,2009,1.211301
Upper-middle-income countries,2010,0.91591316
Upper-middle-income countries,2011,1.0211378
Upper-middle-income countries,2012,1.121257
Upper-middle-income countries,2013,1.0348785
Upper-middle-income countries,2014,1.1304864
Upper-middle-income countries,2015,1.1772159
Upper-middle-income countries,2016,0.7511901
Upper-middle-income countries,2017,0.6826869
Upper-middle-income countries,2018,0.6841484
Upper-middle-income countries,2019,0.7860774
Upper-middle-income countries,2020,0.6245098
Upper-middle-income countries,2021,0.6677656
Upper-middle-income countries,2022,0.6112675
Upper-middle-income countries,2023,0.62960064
Uruguay,1850,6.655285
Uruguay,1851,9.259894
Uruguay,1852,11.299756
Uruguay,1853,12.482142
Uruguay,1854,13.131376
Uruguay,1855,13.443764
Uruguay,1856,13.5463705
Uruguay,1857,13.449191
Uruguay,1858,13.25343
Uruguay,1859,13.023865
Uruguay,1860,12.80211
Uruguay,1861,12.476845
Uruguay,1862,12.121611
Uruguay,1863,11.853555
Uruguay,1864,11.491932
Uruguay,1865,11.153911
Uruguay,1866,10.812431
Uruguay,1867,10.454348
Uruguay,1868,10.113343
Uruguay,1869,9.819582
Uruguay,1870,9.408809
Uruguay,1871,9.349283
Uruguay,1872,9.274857
Uruguay,1873,9.170276
Uruguay,1874,9.044266
Uruguay,1875,8.889664
Uruguay,1876,8.720439
Uruguay,1877,8.537492
Uruguay,1878,8.350183
Uruguay,1879,8.142115
Uruguay,1880,7.4479218
Uruguay,1881,8.316296
Uruguay,1882,8.975643
Uruguay,1883,9.345923
Uruguay,1884,9.520831
Uruguay,1885,9.56302
Uruguay,1886,9.5217085
Uruguay,1887,9.421969
Uruguay,1888,9.285239
Uruguay,1889,9.135083
Uruguay,1890,9.2568245
Uruguay,1891,9.18683
Uruguay,1892,9.084946
Uruguay,1893,8.959488
Uruguay,1894,8.820554
Uruguay,1895,8.668468
Uruguay,1896,8.502142
Uruguay,1897,8.329834
Uruguay,1898,8.151324
Uruguay,1899,7.9949465
Uruguay,1900,8.12348
Uruguay,1901,7.3928823
Uruguay,1902,6.7606583
Uruguay,1903,6.2891407
Uruguay,1904,5.9192357
Uruguay,1905,5.6161685
Uruguay,1906,5.3568025
Uruguay,1907,5.1303205
Uruguay,1908,4.9309664
Uruguay,1909,4.7430277
Uruguay,1910,4.8077884
Uruguay,1911,4.90325
Uruguay,1912,4.93368
Uruguay,1913,4.9124193
Uruguay,1914,4.8592095
Uruguay,1915,4.7917457
Uruguay,1916,4.7129245
Uruguay,1917,4.631508
Uruguay,1918,4.5451746
Uruguay,1919,4.454766
Uruguay,1920,4.422595
Uruguay,1921,4.3237457
Uruguay,1922,4.2243924
Uruguay,1923,4.1331496
Uruguay,1924,4.041829
Uruguay,1925,3.9568565
Uruguay,1926,3.8689957
Uruguay,1927,3.7857625
Uruguay,1928,3.7077293
Uruguay,1929,3.6314516
Uruguay,1930,3.5641253
Uruguay,1931,3.4690006
Uruguay,1932,3.3919673
Uruguay,1933,3.3279178
Uruguay,1934,3.2691655
Uruguay,1935,3.2122822
Uruguay,1936,3.1545203
Uruguay,1937,3.1080801
Uruguay,1938,3.0558133
Uruguay,1939,3.0066671
Uruguay,1940,2.9806614
Uruguay,1941,2.909355
Uruguay,1942,2.8425274
Uruguay,1943,2.7892454
Uruguay,1944,2.7422702
Uruguay,1945,2.7002954
Uruguay,1946,2.657761
Uruguay,1947,2.6179073
Uruguay,1948,2.580842
Uruguay,1949,2.5408454
Uruguay,1950,2.5365005
Uruguay,1951,2.412056
Uruguay,1952,2.2933
Uruguay,1953,2.188454
Uruguay,1954,2.1676974
Uruguay,1955,2.2396255
Uruguay,1956,2.1828563
Uruguay,1957,2.1593082
Uruguay,1958,2.1224008
Uruguay,1959,2.001833
Uruguay,1960,2.064262
Uruguay,1961,1.085729
Uruguay,1962,0.23249263
Uruguay,1963,-0.4389028
Uruguay,1964,-0.8677289
Uruguay,1965,-1.2303183
Uruguay,1966,-1.7175149
Uruguay,1967,-1.9735397
Uruguay,1968,-2.3131065
Uruguay,1969,-3.0929294
Uruguay,1970,-2.6598883
Uruguay,1971,-2.5147798
Uruguay,1972,-2.4142838
Uruguay,1973,-2.3645022
Uruguay,1974,-2.3215404
Uruguay,1975,-2.308146
Uruguay,1976,-2.294531
Uruguay,1977,-2.2795126
Uruguay,1978,-2.283566
Uruguay,1979,-2.2790036
Uruguay,1980,-2.1052792
Uruguay,1981,-1.9883268
Uruguay,1982,-1.8867707
Uruguay,1983,-1.8001188
Uruguay,1984,-1.7236075
Uruguay,1985,-1.6843841
Uruguay,1986,-1.602457
Uruguay,1987,-1.5463961
Uruguay,1988,-1.5136528
Uruguay,1989,-2.0836601
Uruguay,1990,-1.1812532
Uruguay,1991,-0.88712215
Uruguay,1992,-0.7213969
Uruguay,1993,-0.57539886
Uruguay,1994,-0.46430737
Uruguay,1995,-0.36979073
Uruguay,1996,-0.2693479
Uruguay,1997,-0.19227642
Uruguay,1998,-0.15724957
Uruguay,1999,-0.08207476
Uruguay,2000,-0.19011228
Uruguay,2001,-0.086927935
Uruguay,2002,-0.13235351
Uruguay,2003,-0.06819606
Uruguay,2004,-0.11501658
Uruguay,2005,0.25973517
Uruguay,2006,1.9925989
Uruguay,2007,6.7280107
Uruguay,2008,9.319282
Uruguay,2009,4.7627244
Uruguay,2010,8.090899
Uruguay,2011,3.775285
Uruguay,2012,4.8331656
Uruguay,2013,5.012161
Uruguay,2014,3.5597727
Uruguay,2015,1.2980539
Uruguay,2016,0.8149154
Uruguay,2017,0.77140343
Uruguay,2018,0.7110407
Uruguay,2019,0.5879075
Uruguay,2020,0.47139513
Uruguay,2021,0.31011894
Uruguay,2022,0.19305122
Uruguay,2023,0.08799797
Uzbekistan,1850,0.7618357
Uzbekistan,1851,0.7622717
Uzbekistan,1852,0.7600601
Uzbekistan,1853,0.75648594
Uzbekistan,1854,0.7521592
Uzbekistan,1855,0.7473779
Uzbekistan,1856,0.7423199
Uzbekistan,1857,0.73708826
Uzbekistan,1858,0.73172915
Uzbekistan,1859,0.72628677
Uzbekistan,1860,0.73330706
Uzbekistan,1861,0.7336155
Uzbekistan,1862,0.7313681
Uzbekistan,1863,0.7278487
Uzbekistan,1864,0.7236291
Uzbekistan,1865,0.7189826
Uzbekistan,1866,0.71408486
Uzbekistan,1867,0.70901763
Uzbekistan,1868,0.7038235
Uzbekistan,1869,0.6985554
Uzbekistan,1870,0.7055263
Uzbekistan,1871,0.7069069
Uzbekistan,1872,0.7055678
Uzbekistan,1873,0.7027524
Uzbekistan,1874,0.6990981
Uzbekistan,1875,0.69494194
Uzbekistan,1876,0.69045883
Uzbekistan,1877,0.685772
Uzbekistan,1878,0.6809443
Uzbekistan,1879,0.67602503
Uzbekistan,1880,0.6814294
Uzbekistan,1881,0.6821054
Uzbekistan,1882,0.68044144
Uzbekistan,1883,0.6774961
Uzbekistan,1884,0.6738298
Uzbekistan,1885,0.66971755
Uzbekistan,1886,0.66530865
Uzbekistan,1887,0.6607162
Uzbekistan,1888,0.65599746
Uzbekistan,1889,0.6511873
Uzbekistan,1890,0.6574419
Uzbekistan,1891,0.6583422
Uzbekistan,1892,0.6567921
Uzbekistan,1893,0.6539475
Uzbekistan,1894,0.6503643
Uzbekistan,1895,0.6463349
Uzbekistan,1896,0.64203626
Uzbekistan,1897,0.6375524
Uzbekistan,1898,0.6329555
Uzbekistan,1899,0.62827706
Uzbekistan,1900,0.6354293
Uzbekistan,1901,0.6360703
Uzbekistan,1902,0.6342301
Uzbekistan,1903,0.6311824
Uzbekistan,1904,0.62746376
Uzbekistan,1905,0.6233686
Uzbekistan,1906,0.6190406
Uzbekistan,1907,0.6145562
Uzbekistan,1908,0.60998106
Uzbekistan,1909,0.6053098
Uzbekistan,1910,0.61033744
Uzbekistan,1911,0.6111816
Uzbekistan,1912,0.60895
Uzbekistan,1913,0.6054539
Uzbekistan,1914,0.60157645
Uzbekistan,1915,0.59749144
Uzbekistan,1916,0.5932536
Uzbekistan,1917,0.5889237
Uzbekistan,1918,0.58434063
Uzbekistan,1919,0.57972115
Uzbekistan,1920,0.58617294
Uzbekistan,1921,0.58641875
Uzbekistan,1922,0.5844093
Uzbekistan,1923,0.5813232
Uzbekistan,1924,0.57766473
Uzbekistan,1925,0.57366633
Uzbekistan,1926,0.56947076
Uzbekistan,1927,0.56515765
Uzbekistan,1928,0.5607596
Uzbekistan,1929,0.55631566
Uzbekistan,1930,0.55699927
Uzbekistan,1931,0.5534116
Uzbekistan,1932,0.5487646
Uzbekistan,1933,0.5437815
Uzbekistan,1934,0.5386924
Uzbekistan,1935,0.53320783
Uzbekistan,1936,0.5278056
Uzbekistan,1937,0.522578
Uzbekistan,1938,0.5174879
Uzbekistan,1939,0.5124998
Uzbekistan,1940,0.53149873
Uzbekistan,1941,0.5388652
Uzbekistan,1942,0.5414574
Uzbekistan,1943,0.5415951
Uzbekistan,1944,0.5403423
Uzbekistan,1945,0.53824645
Uzbekistan,1946,0.5356079
Uzbekistan,1947,0.53260624
Uzbekistan,1948,0.5292701
Uzbekistan,1949,0.5232191
Uzbekistan,1950,1.4565321
Uzbekistan,1951,1.8399729
Uzbekistan,1952,2.0348802
Uzbekistan,1953,2.1636608
Uzbekistan,1954,2.261702
Uzbekistan,1955,2.3562248
Uzbekistan,1956,2.4507425
Uzbekistan,1957,2.535292
Uzbekistan,1958,2.62106
Uzbekistan,1959,2.685155
Uzbekistan,1960,1.5898645
Uzbekistan,1961,1.1560197
Uzbekistan,1962,0.73110193
Uzbekistan,1963,0.48207542
Uzbekistan,1964,0.36062026
Uzbekistan,1965,0.19328485
Uzbekistan,1966,0.15009972
Uzbekistan,1967,0.11556628
Uzbekistan,1968,0.13914232
Uzbekistan,1969,0.09042797
Uzbekistan,1970,0.081443734
Uzbekistan,1971,0.06807682
Uzbekistan,1972,0.04668089
Uzbekistan,1973,0.10312662
Uzbekistan,1974,0.045824375
Uzbekistan,1975,0.051431134
Uzbekistan,1976,0.05444475
Uzbekistan,1977,0.01584225
Uzbekistan,1978,-0.004498301
Uzbekistan,1979,0.022373335
Uzbekistan,1980,0.034932572
Uzbekistan,1981,0.03351873
Uzbekistan,1982,0.04076032
Uzbekistan,1983,0.019745497
Uzbekistan,1984,0.0262443
Uzbekistan,1985,0.032158643
Uzbekistan,1986,0.031982053
Uzbekistan,1987,0.016450237
Uzbekistan,1988,-0.02524997
Uzbekistan,1989,-0.04104155
Uzbekistan,1990,-0.028314875
Uzbekistan,1991,0.037306163
Uzbekistan,1992,0.01662567
Uzbekistan,1993,0.002882821
Uzbekistan,1994,0.007367722
Uzbekistan,1995,0.00344856
Uzbekistan,1996,-0.004851457
Uzbekistan,1997,-0.011091203
Uzbekistan,1998,-0.009382072
Uzbekistan,1999,-0.009731855
Uzbekistan,2000,-0.008894294
Uzbekistan,2001,-0.00465699
Uzbekistan,2002,-0.037599366
Uzbekistan,2003,-0.06063057
Uzbekistan,2004,-0.076439306
Uzbekistan,2005,-0.09068066
Uzbekistan,2006,-0.101105526
Uzbekistan,2007,-0.11000944
Uzbekistan,2008,-0.11539016
Uzbekistan,2009,-0.121890806
Uzbekistan,2010,-0.13142423
Uzbekistan,2011,-0.1252298
Uzbekistan,2012,-0.13497962
Uzbekistan,2013,-0.109963104
Uzbekistan,2014,-0.07040694
Uzbekistan,2015,-0.06526834
Uzbekistan,2016,-0.060340706
Uzbekistan,2017,-0.049619652
Uzbekistan,2018,-0.048203018
Uzbekistan,2019,-0.040341657
Uzbekistan,2020,-0.03540909
Uzbekistan,2021,-0.032033037
Uzbekistan,2022,-0.028502278
Uzbekistan,2023,-0.0252394
Vanuatu,1850,3.1942513
Vanuatu,1851,-0.18016638
Vanuatu,1852,1.8782572
Vanuatu,1853,1.3932794
Vanuatu,1854,1.8013774
Vanuatu,1855,0.8542082
Vanuatu,1856,0.01671872
Vanuatu,1857,-0.2879823
Vanuatu,1858,0.99251175
Vanuatu,1859,-0.5154969
Vanuatu,1860,-1.2037158
Vanuatu,1861,2.3147488
Vanuatu,1862,1.2249897
Vanuatu,1863,0.007823116
Vanuatu,1864,1.589487
Vanuatu,1865,-0.36078775
Vanuatu,1866,0.09462679
Vanuatu,1867,0.4661599
Vanuatu,1868,-1.0735995
Vanuatu,1869,-0.4245664
Vanuatu,1870,-0.75897783
Vanuatu,1871,1.8541597
Vanuatu,1872,0.5403847
Vanuatu,1873,-0.88397753
Vanuatu,1874,0.1762254
Vanuatu,1875,1.0341998
Vanuatu,1876,0.68707204
Vanuatu,1877,0.3250697
Vanuatu,1878,-0.59499377
Vanuatu,1879,-0.31000835
Vanuatu,1880,1.1462024
Vanuatu,1881,0.8385412
Vanuatu,1882,0.30204785
Vanuatu,1883,-0.2675555
Vanuatu,1884,0.44529137
Vanuatu,1885,-0.31828955
Vanuatu,1886,-0.5746519
Vanuatu,1887,-0.040165566
Vanuatu,1888,0.4335364
Vanuatu,1889,-0.35946214
Vanuatu,1890,0.22818385
Vanuatu,1891,0.91479987
Vanuatu,1892,0.21993907
Vanuatu,1893,1.3771977
Vanuatu,1894,-0.8444517
Vanuatu,1895,0.5033161
Vanuatu,1896,1.5198834
Vanuatu,1897,0.31874564
Vanuatu,1898,1.2717109
Vanuatu,1899,-0.14525701
Vanuatu,1900,-2.21285
Vanuatu,1901,-1.3604292
Vanuatu,1902,0.80929554
Vanuatu,1903,2.9691703
Vanuatu,1904,1.4838759
Vanuatu,1905,0.82983387
Vanuatu,1906,0.124373995
Vanuatu,1907,-0.80510473
Vanuatu,1908,0.64539623
Vanuatu,1909,-1.9751382
Vanuatu,1910,2.8048384
Vanuatu,1911,-0.32754186
Vanuatu,1912,-0.4273119
Vanuatu,1913,0.77505034
Vanuatu,1914,0.11073712
Vanuatu,1915,0.0825265
Vanuatu,1916,0.5449258
Vanuatu,1917,-2.1285849
Vanuatu,1918,0.7511395
Vanuatu,1919,-1.3711166
Vanuatu,1920,1.1109034
Vanuatu,1921,0.8459165
Vanuatu,1922,0.39023155
Vanuatu,1923,-0.33599812
Vanuatu,1924,0.10160981
Vanuatu,1925,-0.2431155
Vanuatu,1926,0.9194753
Vanuatu,1927,0.56602275
Vanuatu,1928,-0.5018154
Vanuatu,1929,0.2602664
Vanuatu,1930,1.7991058
Vanuatu,1931,-1.9129649
Vanuatu,1932,-0.5874964
Vanuatu,1933,0.24287568
Vanuatu,1934,2.7583394
Vanuatu,1935,-0.10649178
Vanuatu,1936,0.031284153
Vanuatu,1937,1.3997002
Vanuatu,1938,-1.0562922
Vanuatu,1939,-1.8168656
Vanuatu,1940,73.52358
Vanuatu,1941,99.465
Vanuatu,1942,114.09411
Vanuatu,1943,121.641464
Vanuatu,1944,125.69061
Vanuatu,1945,130.4908
Vanuatu,1946,134.70395
Vanuatu,1947,136.90384
Vanuatu,1948,137.09824
Vanuatu,1949,136.3867
Vanuatu,1950,80.907616
Vanuatu,1951,62.596104
Vanuatu,1952,53.562782
Vanuatu,1953,46.0714
Vanuatu,1954,39.973015
Vanuatu,1955,39.195423
Vanuatu,1956,33.30506
Vanuatu,1957,32.585217
Vanuatu,1958,29.370197
Vanuatu,1959,25.655136
Vanuatu,1960,15.454558
Vanuatu,1961,13.813368
Vanuatu,1962,9.162554
Vanuatu,1963,6.929068
Vanuatu,1964,59.4843
Vanuatu,1965,22.046408
Vanuatu,1966,13.345562
Vanuatu,1967,9.253234
Vanuatu,1968,7.1745744
Vanuatu,1969,44.791317
Vanuatu,1970,19.039053
Vanuatu,1971,11.510431
Vanuatu,1972,9.325017
Vanuatu,1973,8.689333
Vanuatu,1974,36.27857
Vanuatu,1975,14.532175
Vanuatu,1976,13.050873
Vanuatu,1977,9.370889
Vanuatu,1978,10.732633
Vanuatu,1979,5.905986
Vanuatu,1980,13.312863
Vanuatu,1981,11.195004
Vanuatu,1982,15.37191
Vanuatu,1983,8.386857
Vanuatu,1984,12.77762
Vanuatu,1985,17.23329
Vanuatu,1986,14.944329
Vanuatu,1987,18.087063
Vanuatu,1988,15.273978
Vanuatu,1989,15.5118475
Vanuatu,1990,14.268719
Vanuatu,1991,14.195452
Vanuatu,1992,13.694986
Vanuatu,1993,10.291907
Vanuatu,1994,19.297733
Vanuatu,1995,14.490987
Vanuatu,1996,10.925316
Vanuatu,1997,15.8962
Vanuatu,1998,10.734785
Vanuatu,1999,13.985511
Vanuatu,2000,17.426521
Vanuatu,2001,16.757805
Vanuatu,2002,17.119385
Vanuatu,2003,49.353096
Vanuatu,2004,24.709501
Vanuatu,2005,12.074116
Vanuatu,2006,7.589901
Vanuatu,2007,0.9444725
Vanuatu,2008,-0.98877734
Vanuatu,2009,-1.5774548
Vanuatu,2010,-2.8764038
Vanuatu,2011,-4.9295235
Vanuatu,2012,-4.195232
Vanuatu,2013,-5.3958926
Vanuatu,2014,-5.182626
Vanuatu,2015,-4.6286817
Vanuatu,2016,-4.47707
Vanuatu,2017,2.7152534
Vanuatu,2018,-1.8838791
Vanuatu,2019,-3.2844384
Vanuatu,2020,-3.1305802
Vanuatu,2021,-1.5778024
Vanuatu,2022,-1.2818744
Vanuatu,2023,-0.9801102
Venezuela,1850,36.528843
Venezuela,1851,45.653736
Venezuela,1852,46.26925
Venezuela,1853,54.541145
Venezuela,1854,53.55699
Venezuela,1855,47.78092
Venezuela,1856,58.03097
Venezuela,1857,54.79755
Venezuela,1858,53.931732
Venezuela,1859,52.336273
Venezuela,1860,38.08731
Venezuela,1861,29.40537
Venezuela,1862,25.20133
Venezuela,1863,22.202147
Venezuela,1864,19.949831
Venezuela,1865,19.472935
Venezuela,1866,16.715757
Venezuela,1867,18.11588
Venezuela,1868,14.574557
Venezuela,1869,14.579424
Venezuela,1870,13.94495
Venezuela,1871,14.40808
Venezuela,1872,15.624631
Venezuela,1873,14.507905
Venezuela,1874,13.606518
Venezuela,1875,13.331065
Venezuela,1876,14.694049
Venezuela,1877,12.044962
Venezuela,1878,13.466723
Venezuela,1879,12.423254
Venezuela,1880,14.748391
Venezuela,1881,14.565366
Venezuela,1882,13.475344
Venezuela,1883,14.855342
Venezuela,1884,13.885025
Venezuela,1885,14.272322
Venezuela,1886,12.169639
Venezuela,1887,13.833215
Venezuela,1888,13.548876
Venezuela,1889,14.502015
Venezuela,1890,8.677243
Venezuela,1891,6.221703
Venezuela,1892,6.20767
Venezuela,1893,4.49792
Venezuela,1894,5.0274587
Venezuela,1895,3.9356122
Venezuela,1896,3.3554099
Venezuela,1897,2.7343433
Venezuela,1898,2.6807857
Venezuela,1899,2.5346277
Venezuela,1900,1.4473118
Venezuela,1901,1.0164247
Venezuela,1902,1.4100873
Venezuela,1903,2.3385456
Venezuela,1904,1.3825189
Venezuela,1905,1.0661689
Venezuela,1906,0.69702494
Venezuela,1907,1.2406387
Venezuela,1908,0.5909553
Venezuela,1909,0.8921877
Venezuela,1910,1.2115227
Venezuela,1911,0.6295943
Venezuela,1912,0.54363465
Venezuela,1913,1.0659539
Venezuela,1914,0.9535309
Venezuela,1915,0.35720438
Venezuela,1916,0.84994864
Venezuela,1917,0.38624915
Venezuela,1918,0.5000451
Venezuela,1919,0.77690977
Venezuela,1920,4.4791284
Venezuela,1921,7.272865
Venezuela,1922,10.357121
Venezuela,1923,10.365481
Venezuela,1924,10.57096
Venezuela,1925,11.672979
Venezuela,1926,12.098901
Venezuela,1927,11.660158
Venezuela,1928,11.805844
Venezuela,1929,11.817662
Venezuela,1930,12.754528
Venezuela,1931,11.540894
Venezuela,1932,10.931325
Venezuela,1933,11.309765
Venezuela,1934,10.899959
Venezuela,1935,10.113599
Venezuela,1936,10.544424
Venezuela,1937,11.464275
Venezuela,1938,10.366509
Venezuela,1939,10.294641
Venezuela,1940,14.685499
Venezuela,1941,15.789476
Venezuela,1942,16.966219
Venezuela,1943,17.062157
Venezuela,1944,16.796986
Venezuela,1945,16.960995
Venezuela,1946,16.588871
Venezuela,1947,15.972178
Venezuela,1948,16.108953
Venezuela,1949,15.592111
Venezuela,1950,18.681704
Venezuela,1951,21.327843
Venezuela,1952,22.866302
Venezuela,1953,22.953262
Venezuela,1954,23.63534
Venezuela,1955,23.716846
Venezuela,1956,23.36372
Venezuela,1957,22.834843
Venezuela,1958,22.878813
Venezuela,1959,22.357399
Venezuela,1960,22.76779
Venezuela,1961,15.382368
Venezuela,1962,10.650188
Venezuela,1963,8.382015
Venezuela,1964,6.777626
Venezuela,1965,5.333581
Venezuela,1966,4.93611
Venezuela,1967,3.9699109
Venezuela,1968,3.228032
Venezuela,1969,2.931754
Venezuela,1970,3.0027013
Venezuela,1971,2.2992084
Venezuela,1972,2.7949445
Venezuela,1973,2.7907565
Venezuela,1974,2.3453922
Venezuela,1975,2.4084392
Venezuela,1976,3.6075299
Venezuela,1977,2.7577946
Venezuela,1978,2.6060586
Venezuela,1979,2.220451
Venezuela,1980,1.5987897
Venezuela,1981,1.7052265
Venezuela,1982,1.2834275
Venezuela,1983,1.2396997
Venezuela,1984,3.1530554
Venezuela,1985,4.090261
Venezuela,1986,2.4820707
Venezuela,1987,1.823087
Venezuela,1988,0.74740416
Venezuela,1989,0.7046652
Venezuela,1990,0.89353377
Venezuela,1991,-0.05398327
Venezuela,1992,0.19295111
Venezuela,1993,0.15186799
Venezuela,1994,0.5497785
Venezuela,1995,0.662064
Venezuela,1996,0.44835296
Venezuela,1997,0.791504
Venezuela,1998,0.7269862
Venezuela,1999,0.67900294
Venezuela,2000,0.6542004
Venezuela,2001,0.34680843
Venezuela,2002,0.32265604
Venezuela,2003,0.8930182
Venezuela,2004,0.5363969
Venezuela,2005,0.18365453
Venezuela,2006,0.47179627
Venezuela,2007,0.65602034
Venezuela,2008,0.53452444
Venezuela,2009,0.41491568
Venezuela,2010,0.3063305
Venezuela,2011,0.3720423
Venezuela,2012,0.5948445
Venezuela,2013,0.42547494
Venezuela,2014,0.122408554
Venezuela,2015,0.23814987
Venezuela,2016,0.19894853
Venezuela,2017,0.5751557
Venezuela,2018,0.7066793
Venezuela,2019,0.30428323
Venezuela,2020,0.26456797
Venezuela,2021,0.4264055
Venezuela,2022,0.17393796
Venezuela,2023,0.17908417
Vietnam,1850,3.0665355
Vietnam,1851,3.1805866
Vietnam,1852,3.023404
Vietnam,1853,2.961064
Vietnam,1854,2.8007805
Vietnam,1855,2.6946237
Vietnam,1856,2.7002604
Vietnam,1857,2.5381742
Vietnam,1858,2.4400034
Vietnam,1859,2.5176265
Vietnam,1860,2.3785164
Vietnam,1861,2.2182105
Vietnam,1862,2.1925268
Vietnam,1863,2.1446753
Vietnam,1864,2.0642724
Vietnam,1865,2.0732038
Vietnam,1866,2.0094197
Vietnam,1867,1.814511
Vietnam,1868,1.9113443
Vietnam,1869,1.8076321
Vietnam,1870,2.5918152
Vietnam,1871,3.326106
Vietnam,1872,3.937557
Vietnam,1873,3.8243082
Vietnam,1874,4.012572
Vietnam,1875,4.3651333
Vietnam,1876,4.072912
Vietnam,1877,4.2557316
Vietnam,1878,4.362378
Vietnam,1879,4.189674
Vietnam,1880,4.830876
Vietnam,1881,5.3171997
Vietnam,1882,5.4061017
Vietnam,1883,5.286026
Vietnam,1884,5.646433
Vietnam,1885,5.620042
Vietnam,1886,5.74008
Vietnam,1887,5.698252
Vietnam,1888,5.495116
Vietnam,1889,5.7042537
Vietnam,1890,5.871919
Vietnam,1891,6.13487
Vietnam,1892,6.0122447
Vietnam,1893,6.1586366
Vietnam,1894,5.8483324
Vietnam,1895,6.533321
Vietnam,1896,6.0607343
Vietnam,1897,6.249159
Vietnam,1898,6.1142297
Vietnam,1899,5.8988485
Vietnam,1900,6.139686
Vietnam,1901,5.863599
Vietnam,1902,5.7377753
Vietnam,1903,5.403163
Vietnam,1904,5.227053
Vietnam,1905,4.968847
Vietnam,1906,4.596849
Vietnam,1907,4.485049
Vietnam,1908,4.196561
Vietnam,1909,3.9106166
Vietnam,1910,3.6265728
Vietnam,1911,3.3942018
Vietnam,1912,3.0591538
Vietnam,1913,3.043264
Vietnam,1914,2.9122276
Vietnam,1915,3.1212516
Vietnam,1916,3.117
Vietnam,1917,3.0775228
Vietnam,1918,2.9591985
Vietnam,1919,2.84637
Vietnam,1920,1.8508794
Vietnam,1921,1.263878
Vietnam,1922,0.96061444
Vietnam,1923,0.74689084
Vietnam,1924,0.597768
Vietnam,1925,0.49077526
Vietnam,1926,0.4041753
Vietnam,1927,0.3242637
Vietnam,1928,0.26840037
Vietnam,1929,0.21404527
Vietnam,1930,0.1722529
Vietnam,1931,0.12775849
Vietnam,1932,0.07550368
Vietnam,1933,0.043435305
Vietnam,1934,0.00975848
Vietnam,1935,-0.018698312
Vietnam,1936,-0.040406402
Vietnam,1937,-0.048500843
Vietnam,1938,-0.06561477
Vietnam,1939,-0.08054515
Vietnam,1940,-0.09311534
Vietnam,1941,-0.10117924
Vietnam,1942,-0.11733908
Vietnam,1943,-0.13943186
Vietnam,1944,-0.14444049
Vietnam,1945,-0.15227242
Vietnam,1946,-0.16627617
Vietnam,1947,-0.16153392
Vietnam,1948,-0.17040592
Vietnam,1949,-0.35663822
Vietnam,1950,0.8184539
Vietnam,1951,1.3934199
Vietnam,1952,1.8289989
Vietnam,1953,2.2573602
Vietnam,1954,2.702077
Vietnam,1955,3.0349386
Vietnam,1956,3.3088593
Vietnam,1957,3.5398848
Vietnam,1958,3.7129278
Vietnam,1959,4.2970333
Vietnam,1960,2.5615952
Vietnam,1961,1.974209
Vietnam,1962,1.6691116
Vietnam,1963,1.4763218
Vietnam,1964,1.3337797
Vietnam,1965,1.2186592
Vietnam,1966,1.2526346
Vietnam,1967,1.204308
Vietnam,1968,1.1192636
Vietnam,1969,1.1944958
Vietnam,1970,0.99793684
Vietnam,1971,1.0259403
Vietnam,1972,1.0924449
Vietnam,1973,1.0648888
Vietnam,1974,0.926373
Vietnam,1975,1.8771528
Vietnam,1976,1.6333538
Vietnam,1977,1.2868624
Vietnam,1978,1.0767585
Vietnam,1979,0.94929296
Vietnam,1980,0.91271067
Vietnam,1981,0.8365734
Vietnam,1982,0.82346886
Vietnam,1983,0.7560248
Vietnam,1984,0.62701714
Vietnam,1985,0.62897354
Vietnam,1986,0.652454
Vietnam,1987,0.6822053
Vietnam,1988,0.6642734
Vietnam,1989,0.61751586
Vietnam,1990,0.66440594
Vietnam,1991,1.4863569
Vietnam,1992,1.0970172
Vietnam,1993,0.9602578
Vietnam,1994,0.78470886
Vietnam,1995,2.0912774
Vietnam,1996,1.7132887
Vietnam,1997,1.7195272
Vietnam,1998,2.2194805
Vietnam,1999,2.440098
Vietnam,2000,3.4631202
Vietnam,2001,1.9770125
Vietnam,2002,1.6209694
Vietnam,2003,1.8768892
Vietnam,2004,1.9499673
Vietnam,2005,1.3637724
Vietnam,2006,1.0879177
Vietnam,2007,1.3747873
Vietnam,2008,1.2362691
Vietnam,2009,2.0947208
Vietnam,2010,1.4128436
Vietnam,2011,1.2000035
Vietnam,2012,1.1804984
Vietnam,2013,1.2204701
Vietnam,2014,3.848705
Vietnam,2015,2.2770927
Vietnam,2016,1.6667798
Vietnam,2017,1.4012787
Vietnam,2018,1.1839811
Vietnam,2019,1.0636202
Vietnam,2020,1.0006917
Vietnam,2021,1.0050154
Vietnam,2022,0.98444813
Vietnam,2023,0.95534843
World,1850,2.0620894
World,1851,2.1983955
World,1852,2.2239137
World,1853,2.2586904
World,1854,2.2630193
World,1855,2.2318134
World,1856,2.2985773
World,1857,2.2813246
World,1858,2.2959805
World,1859,2.3408134
World,1860,2.1375427
World,1861,2.1219728
World,1862,2.0956404
World,1863,2.0639942
World,1864,1.9905336
World,1865,1.9485927
World,1866,1.9702249
World,1867,1.9354222
World,1868,1.9054871
World,1869,1.9330925
World,1870,2.1115932
World,1871,2.1165571
World,1872,2.252224
World,1873,2.1871958
World,1874,2.3199005
World,1875,2.3687022
World,1876,2.371021
World,1877,2.2849603
World,1878,2.3407161
World,1879,2.3223782
World,1880,2.38585
World,1881,2.3680303
World,1882,2.4767642
World,1883,2.4050972
World,1884,2.4928443
World,1885,2.4738405
World,1886,2.397527
World,1887,2.4778185
World,1888,2.3760765
World,1889,2.4324653
World,1890,2.5943573
World,1891,2.713762
World,1892,2.6576262
World,1893,2.7607777
World,1894,2.75274
World,1895,2.7380934
World,1896,2.6791856
World,1897,2.7616317
World,1898,2.7137465
World,1899,2.7508202
World,1900,2.7665393
World,1901,2.7615514
World,1902,2.7965212
World,1903,2.7550688
World,1904,2.7808287
World,1905,2.8444774
World,1906,2.8266304
World,1907,2.751188
World,1908,2.7795525
World,1909,2.8181043
World,1910,2.6836314
World,1911,2.7088819
World,1912,2.611696
World,1913,2.4994736
World,1914,2.527888
World,1915,2.4972184
World,1916,2.4542544
World,1917,2.4501245
World,1918,2.4347425
World,1919,2.3811545
World,1920,2.4271152
World,1921,2.5307043
World,1922,2.4906209
World,1923,2.5231068
World,1924,2.5080025
World,1925,2.484521
World,1926,2.4685063
World,1927,2.4642172
World,1928,2.429458
World,1929,2.3847668
World,1930,2.4231074
World,1931,2.478235
World,1932,2.4765475
World,1933,2.4813237
World,1934,2.4747791
World,1935,2.4143505
World,1936,2.4074388
World,1937,2.413021
World,1938,2.4100537
World,1939,2.3592887
World,1940,2.3815026
World,1941,2.4818614
World,1942,2.4748666
World,1943,2.4354165
World,1944,2.4075198
World,1945,2.387038
World,1946,2.3508933
World,1947,2.3278167
World,1948,2.2729425
World,1949,2.218952
World,1950,2.4897003
World,1951,2.585729
World,1952,2.5069134
World,1953,2.5014486
World,1954,2.598933
World,1955,2.5995154
World,1956,2.5826263
World,1957,2.567314
World,1958,2.4701812
World,1959,2.610863
World,1960,2.223868
World,1961,2.225389
World,1962,2.0268772
World,1963,1.9297378
World,1964,1.794716
World,1965,1.6869229
World,1966,1.534303
World,1967,1.554913
World,1968,1.5041244
World,1969,1.6123738
World,1970,1.5411612
World,1971,1.3576397
World,1972,1.401996
World,1973,1.3375013
World,1974,1.2857528
World,1975,1.242855
World,1976,1.2268034
World,1977,1.3072424
World,1978,1.261168
World,1979,1.0728415
World,1980,1.1169002
World,1981,1.0664997
World,1982,0.98504674
World,1983,1.0186547
World,1984,1.1791869
World,1985,1.0866756
World,1986,1.1147841
World,1987,1.0574399
World,1988,1.0056384
World,1989,0.9463
World,1990,0.9340812
World,1991,0.9171856
World,1992,0.9549609
World,1993,0.8895326
World,1994,1.0376748
World,1995,0.943309
World,1996,1.0291826
World,1997,1.2500979
World,1998,1.0228726
World,1999,0.98586106
World,2000,0.85830754
World,2001,0.7618371
World,2002,0.8091408
World,2003,0.9463146
World,2004,0.830951
World,2005,0.7425238
World,2006,0.79924816
World,2007,0.6799427
World,2008,0.713031
World,2009,0.7607324
World,2010,0.7815609
World,2011,0.74227583
World,2012,0.7848542
World,2013,0.70163167
World,2014,0.7310313
World,2015,0.74045813
World,2016,0.58294916
World,2017,0.5533918
World,2018,0.4973824
World,2019,0.48477808
World,2020,0.4360331
World,2021,0.44664055
World,2022,0.44144827
World,2023,0.44797626
Yemen,1850,-0.2055503
Yemen,1851,-0.20857865
Yemen,1852,-0.21122397
Yemen,1853,-0.21367425
Yemen,1854,-0.21599698
Yemen,1855,-0.21820597
Yemen,1856,-0.2203681
Yemen,1857,-0.22247021
Yemen,1858,-0.22452578
Yemen,1859,-0.22650866
Yemen,1860,-0.23087026
Yemen,1861,-0.23406027
Yemen,1862,-0.23672767
Yemen,1863,-0.239098
Yemen,1864,-0.24131642
Yemen,1865,-0.243423
Yemen,1866,-0.2454182
Yemen,1867,-0.24732853
Yemen,1868,-0.24920662
Yemen,1869,-0.25103906
Yemen,1870,-0.23512127
Yemen,1871,-0.22576995
Yemen,1872,-0.21934487
Yemen,1873,-0.21452782
Yemen,1874,-0.21070544
Yemen,1875,-0.20758976
Yemen,1876,-0.20498477
Yemen,1877,-0.20282388
Yemen,1878,-0.20104101
Yemen,1879,-0.19959597
Yemen,1880,-0.20256543
Yemen,1881,-0.20396808
Yemen,1882,-0.20479248
Yemen,1883,-0.20543581
Yemen,1884,-0.20602587
Yemen,1885,-0.20663908
Yemen,1886,-0.20732594
Yemen,1887,-0.2080988
Yemen,1888,-0.2089826
Yemen,1889,-0.20995145
Yemen,1890,-0.2164571
Yemen,1891,-0.2205412
Yemen,1892,-0.22365843
Yemen,1893,-0.22630197
Yemen,1894,-0.22869918
Yemen,1895,-0.23096359
Yemen,1896,-0.23313332
Yemen,1897,-0.235271
Yemen,1898,-0.2373644
Yemen,1899,-0.23911567
Yemen,1900,-0.24622127
Yemen,1901,-0.25049883
Yemen,1902,-0.25327936
Yemen,1903,-0.25503826
Yemen,1904,-0.25641218
Yemen,1905,-0.2575175
Yemen,1906,-0.2584664
Yemen,1907,-0.2592744
Yemen,1908,-0.2599679
Yemen,1909,-0.26056662
Yemen,1910,-0.21019849
Yemen,1911,-0.1818687
Yemen,1912,-0.163189
Yemen,1913,-0.14975205
Yemen,1914,-0.13950305
Yemen,1915,-0.13137066
Yemen,1916,-0.1247619
Yemen,1917,-0.11933884
Yemen,1918,-0.11485559
Yemen,1919,-0.11118876
Yemen,1920,-0.12018925
Yemen,1921,-0.12168788
Yemen,1922,-0.120247796
Yemen,1923,-0.11747303
Yemen,1924,-0.11412028
Yemen,1925,-0.11062198
Yemen,1926,-0.107198626
Yemen,1927,-0.10396541
Yemen,1928,-0.10099484
Yemen,1929,-0.098318435
Yemen,1930,-0.10943043
Yemen,1931,-0.11445244
Yemen,1932,-0.1170176
Yemen,1933,-0.11841416
Yemen,1934,-0.119228825
Yemen,1935,-0.119738705
Yemen,1936,-0.120121606
Yemen,1937,-0.12044271
Yemen,1938,-0.1207737
Yemen,1939,-0.12112275
Yemen,1940,-0.13615622
Yemen,1941,-0.14444277
Yemen,1942,-0.14983752
Yemen,1943,-0.15370643
Yemen,1944,-0.15667859
Yemen,1945,-0.15908973
Yemen,1946,-0.16114156
Yemen,1947,-0.16293195
Yemen,1948,-0.1645313
Yemen,1949,-0.16560175
Yemen,1950,-0.08737132
Yemen,1951,-0.046049293
Yemen,1952,-0.022554796
Yemen,1953,-0.008604702
Yemen,1954,0.000670096
Yemen,1955,0.007123764
Yemen,1956,0.011839848
Yemen,1957,0.01494744
Yemen,1958,0.017554518
Yemen,1959,-0.33335373
Yemen,1960,-0.30773035
Yemen,1961,-0.22309187
Yemen,1962,-0.16090162
Yemen,1963,-0.12589176
Yemen,1964,-0.09575643
Yemen,1965,-0.06453858
Yemen,1966,-0.060526025
Yemen,1967,-0.05933117
Yemen,1968,-0.027984645
Yemen,1969,-0.030987132
Yemen,1970,-0.012093656
Yemen,1971,0.014842939
Yemen,1972,0.004955722
Yemen,1973,0.004632085
Yemen,1974,0.04005612
Yemen,1975,0.008153678
Yemen,1976,-0.00491647
Yemen,1977,-0.003656301
Yemen,1978,-0.005479654
Yemen,1979,-0.008055585
Yemen,1980,-0.001888954
Yemen,1981,-0.003781784
Yemen,1982,-0.001767429
Yemen,1983,0.000141435
Yemen,1984,0.01660266
Yemen,1985,0.011481008
Yemen,1986,0.03505138
Yemen,1987,0.022890616
Yemen,1988,0.02216976
Yemen,1989,0.3878883
Yemen,1990,0.21577229
Yemen,1991,0.009524263
Yemen,1992,0.5404295
Yemen,1993,0.27943298
Yemen,1994,0.17556424
Yemen,1995,0.165044
Yemen,1996,0.086208016
Yemen,1997,0.035844844
Yemen,1998,0.019654851
Yemen,1999,0.055131238
Yemen,2000,-0.022726253
Yemen,2001,0.12226678
Yemen,2002,-0.03362747
Yemen,2003,0.13834396
Yemen,2004,0.12545422
Yemen,2005,0.17664987
Yemen,2006,0.10045127
Yemen,2007,-0.014071076
Yemen,2008,-0.061257567
Yemen,2009,0.110603906
Yemen,2010,-0.021051915
Yemen,2011,0.022580815
Yemen,2012,-0.00912469
Yemen,2013,-0.036948856
Yemen,2014,-0.041585412
Yemen,2015,-0.055313952
Yemen,2016,0.02482379
Yemen,2017,0.001566764
Yemen,2018,-0.005901506
Yemen,2019,-0.007302668
Yemen,2020,-0.006447901
Yemen,2021,0.007373346
Yemen,2022,0.015393028
Yemen,2023,0.02080785
Zambia,1850,6.157252
Zambia,1851,6.035112
Zambia,1852,6.065344
Zambia,1853,6.1381626
Zambia,1854,6.024294
Zambia,1855,5.9671917
Zambia,1856,6.004058
Zambia,1857,5.999527
Zambia,1858,6.022599
Zambia,1859,5.9994955
Zambia,1860,6.1301236
Zambia,1861,6.299302
Zambia,1862,6.3369207
Zambia,1863,6.4273467
Zambia,1864,6.328819
Zambia,1865,6.3293257
Zambia,1866,6.4701495
Zambia,1867,6.389269
Zambia,1868,6.407929
Zambia,1869,6.459628
Zambia,1870,6.5892467
Zambia,1871,6.672377
Zambia,1872,6.7649493
Zambia,1873,6.8000903
Zambia,1874,6.8112497
Zambia,1875,6.942004
Zambia,1876,6.898947
Zambia,1877,7.087733
Zambia,1878,7.167253
Zambia,1879,7.0380797
Zambia,1880,7.230082
Zambia,1881,7.367475
Zambia,1882,7.3629723
Zambia,1883,7.40111
Zambia,1884,7.5354104
Zambia,1885,7.5573883
Zambia,1886,7.782263
Zambia,1887,7.846144
Zambia,1888,7.68552
Zambia,1889,7.7952733
Zambia,1890,7.9353557
Zambia,1891,8.413181
Zambia,1892,8.485487
Zambia,1893,8.543995
Zambia,1894,8.522929
Zambia,1895,8.620532
Zambia,1896,8.94408
Zambia,1897,8.722543
Zambia,1898,8.97423
Zambia,1899,9.188574
Zambia,1900,9.63054
Zambia,1901,9.714207
Zambia,1902,10.205782
Zambia,1903,10.270803
Zambia,1904,10.604699
Zambia,1905,10.675953
Zambia,1906,10.812928
Zambia,1907,11.103727
Zambia,1908,11.160117
Zambia,1909,11.226569
Zambia,1910,12.289258
Zambia,1911,12.936453
Zambia,1912,13.214277
Zambia,1913,13.6541605
Zambia,1914,14.000832
Zambia,1915,14.264767
Zambia,1916,14.495001
Zambia,1917,14.523911
Zambia,1918,15.080171
Zambia,1919,14.979331
Zambia,1920,16.529083
Zambia,1921,17.618235
Zambia,1922,17.911015
Zambia,1923,18.296516
Zambia,1924,18.424437
Zambia,1925,18.598011
Zambia,1926,17.961311
Zambia,1927,17.831272
Zambia,1928,17.93486
Zambia,1929,17.805977
Zambia,1930,21.455236
Zambia,1931,23.49596
Zambia,1932,24.527958
Zambia,1933,25.308435
Zambia,1934,26.205402
Zambia,1935,25.68795
Zambia,1936,26.077766
Zambia,1937,25.833387
Zambia,1938,25.840452
Zambia,1939,25.685833
Zambia,1940,42.945835
Zambia,1941,55.88128
Zambia,1942,62.5799
Zambia,1943,65.73548
Zambia,1944,67.943275
Zambia,1945,69.51045
Zambia,1946,69.79121
Zambia,1947,70.18657
Zambia,1948,70.16789
Zambia,1949,69.34349
Zambia,1950,54.47336
Zambia,1951,44.851784
Zambia,1952,38.614285
Zambia,1953,35.91135
Zambia,1954,34.000984
Zambia,1955,32.770973
Zambia,1956,31.830078
Zambia,1957,31.277317
Zambia,1958,30.618526
Zambia,1959,31.069832
Zambia,1960,30.766275
Zambia,1961,24.193136
Zambia,1962,19.590866
Zambia,1963,17.18299
Zambia,1964,15.852048
Zambia,1965,15.565208
Zambia,1966,15.069902
Zambia,1967,13.815092
Zambia,1968,13.742205
Zambia,1969,13.330796
Zambia,1970,16.22826
Zambia,1971,16.018589
Zambia,1972,12.784603
Zambia,1973,12.172291
Zambia,1974,10.501067
Zambia,1975,9.247941
Zambia,1976,8.261659
Zambia,1977,6.6398993
Zambia,1978,3.6846895
Zambia,1979,4.446669
Zambia,1980,5.45635
Zambia,1981,5.7076273
Zambia,1982,6.2513695
Zambia,1983,6.365063
Zambia,1984,6.6740613
Zambia,1985,6.7702556
Zambia,1986,6.8765087
Zambia,1987,6.479355
Zambia,1988,7.186406
Zambia,1989,6.229091
Zambia,1990,5.030713
Zambia,1991,6.2486105
Zambia,1992,6.394738
Zambia,1993,7.0076504
Zambia,1994,7.1085615
Zambia,1995,6.565598
Zambia,1996,5.6883554
Zambia,1997,6.18781
Zambia,1998,5.6648126
Zambia,1999,5.0564294
Zambia,2000,4.4917593
Zambia,2001,5.6838756
Zambia,2002,7.698309
Zambia,2003,6.295637
Zambia,2004,5.8125925
Zambia,2005,7.6304226
Zambia,2006,6.286821
Zambia,2007,7.6096187
Zambia,2008,10.132482
Zambia,2009,7.9513097
Zambia,2010,8.334873
Zambia,2011,8.485044
Zambia,2012,6.548442
Zambia,2013,5.490835
Zambia,2014,4.91574
Zambia,2015,4.5736294
Zambia,2016,4.6551943
Zambia,2017,4.4230146
Zambia,2018,3.8629496
Zambia,2019,3.4637702
Zambia,2020,3.0970058
Zambia,2021,3.0410466
Zambia,2022,3.0042417
Zambia,2023,2.9182622
Zimbabwe,1850,1.263551
Zimbabwe,1851,1.2447932
Zimbabwe,1852,1.2157288
Zimbabwe,1853,1.2142606
Zimbabwe,1854,1.2062532
Zimbabwe,1855,1.2094761
Zimbabwe,1856,1.1876056
Zimbabwe,1857,1.1831721
Zimbabwe,1858,1.1628292
Zimbabwe,1859,1.1568861
Zimbabwe,1860,1.2253616
Zimbabwe,1861,1.2623165
Zimbabwe,1862,1.278963
Zimbabwe,1863,1.2501571
Zimbabwe,1864,1.2427077
Zimbabwe,1865,1.1374363
Zimbabwe,1866,1.0638658
Zimbabwe,1867,1.0139353
Zimbabwe,1868,1.04565
Zimbabwe,1869,0.9819053
Zimbabwe,1870,1.0639292
Zimbabwe,1871,1.0730754
Zimbabwe,1872,1.0934116
Zimbabwe,1873,1.142625
Zimbabwe,1874,1.1263632
Zimbabwe,1875,1.0498836
Zimbabwe,1876,1.0177144
Zimbabwe,1877,0.9746725
Zimbabwe,1878,0.9405528
Zimbabwe,1879,0.97393566
Zimbabwe,1880,1.0041945
Zimbabwe,1881,1.0283206
Zimbabwe,1882,1.0579365
Zimbabwe,1883,1.0754381
Zimbabwe,1884,1.0649056
Zimbabwe,1885,1.0675834
Zimbabwe,1886,1.1039826
Zimbabwe,1887,1.0854461
Zimbabwe,1888,1.0653389
Zimbabwe,1889,1.0592583
Zimbabwe,1890,1.1732547
Zimbabwe,1891,1.2074056
Zimbabwe,1892,1.2481759
Zimbabwe,1893,1.3287945
Zimbabwe,1894,1.287136
Zimbabwe,1895,1.3889514
Zimbabwe,1896,1.315885
Zimbabwe,1897,1.298885
Zimbabwe,1898,1.3235012
Zimbabwe,1899,1.388602
Zimbabwe,1900,1.4267623
Zimbabwe,1901,1.5175569
Zimbabwe,1902,1.5714207
Zimbabwe,1903,1.5629741
Zimbabwe,1904,1.5577027
Zimbabwe,1905,1.5621839
Zimbabwe,1906,1.5563318
Zimbabwe,1907,1.5998335
Zimbabwe,1908,1.5549
Zimbabwe,1909,1.5344181
Zimbabwe,1910,1.7101054
Zimbabwe,1911,1.8697877
Zimbabwe,1912,1.9553331
Zimbabwe,1913,1.9740528
Zimbabwe,1914,1.9641846
Zimbabwe,1915,1.9839792
Zimbabwe,1916,1.9972011
Zimbabwe,1917,1.9523923
Zimbabwe,1918,1.9429247
Zimbabwe,1919,1.9283478
Zimbabwe,1920,2.2974672
Zimbabwe,1921,2.5419123
Zimbabwe,1922,2.6898935
Zimbabwe,1923,2.6730456
Zimbabwe,1924,2.6597562
Zimbabwe,1925,2.6691794
Zimbabwe,1926,2.706358
Zimbabwe,1927,2.7010646
Zimbabwe,1928,2.6436737
Zimbabwe,1929,2.631981
Zimbabwe,1930,3.3415363
Zimbabwe,1931,3.7846668
Zimbabwe,1932,4.054089
Zimbabwe,1933,4.2524467
Zimbabwe,1934,4.3264318
Zimbabwe,1935,4.3083167
Zimbabwe,1936,4.3305945
Zimbabwe,1937,4.294232
Zimbabwe,1938,4.329658
Zimbabwe,1939,4.2865386
Zimbabwe,1940,8.049171
Zimbabwe,1941,10.390107
Zimbabwe,1942,11.792631
Zimbabwe,1943,12.459459
Zimbabwe,1944,12.93475
Zimbabwe,1945,13.177269
Zimbabwe,1946,13.300768
Zimbabwe,1947,13.354696
Zimbabwe,1948,13.244252
Zimbabwe,1949,13.061099
Zimbabwe,1950,16.734838
Zimbabwe,1951,12.7655945
Zimbabwe,1952,10.937743
Zimbabwe,1953,10.029109
Zimbabwe,1954,9.509204
Zimbabwe,1955,8.960914
Zimbabwe,1956,8.661102
Zimbabwe,1957,8.494628
Zimbabwe,1958,8.277768
Zimbabwe,1959,8.036219
Zimbabwe,1960,8.084454
Zimbabwe,1961,6.716192
Zimbabwe,1962,5.8584776
Zimbabwe,1963,5.3415604
Zimbabwe,1964,4.4702597
Zimbabwe,1965,4.7595916
Zimbabwe,1966,4.3893905
Zimbabwe,1967,4.1192646
Zimbabwe,1968,3.9043453
Zimbabwe,1969,3.7613723
Zimbabwe,1970,3.5534718
Zimbabwe,1971,3.033296
Zimbabwe,1972,2.1996572
Zimbabwe,1973,2.4762332
Zimbabwe,1974,1.8525529
Zimbabwe,1975,1.4696722
Zimbabwe,1976,1.1884441
Zimbabwe,1977,1.0680451
Zimbabwe,1978,0.9162402
Zimbabwe,1979,1.2989372
Zimbabwe,1980,1.4553902
Zimbabwe,1981,1.5000302
Zimbabwe,1982,1.52816
Zimbabwe,1983,1.4453976
Zimbabwe,1984,1.4581109
Zimbabwe,1985,1.4444531
Zimbabwe,1986,1.445869
Zimbabwe,1987,1.4349302
Zimbabwe,1988,1.3575306
Zimbabwe,1989,1.3065343
Zimbabwe,1990,1.4251642
Zimbabwe,1991,1.4851792
Zimbabwe,1992,1.9657437
Zimbabwe,1993,2.5751626
Zimbabwe,1994,3.082142
Zimbabwe,1995,4.983812
Zimbabwe,1996,4.4800262
Zimbabwe,1997,3.4202604
Zimbabwe,1998,4.132643
Zimbabwe,1999,3.8426092
Zimbabwe,2000,3.3105052
Zimbabwe,2001,3.345256
Zimbabwe,2002,3.1443577
Zimbabwe,2003,3.8291216
Zimbabwe,2004,3.574376
Zimbabwe,2005,3.9249969
Zimbabwe,2006,2.8067796
Zimbabwe,2007,3.6917973
Zimbabwe,2008,2.2695737
Zimbabwe,2009,1.7829255
Zimbabwe,2010,2.5533028
Zimbabwe,2011,1.5042282
Zimbabwe,2012,1.1832461
Zimbabwe,2013,1.070665
Zimbabwe,2014,0.9433915
Zimbabwe,2015,0.8692477
Zimbabwe,2016,0.8232068
Zimbabwe,2017,0.76217496
Zimbabwe,2018,0.6849067
Zimbabwe,2019,0.62498504
Zimbabwe,2020,0.57551616
Zimbabwe,2021,0.5411493
Zimbabwe,2022,0.4992331
Zimbabwe,2023,0.45304075
